<?xml version="1.0" encoding="utf-8" ?>
<kml xmlns="http://www.opengis.net/kml/2.2">
<Document><Folder><name>COMACO_Distircts_Zambia</name>
<Schema name="COMACO_Distircts_Zambia" id="COMACO_Distircts_Zambia">
	<SimpleField name="Name" type="string"></SimpleField>
	<SimpleField name="Description" type="string"></SimpleField>
	<SimpleField name="OBJECTID_1" type="int"></SimpleField>
	<SimpleField name="OBJECTID" type="int"></SimpleField>
	<SimpleField name="ID" type="int"></SimpleField>
	<SimpleField name="DISTRICT_N" type="int"></SimpleField>
	<SimpleField name="PROVINCE" type="string"></SimpleField>
	<SimpleField name="Shape_Leng" type="float"></SimpleField>
	<SimpleField name="Shape_Le_1" type="float"></SimpleField>
	<SimpleField name="Shape_Area" type="float"></SimpleField>
</Schema>
  <Placemark>
	<name>Chinsali</name>
	<Style><LineStyle><color>ff0000ff</color></LineStyle><PolyStyle><fill>0</fill></PolyStyle></Style>
	<ExtendedData><SchemaData schemaUrl="#COMACO_Distircts_Zambia">
		<SimpleData name="Name">Chinsali</SimpleData>
		<SimpleData name="OBJECTID_1">10</SimpleData>
		<SimpleData name="OBJECTID">10</SimpleData>
		<SimpleData name="ID">0</SimpleData>
		<SimpleData name="DISTRICT_N">0</SimpleData>
		<SimpleData name="PROVINCE">Northern</SimpleData>
		<SimpleData name="Shape_Leng">7.54754772273</SimpleData>
		<SimpleData name="Shape_Le_1">7.54754772235</SimpleData>
		<SimpleData name="Shape_Area">1.27664906147</SimpleData>
	</SchemaData></ExtendedData>
      <Polygon><outerBoundaryIs><LinearRing><coordinates>32.366153000408701,-10.579208000412621 32.362821999745734,-10.579591000081166 32.362140999830274,-10.580184999583594 32.358173000380702,-10.581049999886943 32.356121000219332,-10.581886999798938 32.353557999884963,-10.582931000259691 32.351482000415956,-10.583786000102123 32.348540999744216,-10.58538099988175 32.346419999999455,-10.586987000168449 32.341689999598543,-10.590621000409556 32.339763999849424,-10.591884000173593 32.336116999908427,-10.59419200044448 32.333199000296872,-10.596717999972611 32.331535000034535,-10.598350999705247 32.329150999857575,-10.600398999682227 32.327098999696204,-10.602086000105487 32.325550000238366,-10.603638999747716 32.322730999794487,-10.605893000227354 32.32129700024182,-10.607445999869583 32.31852700025803,-10.610244000244791 32.316604999793924,-10.613115000387721 32.315441000096818,-10.614786000073421 32.313270999891984,-10.617584999595406 32.311477999978479,-10.618919999980449 32.308689000018148,-10.620705000424492 32.305809000359652,-10.622534000198925 32.302318999561919,-10.625068000095778 32.300727999966625,-10.626430999972854 32.299232000253937,-10.627773999827355 32.297606999990705,-10.629751000128749 32.296161999930973,-10.631728999576977 32.295066999817259,-10.633418000092377 32.292427000430109,-10.637444999563682 32.291339999785805,-10.639811999856306 32.28860100033171,-10.647621000095683 32.287022000390266,-10.651243999829717 32.286170999832962,-10.653259000084176 32.284701999566209,-10.657000999907723 32.284530999777587,-10.659216000388312 32.284530999777587,-10.661838999891131 32.284790000025396,-10.664245000182916 32.28493100022979,-10.666714999827548 32.285682999820835,-10.673001000008979 32.287449000288461,-10.676116999754411 32.28866200044564,-10.68044300041805 32.289657999593089,-10.683546999610313 32.291396999715346,-10.686101999575897 32.293278000088094,-10.691079999717545 32.294852999845148,-10.692838999862488 32.297389999880295,-10.695503000355982 32.299294000413965,-10.697859000141534 32.301440999558565,-10.699627999848076 32.303630999786037,-10.701450000199143 32.307037000308981,-10.704044000163833 32.309131999754527,-10.705162000438463 32.311733000041897,-10.707085000049288 32.315655000068944,-10.709209999978441 32.318988999970884,-10.711035999614523 32.324855999723582,-10.713879000265422 32.330745999637202,-10.717617999950676 32.334248000088792,-10.719950000428582 32.334663000333137,-10.745483000200068 32.336131999700513,-10.748786999618458 32.338135000301122,-10.750916999778042 32.341189999932624,-10.754614000225274 32.342536999971514,-10.759191999914719 32.343135999704373,-10.761654000089948 32.344638999739743,-10.764470000395534 32.346191000235194,-10.766345999638474 32.346504000274251,-10.769294999779675 32.349781000246651,-10.773290999620599 32.351920999967945,-10.776260999830527 32.35211199977914,-10.778704000029222 32.352825000270457,-10.782024000185118 32.35322599986938,-10.784276999719339 32.355761999858487,-10.785947000258261 32.358189000218943,-10.78765199971258 32.360476999567936,-10.789293999860149 32.365729999795633,-10.792009000006601 32.369052000043716,-10.791488000271952 32.369898000370597,-10.791596999900547 32.370593000032102,-10.791648999599602 32.381339999905656,-10.80179999987854 32.381111000141402,-10.804511999886754 32.381747999827269,-10.806467000073324 32.383026000282769,-10.808288000378296 32.385506000388432,-10.810527000166473 32.387608000156661,-10.812385000378356 32.389660000318031,-10.814316000357961 32.39334900039642,-10.816665999866984 32.395774999811522,-10.817357000243419 32.397017999552929,-10.819647999730705 32.397021999737319,-10.822180999581462 32.400264999941101,-10.826808999777143 32.401035000361901,-10.829632000405411 32.399429000075202,-10.831700000405021 32.397937999693681,-10.8338139998271 32.396740000227908,-10.835818999620585 32.396281999800124,-10.839445000392175 32.394630000090899,-10.84237200041855 32.392066999756537,-10.844320000282492 32.388016000078267,-10.845489000210078 32.386172999658584,-10.846778000273332 32.383971999823359,-10.849730999699602 32.381916000376918,-10.851518000235899 32.379771999571972,-10.853068999785933 32.377838000353393,-10.854558000075258 32.376587000243141,-10.856138000062742 32.374908000188718,-10.859218999993459 32.373515999874144,-10.86354799989607 32.373160999697632,-10.866640000333803 32.3728139998899,-10.870311999628598 32.370575000101724,-10.874738999552051 32.369255000408145,-10.878977999802601 32.368916000069873,-10.881554999882951 32.368499999779431,-10.885271000306716 32.368033999882186,-10.889104999874519 32.368019000090044,-10.892433000399194 32.368195000109154,-10.897933000321585 32.367663999913525,-10.899958000137701 32.366645999751995,-10.902287999624093 32.364140000246493,-10.906389999854639 32.362679000348521,-10.908999999657567 32.361053000039192,-10.911673999712718 32.359134999759533,-10.914247999654776 32.360499999728802,-10.919867999712833 32.342517999994982,-10.936297999850524 32.332992999794214,-10.937671000188573 32.326823999610156,-10.940054000319435 32.324383000402968,-10.942499999757104 32.321734999747719,-10.945034999700113 32.320492000006254,-10.947158000436332 32.31963299997949,-10.949354000041069 32.319255999688153,-10.951578000037159 32.318339999731847,-10.955175000371298 32.317618999771128,-10.959189000142658 32.317535000395594,-10.963323000049625 32.317589000186835,-10.965611000297939 32.319225000057827,-10.968707000020743 32.321048999601715,-10.969696999790926 32.324878999884504,-10.971921999833112 32.374194999697409,-11.035437000364311 32.294345999856546,-11.093603999885886 32.290531000265219,-11.096860999835656 32.284476999986339,-11.101820000000828 32.28405799955766,-11.103890000092576 32.283355999573409,-11.106232000132138 32.282978000135358,-11.108365000430069 32.282115999970301,-11.111627999757104 32.28144499961644,-11.115433999832874 32.278904000296166,-11.118176000324638 32.276980999786012,-11.12073100029022 32.274765000158709,-11.123294999771359 32.272708999812949,-11.126681000271674 32.272063999758295,-11.128615000389573 32.270084000217878,-11.131731000135005 32.268539000045109,-11.13388799974058 32.267567000205361,-11.136146999551386 32.267410000162783,-11.138561000211951 32.26686100003672,-11.141310000127021 32.264296999656324,-11.142967000066676 32.263512000342701,-11.146880999724999 32.263419999699067,-11.149431000359414 32.264361999954588,-11.152825000329187 32.265410999746564,-11.154663999665217 32.26638399963241,-11.156809999663039 32.26750600009143,-11.16034900002154 32.268962999805012,-11.164068999730318 32.269835999577822,-11.166540000320424 32.270088000402268,-11.169191000214653 32.272002999644371,-11.174666999930025 32.272242999915647,-11.176982999670372 32.27172500031935,-11.17925199994221 32.27172500031935,-11.183683000050053 32.27187299994705,-11.185862999816493 32.271266999891509,-11.188919000393412 32.269619000366731,-11.191546000080677 32.2678109997617,-11.19322400008906 32.2658389996908,-11.196095000231992 32.26606400016999,-11.199740000080794 32.26606800035438,-11.202227999655918 32.265426999584747,-11.204766999783258 32.263252000048738,-11.206589000134272 32.262095999821099,-11.20734399986361 32.260127999934582,-11.207163999660166 32.256653999874345,-11.207805999576522 32.252900000396949,-11.208797000292122 32.250443999598986,-11.210563999906469 32.249779999567806,-11.21209000010276 32.247424999828354,-11.212420000026157 32.245228000177519,-11.214149999733593 32.244175000201203,-11.216724999721748 32.243435000264014,-11.218829999628268 32.243037999950104,-11.22169600044009 32.241936000413034,-11.226124999556419 32.241772000047717,-11.228900999816801 32.242392999895401,-11.232329999601291 32.241336999780799,-11.235084999793001 32.24029200017327,-11.237343999603807 32.239306999734254,-11.240913999592692 32.239262000357883,-11.24439600002165 32.23963200032648,-11.248484999652931 32.239829999561039,-11.251407000348138 32.239985999557575,-11.254237000399826 32.239854999814156,-11.25608300005848 32.239853999768059,-11.256082000012384 32.239572000258647,-11.25599300040642 32.237477999959879,-11.253685000135476 32.235530000095935,-11.252577000321821 32.234718000437056,-11.248123000053113 32.233676000068442,-11.24608100035266 32.231739999858348,-11.245431000067526 32.230968000244673,-11.242580999993322 32.229504000208465,-11.239917000399146 32.227710000248805,-11.238004000349916 32.226538000182927,-11.23762600001254 32.223327999701723,-11.237230999790825 32.221163999773466,-11.236699999595203 32.217731999850685,-11.234475999599169 32.214888000053008,-11.232411999783949 32.214538000106984,-11.230125999627829 32.214429999625168,-11.228179999856081 32.214083999863533,-11.226008999605142 32.213076000162971,-11.222991999926649 32.212124000345796,-11.22220799975986 32.209793999960084,-11.222025000317386 32.20636400012944,-11.222092999854681 32.203799999749037,-11.221913999697279 32.201169999923479,-11.221392999962632 32.197842000298124,-11.22088599997403 32.194754000044782,-11.220717000277602 32.192178000010472,-11.220022999762875 32.189742000134459,-11.218008000407735 32.189472000278897,-11.216581000278438 32.187384000256657,-11.214501999771754 32.184231999751084,-11.214048000427681 32.182138000351642,-11.214089999665759 32.181100000167476,-11.212161999824446 32.180474000089305,-11.208162999845229 32.179063999844288,-11.205325000324137 32.177476000387344,-11.202377000229033 32.17662199969169,-11.200845999802254 32.175377999904185,-11.199561999969546 32.17476999975645,-11.198934999845278 32.17239399994827,-11.196976000373581 32.169327999809695,-11.195374000271272 32.16725799971789,-11.194039999932327 32.165300000292291,-11.192530999620374 32.162076000065042,-11.189328000361172 32.162073999972847,-11.18932900040727 32.160288000382025,-11.189878999680047 32.158849999745655,-11.190480999551198 32.156794000299207,-11.192010999931881 32.154933999995137,-11.191990999909251 32.15493299994904,-11.191990999909251 32.154283999710003,-11.191659999939759 32.154280999571711,-11.191659999939759 32.152070000174888,-11.191474000358992 32.150931999877628,-11.192413999622998 32.149621999745705,-11.193527999713238 32.147312000281886,-11.194147000368048 32.14428400009637,-11.19403499970184 32.144282000004182,-11.19403499970184 32.14136599958556,-11.193634000102861 32.138730000382736,-11.192883999704691 32.136896000377874,-11.19165899989366 32.133790000194089,-11.190746000075592 32.132783999686353,-11.190077999860023 32.132781999594158,-11.190077999860023 32.128899999612315,-11.190613000240035 32.128898000419433,-11.190613000240035 32.125511999919127,-11.190050000367988 32.123622000030821,-11.19117600011208 32.121979999883308,-11.192926999888186 32.120210000130662,-11.194223000274121 32.118307999689186,-11.19489099959037 32.115470000168102,-11.195347999972114 32.11198999983133,-11.195703000148569 32.109257999800548,-11.195756999939817 32.10648000034729,-11.196271000251102 32.104214000213801,-11.196372999557013 32.100963999687394,-11.196665999573497 32.097317999792438,-11.197310999628144 32.093916000353261,-11.198466999855782 32.091902000144891,-11.199308999998266 32.089836000237483,-11.200380999951108 32.087109999583959,-11.200721000335477 32.084786000374145,-11.200766999757946 32.081771999934631,-11.201171000394538 32.078342000104044,-11.201237999885677 32.075850000344587,-11.201631000015198 32.075848000252392,-11.2016299999691 32.07156599981834,-11.200111000095546 32.069323999891878,-11.198836999824437 32.066388000349946,-11.197749000033353 32.063725999948645,-11.196024999703184 32.061568000296916,-11.195781000146837 32.059054000422691,-11.195258000319996 32.0561840003258,-11.194512000106215 32.056182000233605,-11.194512000106215 32.052870000446489,-11.194577999551255 32.049963999589465,-11.194635000380117 32.047872000282212,-11.194675999572155 32.046337999717196,-11.196081999632725 32.045653999663379,-11.196667999665692 32.044516000265503,-11.197664999758558 32.043946000070775,-11.198076999864554 32.042684000352835,-11.198790000355871 32.040659999683491,-11.199231 32.03919200036222,-11.198687000104485 32.036175999830505,-11.196741000332736 32.033407999938902,-11.1953629997642 32.031453999798373,-11.194026000186282 32.028950000385059,-11.191668000308539 32.026181999594144,-11.190289999740001 32.022769999693935,-11.188810999911595 32.019939999642304,-11.187319000383297 32.018178000258445,-11.186665999959871 32.015658000107635,-11.185914000368825 32.012779999641964,-11.184766999656686 32.012164000024825,-11.183460999709155 32.011295999583126,-11.181357999894828 32.01053999980769,-11.179081000153587 32.008692000056783,-11.17963300041788 32.007593999804776,-11.179884000296909 32.005857999820762,-11.180204999805426 32.004293999671461,-11.180522000028928 32.004292999625363,-11.180520999982832 32.002858000026606,-11.17888800025014 32.001378000152158,-11.177942999856327 32.000322000037556,-11.177563000326074 32.000319999945361,-11.177563000326074 31.998635999660394,-11.177596000048595 31.99642800040186,-11.177640000278245 31.996427000355762,-11.177640000278245 31.993433999984973,-11.176609999563482 31.990550000142093,-11.17523399998646 31.988297999754653,-11.173617000092008 31.985578000277027,-11.171893999807935 31.982737999764421,-11.170001999827432 31.97971599985544,-11.167827000291425 31.976912000103027,-11.165074000191963 31.973620000338482,-11.163706000084403 31.970910000422524,-11.16238400029863 31.969667999827834,-11.16160699955509 31.968230000090784,-11.159915999846817 31.967274000089219,-11.158960999891349 31.965090000138385,-11.157685999574142 31.965088000046194,-11.157685999574142 31.960671999730433,-11.157772999987287 31.960686000375798,-11.15834600032025 31.961580000217335,-11.159187000416635 31.962139999951091,-11.160609000315446 31.963693999639418,-11.162183000026403 31.964254000272486,-11.163661999854753 31.965899999705073,-11.166608999903758 31.966356000040719,-11.168491000322602 31.967100000162358,-11.170309999636061 31.967624000035244,-11.172534999678248 31.966509999945,-11.17444799972742 31.965121999814809,-11.177054000245276 31.964319999717588,-11.179763000115143 31.963006000300535,-11.182941000020604 31.961206000064347,-11.185383000173204 31.959985999584489,-11.18764199998401 31.958483999595217,-11.190307999670381 31.957856000324171,-11.193014000301332 31.95611600015576,-11.195512000337374 31.956889999861627,-11.198477000316757 31.957404000172911,-11.200357999790185 31.957711999981541,-11.203274000208864 31.958834000440504,-11.206174999936025 31.960829999819168,-11.209172999637985 31.962924000117933,-11.211480999908929 31.965137999653052,-11.213900999946702 31.966137999884211,-11.216575000001853 31.966471999991992,-11.218229999849312 31.967298000296239,-11.220965000018396 31.969348000365414,-11.223788999793442 31.970846000170294,-11.225536000284535 31.972040000351001,-11.226715999819817 31.973723999736592,-11.228860999771598 31.975608000247632,-11.229797999796631 31.977447999629756,-11.231194000295602 31.977863999920203,-11.233822000028908 31.97867799967128,-11.236040999794511 31.980642000272777,-11.237835999800268 31.982304000442927,-11.23912099967913 31.984482000117165,-11.240109000256439 31.986380000374254,-11.241561999785631 31.987122000403701,-11.24332400006881 31.987185999756605,-11.245787000290136 31.9870800002663,-11.248424999585097 31.986964000315027,-11.248426999677292 31.986207999640214,-11.250733999902138 31.9855580002544,-11.257107999643438 31.985736000365705,-11.261803000229577 31.986403999681954,-11.265113999970652 31.986710000297649,-11.267972999560413 31.985997999852486,-11.269706000305462 31.985284000214449,-11.271382000221649 31.984072000103367,-11.273984999701895 31.981743999809847,-11.276208999697985 31.980353999587464,-11.278643000381123 31.979198000259142,-11.281243999769172 31.977549999834988,-11.284944000354642 31.977482000297698,-11.286894000310779 31.976802000428332,-11.289829999852714 31.977435999975906,-11.294115999571829 31.977716000292446,-11.296001000128967 31.977402000207292,-11.299617999586415 31.975729999576171,-11.304692999702809 31.974271999816491,-11.309020000412545 31.973086000004628,-11.312710999683873 31.971650000359769,-11.317897000420373 31.97017199967814,-11.321479000063107 31.96902199972709,-11.326544999764678 31.968673999873261,-11.331136000053391 31.968524000153366,-11.33434799972747 31.967737999894325,-11.337686999859898 31.966692000240698,-11.342234999965113 31.965402000131345,-11.346385999756421 31.964477999806263,-11.351161000433024 31.963626000102121,-11.35650699955181 31.963343999693393,-11.359092000000942 31.96150600040346,-11.362280000367377 31.960466000127102,-11.364763999758054 31.96055599977916,-11.368314999770405 31.961154000365298,-11.371169000029056 31.961624000446928,-11.373623999881545 31.96187400027992,-11.37654100034632 31.961810000027697,-11.37860600020764 31.959418000381277,-11.380543999610609 31.957644000444244,-11.381725000091308 31.956753999887781,-11.383290000286706 31.955499999639301,-11.38652400007561 31.954017999672601,-11.389990999813108 31.953979999719593,-11.393028999560327 31.953905999905711,-11.396927000279732 31.952800000184254,-11.399183999998343 31.952024000386185,-11.402923999729694 31.95216599973736,-11.406188000002203 31.952307999987791,-11.409452000274655 31.952441999869503,-11.412371999978348 31.952539999890348,-11.4162089996845 31.952239999551182,-11.420341000398651 31.951378000285441,-11.425343999894039 31.950186000196933,-11.428748000324788 31.949887999950018,-11.430701999565997 31.947895999856485,-11.432403999781343 31.946525999656672,-11.433405000058599 31.944702000112784,-11.434873000279254 31.942814000316673,-11.436056999998925 31.942324000212409,-11.437384000015243 31.94261800027499,-11.439728000146943 31.943079999987845,-11.441897000305687 31.943559999631191,-11.444694999781575 31.94421200000852,-11.447433000088891 31.944365999912804,-11.44892000028608 31.944561999954544,-11.452009999732297 31.943494000186089,-11.45575599974029 31.943396000165251,-11.458737999604011 31.942304000189782,-11.461509999680004 31.940592000412774,-11.462748000090301 31.939149999592019,-11.465468999613959 31.938553999997453,-11.467200000266812 31.938589999858262,-11.468574999797795 31.94008999975534,-11.472613999822215 31.940775999901344,-11.474434000081033 31.941593999836815,-11.476881999610896 31.943291999867821,-11.479541999920002 31.945355999682985,-11.480647999641461 31.948298000400822,-11.481965000096066 31.950812000275107,-11.48248799992291 31.952428000123462,-11.484290000251292 31.952963999650194,-11.487029999751542 31.952472000353055,-11.490478000411882 31.951006000224652,-11.492340999954877 31.9490720001067,-11.493984000148544 31.946364000282923,-11.495010999825638 31.942542000368917,-11.495660000064731 31.939730000247717,-11.494855999875254 31.935077999845074,-11.494889999643874 31.930903999892848,-11.49537400037093 31.927705999964758,-11.495436999677736 31.924915999958387,-11.495492000414401 31.922593999941395,-11.495651999695951 31.920392000060133,-11.495981999619346 31.919099999858588,-11.495492000414401 31.915993999674811,-11.494578999697012 31.913103999555346,-11.495265999889114 31.912137999992179,-11.496144999938508 31.909869999766496,-11.496190000214199 31.907543999565174,-11.496235999636667 31.90422200021635,-11.495900000336007 31.902210000100244,-11.494564999950967 31.89729800030295,-11.493573000088587 31.893053999821973,-11.493656000317342 31.890147999864265,-11.493714000292982 31.887299999882202,-11.493770000176426 31.884215999813247,-11.493716000385177 31.881630000217342,-11.492678000200952 31.879177999603765,-11.492326000162791 31.876413999896556,-11.49111900028214 31.873360000311152,-11.489975999754449 31.870657999864591,-11.488882999732937 31.868014000293041,-11.487903999570449 31.86485200022582,-11.487049999774172 31.860589999814408,-11.486445999810826 31.858419999609563,-11.485743999826582 31.854559999742488,-11.484902999730195 31.851865999664764,-11.484154000277442 31.849639999576482,-11.483510000268835 31.844461000061926,-11.482862000075897 31.816031999894395,-11.479301999648669 31.817065999894226,-11.481115999630958 31.8174440002316,-11.482253999928162 31.817903999852319,-11.484251000252186 31.817368000325526,-11.486037999889161 31.815146000421635,-11.48785800014798 31.81503599984762,-11.490381999583917 31.816176000237075,-11.494027000332039 31.815953999896177,-11.496666999719196 31.8127840003595,-11.50234599979899 31.811556000410178,-11.50431899991605 31.809352000436714,-11.506826000366914 31.807871999662893,-11.510351000080107 31.805406000202652,-11.511660000165932 31.803347999764696,-11.515311000291319 31.802291999650091,-11.51722300029445 31.801548000427772,-11.519989000093856 31.79833199966998,-11.52383400016879 31.796829999680707,-11.52649999985516 31.795318000129839,-11.531057000375254 31.794687999867275,-11.533705000131192 31.793261999784075,-11.537056999963568 31.793568000399777,-11.539858999623789 31.794756000303892,-11.54310199982757 31.79676600032786,-11.546672999862494 31.798277999878735,-11.54893499981165 31.800194000066252,-11.551075000432206 31.802776000377094,-11.551940999882333 31.80452600010716,-11.552249999737057 31.804528000199355,-11.552249999737057 31.805784999686807,-11.551367000402593 31.805785999732905,-11.551366000356495 31.806083999979876,-11.551645999773712 31.809976000422694,-11.551511999892 31.812125999705582,-11.551469999754602 31.812127999797777,-11.551469999754602 31.814939999918973,-11.55227399994402 31.816301999750007,-11.553221000430028 31.817163999915063,-11.55503799965129 31.818208000375819,-11.557252000085725 31.818872000406998,-11.560447999921564 31.819561999838072,-11.564674999618944 31.821433999795943,-11.567331999789758 31.823739999974691,-11.568775999803393 31.825663999631619,-11.569024999590283 31.826048000245578,-11.570334999722206 31.827089999714818,-11.57243500029756 31.829170000267595,-11.574170000235483 31.829213999597869,-11.575831000359528 31.828591999704088,-11.578822999784904 31.829017999556129,-11.581852000016568 31.830420000331685,-11.584345999868219 31.832203999830373,-11.588149999851794 31.835087999673249,-11.591704000002437 31.837440000173785,-11.592689000441453 31.838487999919607,-11.597252000338811 31.840352000408014,-11.599679999846044 31.839677999915864,-11.600552999618911 31.837660000422485,-11.601279999856159 31.836255999554737,-11.603199000181974 31.835650000398513,-11.604529000336527 31.833738000395382,-11.607030999657637 31.832745999633687,-11.609228000207736 31.830951999674085,-11.609549999762351 31.83026200024301,-11.609850000101517 31.827664000093932,-11.610588999992672 31.825854000296086,-11.61262999964697 31.823398000397447,-11.614341000277193 31.822393999981895,-11.616022000423868 31.821994000429012,-11.618552000136331 31.821877999578419,-11.620845999761912 31.821651999952447,-11.623372000189306 31.8195160004156,-11.623986999760405 31.817954000358498,-11.624305000030006 31.815485999906681,-11.625557000186291 31.813130000121138,-11.628983999878583 31.811351999999715,-11.632171000198923 31.809997999638139,-11.636095000318164 31.809671999899138,-11.639253000200995 31.809943999846894,-11.643029999839312 31.808357999582825,-11.646958000142945 31.806997999843986,-11.648303000089641 31.807175999955291,-11.64847099973997 31.805934000259924,-11.649928000352872 31.804918000190582,-11.651152000117804 31.803461999623778,-11.653301000253919 31.802861999844819,-11.654860000172732 31.802540000290204,-11.655955000286438 31.801613999872867,-11.658322999725895 31.801526000313,-11.659470999584755 31.80089199986605,-11.659711999902186 31.799674000377706,-11.659851000014328 31.79815200036586,-11.659422000023994 31.796276000223543,-11.658885999597942 31.794908000115981,-11.657710000246993 31.794375999874315,-11.657319000209668 31.792808000439948,-11.657407999815632 31.790946000043675,-11.657386999746961 31.78984200041441,-11.657408999861728 31.787723999908675,-11.656533999996725 31.786170000220348,-11.654903000356228 31.785807999721154,-11.654394000275431 31.786074000291649,-11.653414000066903 31.786582000326344,-11.652831000172283 31.787033999578284,-11.652249000323707 31.787072000430609,-11.651504000156024 31.786861999743561,-11.650132999910113 31.786072000199454,-11.648830000100872 31.784711999561349,-11.647940000443725 31.783970000431225,-11.646178000160546 31.783877999787652,-11.644918999681522 31.783861999949409,-11.644289000318336 31.785570000441336,-11.642823000189876 31.786538000096751,-11.642059000045663 31.788209999828549,-11.641452999990122 31.789374000424971,-11.639252000154896 31.790090000155203,-11.637634000214348 31.789745999586444,-11.635634999798128 31.788964000411113,-11.632326000149305 31.787013999555658,-11.628868999973406 31.785999999578504,-11.625622999631389 31.78547399961337,-11.62328399973012 31.782928000062668,-11.621500000231435 31.779826000063281,-11.620702000318602 31.778179999731318,-11.620046999802923 31.776982000265601,-11.618695000432922 31.776592000274377,-11.617097999661723 31.774660000248673,-11.614384999607466 31.773510000297616,-11.612631999739165 31.771999999939563,-11.612661000176615 31.770203999887713,-11.610691000197903 31.768904000216768,-11.609915000399837 31.766170000093776,-11.609911000215448 31.763168000207425,-11.610773000380505 31.760623999849599,-11.611339000390842 31.758161999674375,-11.610584999808282 31.756839999888598,-11.608892000007756 31.755092000250784,-11.606577000313505 31.753715999774386,-11.607291999997642 31.753753999727451,-11.608781000286967 31.753920000184905,-11.610726000012619 31.753887999609105,-11.611757999920258 31.753463999849256,-11.61337099963032 31.751137999647934,-11.613360000022567 31.749187999691795,-11.612137000303733 31.74711000013053,-11.612750999828734 31.744547999842265,-11.61262999964697 31.736977999828127,-11.612320999792301 31.734182000444431,-11.612146999865388 31.732204000096939,-11.612128999934953 31.729969999639877,-11.611198000186505 31.7262800004147,-11.610182000117106 31.723482000039496,-11.607658999828004 31.721481999577176,-11.604489000291322 31.718882000235226,-11.600644000216391 31.715394000428997,-11.598478000195938 31.712377999897285,-11.59653200042419 31.711687999566948,-11.594597000260194 31.711570000422796,-11.592249999990143 31.710826000301154,-11.590429999731327 31.708435999847609,-11.587955999902306 31.706167999621925,-11.585708999745293 31.70366200011642,-11.583293999938007 31.700762000435308,-11.581288000098425 31.698759999880792,-11.578060999732884 31.696840000408258,-11.575807000152507 31.694630000158213,-11.573500999973817 31.69202999991694,-11.571948000331588 31.688749999806248,-11.568746000219164 31.685990000283422,-11.567769000148871 31.683120000186534,-11.569200999609336 31.680798000169599,-11.569418999765901 31.678469999876086,-11.569350000182508 31.676348000085227,-11.568245999653925 31.673674000030076,-11.568299000298396 31.671033999743603,-11.569668999598832 31.6683459999424,-11.571441000342986 31.666830000207142,-11.573590999625878 31.664183999644024,-11.574732000061431 31.66065000041533,-11.575203000189163 31.657203999847184,-11.574698000292756 31.652566000089902,-11.573012999961747 31.649368000161818,-11.573019000238332 31.647673000269151,-11.572630000293202 31.645916000216459,-11.572226999702707 31.642990000236125,-11.571482999581063 31.639768000101071,-11.570571999855247 31.63695399988768,-11.56971099973623 31.636952999841579,-11.56971099973623 31.633989999954395,-11.569826999687507 31.632786000212036,-11.570538000086572 31.632115999904268,-11.571582999694158 31.631509999848735,-11.572912999848711 31.631005999998422,-11.573667999578049 31.580837999582055,-11.590415999985282 31.581554000211607,-11.588854999974272 31.582675999771308,-11.587285999594542 31.582762000138359,-11.586080999806086 31.583161999691182,-11.583551000093619 31.58428200005801,-11.581866999808653 31.58575200037086,-11.580234000076018 31.587335999643415,-11.578541000275493 31.589527999963082,-11.575517000274374 31.592008000068688,-11.572431000113168 31.594200000388298,-11.569465000087689 31.596391999808645,-11.566500000108249 31.596739999662475,-11.564258000181781 31.598013999933585,-11.56176899966124 31.598426000039581,-11.559640000447075 31.599072000140382,-11.557622000054323 31.599021999634203,-11.555674000190379 31.601242000345223,-11.55385399993156 31.601055999865139,-11.55110700010863 31.59986399977663,-11.549983999603569 31.598209999975268,-11.548986000363925 31.596620000426128,-11.548271999826568 31.594064000414445,-11.546087999875681 31.590940000300233,-11.544486999819469 31.587448000309617,-11.542092000034756 31.583586000350408,-11.538959000404986 31.579399999845005,-11.536750000201039 31.576143999941337,-11.534522000020559 31.573104000101978,-11.533893999850248 31.570029999594624,-11.531949000124598 31.567065999661278,-11.529829999572712 31.563764000335141,-11.52806099986617 31.560168000047103,-11.526125999702172 31.557369999671891,-11.523660000241874 31.554053999700386,-11.521376000177952 31.55098600036894,-11.519660000216561 31.54774400021131,-11.51794800043956 31.545290000404862,-11.517538000425702 31.543338000356528,-11.516257999878007 31.541351999640252,-11.513660999775025 31.538289999686068,-11.512231999553535 31.536054000036128,-11.506659999909459 31.534817999718026,-11.503819000250131 31.533629999813968,-11.500576000046351 31.532860000292484,-11.497782999901631 31.532740000156817,-11.495378999702098 31.531556000437089,-11.492308000232356 31.530385999564089,-11.489752000220674 31.529551999790382,-11.486731000357793 31.528780000176706,-11.483881000283587 31.526770000152734,-11.480368000224246 31.526195999773677,-11.476080999559713 31.525228000118261,-11.472374999596978 31.524847999688689,-11.468944999766393 31.523942000193301,-11.465351999616644 31.523777999828038,-11.463463999820531 31.523726000128988,-11.461460000073146 31.523635999577607,-11.46025800042298 31.523166000395232,-11.457802999671173 31.52246599960392,-11.455467999954294 31.521157999564139,-11.452055000007988 31.519514000223747,-11.449164999888524 31.519371999973316,-11.445900999616072 31.517941999705666,-11.442318999973393 31.517399999902352,-11.439349999809565 31.517451999601406,-11.436885000395421 31.517700000241518,-11.430690999958244 31.518130000277949,-11.429307000012443 31.518658000335279,-11.427175999806707 31.51846400038573,-11.424200000219569 31.518008000050088,-11.422317999800725 31.517459999970185,-11.419062999943151 31.517384000064169,-11.416142000193304 31.517288000135466,-11.412361000370593 31.517194000299014,-11.408695999599843 31.517210000137254,-11.404798999825912 31.517167999999799,-11.400903000098026 31.517114000208547,-11.396547999896198 31.516325999857369,-11.393067999559435 31.515969999634763,-11.390496999755612 31.515636000426294,-11.386549000328726 31.515480000429822,-11.382712999769353 31.515213999859327,-11.379164999895295 31.513845999751709,-11.375754000041184 31.511617999571225,-11.372817999599931 31.509742000328284,-11.369931999664857 31.509581000101321,-11.369717999692739 31.507995999883349,-11.367616999970608 31.504931999836966,-11.366072999843878 31.504929999744775,-11.366072999843878 31.502308000287996,-11.365837999803091 31.499752000276317,-11.365946000284907 31.495850000271901,-11.3657369996439 31.493653999767847,-11.366296000230875 31.491351999773538,-11.367257999609706 31.489071999894005,-11.36902199998508 31.486473999744877,-11.369760999876235 31.483208000279546,-11.37165900013332 31.480853999686872,-11.37290900019741 31.47838800022657,-11.374218000283292 31.475344000202824,-11.375710999857688 31.473978000187454,-11.376883999969664 31.471968000163482,-11.377897999946809 31.470167999927238,-11.378047999666762 31.46785799956416,-11.37866700032157 31.466172000086317,-11.378700000044089 31.464844000023955,-11.379070000012689 31.46357199984504,-11.381616999609491 31.462194000175828,-11.382331000146847 31.461216000059494,-11.382694999838918 31.456032000314455,-11.384687999978553 31.453663999975731,-11.38536499970968 31.451335999682215,-11.385296000126289 31.449242000282709,-11.385280000288049 31.449241000236611,-11.385280000288049 31.447433999677742,-11.385029999555796 31.445256000003436,-11.384040999831711 31.445253999911245,-11.384040999831711 31.444266000233256,-11.384002999878646 31.442829999689078,-11.384718999608879 31.441389999859837,-11.385205999574906 31.438811999733328,-11.386804000392145 31.43543999987838,-11.389106000386448 31.432413999785012,-11.391286000152945 31.431305999971357,-11.393427999966434 31.428377999898885,-11.394918000301857 31.426294000061091,-11.395303000062595 31.424480000078802,-11.397114999952635 31.423934000091091,-11.398502000036729 31.420469999592569,-11.401779000009128 31.417440000214128,-11.403786999940905 31.414675999607596,-11.404872999639736 31.412381999982017,-11.406178999587326 31.409723999765102,-11.40686199959498 31.407579999859479,-11.407134000442113 31.406117999915409,-11.404583999807699 31.404236000395883,-11.40376099964169 31.402333999954408,-11.404428999857259 31.400479999926969,-11.404695000427807 31.398106000210987,-11.405143000394615 31.396426000110409,-11.405404999881455 31.393391999648316,-11.405007000420765 31.391287999787892,-11.402354999581121 31.390289999648868,-11.399681000425289 31.388894000049277,-11.397416000337898 31.387318000246122,-11.394982999700858 31.386322000199353,-11.392423999550884 31.38642999978185,-11.389786000255867 31.387198000110455,-11.38805200036404 31.389034000207513,-11.387040999625867 31.390619999572326,-11.38540599980098 31.391323999648705,-11.383329000285869 31.393005999841478,-11.38094600015495 31.395133999908865,-11.377694999582443 31.396582000106886,-11.375201999776891 31.397729999965744,-11.372371999725258 31.397966000052691,-11.370246999796109 31.397901999800467,-11.367725999599202 31.398166000278817,-11.364454999903387 31.398091999565622,-11.361591000083081 31.398017999751744,-11.358670000333291 31.397143999932837,-11.356337999855382 31.396927999868524,-11.354736999799172 31.39709600041817,-11.352212000317138 31.39721200036945,-11.34991799979224 31.396936000237304,-11.348261999898682 31.395572000314075,-11.347257000336356 31.395251999952333,-11.346060000017417 31.395906000421864,-11.344385000147325 31.396551999623341,-11.342366999754631 31.397155999586687,-11.34097899962444 31.397181999885845,-11.339717999952541 31.396410000272169,-11.339103000381442 31.395087999587076,-11.337466999611195 31.394291999766381,-11.335936000083732 31.394407999717654,-11.333641000412113 31.394625999874165,-11.330772000361321 31.396595999852931,-11.328211000119211 31.398409999835167,-11.326399000229115 31.399407999974127,-11.32448800027214 31.400296000438399,-11.322809000217658 31.400644000292228,-11.320567000291135 31.400236000370569,-11.318283000227266 31.400707999645132,-11.316267999972808 31.402084000121473,-11.313203999926429 31.403702000062026,-11.310536000147863 31.406021999986763,-11.308025999558652 31.407982000403877,-11.305121999693197 31.41057799956144,-11.304267999896863 31.412896000293301,-11.301701000277433 31.413547999771311,-11.299911999648941 31.415354000284136,-11.297699000159923 31.416063999737787,-11.295908000338613 31.418129999645203,-11.292600999882609 31.419194000128581,-11.291033000448294 31.418307999756507,-11.290476999999612 31.417077999714991,-11.290099999708275 31.415492000350181,-11.289500999975417 31.414470000004258,-11.288261000372245 31.412736000112428,-11.286404000206517 31.411483999956147,-11.285167999888415 31.411009999690066,-11.28259800013069 31.410668000112821,-11.280598999714471 31.410621999791033,-11.278823999731344 31.410576000368561,-11.27704799970212 31.409803999855569,-11.276433000131078 31.408934000221048,-11.276507999990997 31.40690800035884,-11.276890999659543 31.40511400039918,-11.277213000113534 31.402336000046599,-11.277727000424761 31.399597999739282,-11.27760900038129 31.397565999600488,-11.27770600035609 31.395182000322844,-11.277752999824656 31.392334000340838,-11.2778089997081 31.388423999967586,-11.277256000297029 31.385743999635849,-11.27708000027792 31.383030000434815,-11.277878000190809 31.381012000042116,-11.278547999599198 31.379111999692842,-11.279273999790405 31.377743999585277,-11.280388999926743 31.376599999910752,-11.281100000325807 31.375369999869235,-11.280779999964068 31.375111999667521,-11.27981100026261 31.375692000323227,-11.277507000176056 31.376405999961261,-11.275831000259869 31.37700199955583,-11.274157999582712 31.378502000352228,-11.2714349999668 31.379260000219858,-11.269184999671495 31.380123999577844,-11.266646000443473 31.382090000271486,-11.263914000412683 31.384151999994515,-11.260435000122015 31.385970000161137,-11.2587380001371 31.38652999989489,-11.257866999557166 31.387149999696476,-11.257109999735633 31.387882000164264,-11.256235999916669 31.388666000331114,-11.255017000382223 31.389409999553379,-11.254544000162298 31.389803999728997,-11.254020000289358 31.390190000435158,-11.253209999823355 31.390645999871481,-11.252856999739036 31.390759999730562,-11.252797999717302 31.391164000367151,-11.25267500034272 31.392254000250372,-11.25208099994097 31.392822000352908,-11.251495999954159 31.393038000417221,-11.250919000336069 31.393892000213555,-11.250157000284048 31.394048000210031,-11.249466999953652 31.395243999583553,-11.248468999814691 31.395579999783532,-11.247945999987905 31.396192000115661,-11.246902999573251 31.396519999946864,-11.246094000052608 31.397843999824826,-11.24555200024929 31.398411999927362,-11.245025000238057 31.399091999796777,-11.244267000370428 31.400359999791302,-11.243840999619065 31.401074000328663,-11.24222199963242 31.402369999815278,-11.240592000038019 31.402931999641222,-11.239836000262585 31.404283999910547,-11.238089999817589 31.40450800034364,-11.237798999893355 31.405734000200763,-11.235711999917214 31.406129999569259,-11.23524600001997 31.40674399999358,-11.234259000388022 31.407535999629886,-11.233440999553238 31.409008000034873,-11.231864999750144 31.409563999584236,-11.23082300028085 31.409727999949496,-11.230475999573855 31.409988000243459,-11.229209999671468 31.410779999879708,-11.228391999736004 31.411109999803102,-11.227640000144959 31.411729999604688,-11.226883000323369 31.41235399959066,-11.226240000360917 31.413257999893176,-11.225190999669678 31.413694000206196,-11.224094000363095 31.414309999823388,-11.223164999807466 31.415100000266758,-11.22217500003728 31.415662000092706,-11.221419000261847 31.416252000310063,-11.219515999774273 31.416812000043819,-11.218646000139756 31.417427999661015,-11.217774000412987 31.418002000040072,-11.217419000236532 31.419207999874573,-11.21687899962609 31.419760000138922,-11.215665000322076 31.420139999669175,-11.214626000091812 31.421050000248211,-11.213862999993694 31.421378000079411,-11.213053999573788 31.42205799994883,-11.2122959997061 31.422218000129703,-11.211777000063705 31.422657999727786,-11.210793999716827 31.423107999786847,-11.210211999868307 31.423840000254643,-11.209281000119859 31.422238000152333,-11.210285999682128 31.42148799975411,-11.210530000137851 31.420856000298727,-11.21082900043092 31.420344000079638,-11.211240999637596 31.418782000022528,-11.211557999861043 31.417503999567032,-11.211641000089799 31.416526000350014,-11.212060999665255 31.415421999821429,-11.212082999780078 31.414151999734713,-11.212508999632119 31.413228000308891,-11.212699000296595 31.412179999663749,-11.212720000365323 31.410723999996264,-11.212633999998275 31.40991400042958,-11.212764999741694 31.408286000028053,-11.212797000317437 31.406933999758735,-11.21225000028363 31.405591999950332,-11.212047999965364 31.403604000041181,-11.211628000389851 31.402434000067501,-11.211421999887193 31.4008699999182,-11.211682000181099 31.399813999803595,-11.211301999751525 31.398467999810805,-11.210926999552441 31.397823999802252,-11.21082500024653 31.396348000112138,-11.209937999828355 31.394327999627251,-11.208315999703416 31.393248000204949,-11.207019000170703 31.392646000333798,-11.206228999727271 31.392002000325245,-11.206069000445723 31.391811999660774,-11.205443000367609 31.390616000287253,-11.204148000027772 31.39005200036911,-11.20261200026988 31.389477999989989,-11.200618000084148 31.389159999720448,-11.199592999599872 31.388916000164048,-11.1990820003262 31.388419999783192,-11.197945000075094 31.387935999955516,-11.197153000438789 31.386837999703516,-11.195225999744252 31.386059999813256,-11.194382000408893 31.385453999757711,-11.193362000155105 31.384655999844821,-11.191772999752743 31.38416999992495,-11.190923000140799 31.383744000072848,-11.190187000387994 31.383086000318261,-11.189511999849742 31.382456000055754,-11.187632999569187 31.381553999845437,-11.186504999732904 31.381012000042116,-11.185771000072236 31.380521999937798,-11.184805999655794 31.380321999711722,-11.183778999978697 31.380176000176217,-11.182636000350328 31.380051999856164,-11.182350999803305 31.379797999838843,-11.181553999936511 31.379543999821465,-11.180700000140178 31.379478000376363,-11.180356999617572 31.379264000404245,-11.178814000436262 31.379231999828502,-11.177610999840738 31.37914999964585,-11.17669599993053 31.379340000310318,-11.175029999575997 31.379331999941538,-11.174686999952653 31.379494000214606,-11.174225000239744 31.379538000444199,-11.173650999860627 31.379518000421623,-11.172848999763401 31.379499999591872,-11.172161999571301 31.379186000406037,-11.171250999845483 31.378837999652884,-11.169022999665003 31.378707999955566,-11.168510000299136 31.377981999764355,-11.167436000254098 31.377368000239354,-11.166187000236107 31.376824000343841,-11.165337999770941 31.376218000288304,-11.164433000321708 31.375331999916227,-11.163877999919123 31.374451999820735,-11.163608000063503 31.372664000137661,-11.161924999824691 31.370135999618071,-11.160827999618789 31.368363999773234,-11.15977399959638 31.366941999874371,-11.158771000126251 31.366056000401613,-11.158214999677567 31.364225999681818,-11.157219999676897 31.363793999553192,-11.156254000113677 31.362894000334389,-11.155126000277392 31.362270000348417,-11.153533999736737 31.361834000035401,-11.152396000338797 31.361452000412953,-11.151086000206874 31.361308000070323,-11.150057000437585 31.361424000021596,-11.147704999937048 31.361328000092897,-11.146274999669458 31.361615999878893,-11.143918999883851 31.36159199967193,-11.143002999927546 31.361878000264994,-11.142767999886701 31.361909999941474,-11.141735999979117 31.362350000438877,-11.138518000028455 31.362482000228397,-11.13685399976606 31.362981999894316,-11.135984000131543 31.364008000424633,-11.135104000036051 31.363844000059373,-11.133274000215579 31.363754000407312,-11.132014999736612 31.363541999628012,-11.130586000414382 31.363487999836764,-11.128466999862553 31.363474000090775,-11.127952000404491 31.362848000012605,-11.126188000029117 31.362536000019645,-11.125392000208421 31.362310000393677,-11.123389999653909 31.362275999725682,-11.122016000169083 31.362266000164027,-11.121671999600323 31.362255999703109,-11.121271000001343 31.362765999829946,-11.120745000036266 31.362874000311763,-11.120399000274631 31.363471999998577,-11.118783000426276 31.364412000161906,-11.116930999591659 31.366210000305895,-11.114431000362799 31.367645999950749,-11.113771999662731 31.368532000322887,-11.111977999703129 31.368840000131453,-11.1104250000609 31.368670000388931,-11.108307999601209 31.368075999987241,-11.105569000147055 31.367539999561128,-11.102828999747544 31.366422000185878,-11.100042999925504 31.364144000398536,-11.097452000099054 31.361929999964044,-11.094974000085642 31.360461999743446,-11.09443000019013 31.356989999775408,-11.095185999965565 31.356309999906042,-11.093595000370328 31.357060000304219,-11.091116000310819 31.357497999810107,-11.09001900010486 31.35857199985514,-11.088794000293831 31.358838000425635,-11.0878150001314 31.357352000274602,-11.086582999997686 31.356160000186097,-11.085461000438045 31.357495999717909,-11.083141999660029 31.356303999629457,-11.082020000100329 31.354081999725565,-11.08160499985604 31.352327999811109,-11.081238000025733 31.350885999889666,-11.079432999559003 31.349546000173518,-11.079288000069596 31.347487999735559,-11.078469000087978 31.34742799966773,-11.078413000204534 31.345533999595034,-11.077131999610799 31.344499999595257,-11.075375999604148 31.34137799957324,-11.073775999594034 31.339576000144124,-11.073811000308067 31.337840000160156,-11.074188999746184 31.335086000014542,-11.073384000409931 31.332218000009899,-11.07263800019615 31.329628000229604,-11.071486000152845 31.327105999986543,-11.070675999686841 31.32450199956088,-11.068894000280352 31.322579999996094,-11.06876000039864 31.320556000226134,-11.071492999576208 31.320565999787789,-11.071894000074506 31.318579999970833,-11.071531999575312 31.315602000291445,-11.071132000022486 31.314479999832425,-11.072702000448317 31.31393599993692,-11.074202000345394 31.313614000382302,-11.075182999700758 31.313057999933619,-11.076225000069314 31.311843999730339,-11.076536000016176 31.3102540001812,-11.075765000448598 31.309351999970882,-11.07457899973741 31.307627999640712,-11.073123000069927 31.304754000258814,-11.072206000067466 31.301900000000156,-11.07203300018665 31.298697999887736,-11.071923999658736 31.297919999997472,-11.07331499992722 31.297010000317702,-11.074134999954936 31.293630000093966,-11.073857999776692 31.292181999895945,-11.074115999978403 31.289989999576335,-11.074789999571237 31.287056000126597,-11.076051000142398 31.287477999794245,-11.078907999640023 31.286722000018813,-11.078923000331429 31.28508800024002,-11.07866800026801 31.285026000079991,-11.078554999555704 31.283493999607174,-11.077782999942031 31.280495999905213,-11.076524000362383 31.27768399978396,-11.075720000172906 31.275212000047134,-11.074564999991365 31.272270000228612,-11.073248000436081 31.269805999961193,-11.072436999923921 31.267711999662421,-11.070185999582577 31.266010000346398,-11.069532000012371 31.264107999904926,-11.070200000227885 31.262293999922687,-11.069776999614817 31.259372000126742,-11.069262000156755 31.256051999970847,-11.069097999791495 31.253950000202625,-11.06873900032997 31.252023999554183,-11.068489999643759 31.249288000238323,-11.068429000429148 31.24559399992944,-11.067241999671863 31.242678000410081,-11.066898000002425 31.240240000441872,-11.067118000251128 31.238280000024758,-11.067786999613473 31.235347999767892,-11.066812999681474 31.232751999711017,-11.065374999944424 31.229573999805552,-11.06394699976903 31.228038000047661,-11.065295999900115 31.226384000246302,-11.066589000147758 31.22296399997731,-11.067000000207656 31.218877999585001,-11.066451000081656 31.218001999673902,-11.064003999698571 31.219266000383353,-11.061171000407967 31.217666000373242,-11.059999000342088 31.216648000211645,-11.058872999698735 31.215438000192758,-11.059298000403997 31.213537999843485,-11.06007999957933 31.212586000026302,-11.059181999553402 31.212046000315183,-11.058562999797914 31.209963999670268,-11.056769999884352 31.207014000382287,-11.055165999689848 31.204628000113129,-11.055041000223069 31.202226000005734,-11.054401000398853 31.200309999818273,-11.054496000281404 31.200347999771282,-11.055984999671466 31.20036999988605,-11.056901999673869 31.200343999586895,-11.05810600031549 31.198373999608123,-11.058374000078912 31.196735999644996,-11.058062000085897 31.194747999735849,-11.057642999657217 31.193450000157046,-11.056866999859151 31.191135999609568,-11.05513600010562 31.190584000244595,-11.05400099994665 31.189008000441444,-11.053801999766677 31.188088000300748,-11.051928999762708 31.187524000382606,-11.05033600007522 31.186063999631415,-11.047843000269665 31.18466399984737,-11.04540700039365 31.183571999871958,-11.043652000433154 31.18258400019397,-11.043671000409631 31.180835999656779,-11.043591000319225 31.178945999768473,-11.04248299960625 31.177866000346224,-11.041186000073537 31.176719999680248,-11.039603999993858 31.17654999993772,-11.037487000433487 31.175025999833618,-11.037058999589931 31.173256000080983,-11.036062000396385 31.171997999648109,-11.034654000243563 31.171961999787243,-11.033221999883777 31.172075999646324,-11.030870000282562 31.170853999973588,-11.030836999660721 31.169828000342591,-11.031659999826672 31.168621999608717,-11.032257000366656 31.167341999960399,-11.032224999790913 31.165648000113773,-11.031970999773534 31.16457400006874,-11.030904000051237 31.162740000063874,-11.029679000240208 31.16112800039997,-11.028048999746488 31.159243999888872,-11.027169999697092 31.158445999976038,-11.025523000218357 31.158345999863002,-11.023921000116045 31.158287999887364,-11.021629999729498 31.157839999920494,-11.020090999833258 31.156328000369573,-11.020064000387322 31.155722000314029,-11.019159000038712 31.146421999693072,-11.017049999947801 31.142699999892159,-11.017123999761679 31.13914399964932,-11.016734999816549 31.135668000396205,-11.015027000223938 31.135762000232713,-11.016400999708765 31.135983999674291,-11.018288000358098 31.133015999556562,-11.018173999599696 31.131651999633391,-11.017170000083468 31.13008800038341,-11.015194999874268 31.128132000150682,-11.011508999934108 31.126902000109169,-11.008840000109444 31.125442000257351,-11.006404000233429 31.122969999621148,-11.005250000097988 31.120649999696411,-11.00358599983565 31.120482000046081,-11.003464999653886 31.120144999800004,-11.001566000250023 31.120005999687805,-11.00078100003708 31.119880000174931,-11.000502999812738 31.119203999590578,-10.999019999799998 31.117810000083121,-10.999048000191349 31.115715999784356,-10.999089000282709 31.114552000087254,-10.998996999639076 31.114364000414295,-10.996249999816198 31.114119999958632,-10.993562000015004 31.114017999753344,-10.989552999574869 31.113968000146485,-10.985370000107082 31.113765999828214,-10.981993000021646 31.113681999553364,-10.978727999703095 31.113580000247453,-10.974776000091765 31.113493999880458,-10.971453999843675 31.113397999951815,-10.967730999996604 31.113302000023111,-10.964008000149533 31.11321200037105,-10.960457000137183 31.113103999889233,-10.956275999862269 31.113132000280586,-10.952836999616807 31.113132000280586,-10.952471999878696 31.114441000366469,-10.951220999768452 31.115661999993105,-10.949601999781805 31.117154999567504,-10.947983999841313 31.117675000155316,-10.947504000197966 31.119200000305511,-10.946098000137397 31.121587999767542,-10.943781000350896 31.124580000092237,-10.939795000071626 31.125960999899746,-10.937840999931097 31.12763999995423,-10.936107000039328 31.129246000240926,-10.934607000142249 31.131288999987415,-10.932963999948583 31.133806,-10.932212000357538 31.137630000006197,-10.930301000400505 31.139328000037153,-10.929134999711891 31.141643999777553,-10.927450000280203 31.143547000265073,-10.926043000173479 31.145267000410854,-10.924895000314621 31.146831999706929,-10.922943000266287 31.147870999937197,-10.920797000268406 31.150014999842877,-10.917303000185598 31.150170999839361,-10.913914000446312 31.150023000211661,-10.911734999826649 31.150534000384592,-10.910180000092225 31.152043999843329,-10.905589999849553 31.153096999819638,-10.903340999600402 31.153732000312687,-10.901983999999857 31.155690999784323,-10.898696000419761 31.158491000251729,-10.896316999573912 31.161838999899711,-10.893869000044106 31.163537999976764,-10.892098000245369 31.16571999983546,-10.889958999670853 31.167788999881164,-10.88757600043931 31.170476999682304,-10.884763000272017 31.172219999989007,-10.883236000029626 31.175404000171,-10.881771999993418 31.1783100001287,-10.88058800027369 31.180097999811778,-10.879404999700739 31.181090999720251,-10.877303999978606 31.179957999653485,-10.875135999865961 31.17971200000494,-10.874664999738229 31.177334000104562,-10.870934999568476 31.176248999552453,-10.869094000140251 31.174752999839765,-10.867005000071968 31.170996000224076,-10.864848999613116 31.168523999587872,-10.861978000369504 31.166226999824062,-10.860173999948927 31.164087000102768,-10.858950000183995 31.160331999679951,-10.856730000372295 31.158557999742929,-10.855290999689828 31.156215999703363,-10.853642000118896 31.154669000337719,-10.852276000103528 31.15214199986417,-10.850896000342118 31.149731000241278,-10.849318000446772 31.148644999643064,-10.847429999751341 31.146996000072193,-10.844491000071116 31.145613000172489,-10.842403000048931 31.145036999701176,-10.839452999861635 31.144545000404033,-10.837460999768098 31.143687999570147,-10.83554799971887 31.14306300043739,-10.83283200042564 31.143564000149407,-10.829102000255943 31.14545099989942,-10.826346000018134 31.146123000299379,-10.825590000242698 31.147128999907807,-10.824458000222021 31.149899999937698,-10.822693999846649 31.152536000039785,-10.820965000185311 31.154849999687993,-10.819766999820274 31.160180999913962,-10.817701999958956 31.16555600036952,-10.815971000205423 31.168480000257599,-10.815671999912411 31.170670999631852,-10.815802999655773 31.175234000428475,-10.81638100021928 31.178199999554689,-10.816787000048691 31.181050999675051,-10.81762700009898 31.185125000413507,-10.819875000302089 31.187625999688525,-10.822041000322542 31.1888710004215,-10.823702999593365 31.189500999784681,-10.825794999799939 31.189988999796807,-10.828328999696794 31.19123499967651,-10.830198999562526 31.19787800012659,-10.826151000022548 31.19971700036194,-10.824099999907276 31.201848999714457,-10.822304999901519 31.203913000429001,-10.820536000194977 31.206720000319709,-10.816656000305327 31.207283000191747,-10.813648000142393 31.206564000323226,-10.811655000002759 31.205661000066808,-10.810333000216984 31.204977000013006,-10.809331999939729 31.202615999996965,-10.806940000293309 31.199920999873143,-10.802910999830488 31.198241999818663,-10.800883999922233 31.196884000172016,-10.7987430001549 31.194408000250803,-10.79609799963788 31.192842000009307,-10.794388999999171 31.190181999700201,-10.792429999628153 31.18724400006607,-10.790975000006824 31.184122000044059,-10.789916999800027 31.179506000401545,-10.790722000035544 31.177334000104562,-10.791512999625752 31.174790999792773,-10.793035999683696 31.17148999961341,-10.795573999764997 31.168504999611397,-10.798602999996604 31.165724000019846,-10.801959000013369 31.163587999583623,-10.804207000216422 31.160705999832938,-10.805246999593464 31.158512000320453,-10.805368999821326 31.15628100000168,-10.804516000071146 31.153054999682237,-10.801458000301352 31.150917000053198,-10.7998089998311 31.149487999831646,-10.79817400000627 31.149651000150811,-10.793508999903679 31.150575999622731,-10.791545000201493 31.15123999965391,-10.790627000152995 31.15195700032956,-10.789637000382811 31.152637000198979,-10.787316999558698 31.153284000345817,-10.784681000355931 31.152018000443487,-10.782238000157236 31.151341999859142,-10.780935000347938 31.147881000398176,-10.779251000063027 31.144961999841257,-10.778691000329275 31.141357000037658,-10.778146000387665 31.139200000432083,-10.775999000343688 31.137182000039328,-10.77374499986405 31.135296000335416,-10.77209800038537 31.133798999677314,-10.77040699977772 31.132529999636684,-10.768500000005075 31.132055000223826,-10.763607000184379 31.13242900037687,-10.762227999569689 31.132653999956744,-10.761394999842139 31.133533000006135,-10.758770000247068 31.134561999775428,-10.756578999973499 31.136148000039555,-10.754915999757259 31.138336000174771,-10.753185000003723 31.140372999644683,-10.751750999551746 31.142334000107891,-10.750461000341771 31.144801999660388,-10.749797000310592 31.147750999801584,-10.748982999660143 31.14989699979941,-10.748860000285504 31.152963999984081,-10.747350999973605 31.156145000027777,-10.745715000102621 31.159146999914125,-10.743545999943876 31.159719000201051,-10.743050999609125 31.162152999984869,-10.740941000371434 31.167260999823839,-10.737607999616273 31.169347999799921,-10.735875999816642 31.171683999562902,-10.734560000307454 31.175845999861281,-10.732940000274709 31.179509999686616,-10.730700000440436 31.181457999550556,-10.729671999817867 31.183494999919844,-10.728599999865025 31.185714999731545,-10.727419000283646 31.19138700038792,-10.725100999551728 31.19344700001875,-10.72420999984854 31.196533000179954,-10.723169000425344 31.198886999873313,-10.722685999744442 31.20546299993293,-10.722487999610564 31.207835999602821,-10.722638000229777 31.210482000165879,-10.723131999619113 31.212712999585332,-10.723923000108641 31.215654000257071,-10.724527000071987 31.218634000028601,-10.726705999792387 31.220544999985631,-10.727800999906094 31.224347999923108,-10.729730999839603 31.227106000253112,-10.730207000197822 31.230023999864613,-10.731200000106355 31.232920000260663,-10.731714000417583 31.236850999803263,-10.73102199999505 31.239960000125336,-10.729845999744782 31.243397000278602,-10.727351999893131 31.245577000045099,-10.725239999663925 31.246912000430143,-10.72292399992358 31.25025399980154,-10.721334000374382 31.252602000117633,-10.722123999918493 31.255423999800538,-10.723361000282694 31.258043000018287,-10.724514000372039 31.260294000359693,-10.726434999890671 31.261442000218551,-10.729496999844853 31.263079000135633,-10.730825999953311 31.265009000069142,-10.733005999719808 31.266201000157594,-10.736232000039251 31.267216000180895,-10.738932000393559 31.268022999609283,-10.74201999974764 31.272890000030198,-10.740834999981814 31.276327000183471,-10.738340000084065 31.279078000190736,-10.736095000019247 31.281303000232924,-10.733892000091885 31.284436999908795,-10.732445999986055 31.286453000209292,-10.731253999897604 31.291532999656905,-10.728777999976328 31.293344000400168,-10.727142000105403 31.295339999778776,-10.72529999973176 31.302298000360167,-10.721567000323033 31.304680000444932,-10.719926000221619 31.306397999599199,-10.718623999559098 31.308048000115487,-10.717303999865521 31.31029100008811,-10.716230999866582 31.312900999891038,-10.714689999878203 31.315033000142819,-10.712892999780252 31.313558999645636,-10.7109059999172 31.311602000266131,-10.709692999760023 31.310535999690558,-10.70869399957496 31.309487999944736,-10.707710000081363 31.308446999622273,-10.705896000099074 31.307920999657195,-10.702735000077951 31.307670999824211,-10.70122699981215 31.308071000276414,-10.698868999934348 31.309371999993456,-10.694175000293626 31.30879600042152,-10.690501000007314 31.308418000084146,-10.690002000387494 31.3072090001113,-10.688403999570255 31.30421299960221,-10.685214000010944 31.301423999641937,-10.681437000372625 31.300186000130964,-10.677651000319429 31.300097999671777,-10.672642999694233 31.30075500027959,-10.669155999934048 31.302097000087993,-10.66692200037636 31.302226999785262,-10.666705000265949 31.303562000170299,-10.66454200038379 31.305558999595007,-10.661948999565823 31.309176999997877,-10.659616999987236 31.312081999909481,-10.658231999995337 31.316445999626808,-10.657405999691093 31.320692000200044,-10.657003 31.323066999962119,-10.657016999745961 31.325736999832884,-10.657039999906885 31.328497000255023,-10.657307999670252 31.331438000027443,-10.657820999935439 31.333624000070525,-10.658746000306621 31.336446999799477,-10.660460000175817 31.339073000339905,-10.660094000391609 31.340089999556085,-10.657405999691093 31.339162999992023,-10.65479399979597 31.338875000206031,-10.653981000090994 31.337627000234079,-10.652229000268733 31.337545000051477,-10.65018599962292 31.335452999844904,-10.648638000211179 31.332380000282967,-10.647003000386349 31.330582000138914,-10.64597099957939 31.328199000008052,-10.643310000123506 31.325901000198147,-10.641796999627159 31.324129000353309,-10.640386000235424 31.323338999909875,-10.638203000330634 31.32309899963855,-10.636121999731813 31.323620000272513,-10.632345000093494 31.324003999987152,-10.63198699977869 31.325338000326099,-10.63074500008338 31.328520000415892,-10.629071000259387 31.331901999832553,-10.628166999956875 31.333958000178256,-10.627681000037001 31.336719999793331,-10.627288999953576 31.342706999681695,-10.625610999945193 31.346577000009685,-10.622766000101421 31.348090999652808,-10.62102900007136 31.350495999898499,-10.619305999787287 31.353605000220508,-10.618146000274578 31.356753999688518,-10.618009000254574 31.363420000299524,-10.617573999987655 31.367368999772506,-10.617349999554563 31.369380999888676,-10.616800000281783 31.373261999824418,-10.616197000364537 31.375272999894491,-10.615771999659216 31.377376999754915,-10.614933999701123 31.381652999912372,-10.613057000412084 31.38357400033038,-10.612089999903503 31.385839000417775,-10.61059200009862 31.389588999710782,-10.609074000271107 31.396146999839971,-10.607335000148794 31.398909000354305,-10.607213999967087 31.403151999889928,-10.607036999901879 31.406826000176238,-10.607200000221042 31.411026000427622,-10.607022000109737 31.412946999946257,-10.606082999992509 31.414459000396501,-10.604579999957137 31.415953000016998,-10.60266199967748 31.418766000184291,-10.601002999645573 31.421214999760249,-10.599550000116437 31.42418900015457,-10.598074000426321 31.427300999715612,-10.595920000059721 31.430574000402938,-10.593539000021053 31.432659000286829,-10.591876999850911 31.434471000176867,-10.589806999759105 31.436376999903416,-10.587104000165823 31.437001999935489,-10.585154000209684 31.440325000229677,-10.581869999914602 31.44247599955867,-10.58025300002015 31.444290000440276,-10.578000999632707 31.445925000265106,-10.5747269997986 31.447646999603766,-10.572230999854751 31.44950699990784,-10.569590999568218 31.451550999700434,-10.566391000447311 31.454134000057365,-10.565200999551735 31.45717199980453,-10.564564999911909 31.459408000353786,-10.564737999792726 31.462099000293279,-10.564759999907494 31.464539000353682,-10.565359999686505 31.467068000020046,-10.566014000156031 31.470374999576734,-10.566554999913251 31.472972999725812,-10.56704700010971 31.475116999631435,-10.567672000141783 31.479648999898412,-10.569555999753504 31.481536999694523,-10.570650999867212 31.4833559999073,-10.572025000251415 31.485786000406051,-10.574912000232587 31.487421000230881,-10.576647000170453 31.489325999911333,-10.579423000430836 31.490772000017159,-10.58287400033015 31.492767000248985,-10.585742000334788 31.49472000034342,-10.587857999849062 31.498448999567753,-10.589195000326299 31.501130999991627,-10.588277000277797 31.503581999659783,-10.586381000112908 31.504074999902343,-10.585849999917286 31.50551799986988,-10.58538900025053 31.507113999695665,-10.584097000048985 31.50810599955804,-10.581957000327748 31.5096960000065,-10.57825799978832 31.511004000046224,-10.574794000189115 31.511113999720919,-10.574635000054343 31.513405000107522,-10.573044999605827 31.516221999559889,-10.570299999875145 31.518009000096185,-10.568635999612807 31.519956999960126,-10.566792000046291 31.522746999966554,-10.565067999716121 31.52551099967377,-10.564358000262473 31.527977000033388,-10.564125000313821 31.5301670002608,-10.564342999571011 31.532492000416024,-10.564851999651808 31.536206999894315,-10.565583000073502 31.538230999664336,-10.566190000175141 31.539841000135425,-10.564316000125018 31.53987499990404,-10.561622000047294 31.539885000365018,-10.561592999609843 31.540862000435311,-10.562113000197655 31.543795999885049,-10.563087000129654 31.546271999806265,-10.564356000170276 31.548918000369323,-10.565507000167429 31.55137400026797,-10.568266999690252 31.553779999660438,-10.569136000178048 31.556014000117443,-10.570065999880399 31.558944000282164,-10.570924999907163 31.561039999773808,-10.570997999674944 31.563934000077666,-10.570426000287341 31.566427999929314,-10.570203999946443 31.568266000118566,-10.569251000083227 31.571045999664019,-10.566560000143738 31.573405999633962,-10.565596999819491 31.575515999770975,-10.566242999920291 31.578073999874842,-10.566193000313433 31.580083999898815,-10.56523600026577 31.581309999755945,-10.563149000289684 31.581189999620278,-10.560744000043996 31.581416000145563,-10.558217999616545 31.581710000208147,-10.556091999641351 31.582864000343591,-10.55566799988145 31.585870000414328,-10.552743999993368 31.587587999568601,-10.551678000317111 31.588192000431263,-10.547998999800313 31.588678000351134,-10.546556999878874 31.590570000331638,-10.545488000064381 31.593133999812778,-10.545724000151267 31.593574000310184,-10.544740999804446 31.596672000125182,-10.543075000349234 31.597407999878044,-10.542258999606645 31.599199999745451,-10.541822000146851 31.602027999704884,-10.540964000166127 31.603484000271692,-10.541049999633856 31.603997999683656,-10.542987999936145 31.604037999728856,-10.544535000201108 31.602276000344997,-10.546117000280788 31.601008000350475,-10.546600000062426 31.60104600030348,-10.548032000422211 31.603206000047351,-10.548332999908098 31.604304000299347,-10.548082000029069 31.605086000374001,-10.546805999665764 31.606136000212015,-10.544664999898428 31.607116000420604,-10.542123999678836 31.608931999595711,-10.538077000184956 31.610831999944988,-10.535059999607199 31.613846000384456,-10.532421000266083 31.616416000142181,-10.530536999755043 31.619008000014674,-10.529569000099682 31.621514000419495,-10.529749000303127 31.623175999690314,-10.53109100011153 31.625664000164761,-10.530584000122929 31.628494000216389,-10.529783000071802 31.630136000363905,-10.528089000225179 31.629806000440507,-10.526548000236801 31.62977399986471,-10.525287999711736 31.631019999744463,-10.524002999832872 31.631884000001723,-10.523642000279096 31.632904000255504,-10.522590000348885 31.635224000180248,-10.522372000192377 31.637013999955514,-10.52187899994982 31.639690000102856,-10.52188300013421 31.641410000248641,-10.523223999896516 31.643017999728219,-10.524624999726655 31.644374000181923,-10.525343999595179 31.646137999658038,-10.523819000344304 31.646974000423256,-10.522427000029722 31.649138000351513,-10.520664999746543 31.651529999997877,-10.520905000017876 31.653600000089678,-10.52229600028636 31.654872000268597,-10.524219999943282 31.656076000010955,-10.525857999906405 31.657878000339334,-10.525765000116051 31.659733999559702,-10.52561400035006 31.661154000265636,-10.526502999961108 31.662574000072251,-10.52744900040102 31.664494000444162,-10.527525000307037 31.665332000402259,-10.526134000038553 31.667926000366947,-10.525223000312735 31.670246000291684,-10.525005000156227 31.672827999703259,-10.525928000435215 31.674037999722149,-10.527738000233114 31.674560000402209,-10.529963000275245 31.674625999847247,-10.532483000426112 31.676392000314877,-10.533307999784938 31.679267999788976,-10.532048000159193 31.682231999722262,-10.529696999704754 31.683332000066454,-10.527268000151423 31.684905999777417,-10.522882000319271 31.68747799962733,-10.521168999596853 31.689400000091382,-10.521246000448343 31.690438000275545,-10.523174000289657 31.691526000066627,-10.524757000415434 31.693487999676563,-10.526379999687151 31.695769999648292,-10.526965999720062 31.697213999661926,-10.526535999683631 31.698349999866991,-10.525538999590765 31.699657999906716,-10.524367000424206 31.699807999626671,-10.521154999850808 31.700493999772615,-10.518391000143595 31.701300000054285,-10.515797000178905 31.701843999949798,-10.512060999732569 31.701935999694058,-10.508850000104587 31.702612000278403,-10.505799999804253 31.703147999805136,-10.504012000121179 31.703076000083513,-10.501206000276568 31.704099999622311,-10.498033999748372 31.705959999926392,-10.495705000308078 31.707664000233933,-10.494124000274439 31.709306000381446,-10.492372999599011 31.711584000168781,-10.49049400021778 31.714129999719542,-10.490042000066524 31.717429999852811,-10.489462000310141 31.720349999556504,-10.489861999863024 31.722124000392906,-10.488739000257226 31.723593999806383,-10.487104999579174 31.724977999752184,-10.484384000055456 31.726876000009266,-10.483545000051265 31.730274000163433,-10.482273999918448 31.733697999717435,-10.484212000220737 31.736159999892667,-10.484965999903977 31.737924000268038,-10.483498999729477 31.738158000262786,-10.481258999895147 31.738151999986201,-10.478794999627723 31.738374000327099,-10.476097000264927 31.739825999810193,-10.473776000294095 31.741724000067226,-10.470701999786739 31.743139999689504,-10.469183999959284 31.745677999770752,-10.468332000255145 31.748015999625917,-10.468801000290682 31.749441999709124,-10.469976999641631 31.75216999955552,-10.469807999945203 31.755235999694094,-10.469116999568769 31.757907999657046,-10.469006999894075 31.759221999973363,-10.470357000071203 31.761448000061648,-10.471000000033712 31.763638000289124,-10.470211999682476 31.766459999971971,-10.469068000008008 31.768565999924586,-10.469542000274032 31.771560000341481,-10.470629000019017 31.773098000191563,-10.471687000225756 31.774983999895483,-10.470331999818143 31.776120000100544,-10.469335999771374 31.77829000030539,-10.467745000176135 31.780634000437093,-10.466209000418189 31.783514000095579,-10.465063999798303 31.786388000376864,-10.46374600019692 31.788637999772789,-10.463070999658669 31.791489999939245,-10.463129999680405 31.793132000086757,-10.461377999858144 31.794792000164705,-10.460371000203622 31.797575999894548,-10.460086999702696 31.798993999608967,-10.460919000283582 31.801473999714627,-10.462360000158922 31.804706000310656,-10.463671000336944 31.80692199993797,-10.46391399984725 31.808259999561923,-10.461652999944192 31.8101640000956,-10.458807000054378 31.812053999983902,-10.457624000380747 31.813863999781798,-10.457932000189317 31.815318000256354,-10.457902999751866 31.817312000442083,-10.45631700038706 31.819603999975467,-10.454953999610666 31.821843999809801,-10.453878000372754 31.824265999939769,-10.453084999791088 31.82664399984014,-10.450517000125558 31.828580000050238,-10.44893099986143 31.829883999905629,-10.447588000006986 31.830168000406559,-10.445118000362299 31.829979999834279,-10.442312999664466 31.829101999830982,-10.439809000251159 31.829449999684812,-10.437510000395093 31.829524000397956,-10.435904000108392 31.830797999769743,-10.433357999658369 31.831967999743423,-10.431385999587462 31.834097999903062,-10.430542000252103 31.835954000022749,-10.430332999611153 31.837868000118018,-10.430123999869465 31.839323999785506,-10.427916999757713 31.840007999839258,-10.4251530000505 31.841582000449531,-10.423001999822191 31.84270199991704,-10.421375000366083 31.844306000111541,-10.42036899985834 31.844332000410756,-10.419108000186496 31.843374000316999,-10.418096000301489 31.842033999701471,-10.418006999796205 31.841487999713763,-10.417101000300818 31.841231999604187,-10.416188999629526 31.841213999673808,-10.415502000336801 31.841857999682361,-10.41342599996841 31.843174000090869,-10.412540999642431 31.843029999748239,-10.411454999943601 31.842596000426735,-10.41043199955152 31.841799999706723,-10.408843000048478 31.840941999726052,-10.407197999762616 31.839214000110815,-10.405570000260468 31.838461999620392,-10.403465000353947 31.838053999698786,-10.401181000290023 31.837554000032867,-10.397579999771494 31.836540000055663,-10.3942770003992 31.837792000211945,-10.390985999781492 31.838327999738738,-10.389199000144515 31.840747999776511,-10.388290999657613 31.842137999998897,-10.388092000376957 31.843412000270007,-10.387837000313482 31.845112000393211,-10.386142000420818 31.846244000413833,-10.384915999664372 31.847011999843115,-10.383124999843005 31.847927999799481,-10.380241000000124 31.84822800013859,-10.378343999789138 31.847727999573348,-10.37703599974941 31.846739999895359,-10.374763000192557 31.846693999573571,-10.372988000209432 31.847107999771818,-10.37097400000107 31.847541999992643,-10.369761999889988 31.849859999825185,-10.369486999803938 31.851838000172677,-10.369447999804834 31.853814000428027,-10.369408999805671 31.856968000126468,-10.369976999908204 31.859426000117306,-10.370558999756781 31.861683999882022,-10.370170999857748 31.863437999796414,-10.368245000108571 31.864355999844971,-10.365476000170871 31.865126000265775,-10.361506999775939 31.86509999996656,-10.358184000381073 31.865327999684723,-10.355771999812701 31.867348000169667,-10.352866999901096 31.868228000265162,-10.350959000082412 31.870572000396919,-10.351599999952668 31.871967999996567,-10.351630000436272 31.872981999973714,-10.352642000321223 31.877146000364288,-10.351700000065705 31.879241999855989,-10.349538000229643 31.881138000020822,-10.346348999817167 31.883923999842864,-10.343886999641938 31.886666000334628,-10.341941999916287 31.889949999730391,-10.338439000317919 31.893479999674014,-10.335503999922764 31.895357999908466,-10.333861999775252 31.896447999791743,-10.331032999769718 31.89758600008895,-10.327801000073009 31.899063999871199,-10.324219000430332 31.900004000034532,-10.320017000086692 31.901254000098675,-10.316669000438765 31.902923999738274,-10.313712999974882 31.905548000186567,-10.311713000411883 31.90780399985908,-10.311267999683992 31.908226000426055,-10.309596999998291 31.908931999695366,-10.307635000388302 31.911059999762752,-10.306676000248501 31.914442000078679,-10.307011000402381 31.918972000253518,-10.306806999991863 31.920964000347055,-10.305047999846977 31.921568000310398,-10.303717999692424 31.924909999681802,-10.302505999581342 31.927565999806518,-10.303944000217712 31.93088199977802,-10.304049999708013 31.934631999970406,-10.305121999660855 31.938076000446355,-10.305569999627719 31.940806000384896,-10.305458999906932 31.943102000102666,-10.304267999864521 31.94496599969176,-10.304344999816692 31.947008000291532,-10.304592000410651 31.949310000285834,-10.305921999665884 31.952120000314832,-10.306610999950179 31.953990000180571,-10.307032999617832 31.956533999639074,-10.306408999631856 31.959488000010762,-10.305950000057294 31.961384000175652,-10.304996000147923 31.963789999568061,-10.303630000132557 31.965482000221812,-10.301533999741537 31.966287999604102,-10.298995999660292 31.967771999662947,-10.295585999852278 31.969926000029599,-10.291188000366333 31.971015999912819,-10.288302000431258 31.971022000189404,-10.286295999692356 31.972854000102071,-10.285114000064823 31.973997999776543,-10.284402999665758 31.975642000016304,-10.282708999819134 31.975991999962275,-10.280524999868305 31.975241999564101,-10.278475999845226 31.975267999863259,-10.277272000102869 31.975849999711837,-10.27496900006247 31.976713999969096,-10.272429999935127 31.97873000026965,-10.271644999722184 31.980125999869301,-10.271618000276192 31.982271999867123,-10.269168999800911 31.983650000435659,-10.268454000116776 31.985465999610824,-10.268933999760121 31.98697599996882,-10.268904000175837 31.988388000306031,-10.267271999589978 31.98817000014952,-10.265556999674686 31.987098000196681,-10.264603999811413 31.987526000140974,-10.263104999960433 31.98833399961546,-10.262917000287473 31.989055999622277,-10.261585000040725 31.988451999658935,-10.260679999692115 31.987365999960044,-10.259154000395199 31.98543800011873,-10.258848999825545 31.983851999854664,-10.258192000117049 31.98207599982544,-10.254731999802914 31.982737999764421,-10.253342999626625 31.983709999604173,-10.252694000286851 31.985083999988372,-10.251863999798218 31.985991999575901,-10.250986999841018 31.986886000316758,-10.249536999550799 31.98778600043488,-10.2483729998537 31.989951999556013,-10.246610999570521 31.991798000114045,-10.24600100022991 31.994138000061355,-10.244292999737979 31.995459999847185,-10.241459000401276 31.996409999572109,-10.23995100013542 31.99736999975806,-10.238843000321765 31.998984000413543,-10.23823800031232 32.000636000122704,-10.239121999692884 32.002341999623184,-10.239891000067587 32.003990000047281,-10.240660999589066 32.005327999671294,-10.240691000072673 32.006604000034599,-10.240551999960473 32.007776000100478,-10.238636999819107 32.0088239998463,-10.236439000122175 32.009280000181938,-10.233793999605211 32.008212000413494,-10.230663000067636 32.007455999738681,-10.228443000255936 32.007343999971795,-10.226324999750146 32.006164000436513,-10.223426000115182 32.005188000412318,-10.221669000062434 32.005480000382704,-10.219428000182061 32.006038000024262,-10.216265000068745 32.006557999712811,-10.213848000169206 32.007419999877868,-10.211195000182784 32.007905999797742,-10.209753000261342 32.009033999634028,-10.206120000066335 32.008966000096734,-10.203428000080805 32.00958199971393,-10.202557000400191 32.010247999837304,-10.201283000129081 32.010907999684086,-10.199780000093709 32.011664000358905,-10.197529999798405 32.012014000304873,-10.195287999871937 32.01194599986826,-10.192652999815891 32.011916000284025,-10.189215999662622 32.011364000019739,-10.185845999899868 32.009920000006105,-10.181747999853712 32.008418000016825,-10.179829000427219 32.006461999784108,-10.178435000020441 32.005305999556469,-10.176452000341781 32.005311999833054,-10.174446999648978 32.006851999775328,-10.173270000251932 32.007158000391087,-10.171601999805205 32.007107999884909,-10.169598000057874 32.008346000295148,-10.168026000439113 32.010370000065159,-10.167526999919971 32.012048000073548,-10.167207999604329 32.012262000045666,-10.166459000151519 32.012135999633415,-10.166116999674955 32.01213400044054,-10.166059999745412 32.01285999973242,-10.164842000257067 32.01343600020374,-10.162424000311489 32.013577999554855,-10.158868000068649 32.013313999975878,-10.155378000170229 32.013019999913297,-10.152977000108933 32.013164000255983,-10.149535999771274 32.013108000372533,-10.147359000143069 32.012431999788191,-10.145940000382552 32.012779999641964,-10.143640999627165 32.013429999927155,-10.13955900031857 32.012643999668107,-10.136078999981748 32.011078000325938,-10.133989999913465 32.008681999595808,-10.133578999853512 32.006880000166746,-10.133613999668285 32.004061999768965,-10.134816000217711 32.002029999630167,-10.134971000168093 32.000605999639163,-10.13385299989352 31.99893199981517,-10.132109000440039 31.997696000396385,-10.129267999881336 31.996248000198364,-10.124999000046557 31.9951259997394,-10.1220410003898 31.994835999861206,-10.119812000163279 31.996774000163498,-10.120519000377953 31.998708000281393,-10.118876000184287 32.00127599994692,-10.116933999697608 32.004183999996769,-10.11469900009382 32.006530000220721,-10.113163000335874 32.006994000025827,-10.110862000387669 32.007450000361473,-10.108216999870647 32.00812800013864,-10.105223000353078 32.008050000140429,-10.102187999844887 32.005376000085271,-10.10224000044326 32.004068000045493,-10.103411999609818 32.002693999661346,-10.104242000098452 32.002144000388569,-10.103163999869082 32.001525999779858,-10.101800999991951 32.000816000326211,-10.099063999730674 31.999577999915918,-10.096166000141807 32.000284000084548,-10.09414599965686 32.001795999635419,-10.09417400004827 32.003022000391866,-10.094320999629872 32.00481400025933,-10.093942000145715 32.006789999615307,-10.093846000217013 32.008219999882954,-10.092957999752741 32.009075999771426,-10.094546000109062 32.010281999605922,-10.09400600039794 32.012230000369186,-10.090530000245508 32.013608000038452,-10.087636999987751 32.01360399985407,-10.085172999720385 32.012970000306439,-10.08317999958075 32.010396000364324,-10.082542999894827 32.010702000080755,-10.080875000347419 32.01231399974472,-10.080270000337974 32.014263999700859,-10.079199999578009 32.015950000077964,-10.079166999855488 32.018292000117526,-10.079750999796202 32.020480000252803,-10.08114100001859 32.022370000141109,-10.080014000228459 32.022653999742715,-10.07748699975491 32.023664000434792,-10.076092000201355 32.026981999599229,-10.076140999762117 32.029900000110047,-10.076599000189956 32.032061999946109,-10.076957999651539 32.033635999657065,-10.074807000322494 32.034624000234373,-10.072551999796758 32.035034000248224,-10.070365999753676 32.035388000378589,-10.068353999637564 32.036371999872188,-10.063577999814186 32.036255999920904,-10.059109999799375 32.037575999614546,-10.056161999704273 32.037535999569279,-10.054558000409088 32.035963999950582,-10.052239999677226 32.036246000359313,-10.049655000127416 32.038198000407647,-10.046407999739245 32.039649999890685,-10.046322000271573 32.040636000375848,-10.046245000319402 32.04264600039977,-10.047522999875582 32.043984000023784,-10.04973200007953 32.046054000115589,-10.04883099991531 32.047360000063122,-10.045367000316105 32.047803999845598,-10.04226400027062 32.049367999994899,-10.042003999976657 32.050798000262489,-10.043351000015548 32.051964000051782,-10.045735000192508 32.053931999938357,-10.047587000127805 32.057722000175943,-10.050206000345611 32.061428000138676,-10.051908999707734 32.065020000242328,-10.053557000131832 32.067886000154829,-10.054246000416128 32.07034800033,-10.054942000123729 32.072167999689491,-10.055651000430657 32.074395999869978,-10.054059999936044 32.076091999808796,-10.05213600027912 32.077288000081637,-10.048902999636994 32.079066000203056,-10.045659000286491 32.081419999896468,-10.042230999648723 32.084143999558478,-10.039598999731027 32.085658000100864,-10.037390999573176 32.08815400004471,-10.034991999604074 32.09108200011724,-10.033502000167971 32.094991999591116,-10.031706000116117 32.09769800022201,-10.030678000392925 32.100684000270178,-10.029129000035709 32.102220000028069,-10.027837999880319 32.103438000415736,-10.025465000210431 32.104336000441656,-10.024185999708834 32.106202000122948,-10.024378999612225 32.108243999823344,-10.024625000160142 32.109903999901292,-10.023560999676761 32.111795999881792,-10.022491999862211 32.113088000083337,-10.02074700036269 32.115009999648066,-10.020824000314803 32.11664600041837,-10.021135000261722 32.118688000118766,-10.021381999956361 32.119998000250746,-10.020266999820022 32.122409999919739,-10.021365000072024 32.1239580002308,-10.020533000390515 32.124161999742,-10.019383000439461 32.124896000301931,-10.016274000117392 32.12527199964785,-10.012770999619704 32.125946000139948,-10.009605000267413 32.127221999603933,-10.007172999676468 32.12744800012922,-10.004705000124034 32.124702000352443,-10.001894000048878 32.124954000277569,-10.000399000382288 32.124065999813297,-9.99755100040022 32.124234000362939,-9.995026000018925 32.125021999814862,-9.991743999816036 32.124404000105471,-9.98808900040558 32.126434000152074,-9.985585000092954 32.128141999744685,-9.984175999894033 32.129594000127099,-9.98179799999366 32.131767999617004,-9.980437000208781 32.133756000425478,-9.978564000204813 32.135140000371273,-9.975842999781774 32.137578000339488,-9.975623000432393 32.140025999869351,-9.975860999712154 32.142412000138506,-9.975871000173129 32.14246399983756,-9.975698000292312 32.14419200035212,-9.972741999828429 32.145282000235341,-9.969911999776798 32.145271999774359,-9.967275999674712 32.145195999868349,-9.964297999995381 32.144371999656236,-9.961620999801935 32.14288600040453,-9.960389999714323 32.141674000293449,-9.958521999940842 32.140596000064022,-9.957283000383768 32.139049999845156,-9.955995000366613 32.13718800034826,-9.953682999911337 32.136391999628245,-9.952094000408295 32.133832000331495,-9.949794999652909 32.132718000241255,-9.947237999595131 32.133235999837609,-9.94470599979047 32.134115999933101,-9.940506000438347 32.136001999637017,-9.936973000356431 32.138015999845379,-9.936074000284407 32.142109999707138,-9.934731999576684 32.143805999645963,-9.93280799991976 32.14428400009637,-9.931079000258421 32.146410000071626,-9.930063000189023 32.147860000361845,-9.929919999892489 32.150136000056989,-9.930218000139462 32.152061999806108,-9.930466999926296 32.154508000143096,-9.930591000246352 32.156834000344418,-9.930544999924564 32.159310000265634,-9.929579000361343 32.161010000388842,-9.927883999569358 32.162584000099741,-9.925732000194216 32.164222000062921,-9.923865999613611 32.164835999587922,-9.922823000098276 32.164763999866238,-9.920016000207511 32.164629999984527,-9.917095999604499 32.164625999800187,-9.914689000165936 32.165160000134051,-9.912844999700155 32.165869999587699,-9.911054999924886 32.166359999691963,-9.909726999862526 32.16669799998413,-9.909318999940865 32.169202000296764,-9.907148999736023 32.17186599989094,-9.906696000437989 32.17390600039846,-9.904591999678244 32.174330000158363,-9.902978999968184 32.174165999793104,-9.901149000147711 32.174764000379184,-9.899533000299412 32.175955999568316,-9.89836300032573 32.177848000448137,-9.897351000440722 32.179041999729513,-9.896296000372217 32.180730000198821,-9.894085000076075 32.180674000315378,-9.891908999594648 32.179999999823224,-9.890546999763615 32.178871999986995,-9.889651999876037 32.177722000035942,-9.887897999961581 32.176572000084832,-9.886145000093279 32.174700000126961,-9.883487999922465 32.173989999773994,-9.880693999731648 32.173933999890551,-9.878518000149541 32.174120000370579,-9.876737999935925 32.174698000034766,-9.874318999944249 32.176046000119754,-9.872458999640173 32.177945999569658,-9.871734000394383 32.179946000031975,-9.870318999918936 32.181042000191837,-9.87001100011031 32.182417999768859,-9.869238999597314 32.183192000374049,-9.867676000393487 32.183072000238383,-9.865215000264357 32.181907999641965,-9.862944999946478 32.181849999666326,-9.860653999559872 32.180688000061423,-9.858442000116952 32.181808000428248,-9.856815999807623 32.183210000304484,-9.85701700007985 32.184630000111099,-9.855728000016597 32.185169999822214,-9.8540560002848 32.185925999597714,-9.851805999989495 32.186281999820267,-9.849792999827285 32.186914000175022,-9.847258999930375 32.186874000129819,-9.845712999711509 32.186990000081096,-9.84341800003989 32.187881999830374,-9.841910999820129 32.189026000404226,-9.841143000390844 32.18982799960213,-9.840726000054303 32.191331999683598,-9.840352999947413 32.193807999604871,-9.839387000384193 32.196340000308851,-9.838362999946071 32.198680000256218,-9.836598000423919 32.200672000349755,-9.834954000184155 32.203171999578672,-9.832612000144593 32.205726000397476,-9.830155000199907 32.206914000301595,-9.828871000367144 32.2078539995656,-9.827019000431847 32.207507999803958,-9.824848000180907 32.208829999589739,-9.824249000448047 32.210671999963381,-9.823467000373398 32.211759999754399,-9.822816000042167 32.212887999590684,-9.821475000279861 32.215119999955562,-9.819998999690483 32.216960000237009,-9.819216999615833 32.217898000308139,-9.819485000278517 32.218776000311429,-9.81975500013408 32.219768000173815,-9.819850000016629 32.221339999792576,-9.819933000245385 32.221455999743846,-9.81993100015319 32.223231999773077,-9.818864000430835 32.225410000346642,-9.817617999651759 32.227240000167114,-9.816378000048642 32.229845999785645,-9.815982999826929 32.231532000162815,-9.815950000104408 32.234197999849187,-9.815552999790498 32.235476000304686,-9.815470999607838 32.238355999963176,-9.814382999816814 32.240878000206237,-9.813014999709196 32.242411999871933,-9.811551999719084 32.242661999704865,-9.810000000122953 32.242979999974466,-9.808790000104068 32.245192000316706,-9.80656900024627 32.246382000312963,-9.805342000343046 32.246868000232887,-9.806191999954933 32.247976000046549,-9.806284999745344 32.248963999724538,-9.806264999722714 32.249678000261895,-9.804588999806525 32.250861999981623,-9.80319100011468 32.25206000034666,-9.79995800037193 32.253701999594909,-9.796029000022145 32.2555419998763,-9.792897999585307 32.259969999845907,-9.788683999587875 32.262109999567144,-9.788183999921955 32.264890000011917,-9.78778500041517 32.267201999567874,-9.787223999735998 32.270554000299569,-9.786413000123218 32.271949999899213,-9.786384999731808 32.273933999623978,-9.78433999989312 32.274860000041258,-9.781971999554399 32.27609200017497,-9.780057000312297 32.277795999583191,-9.778534000254354 32.278376000238886,-9.778464999771643 32.279902000435129,-9.779007999621058 32.281503999638176,-9.780179999686936 32.283270000105745,-9.781003999898985 32.285418000195762,-9.780904999832046 32.288197999741215,-9.780391000420082 32.290733999730264,-9.779538999816678 32.29278799998383,-9.777951000359678 32.293396000131565,-9.776736000110304 32.293189999628908,-9.775478999723532 32.291588000425918,-9.774306999657654 32.290746000283427,-9.773234999704812 32.290706000238231,-9.771631000409625 32.290847999589346,-9.77036799974627 32.291805999683106,-9.769203000003074 32.292935999611586,-9.767863000286866 32.2940699997244,-9.766751000288821 32.296429999694396,-9.763553000360785 32.296487999670035,-9.763552000314689 32.296857999638632,-9.762111999586125 32.296810000123962,-9.760221999697818 32.296832000238737,-9.758846000120741 32.297022000003892,-9.757122999836666 32.298051999819279,-9.756530000380394 32.299508000386083,-9.756557999872484 32.300456000018869,-9.757285000109789 32.302747999552253,-9.755921000186561 32.304449999767598,-9.754226000293897 32.305483999767432,-9.753746999797327 32.307417999885324,-9.752046999674176 32.308338000026026,-9.751628000144818 32.309594000366701,-9.750742999818783 32.310492000392621,-9.749465000262603 32.312046000080954,-9.748861000299257 32.314132000011,-9.748532999568738 32.314945999762067,-9.748516999730555 32.316712000229643,-9.747107000384858 32.319627999749002,-9.745100999645956 32.321566000051291,-9.743630000186386 32.324304000358609,-9.7437480002298 32.326288000083423,-9.743995999970593 32.327890000185732,-9.745224999966013 32.329608000239318,-9.744217000265394 32.331848000073641,-9.743084000198621 32.333428000061133,-9.743511000096817 32.335594000081585,-9.744041000246284 32.336596000404938,-9.744536999727814 32.338294000435894,-9.744962000433134 32.34129800041444,-9.74644999977704 32.344935999940617,-9.745462000099051 32.348407999908602,-9.744763000253101 32.354255999684824,-9.746022999878846 32.356639999861784,-9.74597600041028 32.359429999868212,-9.745920999673615 32.362449999684941,-9.745745999700603 32.366355999873804,-9.746128000222427 32.368125999626443,-9.747067000339655 32.369774000050541,-9.750129000293839 32.369988000022659,-9.751672000374413 32.371944000255382,-9.753122999811408 32.373918000418541,-9.752969999953166 32.376455999600466,-9.752175000178625 32.379483999785975,-9.750052000341668 32.382679999621871,-9.749874000230363 32.387260000302831,-9.751617999683845 32.388245999888625,-9.753776000234836 32.390454000046532,-9.755966999609029 32.392022000380166,-9.755822000119622 32.393451999748493,-9.75493399965535 32.395035999920367,-9.753183999925284 32.397248000262607,-9.750962000021387 32.398879999949202,-9.748866999676523 32.400907999903545,-9.748540999937518 32.402835999744866,-9.748903999583488 32.405166000130578,-9.749086999925225 32.407316000312839,-9.748986999812189 32.410371999990446,-9.750245000245059 32.413052000322125,-9.750421000264169 32.416344000086667,-9.751732000442246 32.418706000148859,-9.753117999580921 32.420908000030117,-9.752844999587069 32.422530000155064,-9.752584000146328 32.426205999634192,-9.753026999882707 32.429102000030234,-9.752569000354242 32.431600000066283,-9.752461999918467 32.434506000023987,-9.752348000059442 32.437079999966038,-9.752983999699211 32.438697999906594,-9.754844000003288 32.439627999609002,-9.754825000026756 32.440676000254143,-9.754861999933667 32.44262800030242,-9.756083999606403 32.442655999794511,-9.757172000296805 32.445730000301864,-9.759174999998095 32.449746000165362,-9.761502000245514 32.45348599989677,-9.7644660001788 32.455627999710202,-9.766371999905346 32.45839400040893,-9.767634999669383 32.461628000197834,-9.769003999823042 32.463687999828664,-9.769937999709839 32.466047999798604,-9.771208999842655 32.467213999587898,-9.773593000019616 32.468581999695516,-9.774827000245523 32.470994000263829,-9.773576000135279 32.473022000218236,-9.773306000279717 32.475337999958583,-9.772917000334587 32.478074000173763,-9.77297700040242 32.481009999715695,-9.774066000239543 32.482203999896342,-9.777538000207585 32.482373999638867,-9.779654999767899 32.482983999878797,-9.783024000383932 32.483335999917017,-9.785366000423494 32.48612800001564,-9.787661000095113 32.488029999557739,-9.789285000312248 32.490386000242665,-9.790384999757123 32.492084000273621,-9.790809999563066 32.493727999614066,-9.791465000078745 32.49549600017383,-9.792347000266432 32.496956000025705,-9.792604999568823 32.498614000011457,-9.793717999612966 32.500051999748507,-9.795409000220614 32.50135000022658,-9.798362999692927 32.502126000024646,-9.801384999601908 32.501943999729008,-9.803393999579782 32.502665999735825,-9.806532000339301 32.504523999947651,-9.808673000106694 32.506903999940221,-9.810803000266276 32.507866000218371,-9.8119880000321 32.509938000402364,-9.813437000276224 32.511438000299449,-9.815240999797481 32.514052000286767,-9.81736699977273 32.515189999684644,-9.818605000183027 32.516223999684428,-9.820419000165259 32.51728399998342,-9.823148000057756 32.518915999670014,-9.82557999974938 32.520996000222738,-9.827315999733401 32.524172000036003,-9.828685999933157 32.525687999771321,-9.831119999716975 32.526587999889443,-9.83442600012688 32.52747000007713,-9.837045000344631 32.529203999968956,-9.838900999564999 32.530384000403558,-9.839565999642275 32.532319999714332,-9.842508000360112 32.533322000037685,-9.845296000274345 32.533899999701873,-9.847347000389618 32.536497999850951,-9.851192999611328 32.536780000259682,-9.853078000168466 32.537475999967342,-9.855300000072361 32.538478000290638,-9.858030000010899 32.539768000399988,-9.860697999789466 32.541796000354395,-9.862721000412705 32.543982000397421,-9.863995999830593 32.545496000040544,-9.86637299968487 32.546879999986345,-9.86818000024374 32.549591999994504,-9.869558999959111 32.550186000396252,-9.872298000312526 32.551416000437712,-9.874910000207649 32.553152000421733,-9.876881000232515 32.554302000372786,-9.878635000146915 32.556000000403799,-9.881294999556701 32.55642200007145,-9.884151999953645 32.557823999947686,-9.886644999759199 32.560457999957578,-9.887338000227828 32.560555999978476,-9.888884000446694 32.56233600019209,-9.890224000162903 32.56483999960534,-9.892580999994607 32.566040000062628,-9.894048000169107 32.566338000309543,-9.896620000019027 32.566378000354803,-9.89811000035445 32.56597399971821,-9.900524000115695 32.565335999986239,-9.902829000248289 32.564330000377822,-9.904453999612201 32.563120000358879,-9.904879000317465 32.560426000281154,-9.904128999919294 32.558594000368487,-9.903019000013444 32.556185999984507,-9.902092999596107 32.553195999752006,-9.901177999685899 32.550639999740326,-9.901285000121618 32.547802000219235,-9.90179999957968 32.545739999596947,-9.903044000266505 32.544664000359035,-9.904154000172355 32.54339999964958,-9.904751999859116 32.541520000222249,-9.906279000101506 32.540279999719758,-9.907850999720267 32.539165999629518,-9.909763999769439 32.538405999669692,-9.911842000230024 32.537707999869838,-9.914090000433077 32.53766599973244,-9.917014000321217 32.537837999567159,-9.91918799981107 32.536390000268455,-9.921680999616626 32.535321999600683,-9.923077000115598 32.534188000387189,-9.924246000043183 32.53255000042401,-9.923877000120683 32.530922000022542,-9.923908999797105 32.5290560003412,-9.923658999964175 32.527231999897992,-9.922892999727765 32.5252300002428,-9.921900999865386 32.524044000430926,-9.921007000023849 32.52156799961034,-9.919737999983168 32.519064000197034,-9.919615999755363 32.516147999778411,-9.919272000085925 32.512615999742536,-9.919915000048377 32.510199999889153,-9.92093700039436 32.508131999889542,-9.92195200041766 32.506244000093432,-9.923192000020777 32.503841999986093,-9.92472999987092 32.50120199969956,-9.926157000000217 32.499427999762531,-9.927280999652112 32.498284000088056,-9.927991000005079 32.496570000218867,-9.929228000369278 32.495249999625912,-9.929885000077775 32.494007999930602,-9.9313419997913 32.492878000002115,-9.932624999577968 32.491552000031959,-9.935401999884448 32.490620000237413,-9.937598000388505 32.489891999954011,-9.938700999971672 32.488762000025531,-9.93998399975834 32.48756599975269,-9.940981999897304 32.485461999892266,-9.942800000063926 32.484316000125546,-9.943452999588033 32.48352399958997,-9.944328000352357 32.482627999656245,-9.945663999884175 32.482669999793643,-9.94732500000822 32.483099999830074,-9.948232999595803 32.483854000412691,-9.950396000377282 32.485294000241936,-9.952087000085612 32.486203999921656,-9.95355899959128 32.487964000112697,-9.954154000039068 32.489706000373246,-9.956354999874291 32.493098000250825,-9.959325000084164 32.494620000262728,-9.961987999632243 32.496407999945745,-9.963614999987669 32.498090000138518,-9.965701999963754 32.499059999886128,-9.96952199978557 32.499006000094873,-9.971988000145188 32.498649999872271,-9.973943000331815 32.498139999745376,-9.976760999830276 32.497644000263847,-9.980093999686119 32.497290000133489,-9.982106999848384 32.497675999940327,-9.985824000318189 32.4971059997456,-9.988529000003666 32.498284000088056,-9.991370999709147 32.5002760001816,-9.994196999576388 32.500613999574455,-9.996081000087429 32.500265999720625,-9.998323000013954 32.499859999891157,-10.000680999891697 32.497466000152535,-10.004853999797831 32.49452200024183,-10.007949000373856 32.491351999805886,-10.009043000441466 32.488053999764759,-10.009739000149125 32.485818000114818,-10.008750999571816 32.482858000365923,-10.008924000351954 32.481412000260093,-10.009238999583886 32.479025999990938,-10.011463999626073 32.47786200029384,-10.013722000290102 32.477945999669316,-10.016986999709331 32.478121999688426,-10.019332999933283 32.477713999766763,-10.021517999930268 32.476984000290486,-10.024799000087057 32.476621999791348,-10.026582999585683 32.47531399975162,-10.027754999651563 32.474294000397151,-10.028748999606137 32.473475999562368,-10.030886000088458 32.471915999597456,-10.033551999774829 32.470504000159565,-10.035185000406782 32.468509999973833,-10.036828999747227 32.467155999612316,-10.038403000357448 32.465374000205827,-10.039240000269444 32.462706000427261,-10.041814000211559 32.46226800002205,-10.042853999588601 32.461262000413626,-10.044420999876195 32.459217999721716,-10.046352999901899 32.457044000231804,-10.047828000445236 32.454985999793848,-10.04918700013792 32.451248000154635,-10.050808000216762 32.448600000398699,-10.051891999823395 32.447110000063276,-10.052723000358128 32.445557999567825,-10.053499000156194 32.445441999616548,-10.053501000248389 32.443413999662141,-10.056062999637332 32.442474000398136,-10.057914999572631 32.44170600006953,-10.059764000268956 32.441911999672868,-10.063256000259571 32.445302000357572,-10.068404000143744 32.447103999786691,-10.070659999816257 32.449701999935769,-10.072156000428265 32.452897999771608,-10.074327999825982 32.454943999656443,-10.07474600020862 32.455003999724227,-10.074745000162523 32.457996000048979,-10.075774999977908 32.460345999557944,-10.076702999588065 32.462297999606278,-10.077982000089662 32.46431199981464,-10.07943200037988 32.466159999565484,-10.081171999648973 32.468066000191357,-10.082910999771229 32.468581999695516,-10.084907000049157 32.468625999925102,-10.086625000102799 32.468906000241645,-10.088452999831077 32.469238000257235,-10.090050999748996 32.469824000290139,-10.092504000408667 32.470412000415308,-10.094956000122863 32.472833999645957,-10.096456000019941 32.475391999749831,-10.096405000366985 32.47765399969893,-10.096189000302672 32.480147999550582,-10.095910000032234 32.481742000183488,-10.096796000404311 32.483826000021281,-10.098703000176954 32.485323999826157,-10.10039299983913 32.487522000422416,-10.102182999614399 32.488438000378721,-10.103883999783704 32.489591999614845,-10.105810000432141 32.491783999934512,-10.107371000443152 32.493843999565343,-10.110539999933733 32.49472199956864,-10.113044000246362 32.497098000276139,-10.115001999671904 32.499639999642454,-10.116557000305647 32.502685999758398,-10.117414000240274 32.504463999879817,-10.118697000026941 32.506407999559372,-10.119689999935417 32.508548000179985,-10.121480999756727 32.51089400040388,-10.122237000431539 32.513000000356556,-10.122710999798244 32.515265999590717,-10.122666999568651 32.516831999832164,-10.122464000103605 32.519866000294314,-10.12280499963475 32.522561999564914,-10.123611999962463 32.525027999924532,-10.124537000333646 32.527753999678737,-10.126546000311519 32.530037999742653,-10.127132000344488 32.532522000032657,-10.12645199957575 32.534487999826979,-10.126011999977663 32.536279999694436,-10.125632999594188 32.536862000442341,-10.125621999986436 32.537995999655834,-10.126744999592232 32.538817999775688,-10.127073000322753 32.539254000088704,-10.128152999744998 32.539350000017407,-10.129640999988226 32.538605999895758,-10.132348999812052 32.537261999995167,-10.13438199999689 32.536366000061491,-10.135717000381931 32.534560000447982,-10.137872999941406 32.533090000135189,-10.139506999720197 32.532100000364949,-10.141704000270295 32.531494000309408,-10.143091000354389 32.531597999707515,-10.144866000337515 32.532063999604816,-10.147091000379701 32.533181999879446,-10.149934000131282 32.533801999681025,-10.151411999913533 32.535033999814686,-10.156316000241359 32.536361999877101,-10.160473000309251 32.536809999843911,-10.162069000134977 32.537863999866374,-10.164627000238852 32.538155999836697,-10.16691300039497 32.53828799962622,-10.167540999666016 32.538812000398423,-10.169822999637688 32.53971799989381,-10.171123000208013 32.540731999871014,-10.174369999696864 32.542189999630693,-10.1768050004261 32.542579999621921,-10.178402000297922 32.540007999772001,-10.180172000050561 32.537159999789935,-10.180227999934004 32.534222000155808,-10.179082000167341 32.531719999935376,-10.176782000265177 32.529885999930507,-10.175557999600926 32.526171999598994,-10.173567999599584 32.523933999856865,-10.172522999992054 32.5215519997721,-10.17257000035994 32.519396000212623,-10.174676000312557 32.518562000438919,-10.176181999586902 32.517001999574681,-10.17884900021869 32.516354000281069,-10.180809999782525 32.51568199988111,-10.18179800035989 32.514672000088296,-10.183249999842985 32.513509999584073,-10.185565999583332 32.513791999992804,-10.189742999673854 32.513533999791093,-10.19330100000883 32.512724000224352,-10.195724000184953 32.511556000342921,-10.197810000114941 32.510611999995206,-10.201782999795 32.510328000393599,-10.204367000198033 32.51073400022301,-10.206537000402875 32.511650000179372,-10.208237999672804 32.511882000081926,-10.210467999945479 32.512062000285368,-10.21292900007461 32.512423999885243,-10.215729999688733 32.512470000207031,-10.217561999601401 32.512517999721695,-10.219394999560166 32.512601999996548,-10.222659999878715 32.511835999760081,-10.224565999605261 32.511298000141153,-10.228473999886319 32.510694000177807,-10.229860999970413 32.509399999884067,-10.231606000369254 32.507831999550433,-10.233929000432283 32.50599800044489,-10.237288999734119 32.505508000340619,-10.240794000324001 32.504960000260667,-10.244414999965784 32.504300000413878,-10.245861000071612 32.503478000294024,-10.247824999773798 32.502890000168918,-10.24984300016655 32.502317999881996,-10.252489999876389 32.500862000214511,-10.254695999942044 32.5002760001816,-10.256771000264337 32.498571999874002,-10.258352000297918 32.497450000314359,-10.259977999707926 32.495881999980661,-10.262301999817055 32.494272000408898,-10.265313000118283 32.493695999937586,-10.2677890000395 32.492815999842094,-10.269753999787781 32.490959999722463,-10.272198000032574 32.488459999594227,-10.274482000096498 32.485920000320043,-10.277512000374202 32.485073999993233,-10.280794999723867 32.483529999866505,-10.284091999718896 32.482798000298089,-10.287315999946086 32.481920000294792,-10.289338999670006 32.48119600019578,-10.292848999591058 32.480868000364524,-10.29589199956871 32.480944000270597,-10.298871000193458 32.481811999812919,-10.300974000007784 32.482254000402577,-10.302340000023205 32.482299999825045,-10.30411600005243 32.482112000152085,-10.305839000336505 32.481338000446215,-10.307459000369249 32.480180000126381,-10.30988799992258 32.479017999622158,-10.312203999662927 32.479166000149178,-10.313461000049699 32.480686000068886,-10.31371800020537 32.483215999781351,-10.312635999791553 32.484603999911542,-10.312264999776856 32.486796000231209,-10.311592000230121 32.489905999700056,-10.310384000303429 32.494132000250602,-10.307378000232688 32.497100000368334,-10.305198999612969 32.499692000240827,-10.30423099995761 32.503871999570315,-10.303920000010692 32.50647399990379,-10.303294999978675 32.508806000381696,-10.303536000296049 32.511247999634975,-10.303487999882066 32.513571999744102,-10.303383999584639 32.515982000220276,-10.304425999953196 32.517413999680741,-10.303538000388242 32.519978000061201,-10.303773999575867 32.521805999789471,-10.304711999646997 32.523407999891788,-10.305940999642417 32.524727999585366,-10.307519000437026 32.526064000016504,-10.30972799974171 32.527118000038911,-10.312228999916043 32.529226000083725,-10.315109999620631 32.530993999744169,-10.318227000311481 32.531710000373721,-10.321250000266501 32.532522000032657,-10.323411000056467 32.532999999583751,-10.326151999602814 32.533709999936718,-10.328888999864034 32.533732000051543,-10.329747999890856 32.534113999673991,-10.331059000068876 32.534623999800885,-10.332767999707642 32.53606799981452,-10.334630000103857 32.537654000078589,-10.335229999882813 32.539238000250521,-10.335770999640033 32.540408000224204,-10.338269999722172 32.540923999728307,-10.340264999954002 32.541213999606498,-10.342552000156218 32.54209799988638,-10.345228000303564 32.542915999821844,-10.347675999833427 32.542966000328079,-10.349622999651274 32.544838000285949,-10.35227899977599 32.54781599996528,-10.35497099976152 32.549271999632765,-10.357348999661951 32.551891999896668,-10.361939999950664 32.555947999805426,-10.365928000322128 32.558216000031109,-10.368175999625919 32.559551999562927,-10.370326999854228 32.560399999981939,-10.371685000400133 32.56048200016459,-10.374835999960339 32.560420000004569,-10.376956999705044 32.560546000416821,-10.379590999714992 32.561371999821745,-10.382324999837977 32.561904000063407,-10.384951000378408 32.563024000430232,-10.387794000129986 32.563383999937905,-10.390479999838986 32.563412000329265,-10.393861000108814 32.563388000122302,-10.395178999710197 32.561663999792131,-10.398250000079258 32.560159999710663,-10.400800999860451 32.558730000342393,-10.404038999833688 32.556999999735638,-10.406823999609628 32.555158000261315,-10.409840000141342 32.553484000437322,-10.412622999825089 32.552226000004453,-10.415684999779273 32.552542000181802,-10.418945999913433 32.551815999990595,-10.422397999858845 32.551566000157663,-10.424008000329934 32.551045999569794,-10.426368000299874 32.551114000006407,-10.42900200030982 32.551183999635839,-10.431752000270988 32.550202000234435,-10.43429200044443 32.54893400023991,-10.437010999875952 32.547813999873085,-10.438637000185281 32.546810000356857,-10.440319000378054 32.545640000383173,-10.442348000378502 32.545696000266616,-10.444523999960607 32.547548000201907,-10.446435999963681 32.549792000220634,-10.447767000164331 32.552090000030546,-10.448924999584904 32.554610000181412,-10.449621000191826 32.557799999740666,-10.449328000175342 32.560415999820179,-10.449219999693526 32.561819999788611,-10.449535999870932 32.563758000090893,-10.450300000015147 32.56583399955997,-10.451863000118351 32.5683779999178,-10.453531999711855 32.568943999928138,-10.455240000203787 32.569709000118451,-10.456534999644248 32.568259999874329,-10.456652999687719 32.564448999568015,-10.456584000104385 32.56231300003116,-10.457078000393039 32.560241999893265,-10.458585999759578 32.557709000042507,-10.460445000017501 32.555485000046417,-10.461726999758071 32.553402000254721,-10.462810000217928 32.551468000136765,-10.464372000275034 32.55001100042324,-10.46606099989117 32.549437000044122,-10.466150000396453 32.548404000090443,-10.466131999566755 32.54816399981911,-10.466346999584971 32.54712300039597,-10.466508999858036 32.54544799962656,-10.465040999637381 32.543083000325396,-10.465599000178258 32.538424999646168,-10.46831400032471 32.536392000360649,-10.469370000439312 32.533794000211572,-10.470912999620566 32.529819000439318,-10.473827999993146 32.527678999818761,-10.475425999911067 32.524349000101211,-10.478016999737463 32.521670999861669,-10.480075000175418 32.518569999908379,-10.483553000420043 32.507762999967042,-10.492028999929573 32.503670000151367,-10.494140000112678 32.50003099967978,-10.494396000222196 32.497050999908254,-10.494074999814359 32.494418999990501,-10.494261000294443 32.492157000041402,-10.49531500031685 32.487880999883942,-10.498175999998807 32.485062000339383,-10.49951000033775 32.483322000170965,-10.500709999895719 32.479175999710833,-10.502964000375357 32.475707999927181,-10.503781000264723 32.472072999640027,-10.50484299975659 32.468097999867837,-10.505857999779892 32.463023999797478,-10.507929999963835 32.459095000347077,-10.508899999711444 32.454666000331422,-10.510692999625007 32.45248000028834,-10.511250000119787 32.450375000381825,-10.512411999724691 32.447528999592635,-10.513818999831358 32.440735000275879,-10.517044000104704 32.437835999741537,-10.517943000176729 32.435780000295097,-10.518917000108672 32.431945999827917,-10.520674000161421 32.42907699977718,-10.522098000152425 32.425719999714318,-10.523963999833768 32.423472999557362,-10.525199000105715 32.421504999670788,-10.526190999968094 32.418876999937424,-10.527235000428902 32.413517000173329,-10.531466000310616 32.411625000192828,-10.532258999993019 32.408112000133485,-10.533915999932674 32.40630300038174,-10.5349530000708 32.404346000102919,-10.536487999782594 32.401511999866898,-10.539222999951676 32.399947999717597,-10.540639999619998 32.39725899987036,-10.543167000093547 32.395157000102131,-10.544094999703702 32.392165999823533,-10.544044000050746 32.38880499957628,-10.544227000392482 32.386436000090782,-10.54487399964006 32.382263000184651,-10.548211999726389 32.380729999665732,-10.551067000031081 32.380688000427647,-10.553535999629673 32.380729999665732,-10.55733500028208 32.380454999579683,-10.561693999768975 32.379382999626841,-10.565328000010027 32.377975000373333,-10.568462999731992 32.376346999971872,-10.571481000355845 32.373496999897611,-10.573962999654384 32.370765999912919,-10.576290999947901 32.368061000227442,-10.578374999785694 32.366153000408701,-10.579208000412621</coordinates></LinearRing></outerBoundaryIs></Polygon>
  </Placemark>
  <Placemark>
	<name>Petauke</name>
	<Style><LineStyle><color>ff0000ff</color></LineStyle><PolyStyle><fill>0</fill></PolyStyle></Style>
	<ExtendedData><SchemaData schemaUrl="#COMACO_Distircts_Zambia">
		<SimpleData name="Name">Petauke</SimpleData>
		<SimpleData name="OBJECTID_1">27</SimpleData>
		<SimpleData name="OBJECTID">27</SimpleData>
		<SimpleData name="ID">0</SimpleData>
		<SimpleData name="DISTRICT_N">0</SimpleData>
		<SimpleData name="PROVINCE">Eastern</SimpleData>
		<SimpleData name="Shape_Leng">5.72089148125</SimpleData>
		<SimpleData name="Shape_Le_1">5.72089148767</SimpleData>
		<SimpleData name="Shape_Area">0.68852986543</SimpleData>
	</SchemaData></ExtendedData>
      <Polygon><outerBoundaryIs><LinearRing><coordinates>31.484563999833995,-13.416619999809143 31.490806999831872,-13.417191000049911 31.494461000095612,-13.4171130000517 31.498847999973801,-13.417148999912513 31.502327000264529,-13.417847999758465 31.506822999771373,-13.419519000343428 31.508141000272072,-13.419551000019908 31.509277999623919,-13.417277000416959 31.522174999679631,-13.414410999605138 31.532205999822903,-13.414410999605138 31.539744000160685,-13.415165000187756 31.538551000026072,-13.417670999693257 31.538423999567723,-13.419985000240727 31.538873999626784,-13.422084999916763 31.540854000066531,-13.424400999657108 31.543368999986853,-13.425212000169267 31.546356000081119,-13.425861000408304 31.548311000267685,-13.426660000367292 31.551091999859235,-13.426901999831443 31.553288000363295,-13.426895999554915 31.555759000054024,-13.429333000376346 31.555814999937468,-13.431773999583527 31.5557379999853,-13.433781000368469 31.555119000229865,-13.437059000386967 31.555487000106268,-13.439655999590682 31.557690000033634,-13.442381000198111 31.562536000385816,-13.44153800000953 31.561271999676364,-13.446152999605941 31.561634000175502,-13.448460999876829 31.563083999566402,-13.450494000061667 31.565260000047829,-13.452729999711607 31.563281999700337,-13.455087999589409 31.561481000317315,-13.457075000351779 31.562232999908357,-13.459883000288583 31.563443999973398,-13.461804999853371 31.564885999894841,-13.463487000046085 31.565248000393979,-13.465721999649929 31.563323999837735,-13.467916000061734 31.563601000015975,-13.470441000443088 31.563349000090799,-13.472861999627638 31.560985999982563,-13.472649999747714 31.559144999655015,-13.474482999706481 31.559052999910762,-13.477881999906742 31.557261000043297,-13.48043899996452 31.557854000398887,-13.482413000127622 31.558347999788221,-13.484901999748786 31.556761000377378,-13.48667399959362 31.555535999667029,-13.488484000290839 31.55651900001385,-13.490859000052922 31.559302999743693,-13.492538000107402 31.559177000230818,-13.494879000100866 31.558850999592437,-13.497227999563734 31.557945000097106,-13.500757000360636 31.557165000114651,-13.503095000215808 31.556778000261719,-13.506139000239557 31.557247000297256,-13.509359000282416 31.558805000169965,-13.511448000350697 31.560983999890365,-13.513666000070202 31.563353000275185,-13.515443000145524 31.566350999977143,-13.517855999860672 31.56831899986372,-13.519504000284769 31.570066000354753,-13.5232110002936 31.571468000230993,-13.528001999909122 31.57365600036627,-13.531965000027469 31.573489999908816,-13.534123999725239 31.571991000057832,-13.536873999686462 31.571114000100579,-13.538802999573875 31.569792000314802,-13.542356999724518 31.569173999706095,-13.544640999788442 31.568553999904566,-13.54677099994808 31.571505000137908,-13.549644000183205 31.570978000126726,-13.551955999739164 31.571479999884843,-13.554906999972559 31.571098000262392,-13.557174000152145 31.568409000415102,-13.557067999762523 31.566574000364138,-13.55591799981147 31.563966999800186,-13.555243000172538 31.56208000005017,-13.55647100012186 31.561473999994632,-13.559522999615069 31.562270999861422,-13.562781999657034 31.563763000289043,-13.566407000382583 31.564596000016646,-13.569738000146231 31.566122000212886,-13.572025000348445 31.567940000379565,-13.573264999951562 31.5693840003932,-13.574983000005147 31.570940000173717,-13.576871999847354 31.572490999723751,-13.578481000272348 31.574574000414771,-13.580481999881442 31.57634400016741,-13.582165000120312 31.579210000079907,-13.585371999563904 31.581761999907201,-13.588287999982583 31.58381700020686,-13.59059600025347 31.585860999999454,-13.593564000371202 31.587748999795565,-13.595808000389864 31.589926000323029,-13.596733999907824 31.592659000399919,-13.596224999827086 31.595051000046336,-13.594638000416182 31.597056999885922,-13.59300399973813 31.599169000115126,-13.592093000012255 31.60121299990772,-13.591608000138478 31.604479000272363,-13.591455000280291 31.6072640000483,-13.591859000017507 31.610565000227719,-13.592646000322645 31.61326599972881,-13.595697999815854 31.616261000191798,-13.597838999583189 31.618161999687853,-13.598627999980522 31.620026000176264,-13.599387999940403 31.623192000427878,-13.600788999770486 31.62611999960103,-13.60109400034014 31.62938099973525,-13.600624000258449 31.632906000347703,-13.599586000074281 31.635597000287188,-13.599672999588051 31.638386000247461,-13.599200000267444 31.641140000393079,-13.597696000185975 31.643478000248251,-13.597410999638953 31.652131999869084,-13.613370999695007 31.75839000029185,-13.809340000405541 31.789656999980476,-13.799426000259585 31.867041000407141,-13.798488000188456 31.864024999875483,-13.802460999868515 31.862469000094958,-13.806169999969539 31.862682000020982,-13.808521000423923 31.862385999866202,-13.809900000139294 31.862033999828043,-13.811538000102416 31.861192999731657,-13.81382200016634 31.86041599988749,-13.814855000120017 31.859663000250297,-13.81585799959015 31.858044000263703,-13.818155000253341 31.857124000122951,-13.821496999624742 31.858398000394061,-13.824503999741523 31.854676999739866,-13.826945999894122 31.853930000379307,-13.8294199997232 31.853144000120267,-13.832472000115727 31.852207000095234,-13.834403000095335 31.850018999959957,-13.83522400016909 31.846072999725891,-13.834365000142327 31.843607000265649,-13.838457999957996 31.842195999974532,-13.842755000184184 31.841819999729353,-13.845664000280124 31.840931000118303,-13.847820999885698 31.83749399996503,-13.851077999835525 31.835187999786282,-13.853398999806359 31.834617999591611,-13.855359000223416 31.832428000263462,-13.859633000288682 31.830357000125559,-13.866078999751664 31.829191000336266,-13.871777999854089 31.827515000420131,-13.87308099966333 31.825156999643017,-13.874995999804753 31.823046000359223,-13.878131999572759 31.824394000444215,-13.879873999833364 31.825023999807403,-13.882626999932825 31.824194000218082,-13.885777000346195 31.827038000015758,-13.889976999698318 31.826302000262899,-13.893210000340389 31.824830999904009,-13.896511999666584 31.824458999843213,-13.897029000116163 31.82217599982539,-13.900207000021567 31.818856999715589,-13.905858999756106 31.816728999648152,-13.911399999769799 31.814431999884278,-13.914490000115336 31.813554999927078,-13.917551000023423 31.813998999709554,-13.920174999572396 31.81393799959562,-13.922714999745835 31.814617000318261,-13.925693000324486 31.815062000146835,-13.928270999551671 31.811175999980602,-13.928903999952466 31.808694999828901,-13.931956000344996 31.805398999879969,-13.935710999868547 31.802401000178005,-13.93759400033349 31.800151999928858,-13.940910000304994 31.801301999879911,-13.945056999911911 31.801450999553708,-13.949687000199786 31.799872999658419,-13.951713000061943 31.795583999801011,-13.952992999710318 31.792069999695567,-13.954116000215436 31.788977000111057,-13.955681999557612 31.787716000439218,-13.961108999712224 31.787807000137374,-13.964970999671435 31.787469999891297,-13.9672470002659 31.786761999630528,-13.969304999804535 31.788626000118938,-13.971800999748382 31.788813999791895,-13.972069000411125 31.790815000300309,-13.974920999678204 31.787601999680813,-13.974961999769505 31.704061999669303,-13.976025000206787 31.703350000123464,-13.976033999722345 31.70314399962075,-13.958709999743119 31.703075000037416,-13.952996999894708 31.58644900012456,-13.954082999593595 31.586320999620114,-13.959213000446653 31.58502300004136,-14.011501999708457 31.584063999901499,-14.050131999761788 31.550495000218575,-14.051224999783301 31.550631000192428,-14.075363000001232 31.498631999909492,-14.075759000269043 31.490114000262565,-14.076076999639325 31.490234000398232,-14.079397999841319 31.490573999883278,-14.088772000276094 31.490210000191212,-14.218934000022784 31.521161999748525,-14.21953399980174 31.521158999610236,-14.221669000191808 31.521029999959065,-14.303287999785368 31.522319000022321,-14.30290600016292 31.523362999583753,-14.302597000308197 31.529604000388755,-14.303007000322053 31.534206000285224,-14.304544000126043 31.538178999965282,-14.307046000346475 31.542181000082792,-14.308046999724411 31.544848999861355,-14.308804999592041 31.547249999922599,-14.310404999602156 31.54854600030853,-14.311267999813365 31.55065300030725,-14.315213000001336 31.552235000386986,-14.317220999933113 31.554196999996915,-14.320395999700224 31.555787999592209,-14.3232720000737 31.556848999937245,-14.323342999749228 31.560837000308766,-14.323610000365875 31.563220999586402,-14.323424999931888 31.565247000347881,-14.324106999893502 31.568272000395151,-14.323863000337099 31.572339999957702,-14.322684999994635 31.576263000030902,-14.320919000426386 31.582360999640059,-14.316480999995861 31.584804999884849,-14.313657000220815 31.590032999859485,-14.309510999760676 31.593635999570893,-14.307706000193264 31.596471999899105,-14.307099000091625 31.599525000337735,-14.305400000014572 31.602382999881396,-14.302479000264723 31.606435999651865,-14.300035000019932 31.612853999622757,-14.295758999862471 31.616855999740267,-14.292727000391892 31.620188000449332,-14.291382000445196 31.623016000408768,-14.290051000244546 31.62597099992723,-14.287762999996232 31.632298000199967,-14.283676999603927 31.635754000329769,-14.281011999963651 31.638487000406652,-14.279500000412725 31.644020000051572,-14.278111000236436 31.646863999849241,-14.278181999912022 31.648927999664405,-14.278230000326005 31.651410999908364,-14.274862999802224 31.654044999918256,-14.272535999554803 31.658881999855566,-14.270565999576036 31.663843000112934,-14.267240000042875 31.666738999609606,-14.26386600009573 31.670686999935867,-14.260370999966822 31.673373999690966,-14.255007000018338 31.674614000193454,-14.251162999989504 31.677408000384215,-14.246975000291229 31.684647000428928,-14.242549000413874 31.689516000042659,-14.239491999790857 31.692970000080265,-14.23688099994183 31.696291000282258,-14.23457499976314 31.699785000365065,-14.23160200031424 31.704817000297961,-14.230535999738718 31.710535000376865,-14.22945500027032 31.715810999866161,-14.229609000174605 31.721255999951211,-14.228671000103475 31.724817000424533,-14.227496999945402 31.730189999888577,-14.224388999669429 31.735157000422532,-14.221785000143086 31.740430999819633,-14.217942000160349 31.742789999743479,-14.215983999835487 31.745837999951618,-14.213921000066364 31.748714000325041,-14.212904999996965 31.750719000118522,-14.211903999719709 31.756213999810424,-14.21141599970764 31.762279999743154,-14.212461000214489 31.767001999775285,-14.212440000145818 31.76938399986005,-14.212252999619636 31.771757000429261,-14.215103999739995 31.771927000171786,-14.217097999925727 31.772451000044722,-14.223253000363741 31.773180000374222,-14.226592999642946 31.775821999853573,-14.228938999866839 31.780533000277956,-14.231693000012456 31.785978000363002,-14.234570000431972 31.789199999598733,-14.235580000224786 31.790536000029871,-14.235610999855112 31.795162000133359,-14.235719000336928 31.798875999565549,-14.235638000200423 31.803245999559465,-14.23676299989836 31.803590000128224,-14.237582999926074 31.80513600034709,-14.241257000212327 31.806415999995465,-14.244760999856792 31.806914999615287,-14.248018999852718 31.809019000375031,-14.248348999776113 31.80994800003128,-14.248495000210937 31.818549999953063,-14.247028000036378 31.824357999684022,-14.245718999950554 31.826885000157574,-14.246156000309668 31.831868999676487,-14.248631000184844 31.835043000296874,-14.24942399986719 31.840094000206303,-14.249989999877528 31.844091000093325,-14.250625000370574 31.847080000279732,-14.251281000032975 31.853717999600011,-14.250310000239267 31.859428000209501,-14.248592000185679 31.863128999941754,-14.247415999935411 31.868546999681485,-14.248156999918763 31.872590999936392,-14.248791000365713 31.87530900022114,-14.249725000252452 31.879469000427321,-14.252394000077118 31.879708999799334,-14.252519999589991 31.88311799956125,-14.254310000264582 31.885575999552032,-14.256573000259777 31.887298999836105,-14.25861499996023 31.888927000237626,-14.260484999825906 31.890475999695468,-14.263348999646155 31.893184999565339,-14.267150000390814 31.896654000294404,-14.269471000361648 31.89855599983656,-14.271108000278728 31.900639999674354,-14.272780000010471 31.903684999744197,-14.274158999725842 31.906568999587083,-14.275166000279626 31.906863999695759,-14.27526899963169 31.909626000210096,-14.276067999590623 31.909273000125776,-14.276512000272419 31.908045000176511,-14.278057999591965 31.903906000038997,-14.280733999739311 31.902132000101968,-14.281864999713889 31.898190000052292,-14.282099999754676 31.896559000411855,-14.283629000089263 31.895069000076376,-14.285610999721824 31.892574000178627,-14.287760999904037 31.890621000084252,-14.289260999801114 31.889528000062679,-14.293460000006462 31.889235000046256,-14.295682999956455 31.886149999931146,-14.301970000183928 31.883820999591535,-14.306424999599471 31.882554999689205,-14.311581999898522 31.880011000230692,-14.317130000234897 31.877427999873703,-14.323275000211993 31.874831999816816,-14.328550999701235 31.872658000326904,-14.334408999938434 31.871806999769603,-14.339648000420141 31.871627999612201,-14.343643000214968 31.87175900025488,-14.346771999660289 31.871869999975672,-14.351990000073272 31.87216400003825,-14.357152999749587 31.8707260003012,-14.363132000168491 31.869089000384179,-14.368023999943148 31.868142999944268,-14.373082000175259 31.868102999899005,-14.377204999575211 31.872432999847717,-14.382234000269134 31.875212000246389,-14.387934000417658 31.875842999655731,-14.390730999847392 31.876757000419161,-14.397741000127835 31.876905000046914,-14.405861000314133 31.876739999635557,-14.414576000048898 31.8759380004376,-14.420177000130421 31.870388000009029,-14.427791000374155 31.866055999968122,-14.433701000310405 31.863195000286169,-14.439888999571622 31.86088900010742,-14.446342000256607 31.859060000333042,-14.450463999610461 31.857333999910679,-14.455582999956507 31.85317599979669,-14.457967000133465 31.852444000228214,-14.458386999708921 31.837963000000567,-14.466689000190913 31.818334999934848,-14.475488000200471 31.795878999909686,-14.482299000300882 31.780168999686619,-14.485236999935012 31.696107999940462,-14.503805999747897 31.684879000331474,-14.505280000245078 31.678791000283919,-14.506820000187359 31.669662000350968,-14.511377999854233 31.65986400015629,-14.517533000292245 31.574409000003413,-14.565030999938585 31.524117000166314,-14.593149000159201 31.511515000219219,-14.59981299977869 31.499590000003248,-14.60555299997236 31.489664000203504,-14.609122999961244 31.478824999686363,-14.613431999841284 31.46559899975335,-14.617706999952588 31.451083999757032,-14.621774000368417 31.434141000253472,-14.626576999637789 31.421231999644586,-14.630521999825758 31.40913200035493,-14.632857000441959 31.397034000258149,-14.635423000015237 31.380444999985684,-14.639167999977133 31.367611000136041,-14.64165899969049 31.348824000166701,-14.645760999921038 31.310488000175891,-14.651854000199023 31.296093000315295,-14.654686000342847 31.284121999777483,-14.656427999704134 31.274361000389089,-14.658530000371686 31.266434000106244,-14.660324000331343 31.258558000375672,-14.662886999766329 31.253618000187029,-14.665072999809411 31.244238000374992,-14.668797999748675 31.234353999813319,-14.672668000076669 31.210989000154481,-14.678853000098968 31.16129700009634,-14.694485000323766 31.133230000428,-14.70446900009915 31.108133000070207,-14.712715999844477 31.098381000197374,-14.716491000289919 31.085976000338121,-14.721353999627068 31.076579999788517,-14.723667000128442 31.067184000138237,-14.726254999816604 31.054711999888465,-14.728898000241372 31.033616999648189,-14.732930999989208 31.010558999751822,-14.738721999835889 30.992033000122486,-14.742610000094317 31.057203999647925,-14.694773000109763 31.068243000391131,-14.686669999807805 31.069996000259493,-14.685382999836747 31.07006799998112,-14.68316099993285 31.06982000024038,-14.681124999609722 31.069247999953458,-14.6787750001007 31.069036000073538,-14.675560000288327 31.069791999848974,-14.672598000447179 31.069123999633405,-14.670025999697998 31.066804999754766,-14.667213000430024 31.06429900024926,-14.664359000171372 31.061705000284576,-14.661734999723079 31.060424999736881,-14.657268999800522 31.059593000055376,-14.651341999979932 31.054509999570204,-14.647901999688372 31.050564000235454,-14.648161999982333 31.046562000117941,-14.647328000208629 31.043513999909802,-14.645440999559298 31.040632000159118,-14.641414000087991 31.038765000431681,-14.637864000121736 31.036613000157271,-14.633371999899964 31.035884999873868,-14.628760999588621 31.035195999589632,-14.623468000215041 31.033880000080387,-14.620090000083508 31.032106000143358,-14.616722999559668 31.030426000042837,-14.613401000210899 31.026164999677462,-14.609172000421324 31.023023999678969,-14.606922000126076 31.019974000277958,-14.604712999922128 31.016728999981982,-14.601148000163734 31.015471000448429,-14.598809000262461 31.015404000057909,-14.596454999669731 31.016537000124682,-14.594755999592676 31.021150999674997,-14.592080000344652 31.02526499955934,-14.590009000206805 31.028913000445812,-14.587305999714145 31.032713000244996,-14.586144000109242 31.037222000351104,-14.587330999967264 31.040533000092125,-14.587946000437682 31.043148000125544,-14.587625000029846 31.045612000392961,-14.585896000368507 31.048640999725247,-14.580575999750295 31.05118400003704,-14.577396999798736 31.054871000023237,-14.57379099994904 31.058684999568467,-14.569180999683795 31.061369000084596,-14.566275999772188 31.064540999713468,-14.561584000223661 31.06879399971001,-14.559965000237014 31.076883000265923,-14.561026999728879 31.082623999606426,-14.561372000343738 31.085986999945817,-14.562709999967693 31.088967999763497,-14.562335999814705 31.095417000264092,-14.559713000311829 31.098009000136585,-14.556986999658362 31.098802999865086,-14.553297000433131 31.100330000107419,-14.549594999755469 31.103432000106803,-14.547450999849787 31.109522000246496,-14.545837000093625 31.118046000170072,-14.544351999988693 31.122168000423244,-14.543317999988913 31.128043999691496,-14.543384000333333 31.132920999674013,-14.54465100028176 31.137247000337648,-14.545833999955333 31.139582000054531,-14.545292000152015 31.14262199989389,-14.546318999829166 31.146581999874002,-14.547778999680984 31.150215000068954,-14.548520999710432 31.154350000022074,-14.548807000303553 31.160109000192275,-14.546195000408431 31.165482999702416,-14.541736999955274 31.174133000038179,-14.533949999830725 31.178046999696505,-14.530418999840945 31.181462999781047,-14.527724999763223 31.174853999998902,-14.522775000012928 31.169343999615535,-14.517535000384441 31.167343000006497,-14.514671999710968 31.165153999825119,-14.511130000113495 31.162643000089133,-14.507684999591445 31.160074000377563,-14.503063999718449 31.158582999995982,-14.500603999635416 31.15668899992335,-14.499142999737499 31.150721000011458,-14.498851999813212 31.144253000433707,-14.499206999989726 31.138939000092023,-14.500403000262565 31.131569000303958,-14.502451000239544 31.125242000031218,-14.503122999740187 31.11822500032747,-14.503572999799248 31.107494000292146,-14.504417000033925 31.101389000360314,-14.504224000130478 31.097019000366398,-14.503177000430751 31.093280999827869,-14.500796000392086 31.088293000124562,-14.497447999844782 31.084594999631236,-14.494344999799294 31.079598999559209,-14.490047000426385 31.076906000426849,-14.486509000113927 31.074581000271621,-14.482973999939814 31.073639000016101,-14.480318999861195 31.073554999741248,-14.476097000394304 31.074816000312467,-14.473214999744298 31.077201999682298,-14.468228000087093 31.078539000159534,-14.46375699993399 31.08060600011299,-14.459046000408931 31.08286900010825,-14.455378000399207 31.086410999705723,-14.451401999681591 31.090637000256319,-14.446971999619848 31.092496999661023,-14.444437999722934 31.093886999883406,-14.441051000075843 31.095597999614309,-14.437305000067909 31.096077000110881,-14.434480000246763 31.096783000279455,-14.431385999716838 31.097448000356735,-14.428967999771203 31.103001000024275,-14.428995000116513 31.112922999639633,-14.430476000037061 31.11802900028573,-14.4319179999585 31.123227999822856,-14.433541000129537 31.131143999598695,-14.436242999676722 31.134821000023294,-14.436985999752265 31.137581000445433,-14.437703999574694 31.14001300013706,-14.437741000380923 31.142378000337484,-14.435518000430932 31.139524000078893,-14.429674999985878 31.134186000429562,-14.422844999908987 31.125027000013002,-14.414547999657486 31.11946700002278,-14.408619999790858 31.111484999902583,-14.398578000039832 31.067657000358224,-14.350314000157082 31.054593999844997,-14.335555999751193 31.049247999826886,-14.33257499993357 31.043956999646181,-14.330461999658269 31.041456000371166,-14.327828999694418 31.039440000070609,-14.322697999694583 31.037683000017921,-14.316066999797613 31.032650000038871,-14.311904000352454 31.028690000058816,-14.310117999862312 31.026145999700987,-14.30763000028719 31.023765999708417,-14.302911000393408 31.021454000152403,-14.300686000351218 31.018353000199113,-14.297215999576053 31.014289999967673,-14.294028000108995 31.012285000174185,-14.290342000168833 31.010546000051932,-14.285302999913256 31.005702999838036,-14.282126000053891 31.003024999598495,-14.279772000360479 31.002500999725608,-14.277471999559054 31.00346900028029,-14.273005999636439 31.005696999561451,-14.270838999569888 31.012211000360363,-14.271389999788084 31.015566000330978,-14.272321999582685 31.018272000062609,-14.272452000179271 31.021012999608899,-14.27144499962543 31.022225999766079,-14.268516999552958 31.023718000193693,-14.266179999743882 31.025950999705344,-14.26481599982071 31.028430999810947,-14.265224999788471 31.031059000443634,-14.26177700002745 31.033931999779437,-14.260036999859039 31.041129999732846,-14.260168999648556 31.048293999917579,-14.261665000260564 31.054489000400793,-14.262221999856024 31.062254000410572,-14.264155999973923 31.067801999847632,-14.264499999643363 31.073174000164897,-14.265165999766737 31.075738999692138,-14.264979000139874 31.077776000061363,-14.262312000407404 31.078732000062928,-14.256444999755386 31.07988400010618,-14.252070000430306 31.079596000320237,-14.245406999957595 31.080497999631181,-14.238807999737048 31.079384000440257,-14.232300000114094 31.080261000397513,-14.228022999910536 31.082923999945589,-14.223390000383686 31.085687999652801,-14.21984199961031 31.088787000413216,-14.217968999606342 31.092887999698348,-14.215389000286962 31.095573000260568,-14.213341000309981 31.097111000110658,-14.210995000086086 31.097823999702598,-14.208803999812517 31.098796999588501,-14.204934000383844 31.101816000258449,-14.20441599988817 31.105769999961975,-14.205749000181013 31.108644000243203,-14.204378999981259 31.110125000163805,-14.200766999854977 31.114171999657682,-14.197418000160894 31.119555999628801,-14.194812999689134 31.123925999622717,-14.191556999785462 31.126146000333733,-14.188880999638116 31.127768999605451,-14.186083000162228 31.130219000126775,-14.183308999994038 31.133941999973842,-14.17951499957212 31.136168000062124,-14.177389999642967 31.137474000009714,-14.174772000370579 31.131527000166557,-14.17616099964755 31.121973000427598,-14.17871699965923 31.115985999639918,-14.180512999711084 31.112782000334619,-14.180984999884911 31.110806000079265,-14.180291000269506 31.107486999969463,-14.178142000133391 31.102694000261749,-14.175192999992191 31.099453000150223,-14.171769000438132 31.098244000177431,-14.169743999722755 31.096798000071601,-14.166967000315594 31.095443999710028,-14.164181999640332 31.094506999684992,-14.162158999916471 31.089724999585034,-14.160349000118572 31.085883999694484,-14.161103999847967 31.083828000248047,-14.161776000247869 31.080666000180827,-14.161839999600772 31.075455000090528,-14.15803899975549 31.072197000094658,-14.157696000132148 31.069493999602059,-14.157657000133042 31.067561999576295,-14.151848000355924 31.06808100011807,-14.148390000133986 31.06718300009214,-14.145282999904111 31.063015000416502,-14.140458999666748 31.061553999619264,-14.136001000112913 31.059823999911828,-14.132226999713566 31.055312999713518,-14.129823000413296 31.054468000332065,-14.127745999998865 31.053394000287081,-14.125459999842745 31.051507999683849,-14.12463100029953 31.049655999748556,-14.122355999751164 31.0462439998484,-14.119834000407423 31.041254000052845,-14.120299000258624 31.03914099977754,-14.119794000362219 31.037209999797941,-14.11911000030841 31.035681000362729,-14.116964000310587 31.03704100010151,-14.110450000410992 31.040406999679931,-14.102624000287278 31.042524000139622,-14.098726999613973 31.045615999678034,-14.096175999832781 31.050668999679655,-14.092584999775227 31.052984000273227,-14.090225999851382 31.056756999727156,-14.087020999600611 31.058815000165112,-14.086116000151378 31.060863000142092,-14.085219000171548 31.063728000008439,-14.082982999622288 31.064945000350065,-14.080741999741917 31.066041999656644,-14.075500000021236 31.068338000273688,-14.066064000325753 31.071464999626869,-14.057340000176112 31.074682000430755,-14.048527000420506 31.076911999804111,-14.04199100040614 31.079071000401196,-14.037823999877276 31.080788000408688,-14.035207999797763 31.082919999761202,-14.033081999822514 31.084691999606033,-14.031451000182074 31.087390999914245,-14.031219000279521 31.091261000242241,-14.03368199960147 31.093172000199271,-14.037186000145255 31.094618000305108,-14.040017000242983 31.096844000393389,-14.042963000245891 31.102334999900901,-14.042536000347752 31.106521999553021,-14.039685000227394 31.110985000236663,-14.037009000080104 31.115130999797486,-14.03466399990225 31.121712000087598,-14.033078999684221 31.139290000084145,-14.027466999994941 31.148860999707434,-14.022604999804569 31.155794000035709,-14.019557999642529 31.160719000432206,-14.017326000176979 31.165362999566749,-14.014515000101881 31.167995000383826,-14.012194000131046 31.171480000051758,-14.00786300013624 31.175480000077073,-13.999886000246477 31.176828000162057,-13.992511000227919 31.177186999623583,-13.987017999728891 31.178145999763444,-13.982098999608979 31.177367999873184,-13.977346999992562 31.175277999758805,-13.974214000362849 31.172389999731532,-13.972809000348319 31.164242000053147,-13.969222999621932 31.158675999786393,-13.966613999865103 31.153847000217866,-13.964307999686355 31.147050999909538,-13.962268000078154 31.140691999960378,-13.962852000018925 31.132939999650489,-13.961418999612986 31.12683899990304,-13.959952000337807 31.120181999706915,-13.958183999778043 31.116179999589402,-13.956128000331603 31.114312999862026,-13.952308999656566 31.113397999951815,-13.947520000133238 31.114737999667966,-13.94395200023655 31.115582999948742,-13.941355000133568 31.114507999857661,-13.938924999634821 31.111477000433126,-13.937943000233361 31.106294999881012,-13.936963000024832 31.100487000149997,-13.932723999774339 31.094895999630129,-13.927201999737122 31.093077000316722,-13.923392000376282 31.091971999742043,-13.918014999828529 31.090637000256319,-13.912283000003583 31.089927999949399,-13.90980099980578 31.089417999822558,-13.904274999584175 31.089686999632026,-13.898646000010615 31.091149999622129,-13.893578000216849 31.093464000169657,-13.891498999710166 31.093285000012255,-13.886914999744135 31.088604000071427,-13.885603999566115 31.084663000067849,-13.8850039997871 31.081653999858815,-13.881302000008757 31.079947000312298,-13.874889000268354 31.074136999589825,-13.865298999769207 31.071895999709398,-13.865525000294497 31.069685000312575,-13.863934999846036 31.068316000158916,-13.859386999740821 31.064111999723139,-13.855161000089538 31.063373999878078,-13.849460999941073 31.063890000281564,-13.845912000020917 31.061828999705309,-13.840690000322864 31.053236000198407,-13.836826000271401 31.050143999760625,-13.833981999574462 31.047723999722848,-13.829541999951061 31.045672999607575,-13.825540999879649 31.044391999913103,-13.82044100040946 31.045313000099892,-13.81603000032419 31.043282000007252,-13.814204999834885 31.039409999587065,-13.811110000158179 31.03907999966367,-13.805034999810573 31.038822000361222,-13.802402999892877 31.038753999924605,-13.801707000185218 31.038676999972495,-13.800918999833982 31.038226999913434,-13.796802999857448 31.037098000031051,-13.793422999633663 31.032647999946676,-13.791968000012332 31.030496999718363,-13.791868999945336 31.028001999820614,-13.789246999589295 31.026105999655723,-13.786971999940247 31.024211999583027,-13.785012999569233 31.023487000337298,-13.780622999552691 31.023965999934493,-13.777988000396022 31.025128999585487,-13.775104999699863 31.026937000190454,-13.77271700023789 31.028466999671821,-13.770008000367964 31.030684000244548,-13.767197000292867 31.033552000249184,-13.76591799979127 31.037527000021438,-13.765289999620904 31.041689000319817,-13.76520500019933 31.048283000309823,-13.765990000412273 31.049775999884215,-13.769218999970688 31.051589999866451,-13.77231599973959 31.054126999901598,-13.774576999642591 31.058068999951274,-13.775538999920741 31.062040000438458,-13.775092 31.065148999861204,-13.774402999715676 31.068611000267598,-13.772883999842122 31.072435000273799,-13.770816999888609 31.075833999574687,-13.767391000242355 31.076442999768517,-13.764070000040361 31.075236999934017,-13.762225000427803 31.072706000175458,-13.76074100036891 31.071174999748674,-13.758316000100647 31.070825999848804,-13.755196000170827 31.070074000257701,-13.753173999593741 31.069489000270892,-13.749147000122434 31.069072999980452,-13.743802000150481 31.068948999660392,-13.740268000022409 31.069890999915913,-13.738340000181097 31.072165999564959,-13.737030000049172 31.074934000355935,-13.734700999709503 31.078659000295143,-13.731865000280663 31.082391999703869,-13.730113999605178 31.086448999658728,-13.728626000261272 31.092366999963698,-13.725599000121804 31.100250000016953,-13.722586999774535 31.106530999967905,-13.7194720000752 31.110495000132403,-13.717667999654564 31.112776000058034,-13.717115000243496 31.115405999883535,-13.714839999695128 31.118557000343056,-13.710887000037758 31.118638999626338,-13.708383999771229 31.118614000272597,-13.705843999597732 31.119274000119386,-13.703245000301877 31.120626000388711,-13.701041000328416 31.1228490003387,-13.699041999912197 31.125842999856275,-13.696670000288407 31.129016999577345,-13.693838000144581 31.132516999936737,-13.691640999594426 31.133497000145269,-13.688854999772445 31.131907999742907,-13.685344999851393 31.129603999656414,-13.683528999776909 31.127668000345579,-13.681942000366064 31.125174999640706,-13.679537000120375 31.123375000303835,-13.677625000117301 31.120667999626843,-13.671918999692252 31.119118000122853,-13.667685999718287 31.117777000360604,-13.661322000437961 31.117929000172694,-13.65814100039421 31.118793000429942,-13.652770000123041 31.121193000445146,-13.64560199975392 31.122108000355407,-13.640954999581766 31.122066000217956,-13.636561000280153 31.12209899994053,-13.630478999609863 31.123260000398655,-13.62764000004273 31.127001000176108,-13.626665000064634 31.12897100015488,-13.627213000144536 31.132210000174268,-13.626368999909856 31.133510999891314,-13.623848999759048 31.134806000231148,-13.620648999738762 31.135766999563824,-13.615957000190235 31.136740000349047,-13.612537999967401 31.138545999962503,-13.610238000065237 31.141717999591375,-13.607359999599623 31.145215999858575,-13.605154000433288 31.14850400033805,-13.60477199991152 31.152924999984918,-13.603457000448373 31.156020999707774,-13.602034999650243 31.158515999605527,-13.600073000040254 31.162286999866581,-13.597733000092887 31.165605999976378,-13.595805000251573 31.169955999947657,-13.591994999991414 31.172585999773215,-13.589764999718739 31.179175999578828,-13.585953000265704 31.183584000425132,-13.583237000073154 31.188266999558834,-13.580730999668333 31.191692000058254,-13.580395000367673 31.19492099961667,-13.578691000060074 31.198074000168329,-13.578623999669617 31.203021999826433,-13.579752999551943 31.20495800003653,-13.581339999862164 31.207418000119503,-13.585054000193679 31.20978200027389,-13.588271000098246 31.211354999938749,-13.590281000122218 31.212976000017534,-13.592290000100036 31.215807000115266,-13.591911999762658 31.219753000349325,-13.588929999898935 31.22243099968955,-13.586925000105452 31.22405800004498,-13.585074000216251 31.226178999789678,-13.5823590000698 31.22604599995412,-13.578236999816681 31.228727000331954,-13.576728000404046 31.230857999638317,-13.574917999706827 31.233670999805611,-13.572768000423933 31.235432000042746,-13.570646999779854 31.236598999878144,-13.568621999963796 31.239129999636702,-13.565620000077445 31.241465000252898,-13.5614520004018 31.242429999770025,-13.557435999638924 31.242929000289163,-13.552802000066038 31.243266999682021,-13.549884999601261 31.244370000164508,-13.545916000105647 31.245027999919103,-13.543516000090449 31.24486899978433,-13.541237000257013 31.244843000384432,-13.538606000385414 31.245589999745047,-13.53573700033462 31.247723000042924,-13.534141999655674 31.251243999571727,-13.534302999882639 31.254793000391206,-13.532773000401335 31.257732000071424,-13.529765000238399 31.262007000182791,-13.52305100011273 31.264470999550838,-13.5182869999432 31.26685299963566,-13.51437999970824 31.269653000103009,-13.511145999919393 31.273146000139718,-13.508620000391261 31.276418999927724,-13.506917000129818 31.280612999902587,-13.505968999597712 31.282625000018697,-13.506108999755952 31.284957999643382,-13.506333000189045 31.287392000326577,-13.507372000419366 31.291284999916112,-13.508238999915589 31.294049999669486,-13.508491999886814 31.297729000186223,-13.508290999614644 31.29996099965177,-13.507521000093163 31.302846999586848,-13.503869999967776 31.304090000227632,-13.500308000347673 31.304913000393583,-13.495893000078011 31.305763000005527,-13.489841999937425 31.307306000086097,-13.48450100014986 31.309226999604736,-13.480237999692292 31.310657999918416,-13.47730999961982 31.312491999923282,-13.473543999589253 31.314656999897633,-13.470828000296024 31.318356999583838,-13.466396000142083 31.321711000407671,-13.463689000364411 31.330201999709342,-13.458747000083575 31.33439399959201,-13.457662999577565 31.33787199983658,-13.457948000124588 31.342669999774785,-13.458169000419387 31.346145999927156,-13.458319000139282 31.351866000098255,-13.459197000142636 31.355433999994943,-13.459617999764191 31.358409999582079,-13.460143999729269 31.366221999959745,-13.459978000171134 31.369076000218399,-13.457655000108105 31.370056000426924,-13.455456000365132 31.371407999796986,-13.453701999551411 31.372287999892478,-13.450417000109551 31.373790999927849,-13.445662000354844 31.377642000279305,-13.44267700035283 31.380604000120456,-13.441981999792004 31.384487000148397,-13.441989000114688 31.387354000106939,-13.440841000255773 31.391590000219193,-13.439701999912472 31.393691999987421,-13.439616000444744 31.39467200019601,-13.441683000398257 31.395659999873999,-13.444337999577556 31.399344999768001,-13.446974999725796 31.401419000044204,-13.448569000358646 31.403157000120416,-13.449091000139388 31.40394000024116,-13.449327000226274 31.404822000428847,-13.449498000014898 31.406687000064039,-13.449859999614773 31.407850999761138,-13.449885999913931 31.412949000038452,-13.449998999726915 31.416096000313591,-13.449521000175821 31.419142999576312,-13.447102000184088 31.42067099986474,-13.445889000026909 31.423294000266932,-13.44333700019962 31.425903000023762,-13.439737999773286 31.427530000379193,-13.433944999834466 31.427381999852116,-13.428636999769367 31.427283999831271,-13.423963000151218 31.429192999696109,-13.418894000311411 31.433596000311866,-13.416254000024878 31.436410999672031,-13.414654000014764 31.440236999770487,-13.413665000290678 31.447333999564705,-13.410970000166799 31.447861999621974,-13.410694000034653 31.45033300021208,-13.409406000017555 31.457049999576721,-13.405452000314028 31.461146999576783,-13.404139000043813 31.464606999890918,-13.40723299967442 31.466412000357654,-13.409105999678388 31.469869999680324,-13.411930000352754 31.474376999694186,-13.414686999737285 31.477717999918809,-13.415295999931175 31.480513000155725,-13.415873000448528 31.484563999833995,-13.416619999809143</coordinates></LinearRing></outerBoundaryIs></Polygon>
  </Placemark>
  <Placemark>
	<name>Chama</name>
	<Style><LineStyle><color>ff0000ff</color></LineStyle><PolyStyle><fill>0</fill></PolyStyle></Style>
	<ExtendedData><SchemaData schemaUrl="#COMACO_Distircts_Zambia">
		<SimpleData name="Name">Chama</SimpleData>
		<SimpleData name="OBJECTID_1">30</SimpleData>
		<SimpleData name="OBJECTID">30</SimpleData>
		<SimpleData name="ID">0</SimpleData>
		<SimpleData name="DISTRICT_N">0</SimpleData>
		<SimpleData name="PROVINCE">Eastern</SimpleData>
		<SimpleData name="Shape_Leng">7.44017085361</SimpleData>
		<SimpleData name="Shape_Le_1">7.44017084858</SimpleData>
		<SimpleData name="Shape_Area">1.48888700691</SimpleData>
	</SchemaData></ExtendedData>
      <Polygon><outerBoundaryIs><LinearRing><coordinates>33.70944599970511,-10.583383999557725 33.710288999893692,-10.586420000112014 33.711066999783952,-10.590669999970316 33.71127300028661,-10.594811000199968 33.710117000058972,-10.597707999742795 33.708629999861841,-10.60103999955254 33.70684100013267,-10.603630000232158 33.704101999779198,-10.606738999654906 33.701873999598718,-10.609411999663962 33.699008999732371,-10.610937999860198 33.694987999638322,-10.613135000410352 33.691040000211444,-10.615269999901102 33.686783000030459,-10.617811000120696 33.682933999771194,-10.61935700033956 33.679774999842266,-10.620792999984417 33.677269000336764,-10.622706000033588 33.674918999928416,-10.62464699957485 33.672131000014183,-10.6280089998682 33.669266000147843,-10.632762999576755 33.667094999896904,-10.636023999710913 33.663879000038435,-10.639964999714493 33.661774000131913,-10.642384999752322 33.657169000097149,-10.64726900005752 33.654757999574883,-10.651018000203747 33.651707000127772,-10.653891999585653 33.650223000068934,-10.655993000207159 33.645869999959295,-10.660741999685229 33.642760999637233,-10.664139999839392 33.638439000057303,-10.668598000292548 33.636257000198661,-10.671198999680598 33.634304000104237,-10.673961000194936 33.632911999789656,-10.676080999893598 33.631663999817704,-10.679880999692783 33.6317629998847,-10.682640000068885 33.631839999836814,-10.685560999818675 33.632359000378585,-10.68891499974319 33.635612000143965,-10.695928000161928 33.635058999833568,-10.699266000248258 33.631625999864696,-10.700638999686987 33.629474999636386,-10.700824000120972 33.627524999680247,-10.702348000225014 33.625214000170388,-10.703608999896913 33.623306000351647,-10.705104999609603 33.621120000308565,-10.706845999824054 33.619918999805236,-10.709607000292351 33.618290000256934,-10.712107000420588 33.616916999918885,-10.71429799979478 33.614531999695828,-10.716826000314427 33.612648000084107,-10.718368000348903 33.610301999860155,-10.720199000215473 33.608654000335378,-10.72143300044138 33.606022000417624,-10.723679999699016 33.604126000252791,-10.72475099960576 33.601012999746331,-10.727154999805293 33.597702000005249,-10.730298999942134 33.59632100019774,-10.73187499974523 33.594150999992905,-10.733841999585707 33.590473000421582,-10.736997000229564 33.588862999950493,-10.738619000354504 33.586379999706537,-10.741435999806866 33.583324000028938,-10.744336000387305 33.581153999824153,-10.74637499994941 33.579204999914111,-10.748911999984557 33.577518000390171,-10.750759999735465 33.57652699967457,-10.753267000186383 33.574390000091569,-10.754852999551133 33.572436999997187,-10.756467000206612 33.569758999757653,-10.758697999626063 33.566788000400948,-10.760827999785704 33.563175000228568,-10.763123000356643 33.559707999591751,-10.765045999967526 33.557873000440111,-10.76625299984812 33.555996000251753,-10.767539999819176 33.553393999918278,-10.769463000329324 33.551739000070825,-10.771048999694129 33.548931000133962,-10.772942999766769 33.547119000243924,-10.774284999575173 33.545582000439879,-10.775653999728888 33.543399999681917,-10.778316000130189 33.540919999576261,-10.780935000347938 33.539219000306332,-10.782466999921494 33.536967999964979,-10.784994000394988 33.534793999575747,-10.787349000134498 33.533057999591733,-10.78929699999844 33.530642999784448,-10.792122999865681 33.527020000050413,-10.794924000379126 33.524879000283022,-10.797522999675039 33.522186000251395,-10.799453999654645 33.517891000117402,-10.804635000160658 33.515479999595186,-10.806284999777688 33.513565000353083,-10.807101999667053 33.510380000124997,-10.807469000396679 33.507725000046378,-10.807726999699128 33.504528000164385,-10.80749699988877 33.502132000333575,-10.807446000235814 33.498680000388219,-10.807443000097521 33.496475000368598,-10.807872000087855 33.493294000324902,-10.809233999918888 33.491385999606848,-10.810666000278673 33.487514000085973,-10.814225999806581 33.485599999990647,-10.817231999877265 33.484554000337027,-10.818953000069143 33.483375999994557,-10.820699999660917 33.482056000300986,-10.822518999873637 33.479838999728258,-10.825553000335788 33.477912999979139,-10.826895000144134 33.475703999775192,-10.828607999967232 33.474223999900687,-10.830363999973882 33.472729000234096,-10.831958999753509 33.470496999869226,-10.833591000339425 33.46839500010099,-10.834633999854759 33.465346999892851,-10.836039999915386 33.463202999987232,-10.836874999735187 33.459869000085291,-10.837792999783687 33.457630000297058,-10.838746999693058 33.45226300021028,-10.841685000226505 33.447921999754499,-10.842749999856665 33.444133999609107,-10.842420999979367 33.440636000241227,-10.842371000372509 33.437744000029568,-10.841968999828111 33.434516999664076,-10.841149999846493 33.43220900029246,-10.840086000262488 33.428730000001792,-10.840189999660595 33.424960999832926,-10.841262999659476 33.423138000335143,-10.843128000194042 33.421436000119741,-10.844497000347701 33.419784999557351,-10.845747000411848 33.41699599959702,-10.848852999696305 33.414107999569751,-10.850286000102187 33.411948999871981,-10.850714000046423 33.409065000029102,-10.850880999650656 33.406925000307865,-10.850540000119508 33.404941999729822,-10.851428999730558 33.397044999930586,-10.852823000137334 33.393833000256507,-10.85340600003201 33.38962599968238,-10.853493000445098 33.386650000095244,-10.853777000046705 33.384383999961756,-10.853816000045811 33.379707000205315,-10.853532000444204 33.377800000432728,-10.852883000205166 33.375537999584246,-10.851747000000158 33.373215000420544,-10.851496000121074 33.371086000307059,-10.851652000117554 33.36811800018932,-10.852380000400956 33.362778000447804,-10.853145999738047 33.359844000098747,-10.853537999821469 33.356709000376839,-10.853605000211985 33.355904000141265,-10.855967000274177 33.35659000028727,-10.858969000160471 33.35499200036935,-10.865011999932335 33.353798000188647,-10.868223999606414 33.353068999859147,-10.870107000071355 33.35109299960385,-10.873618000038448 33.350116999579654,-10.875500999604128 33.348862000184397,-10.879337000163446 33.346145999991847,-10.882289000442938 33.344657999748613,-10.884452000325098 33.342826999882043,-10.886580000392541 33.341083999575346,-10.887811999626932 33.338390000396942,-10.889605999586536 33.33565100004347,-10.891472000167198 33.332702999948367,-10.893538000074614 33.330275999587911,-10.894616000303984 33.327850000172873,-10.895848000437695 33.325565000062845,-10.896845999677339 33.322688999689433,-10.897689999912018 33.318129999976463,-10.89897099960649 33.315749999983893,-10.899207999739474 33.31200800016029,-10.899871999770653 33.310219000431118,-10.901085999973986 33.306304999873532,-10.90443599971411 33.302528000235213,-10.904530999596659 33.30038100019123,-10.904605000309857 33.297564999885651,-10.904743000375959 33.294753999810546,-10.904727999684496 33.291637000019023,-10.904930000002764 33.287762000359862,-10.904552999711484 33.285591000108916,-10.904484000128093 33.282271999999125,-10.904568000402946 33.280037000395282,-10.904525000219451 33.275538999896924,-10.905126000044504 33.273148000296601,-10.905824999890399 33.270400999574406,-10.90698400025633 33.269465999641511,-10.909771000124465 33.270972999861272,-10.911949999844863 33.272076000343759,-10.913694000197609 33.273479000266093,-10.915376000390381 33.275222999719567,-10.917037999661204 33.278914999936262,-10.918662999924436 33.282153999955653,-10.919907999758038 33.285369999814122,-10.920293999564876 33.288196999727461,-10.920644000410221 33.290870999782612,-10.92168099964897 33.29344899990906,-10.921895999667241 33.296649999975443,-10.921937999804641 33.298584000093342,-10.921322000187445 33.300632000070323,-10.919782000245164 33.302501999935998,-10.918921000126145 33.304545999728589,-10.918493000181911 33.306731999771671,-10.917886000080273 33.309177000062554,-10.916960999709088 33.311748999912481,-10.916524000249238 33.313891999772011,-10.916629999739541 33.315417999968304,-10.917957999801956 33.316982000117548,-10.919575999742449 33.317982000348707,-10.921926000150791 33.317615999665179,-10.9250189997353 33.317088999653947,-10.92792299960081 33.315787999936902,-10.93090100017946 33.315604999595109,-10.933930000411124 33.316859999889743,-10.939112000063915 33.318107999861638,-10.941589000031286 33.31966399964216,-10.944608999848015 33.321250999952326,-10.947193000251104 33.323298999929364,-10.950654999758115 33.325034999913328,-10.953810000402029 33.325633999646186,-10.957626000039452 33.325301999630597,-10.963225000028785 33.324740999850796,-10.965775999809978 33.324554000223941,-10.969068999620617 33.324478000317868,-10.971402000144622 33.323741999665742,-10.976767000139205 33.323115999587571,-10.981163000432332 33.32210899993305,-10.983289999554302 33.321041000164598,-10.985896000072159 33.319759000424028,-10.988012999632529 33.318569000427765,-10.990185999975665 33.316708000077597,-10.993560999968906 33.315731000007361,-10.996276000115358 33.31733700029406,-10.998118999635777 33.319778000400561,-11.001409000207445 33.32084700021511,-11.003695000363564 33.321185999654062,-11.00688800006111 33.321906999614782,-11.010524000394412 33.32171999998792,-11.012650000369604 33.321415000317643,-11.015018999855158 33.321125000439451,-11.017724000439955 33.320407999763802,-11.021125999879189 33.319851000168342,-11.025567000448007 33.319813000215277,-11.028353000269988 33.320331999857729,-11.031572000266749 33.321487000039269,-11.038228000416836 33.322597999991217,-11.041736000245633 33.323237999815433,-11.043689000340066 33.324405999696921,-11.046726000041133 33.324969999615007,-11.04913100028682 33.328842000035252,-11.054988999624697 33.33222999972844,-11.057906000089417 33.335200999984409,-11.059992000019406 33.337439999772634,-11.062097999972025 33.338207000055142,-11.064528999617607 33.338482000141198,-11.066599999755454 33.340854999811086,-11.071038000185979 33.342621000278655,-11.07586699975451 33.343314999894119,-11.079591999693776 33.344035999854839,-11.082032999800276 33.345168999921555,-11.084655000156374 33.346412999709109,-11.086307999911639 33.347424000447347,-11.088142999962599 33.349280999713756,-11.091007999829001 33.352821000118411,-11.095318999801179 33.355880999980336,-11.097594000349545 33.359768000192673,-11.102789999748381 33.36103400009506,-11.104452999964622 33.362347000365276,-11.106124999696419 33.363766000125793,-11.108221000087383 33.365509000432496,-11.110968999956413 33.366935999662473,-11.11364400005766 33.368233000094506,-11.117132999909984 33.369675000015945,-11.120170999657148 33.371197000027848,-11.123714000200039 33.373259999796915,-11.126425000162101 33.374165000145524,-11.128304999589488 33.377407000303208,-11.134523000233628 33.378807000087193,-11.137353000285259 33.379723000043555,-11.139405000446629 33.380741000205148,-11.141158000314929 33.382534000118653,-11.143498000262296 33.384852999997292,-11.14528699999147 33.386852000413512,-11.145899000323595 33.389567999706735,-11.147287999600506 33.390965000251811,-11.150308000316613 33.394874999725744,-11.152491000221403 33.397212999580915,-11.154332999695725 33.398964000256342,-11.155858999891962 33.399982000417936,-11.158371999720144 33.398907000326801,-11.160454000365064 33.399452000268411,-11.165798000290975 33.398647000032895,-11.16802400037926 33.397404000291431,-11.171453000163751 33.396717000099379,-11.173499000048537 33.395656999800394,-11.17682799971999 33.393195999671264,-11.180549000374183 33.391421999734234,-11.184196000315239 33.390273999875376,-11.186323000336529 33.388248000013164,-11.189989000254059 33.387465999938513,-11.192170000066653 33.385773000138038,-11.196404000086716 33.383269999871516,-11.203814999966083 33.381817000342323,-11.206476000321288 33.379931999785185,-11.209925000128408 33.379375000189725,-11.212268000214067 33.37900500022112,-11.214430000050129 33.378326000397806,-11.217243000217422 33.377777000271806,-11.221350999825232 33.377768999903019,-11.224697000280344 33.375671000319187,-11.229465999781041 33.374340000118536,-11.231837000258054 33.372784000338015,-11.233837999867148 33.370815000405344,-11.235829999960686 33.368065000444176,-11.238059000187262 33.366431999812157,-11.23944500022526 33.364676999851667,-11.24108400023448 33.36270099959637,-11.242515999695001 33.359085000185019,-11.245693999600405 33.355831000373485,-11.248927000242531 33.353565000239996,-11.250864999645501 33.352604000008,-11.252883000038251 33.351912999631509,-11.2561490004029 33.352458999619216,-11.258464000097147 33.354076000412988,-11.261852999836435 33.354018999584127,-11.264359000241257 33.354088000066831,-11.267344000243268 33.353783000396504,-11.271730000075422 33.352969999792208,-11.274382000015805 33.352088999650618,-11.276869999590872 33.350085999949329,-11.279540000360953 33.348282000428014,-11.281241999676979 33.346409000424046,-11.283153999680053 33.342959999717607,-11.28685700040387 33.341354000330227,-11.289082999592836 33.339851000294857,-11.290767999923844 33.337733999835166,-11.293392000372137 33.336287999729336,-11.295538000369959 33.334632999881876,-11.297963999785054 33.332672000318041,-11.300678999931506 33.331096999661668,-11.303430999984869 33.330478999952277,-11.305456999847081 33.32998999989411,-11.308948999837696 33.328865000196117,-11.311074999812888 33.32631300036882,-11.320702000218942 33.324436000180469,-11.322720999758474 33.322327000089558,-11.323962000307006 33.320350999834261,-11.325256999747523 33.318489000337308,-11.326598000409149 33.316989999587001,-11.328119000374897 33.316092999607179,-11.330164000213585 33.31622300020382,-11.332724000409655 33.31638699966976,-11.335436999564592 33.316756999638358,-11.340356999730659 33.317142000298418,-11.343594999703896 33.316906000211532,-11.34608200013224 33.316001999909012,-11.349456000079385 33.31479299993623,-11.351419999781511 33.313094999905218,-11.353600999594107 33.310352000266732,-11.355394999553765 33.308201000038423,-11.356437999968421 33.305385999778878,-11.357345000409225 33.30334500012458,-11.358415000269815 33.300738999606722,-11.359240999674796 33.297954999876879,-11.359965999819849 33.295825999763395,-11.362907999638367 33.295649999744285,-11.366590000293456 33.296035999551123,-11.36888600001123 33.29656200041552,-11.37092999980382 33.297172999802228,-11.37420299959183 33.298687000344671,-11.377105000264462 33.299835000203529,-11.380115999666316 33.29990399978692,-11.385118000014984 33.298537999771554,-11.387804999770083 33.297526999932643,-11.390971000021693 33.296249000376463,-11.393775999820207 33.29544800032528,-11.395721000445178 33.29418200042295,-11.399070000139261 33.29362099974378,-11.401673999665604 33.294143999570622,-11.403817999571231 33.294826999578333,-11.408104000189665 33.294956000128821,-11.41143199981502 33.294884000407194,-11.413692999718023 33.294555999676618,-11.417122000401887 33.293159000030926,-11.42008000005859 33.291827999830275,-11.422225000010371 33.289909000403782,-11.424941000202921 33.288337999931798,-11.427619000442462 33.284927000077744,-11.429629999613153 33.282149999771264,-11.429886999768826 33.279915000167421,-11.428414000217003 33.278613999551055,-11.426235999643382 33.277481000383602,-11.423721999769157 33.276714000101094,-11.420042000105582 33.274670000308504,-11.416381000418539 33.273879999865073,-11.413759000062441 33.272343000061085,-11.409906999664884 33.271636999892451,-11.406633999876874 33.270595999569991,-11.402102999655938 33.269565999754604,-11.400114999746791 33.268814000163502,-11.397863000258667 33.266571000190936,-11.394799000212288 33.264823999699843,-11.392096999765783 33.262650000209931,-11.390037000134953 33.259766000367051,-11.387896000367562 33.258530000049007,-11.385987999649558 33.256926999900543,-11.38389100011176 33.254909999553945,-11.38303400017719 33.252730999833545,-11.383172000243235 33.249000999663792,-11.384107000176071 33.245841999734864,-11.386099000269665 33.244227999978705,-11.388415000010014 33.242908000285126,-11.391148000086901 33.241553999923546,-11.395254999648612 33.241164999978423,-11.397307999856082 33.241137999633168,-11.40139700038668 33.241214999585338,-11.404227999585087 33.24035599955851,-11.406697000082943 33.239899000076093,-11.409583000018017 33.238685999918914,-11.411574000065514 33.238330999742402,-11.414116000331148 33.239456000339715,-11.415995999758479 33.240234000229975,-11.418002999644159 33.241421000087996,-11.420272999962037 33.245777000335863,-11.42704299997115 33.246910000402629,-11.429665000327248 33.248699000131808,-11.434474999919246 33.249453999861146,-11.437458999875162 33.249934999550533,-11.440496999622326 33.249976999687988,-11.442758999571479 33.250174999821866,-11.445002000443367 33.250174999821866,-11.447082000096827 33.251274000119963,-11.453213000327821 33.251460999746826,-11.455980000173325 33.251701000018159,-11.459490000094377 33.251923000359056,-11.462890000340735 33.252009999872826,-11.466146000244407 33.252830999946582,-11.469355999826291 33.253650999974241,-11.47149799963978 33.254986000359281,-11.473207000177808 33.256176000355595,-11.475358999552896 33.257027000013636,-11.477230000364045 33.258857999880206,-11.479262999649563 33.260193000265247,-11.480917000350246 33.262669000186463,-11.485880999846586 33.263802000253236,-11.488456999880837 33.263984999695651,-11.490545999949177 33.263595999750521,-11.493431999884249 33.263263999734932,-11.497112999593865 33.264651999865123,-11.503478999865763 33.264328000218313,-11.506653999632874 33.264130000084435,-11.510344999803522 33.262882000112484,-11.513818999863702 33.262385999731634,-11.51647800012671 33.261086000060686,-11.518305999854986 33.259421999798292,-11.520957999795371 33.258575000324697,-11.522840000214217 33.257571999955246,-11.525643999966633 33.256080999573726,-11.528848000171308 33.256077000288656,-11.532013000376821 33.255993000013802,-11.534726000431078 33.254772000387163,-11.539050000103202 33.253345000257866,-11.542180999640721 33.252365000049338,-11.544064000105664 33.251422999793817,-11.546189000034815 33.249389999608923,-11.548994999879481 33.248084999707487,-11.552903000160484 33.245585999625348,-11.555989000321688 33.244403999997814,-11.557617999869931 33.243118000072855,-11.559690000053934 33.241649999852257,-11.561898000211784 33.240130999978646,-11.564107000415731 33.237869000029548,-11.567907000214973 33.236153000068157,-11.570694000083108 33.235129999676076,-11.573435999675496 33.234299000040664,-11.575678999648119 33.233246000064355,-11.578638000250237 33.231246999648135,-11.581922999692097 33.229976999561416,-11.587277000078984 33.228793999887785,-11.588969999879453 33.227370999942877,-11.591061000039986 33.225593999867556,-11.59360300030562 33.223106000292489,-11.594618000328921 33.20606599991487,-11.621817999601658 33.188553000216586,-11.647804999616596 33.17342799998039,-11.668625999816925 33.160870000262889,-11.689254000113806 33.140087000015626,-11.718604999614911 33.123333000231128,-11.744019000196204 33.104609999614638,-11.771095000048263 33.083164000281556,-11.802739000028168 33.0768699997314,-11.812951999567815 33.034453999624873,-11.8942499996528 33.017226999620391,-11.927144999742893 32.991547000267303,-11.975713000149142 32.943873999748689,-12.058651000289501 32.943011999583632,-12.062043000167023 32.945628999709186,-12.109985999641935 32.943839999980071,-12.110962999712171 32.941104999810989,-12.112037999803306 32.936527000121487,-12.113284999729103 32.93350200007427,-12.113130999824818 32.93034000000705,-12.113827000431741 32.928101000218817,-12.115354999820907 32.925811999924406,-12.116936999900588 32.924193999983913,-12.118211000171698 32.922648999811081,-12.119530999865333 32.91951800027357,-12.121881000273616 32.916972999869643,-12.123608999888857 32.915179999956081,-12.12553399959188 32.913520999924231,-12.127695000281221 32.910937999567231,-12.129123999603394 32.908607000034749,-12.130632999915349 32.904942000163373,-12.133109999882663 32.902153000203043,-12.135460000291003 32.899623999637299,-12.137530000382753 32.897555999637746,-12.139410999856182 32.895720999586786,-12.141173000139418 32.89345899963763,-12.143677999598822 32.891712000045906,-12.145648999623631 32.890156000265392,-12.14735800016166 32.888531000002153,-12.148994000032644 32.884541000437821,-12.14881099969085 32.882198000352162,-12.148737999923071 32.879962999849049,-12.149072000030856 32.876975999754791,-12.149178999567255 32.873848000355565,-12.148409000045772 32.871521000108146,-12.148743000153559 32.868583999620796,-12.148695999785673 32.866183999605596,-12.147284000347838 32.863868999911347,-12.146171000303694 32.861403999597826,-12.14547299960452 32.858139000178589,-12.145669999692359 32.855086999786067,-12.146600000294029 32.852478000029237,-12.147123000120814 32.850594000417516,-12.148125999590945 32.849697000437686,-12.149979999618438 32.848057000382312,-12.152312000096344 32.845085000080246,-12.153693999949949 32.843181999592673,-12.155546999931346 32.842358000279944,-12.158250999570726 32.840373999655867,-12.158565999701977 32.839584000111749,-12.156150999894692 32.837730000084321,-12.15494700015239 32.833610999969437,-12.155261000237545 32.8313979995811,-12.155683999951291 32.828545000267859,-12.15396499985161 32.82484799982069,-12.154016000403885 32.822879999934116,-12.154630999974984 32.820896000209352,-12.155053999688789 32.818759999773135,-12.154013000265593 32.8176350000752,-12.152130999846747 32.812949999949979,-12.151214999890442 32.810039999807877,-12.152026000402543 32.80798000017711,-12.153607000436182 32.805702000389772,-12.155676999628609 32.804432000303052,-12.157728999789979 32.80336399963528,-12.160151999966104 32.801662000319197,-12.162953999626325 32.80050299995326,-12.165422000078138 32.799202000236221,-12.167809000393389 32.797230000165257,-12.16955399989291 32.795192999796029,-12.171287999784738 32.793204999886882,-12.173547999641642 32.790890000192569,-12.175399999576939 32.788009999634767,-12.176690999732385 32.78553399971355,-12.176472999575878 32.78369500037752,-12.175638999802175 32.78131100020056,-12.17537500022314 32.779330999760866,-12.175672000424015 32.776478000447639,-12.176782000329863 32.773922000435959,-12.177087000000199 32.770724999654696,-12.177283000041882 32.766411000443554,-12.178039999863415 32.763695000251005,-12.178289999696403 32.761299000420195,-12.178596000312098 32.757858000082535,-12.178430999900741 32.755112000305701,-12.178092999608566 32.752186000325423,-12.177411999693106 32.749968999752696,-12.176948999934098 32.748207000368836,-12.1758260003283 32.748070000348832,-12.172995000230571 32.746468000246523,-12.170939999930908 32.744263000226965,-12.170007000090266 32.742324999924676,-12.16944400021822 32.739330000361008,-12.170825000025729 32.737773999681167,-12.172388000128933 32.735824999771125,-12.174223000179893 32.734116000132353,-12.175405999853524 32.732429999755254,-12.176768999730598 32.730788999653775,-12.178133999699924 32.729323999571477,-12.179724000148383 32.727061999622379,-12.181213999584486 32.725757999766984,-12.179078000047639 32.724765999904605,-12.176516999805472 32.723755000065687,-12.17383100009647 32.722488000117259,-12.172057000159441 32.720226000168161,-12.170671000121445 32.718440999724066,-12.169475999894701 32.71668199957918,-12.168161999578331 32.715176000304837,-12.166813000346622 32.712112000258458,-12.1635540003046 32.710590000246555,-12.161934000271913 32.709103000049424,-12.159950999693876 32.707824999593925,-12.157688999744778 32.706333000065626,-12.155843000086065 32.702426999876764,-12.154147000147304 32.700462000128539,-12.151856999806796 32.700374999715393,-12.149776000107295 32.699604000147815,-12.147469999928546 32.698746000167148,-12.145072000005541 32.697940999931575,-12.14245800001828 32.696612999869217,-12.140340000411811 32.694331999943579,-12.139812000354482 32.691856000022369,-12.139619999597869 32.688503000143896,-12.139561999622231 32.686130999620786,-12.139053000440752 32.683525000002248,-12.139493000038838 32.681846999993866,-12.142213999562555 32.676982999711299,-12.141195000254186 32.674373999954469,-12.139879999891775 32.671997000100191,-12.139470999924015 32.667809000401917,-12.138940999774547 32.664866999684079,-12.139932999636926 32.662846000052411,-12.139930000397953 32.660903999565726,-12.14044299976382 32.658539000264568,-12.142293999652964 32.656402999828401,-12.144164000418014 32.653915000253328,-12.14444099969694 32.651820999954509,-12.144647000199598 32.649002000409951,-12.14532099979243 32.64693799969541,-12.146151000281066 32.64567599997747,-12.147930000448582 32.644573000394303,-12.149874000128136 32.642508999679762,-12.152493000345942 32.639678999628131,-12.152697999903182 32.63733699958857,-12.153589999652525 32.634475999906613,-12.153296999636041 32.631927000217615,-12.154079999756789 32.62912399961192,-12.15509899996448 32.626101999702996,-12.155655000413162 32.623328999580906,-12.15635700039735 32.620933999796193,-12.157502000117915 32.619114000436696,-12.158629999954201 32.617026999561233,-12.160327999985213 32.614608999615655,-12.162530999912574 32.612595000306612,-12.164110999900061 32.610125999808702,-12.164523000006113 32.608310999780372,-12.165543000259902 32.605758999953082,-12.165547999591013 32.603320999984874,-12.165788999908443 32.601234000008787,-12.166527999799596 32.599407000326607,-12.167934999906265 32.598716999996213,-12.169816000279068 32.597477000393042,-12.17157699961683 32.595450999631566,-12.171845000279518 32.593166000420865,-12.171354000129154 32.590565000133495,-12.173448999574703 32.588127000165287,-12.174430999875426 32.586468000133436,-12.172827999727019 32.587066999866295,-12.17012400008764 32.588141999957429,-12.167502999777639 32.588725999898145,-12.165306000126861 32.589114999843275,-12.162576000188267 32.587844999756555,-12.159264000401151 32.585013999658827,-12.157748999812611 32.582187999791586,-12.156053999919948 32.579452999622504,-12.15512800040193 32.576350999623116,-12.154326000304707 32.574921000254847,-12.151891999621569 32.573894999724473,-12.149764999600222 32.572968000160415,-12.147304000370411 32.57077399974861,-12.145146999865515 32.568122999854324,-12.143704999944077 32.564640000278587,-12.141647000405442 32.561896999740725,-12.141090999956759 32.558235000007585,-12.139729000125783 32.554423999701328,-12.138755000193783 32.55039600018398,-12.137374000386274 32.548518999995622,-12.13624000027346 32.54473500003462,-12.133430000244402 32.541973000419546,-12.130830000003129 32.54050800033724,-12.128920000092194 32.539378999555538,-12.126357999803986 32.538489999944488,-12.12430399955042 32.537566999665501,-12.121769999653509 32.535403999783341,-12.118301999869914 32.532936000230848,-12.116950999646633 32.529807999932302,-12.117144999596176 32.526545999751981,-12.1172920000771 32.523197000057962,-12.117124999573548 32.521048999967888,-12.116669000137222 32.51807400042685,-12.11729600026149 32.515426999817691,-12.118386000144708 32.513881999644923,-12.120518000396544 32.511760999900162,-12.119945000063524 32.510451999814279,-12.118060999552483 32.507155999865404,-12.116778999811912 32.503253999860931,-12.11763199956215 32.501147999908312,-12.118288000123869 32.497608000403034,-12.120280000217406 32.495353999923339,-12.121262999664907 32.493294000292565,-12.121149999851921 32.491836999679663,-12.119755000298426 32.489207999900202,-12.118283999939479 32.487174999715364,-12.117946999693402 32.484333000009883,-12.118619000093361 32.482196999573716,-12.119537000141918 32.480198000056809,-12.120511000073861 32.478329000237181,-12.122678000140411 32.476233999892315,-12.121996000178797 32.47382400031546,-12.122026999809179 32.471747999947127,-12.121372000192821 32.467186000095865,-12.12206799990048 32.467586999694845,-12.119890000226178 32.467505999558284,-12.1176199999083 32.466376999675958,-12.115945000038209 32.464733000335514,-12.113870999762071 32.462097000233427,-12.112833999623943 32.459148000092227,-12.111444000300878 32.457104000299637,-12.109694999717647 32.454784000374843,-12.107944999987581 32.452628999962144,-12.105950999801848 32.450267999946099,-12.104988000376977 32.440437000028908,-12.100691000150789 32.437968999577095,-12.099275999675342 32.435425000118585,-12.09835600043391 32.43218600009925,-12.09836800008776 32.430251999981294,-12.097640999850455 32.42701700014635,-12.095887999982152 32.422497000432486,-12.09398899967897 32.42025799974499,-12.093551000173079 32.417809000169029,-12.093309999855647 32.415276000318215,-12.093467999944323 32.413189000342129,-12.093462999713836 32.410416000220039,-12.094162999605885 32.407806000417111,-12.094735999938848 32.40497999965055,-12.094847999705733 32.402251999804143,-12.096478000199454 32.400104999760231,-12.097775999778262 32.398376000098892,-12.098939000328585 32.396488000302782,-12.100065000072618 32.392947999898183,-12.10110700044123 32.39087299957589,-12.102233000185265 32.388869999874601,-12.103339999952821 32.386631000086361,-12.103037000374741 32.383582999878222,-12.101801000056639 32.381775000172581,-12.100811000286456 32.377850000007243,-12.099806999870905 32.375782000007625,-12.09821999956074 32.373775000121952,-12.095022999678747 32.373607999618393,-12.092581000425469 32.371875999818769,-12.090298000407643 32.369236000431613,-12.089504999825976 32.36515000003925,-12.088592000007907 32.362220999920673,-12.087364000058585 32.359721999838541,-12.085378000241631 32.35905499966907,-12.082870999790712 32.35889100020313,-12.080383000215646 32.35855099981876,-12.076665999745842 32.357882999603191,-12.073118999917881 32.357005999645992,-12.070792999716559 32.354088000034494,-12.068181999867532 32.350924999921176,-12.067153000098187 32.346785999783663,-12.067414000438248 32.344612000293807,-12.067093000030354 32.344108999590269,-12.065411999883736 32.343894999618101,-12.064694000061307 32.340256000045883,-12.062595999578093 32.337376000387394,-12.062092999773938 32.335209000320845,-12.060658000175124 32.335419000108573,-12.057972999612957 32.338397999834001,-12.055420999785667 32.340503999786669,-12.054791999569204 32.341591000430924,-12.052760000329782 32.340640999806624,-12.050524999826621 32.340103000187696,-12.048154000248928 32.339638000336492,-12.044978000435663 32.339648999944245,-12.044316999643456 32.339676000289501,-12.042654000326534 32.340117999979782,-12.040647999587634 32.341660000014315,-12.038760999837621 32.343978999892954,-12.037843999835161 32.346312000416958,-12.038038999830803 32.346312999563736,-12.038038999830803 32.348400000439135,-12.038188999550698 32.350422000116964,-12.038962000109791 32.352637999744275,-12.04195200034229 32.354834000248275,-12.042191999714303 32.35483600034047,-12.042191999714303 32.356312000030584,-12.040142999691227 32.358673000046622,-12.035951999854715 32.359660999724611,-12.034100999965517 32.361462000006952,-12.03192500038341 32.363841999999522,-12.031305999728602 32.365771999933031,-12.033029000012673 32.367596000376238,-12.034435000073302 32.369342999968012,-12.036084999690274 32.370674000168663,-12.037716000230091 32.372215000157041,-12.035855999926014 32.373069999999466,-12.033099999688259 32.372962999563754,-12.03101099961998 32.370334999830391,-12.028707999579524 32.364753999771494,-12.027963000311161 32.361319999756461,-12.026770000176553 32.359375000030866,-12.024839000196948 32.35910800031354,-12.022795000404358 32.359977999948114,-12.020127999772569 32.36199999962588,-12.018343000227787 32.363997999996002,-12.018192999608573 32.366535000031206,-12.015991999773348 32.366970000298124,-12.013470999576439 32.366240999968625,-12.011442999622032 32.363955999858604,-12.009349000222585 32.361935000226879,-12.007643999868947 32.360793999791383,-12.005625000329415 32.361469000329635,-12.003537000307231 32.362301000011144,-12.001522000052773 32.362567999728412,-11.999108000291528 32.363563999775174,-11.997076000152786 32.364261999574978,-11.99501499957654 32.366402000195592,-11.993862000386512 32.36827100001517,-11.992510000117134 32.370300000015675,-11.991366000442667 32.369513999756634,-11.988940000128309 32.367767000164861,-11.987254999797244 32.369465000195873,-11.985504000021137 32.372401999783904,-11.984578999649898 32.37453800022007,-11.984548000019572 32.37686899975256,-11.984986999571561 32.378043999956731,-11.983046000030299 32.377209000136929,-11.980700999852445 32.37598000014151,-11.978455999787682 32.375117999976453,-11.976374000042028 32.375739999870234,-11.973561999920832 32.376346999971872,-11.971538000150815 32.377276999674216,-11.969161000296538 32.382572000039374,-11.96585399984059 32.385559000133583,-11.964820999886854 32.384491000365131,-11.959255999666141 32.38513899965875,-11.956264000240763 32.385959999732563,-11.953842000110797 32.387050999661881,-11.951602000276466 32.388884999666743,-11.94893799978297 32.390633000203877,-11.947097000354802 32.392544000160903,-11.945970999711392 32.394896999808168,-11.945504999814091 32.397400000074697,-11.945365999701949 32.400165999874162,-11.944874999551587 32.399737999929869,-11.942892999918968 32.397953000385087,-11.940881999848955 32.396839000294904,-11.938745000265953 32.399905999580199,-11.932855000352333 32.4018710002278,-11.932316999834086 32.404670999795826,-11.931317999649025 32.404063999694181,-11.929019999839056 32.40225599998854,-11.927099000320425 32.399909999764589,-11.925638000422452 32.399662000023852,-11.923593999730542 32.400630999725308,-11.921623999751773 32.402378000216402,-11.920561000213866 32.404693999956748,-11.919779000139215 32.405486999639152,-11.917538000258787 32.405669999980887,-11.914833999720088 32.406300000243448,-11.91276499967438 32.407936000114432,-11.911492000348687 32.410591000193051,-11.910973999853013 32.412808999912556,-11.911158000240903 32.412811000004751,-11.911159000287 32.415143999629436,-11.911354000282643 32.415145999721631,-11.911354000282643 32.417709000055936,-11.911530000301696 32.417904000051578,-11.909361000142951 32.415020000208699,-11.90823400035282 32.410777999819857,-11.907265999798085 32.409172000432477,-11.905481000253303 32.408511999686368,-11.903526000066734 32.408325000059563,-11.900939000424671 32.409060999812368,-11.899077000028454 32.411041000252112,-11.897978999776456 32.413418000106383,-11.897377999951345 32.415604000149408,-11.897137999680069 32.418163000299387,-11.897468999649561 32.420276999721466,-11.897454999903516 32.420672999989279,-11.895384999811709 32.418868999568701,-11.893300999973917 32.417155999745539,-11.891226999697722 32.415333000247756,-11.887152999858586 32.414542999804382,-11.88489900027821 32.414257000110581,-11.882601999615076 32.414485999874842,-11.880051999879981 32.414841000051297,-11.877845999814269 32.41563799991809,-11.875468999959992 32.416804999753481,-11.873754000044697 32.417950000373366,-11.872019000106775 32.419166999815616,-11.870257999869693 32.420936999568255,-11.869131000079504 32.422717999827967,-11.867795999694465 32.424842999757111,-11.867094999756373 32.427315000393257,-11.866548999768668 32.430015999894408,-11.865848999876619 32.432480000161767,-11.863619999650098 32.434311000028337,-11.862040999708654 32.436061999804508,-11.860795999875052 32.437617999585029,-11.859225000302388 32.439213000263976,-11.857790999850407 32.440135999643644,-11.854897999592652 32.438910999832615,-11.852608000151463 32.437283000330467,-11.850850000052674 32.435444000095117,-11.847455000036803 32.435588999584525,-11.844453000150452 32.437302000306943,-11.8429740003221 32.441185000334883,-11.841778000049203 32.442885999604869,-11.839810000162684 32.443629999726454,-11.837676999864753 32.445999000111328,-11.835745999885146 32.4481159996717,-11.836274999988516 32.449966000414065,-11.837454000377079 32.452022999906596,-11.836979000064957 32.452084000020534,-11.834564000257615 32.452212999671751,-11.832123000151112 32.455074000253035,-11.831576000117309 32.457282999557663,-11.831200999918224 32.459571999852074,-11.830564000232298 32.461657999782119,-11.829662000021983 32.463668999852132,-11.82727000037562 32.465630000315343,-11.825075999963756 32.467598000201917,-11.822502000021643 32.468945000240751,-11.820108000283085 32.469069999707585,-11.817829000449649 32.469283999679703,-11.815821999664648 32.471038999640257,-11.814441999903238 32.473048999664165,-11.813829999571112 32.475215999730715,-11.815262999976992 32.476409999911425,-11.817851999711195 32.477382999797271,-11.820177999912516 32.479519000233495,-11.82190899966605 32.48207700033737,-11.822194000213074 32.482079000429565,-11.822194000213074 32.483437000076151,-11.820170999589834 32.483134999644847,-11.817674999645988 32.482658000139793,-11.815675000083047 32.481795999974736,-11.813530000131264 32.480929999625232,-11.811539000083826 32.481444999982614,-11.809242000319955 32.483421000237911,-11.808269999580887 32.486095000293062,-11.808636000264414 32.488354000103925,-11.810927999797798 32.490227000107893,-11.813010999589494 32.492493000241382,-11.814100000325993 32.493731999798456,-11.812212999676658 32.496310999971001,-11.810986999819532 32.498772000100132,-11.810728999617822 32.500930999797902,-11.809648000149423 32.498332999648824,-11.80814199997576 32.496117000021513,-11.808672000125284 32.493594999778452,-11.807681000309003 32.492740999982175,-11.805220000179872 32.494091000159301,-11.802627000261282 32.496383999738782,-11.801753999589096 32.498782999707885,-11.801269999761416 32.49946599971554,-11.798710999611444 32.496880000119631,-11.796680000418121 32.495556000241663,-11.79465299961049 32.495125000159135,-11.792698000323242 32.495936999818014,-11.790547000094874 32.497997000348164,-11.789763999974127 32.500056999978995,-11.790826000365314 32.504348999974638,-11.79337500005431 32.503936999868642,-11.790742000090518 32.502902999868802,-11.788976999669046 32.502068000049007,-11.786669000297422 32.505287000045769,-11.784423000186564 32.507713000360184,-11.783821000315356 32.511680999809698,-11.781114999684462 32.513537999975483,-11.779237000349326 32.51490800017524,-11.777756000428781 32.517997999621457,-11.776087999982053 32.520122999550608,-11.775593999693399 32.521778000297388,-11.774439000411176 32.523642999932633,-11.772290000275007 32.525505000328849,-11.770340000318868 32.527687000187541,-11.770262000320656 32.529404000195029,-11.772227000068881 32.530476000147864,-11.774263000392068 32.531985999606547,-11.776175000395142 32.534203000179275,-11.777381000229639 32.536312000270179,-11.77546700013437 32.535492000242527,-11.773547999808612 32.534492000011369,-11.771331000135149 32.533782999704492,-11.768644000380107 32.533894000324608,-11.765957999771786 32.534442999551288,-11.763299999554874 32.535270999947727,-11.761420000127544 32.536175000250239,-11.759179000247114 32.537158999743838,-11.756602000166765 32.537311999602025,-11.753274999688188 32.537372999715956,-11.750923000086971 32.538875999751326,-11.749495999957674 32.540576999920624,-11.747456000349473 32.540150000022436,-11.745366000235038 32.538131999629741,-11.74259500020514 32.535744000167711,-11.740140000352653 32.533709999936718,-11.737920999687674 32.532764000396128,-11.735550000109981 32.532738000096963,-11.732989999913912 32.533008999998628,-11.730323000181443 32.533553999940239,-11.727901000051475 32.535659999892857,-11.724348999993026 32.537993999563639,-11.721920000439695 32.541302000065741,-11.720669000329449 32.544426000179897,-11.719587999961789 32.546485999810727,-11.719727000073931 32.548926999917228,-11.719287999622621 32.550929999618518,-11.718911000230662 32.553261000050327,-11.718399000011573 32.555450000231694,-11.717904999722919 32.558089999618858,-11.716796999909263 32.559898000223882,-11.714257999781921 32.557419000164316,-11.712544999958823 32.555977000242876,-11.709821000296813 32.556503000208011,-11.706121999757386 32.5571630000548,-11.703698999581318 32.559082000380556,-11.702074000217408 32.561142000011387,-11.701281999681839 32.563606000278803,-11.701701000110518 32.565368999708767,-11.703712000180587 32.566302999595507,-11.705792999880089 32.567875000113588,-11.708029999576127 32.569663999842753,-11.706964999945967 32.569369999780179,-11.704966999575845 32.5691070002473,-11.702696000111189 32.570515000400064,-11.70058199978979 32.572369000427557,-11.699742999785599 32.574794999842595,-11.699032000285854 32.576813000235347,-11.698085999845944 32.579276999603394,-11.696724000014967 32.580853000305865,-11.695196999772577 32.581806000169131,-11.692774999642609 32.583405000133155,-11.691231000415257 32.585335000066664,-11.690120999610087 32.587295999630555,-11.688749000217397 32.589190999749349,-11.68718700016035 32.591194000349958,-11.684974999818053 32.592594000133943,-11.683186000088938 32.591609999741024,-11.681276000178002 32.587311000322018,-11.679921999816429 32.585167000416334,-11.678626000329869 32.584816000424269,-11.675178999715627 32.585391999996197,-11.672394999985784 32.583613999874785,-11.670113000014055 32.580521000290275,-11.668272999732608 32.577534000196067,-11.665844000179275 32.574283999669603,-11.664663999744619 32.572490999756099,-11.662264999775573 32.571086999787667,-11.659739000247441 32.570202000361007,-11.657577000411379 32.569579999567907,-11.65488899971092 32.56854999975252,-11.653032999591231 32.565945000180079,-11.650976000098694 32.564011000062116,-11.650340999605644 32.561210999594778,-11.649576000314653 32.557846000062455,-11.649336000043375 32.554267999704848,-11.649493000085954 32.551364999885436,-11.649136999863344 32.547958000215772,-11.649682999851052 32.545020999728422,-11.648891000214801 32.543250999975719,-11.647424000040246 32.541847000007351,-11.644835000306045 32.54011500020772,-11.642597999710688 32.538811000352325,-11.640796000281568 32.537933000349028,-11.638334000106397 32.538196999928061,-11.635152000016546 32.539206999720818,-11.633208000336992 32.540744999570961,-11.631393000308661 32.540256999558835,-11.628868999973406 32.538052000438597,-11.62731899957015 32.535598999778927,-11.625451999842767 32.533752000074166,-11.624182999802144 32.532668999614259,-11.621783999833042 32.532837000163909,-11.619686000249203 32.532321999806527,-11.617270000395763 32.529213000383777,-11.614307999655352 32.527184000383329,-11.612062000443757 32.526099999877317,-11.60970899989718 32.524078000199552,-11.608954000167785 32.52246899977456,-11.61099599986818 32.520023000336892,-11.610665999944786 32.518527999770981,-11.609072000211254 32.517451999633749,-11.606393999971715 32.515221000214353,-11.604038000186165 32.513102999708565,-11.603374000154986 32.51067700029347,-11.6023850004309 32.509373000438131,-11.598737999590526 32.507209999656652,-11.595514000262595 32.505649999691741,-11.59373900027947 32.503960000029508,-11.592587000236222 32.501385000041353,-11.591117999969526 32.500137000069401,-11.587923000179728 32.499065000116616,-11.585950000062724 32.497325999994302,-11.584869999741102 32.494723999660835,-11.583581999723947 32.491734000327654,-11.581360999866149 32.489685000304576,-11.579982000150835 32.487639999566511,-11.578278999889392 32.486713000002453,-11.576060000123789 32.487129000292896,-11.5740799996841 32.485668000394924,-11.571265000323876 32.48465000023333,-11.568912999823397 32.485703000209639,-11.567168000323818 32.487694000257079,-11.565427000109308 32.486552999821583,-11.56348000029152 32.483664999794314,-11.56173900007701 32.481132999989654,-11.560341000385165 32.478667999676134,-11.558202999856803 32.478912000131857,-11.55574299977377 32.482059000406935,-11.554618000075777 32.482943999833594,-11.5522410002215 32.481009999715695,-11.550773000000902 32.479155999688203,-11.549729000439411 32.477714999812861,-11.547998999832657 32.477229999939084,-11.545383999799299 32.476989999667751,-11.543069000104992 32.476409999911425,-11.540752000318548 32.476166000355022,-11.53852700027636 32.475327000350831,-11.535630999880311 32.473418999632827,-11.533076999960826 32.471577000158504,-11.531717000222045 32.468852999597175,-11.529731999551871 32.467315999793186,-11.528019999774813 32.463298999883534,-11.523915000305292 32.461514000338752,-11.522058000139566 32.457282999557663,-11.519853000120007 32.455601000264267,-11.518547000172418 32.454787999659914,-11.516193999625841 32.453540999734116,-11.513929999584489 32.450747999589396,-11.512008000019762 32.449546999985387,-11.509780999885379 32.449165000362939,-11.507646000394629 32.448437000079537,-11.504777000343836 32.447547999569167,-11.501926000223534 32.446227999875589,-11.499817000132623 32.44340099996225,-11.497460000300919 32.440952000386289,-11.496542000252418 32.43790800036254,-11.496418999978459 32.435245999961182,-11.496648999788817 32.432826999969507,-11.497087000194028 32.43012200028403,-11.497245000282703 32.427078000260281,-11.496180999799321 32.426098000051688,-11.494297000187601 32.424178999725939,-11.493054000446191 32.422146000440421,-11.492933000264429 32.419117000208757,-11.493949000333771 32.417072000370069,-11.495093000008296 32.41453600038102,-11.493949000333771 32.412441000036097,-11.492533999858324 32.410777999819857,-11.491300999678515 32.410775999727662,-11.491299999632417 32.40808099960384,-11.491068999775962 32.4046400001655,-11.492137999590511 32.402503999729277,-11.492359999931409 32.400093000106381,-11.490852999711649 32.397727999905896,-11.489302000161613 32.395190999870749,-11.489985000169325 32.393467000439898,-11.491092999982982 32.39086900029082,-11.492345000139267 32.388438999792072,-11.490612000293538 32.38474999971362,-11.487989999937495 32.382263000184651,-11.484938000444288 32.379730000333893,-11.482815999754109 32.377200999768142,-11.481372999786572 32.375033999701593,-11.48016499985988 32.372947999771611,-11.479327999947884 32.370566999732944,-11.4773879995534 32.367069000365056,-11.475491000241732 32.365245999967954,-11.474156999902789 32.362727999909275,-11.472334000404999 32.36055400041937,-11.470447999801763 32.358588999771825,-11.469357999918486 32.355404000443002,-11.467695999748344 32.352165000423611,-11.466323000309615 32.348961000218992,-11.465366000261952 32.346572999857642,-11.464646000347329 32.343955999732032,-11.463999000200488 32.341636999853392,-11.463324999708334 32.339232999653802,-11.463309999916191 32.339231999607705,-11.463309999916191 32.336811000423154,-11.463050999668383 32.334080000438462,-11.462303000261727 32.332698999731633,-11.46084399955663 32.331099999767616,-11.458858999785775 32.328979000022855,-11.458601999630105 32.327633000030055,-11.461013000152377 32.326019000273959,-11.462303000261727 32.326017000181764,-11.462303000261727 32.323460000123987,-11.462061999944295 32.320762999907913,-11.460969999968881 32.318993000155274,-11.458596000252838 32.31579600027333,-11.458110000332965 32.313731999558797,-11.45822200009985 32.310883000429953,-11.457807999901661 32.308659000433863,-11.456059000217692 32.306376999562815,-11.454803999923115 32.304066000052948,-11.453931000150249 32.301017999844817,-11.454873000405767 32.298817000009649,-11.453213000327821 32.296863999915217,-11.45168900022378 32.294044000324561,-11.451754999668879 32.292182999974386,-11.453658000156395 32.290774999821622,-11.455815999808067 32.289322000292429,-11.457206000030453 32.287105999765799,-11.458664999836229 32.28383299997779,-11.459443999772589 32.281303000265268,-11.459764000134328 32.278678999816968,-11.460354000351685 32.276393999707011,-11.461018000382865 32.274124000288445,-11.461916000408792 32.271789999718351,-11.462715000367723 32.269756000386678,-11.463361999615243 32.267021000217653,-11.465561000257594 32.2649380004259,-11.467264999665815 32.262791000381981,-11.467892999836181 32.259749999597204,-11.466781999884233 32.256912000076106,-11.465888000042694 32.254498000314861,-11.465267000195013 32.25038100029218,-11.465862999789579 32.247009000437231,-11.467047999555405 32.244312000221214,-11.467566000051077 32.240474999615742,-11.468035000086616 32.238173999667481,-11.468516999822157 32.23612200040543,-11.468149999991795 32.23352100011806,-11.468558999959553 32.231032999643674,-11.468272000219656 32.226833000291606,-11.466859999882445 32.225037000239745,-11.464566000256923 32.224430000138113,-11.462430999866795 32.222992000401064,-11.458728000042356 32.222430999721894,-11.456537999814884 32.221866999803751,-11.453742000431248 32.221603000224775,-11.451516000342961 32.221358999769052,-11.448549000271328 32.221447000228295,-11.44523000016153 32.221954000216897,-11.442545999645461 32.223430999953052,-11.438697000285458 32.224102000306914,-11.436701000007531 32.224593999604053,-11.434541000263664 32.223273999910475,-11.432446999964839 32.221951000078597,-11.429748999702722 32.221039000306632,-11.427730000163194 32.220992999984844,-11.424356000216051 32.221172000142246,-11.421833999973046 32.221096000236173,-11.418613999930187 32.221202999772572,-11.413756999970246 32.2219619996863,-11.408415000136586 32.222347000346417,-11.40507900014245 32.223690000200861,-11.399366000294037 32.224872999874492,-11.397045000323146 32.22650899974542,-11.393984000415115 32.227909000428781,-11.391329000336441 32.229214000330273,-11.388781999840319 32.229893000153595,-11.386422999916476 32.230758999603722,-11.383052000107625 32.230823999902043,-11.380592000024592 32.230624999722011,-11.376919999830477 32.230700999628084,-11.374026000425943 32.231036999828063,-11.370752999738611 32.230988000267303,-11.368356999907803 32.231300000260262,-11.366060000143989 32.231914999831361,-11.363584000222716 32.232970999945962,-11.36078399975537 32.234776000412694,-11.357522999621153 32.236709999631273,-11.355294000293952 32.238879999836115,-11.352920999724688 32.239708000232554,-11.349260000037646 32.240429000193274,-11.346224000382676 32.240886999721738,-11.342796999791062 32.240554999706148,-11.340634999954998 32.240471000330672,-11.33689999955476 32.241431999663405,-11.334261000213701 32.241577000052132,-11.332226999982707 32.242481000354644,-11.328221999726907 32.242657000373754,-11.325916999594313 32.24289699974571,-11.323773999734783 32.243664000028218,-11.319879000052993 32.244370000196852,-11.31745599987687 32.245720000373979,-11.314864000004377 32.246597000331235,-11.312804000373546 32.247130999765773,-11.310807000049522 32.247813999773484,-11.307435000194573 32.248604000216851,-11.305195000360243 32.249760000444553,-11.303089999554402 32.251422999761473,-11.299829000319562 32.251858000028392,-11.29726199980081 32.252254000296205,-11.295219000054315 32.252331000248319,-11.293201999707662 32.251540999804888,-11.290179999798738 32.250331999832099,-11.286568999718554 32.248473999620273,-11.2831989999558 32.247889999679501,-11.281036000073641 32.247130999765773,-11.278484000246351 32.245857000393983,-11.274701000331447 32.245078999604402,-11.272049000391121 32.243575999569032,-11.270045999790511 32.242354999942393,-11.266868999931148 32.240368000079343,-11.264088000339598 32.238750000138786,-11.262011999971207 32.239036999878692,-11.259841999766364 32.239807000299493,-11.256760999835706 32.239985999557575,-11.254237000399826 32.239829999561039,-11.251407000348138 32.23963200032648,-11.248484999652931 32.239262000357883,-11.24439600002165 32.239306999734254,-11.240913999592692 32.24029200017327,-11.237343999603807 32.241336999780799,-11.235084999793001 32.242392999895401,-11.232329999601291 32.241772000047717,-11.228900999816801 32.241936000413034,-11.226124999556419 32.243037999950104,-11.22169600044009 32.243435000264014,-11.218829999628268 32.244175000201203,-11.216724999721748 32.245228000177519,-11.214149999733593 32.247424999828354,-11.212420000026157 32.24990499993396,-11.212072000172327 32.252379999809079,-11.211817000108908 32.254737999686874,-11.21101800014992 32.256794000032642,-11.211159000354314 32.25904799961296,-11.209807000084934 32.261180999910891,-11.20794100040365 32.263252000048738,-11.206589000134272 32.265426999584747,-11.204766999783258 32.26606800035438,-11.202227999655918 32.26606400016999,-11.199740000080794 32.2658389996908,-11.196095000231992 32.2678109997617,-11.19322400008906 32.269619000366731,-11.191546000080677 32.271266999891509,-11.188919000393412 32.27187299994705,-11.185862999816493 32.27172500031935,-11.183683000050053 32.27172500031935,-11.17925199994221 32.272242999915647,-11.176982999670372 32.272002999644371,-11.174666999930025 32.270088000402268,-11.169191000214653 32.269835999577822,-11.166540000320424 32.268962999805012,-11.164068999730318 32.26750600009143,-11.16034900002154 32.26638399963241,-11.156809999663039 32.265410999746564,-11.154663999665217 32.264361999954588,-11.152825000329187 32.263419999699067,-11.149431000359414 32.263512000342701,-11.146880999724999 32.264296999656324,-11.142967000066676 32.26686100003672,-11.141310000127021 32.267410000162783,-11.138561000211951 32.267567000205361,-11.136146999551386 32.268539000045109,-11.13388799974058 32.270084000217878,-11.131731000135005 32.272063999758295,-11.128615000389573 32.272708999812949,-11.126681000271674 32.274765000158709,-11.123294999771359 32.276980999786012,-11.12073100029022 32.278904000296166,-11.118176000324638 32.28144499961644,-11.115433999832874 32.282115999970301,-11.111627999757104 32.282978000135358,-11.108365000430069 32.283355999573409,-11.106232000132138 32.28405799955766,-11.103890000092576 32.284476999986339,-11.101820000000828 32.290531000265219,-11.096860999835656 32.294345999856546,-11.093603999885886 32.374194999697409,-11.035437000364311 32.324878999884504,-10.971921999833112 32.321048999601715,-10.969696999790926 32.319225000057827,-10.968707000020743 32.317589000186835,-10.965611000297939 32.317535000395594,-10.963323000049625 32.317618999771128,-10.959189000142658 32.318339999731847,-10.955175000371298 32.319255999688153,-10.951578000037159 32.31963299997949,-10.949354000041069 32.320492000006254,-10.947158000436332 32.321734999747719,-10.945034999700113 32.324383000402968,-10.942499999757104 32.326823999610156,-10.940054000319435 32.332992999794214,-10.937671000188573 32.342517999994982,-10.936297999850524 32.360499999728802,-10.919867999712833 32.359134999759533,-10.914247999654776 32.361053000039192,-10.911673999712718 32.362679000348521,-10.908999999657567 32.364140000246493,-10.906389999854639 32.366645999751995,-10.902287999624093 32.367663999913525,-10.899958000137701 32.368195000109154,-10.897933000321585 32.368019000090044,-10.892433000399194 32.368033999882186,-10.889104999874519 32.368499999779431,-10.885271000306716 32.368916000069873,-10.881554999882951 32.369255000408145,-10.878977999802601 32.370575000101724,-10.874738999552051 32.3728139998899,-10.870311999628598 32.373160999697632,-10.866640000333803 32.373515999874144,-10.86354799989607 32.374908000188718,-10.859218999993459 32.376587000243141,-10.856138000062742 32.377838000353393,-10.854558000075258 32.379771999571972,-10.853068999785933 32.381916000376918,-10.851518000235899 32.383971999823359,-10.849730999699602 32.386172999658584,-10.846778000273332 32.388016000078267,-10.845489000210078 32.392066999756537,-10.844320000282492 32.394630000090899,-10.84237200041855 32.396281999800124,-10.839445000392175 32.396740000227908,-10.835818999620585 32.397937999693681,-10.8338139998271 32.399429000075202,-10.831700000405021 32.401035000361901,-10.829632000405411 32.400264999941101,-10.826808999777143 32.397021999737319,-10.822180999581462 32.397017999552929,-10.819647999730705 32.395774999811522,-10.817357000243419 32.39334900039642,-10.816665999866984 32.389660000318031,-10.814316000357961 32.387608000156661,-10.812385000378356 32.385506000388432,-10.810527000166473 32.383026000282769,-10.808288000378296 32.381747999827269,-10.806467000073324 32.381111000141402,-10.804511999886754 32.381339999905656,-10.80179999987854 32.370228000293991,-10.79130399988412 32.365729999795633,-10.792009000006601 32.360476999567936,-10.789293999860149 32.358189000218943,-10.78765199971258 32.355761999858487,-10.785947000258261 32.35322599986938,-10.784276999719339 32.352825000270457,-10.782024000185118 32.35211199977914,-10.778704000029222 32.351920999967945,-10.776260999830527 32.349781000246651,-10.773290999620599 32.346504000274251,-10.769294999779675 32.346191000235194,-10.766345999638474 32.344638999739743,-10.764470000395534 32.343135999704373,-10.761654000089948 32.342536999971514,-10.759191999914719 32.341189999932624,-10.754614000225274 32.338135000301122,-10.750916999778042 32.336131999700513,-10.748786999618458 32.334663000333137,-10.745483000200068 32.334248000088792,-10.719950000428582 32.330745999637202,-10.717617999950676 32.324855999723582,-10.713879000265422 32.318988999970884,-10.711035999614523 32.315655000068944,-10.709209999978441 32.311733000041897,-10.707085000049288 32.309131999754527,-10.705162000438463 32.307037000308981,-10.704044000163833 32.303630999786037,-10.701450000199143 32.301440999558565,-10.699627999848076 32.299294000413965,-10.697859000141534 32.297389999880295,-10.695503000355982 32.294852999845148,-10.692838999862488 32.293278000088094,-10.691079999717545 32.291396999715346,-10.686101999575897 32.289657999593089,-10.683546999610313 32.28866200044564,-10.68044300041805 32.287449000288461,-10.676116999754411 32.285682999820835,-10.673001000008979 32.28493100022979,-10.666714999827548 32.284790000025396,-10.664245000182916 32.284530999777587,-10.661838999891131 32.284530999777587,-10.659216000388312 32.284701999566209,-10.657000999907723 32.286170999832962,-10.653259000084176 32.287022000390266,-10.651243999829717 32.28860100033171,-10.647621000095683 32.291339999785805,-10.639811999856306 32.292427000430109,-10.637444999563682 32.295066999817259,-10.633418000092377 32.296161999930973,-10.631728999576977 32.297606999990705,-10.629751000128749 32.299232000253937,-10.627773999827355 32.300727999966625,-10.626430999972854 32.302318999561919,-10.625068000095778 32.305809000359652,-10.622534000198925 32.308689000018148,-10.620705000424492 32.311477999978479,-10.618919999980449 32.313270999891984,-10.617584999595406 32.315441000096818,-10.614786000073421 32.316604999793924,-10.613115000387721 32.31852700025803,-10.610244000244791 32.32129700024182,-10.607445999869583 32.322730999794487,-10.605893000227354 32.325550000238366,-10.603638999747716 32.327098999696204,-10.602086000105487 32.329150999857575,-10.600398999682227 32.331535000034535,-10.598350999705247 32.333199000296872,-10.596717999972611 32.336116999908427,-10.59419200044448 32.339763999849424,-10.591884000173593 32.341689999598543,-10.590621000409556 32.346419999999455,-10.586987000168449 32.348540999744216,-10.58538099988175 32.351482000415956,-10.583786000102123 32.353557999884963,-10.582931000259691 32.356121000219332,-10.581886999798938 32.358173000380702,-10.581049999886943 32.362286000219001,-10.580152999907114 32.365359999827035,-10.579555000220353 32.368061000227442,-10.578374999785694 32.370765999912919,-10.576290999947901 32.373496999897611,-10.573962999654384 32.376346999971872,-10.571481000355845 32.377975000373333,-10.568462999731992 32.379382999626841,-10.565328000010027 32.380454999579683,-10.561693999768975 32.380729999665732,-10.55733500028208 32.380688000427647,-10.553535999629673 32.380729999665732,-10.551067000031081 32.382263000184651,-10.548211999726389 32.386436000090782,-10.54487399964006 32.38880499957628,-10.544227000392482 32.392165999823533,-10.544044000050746 32.395157000102131,-10.544094999703702 32.39725899987036,-10.543167000093547 32.399947999717597,-10.540639999619998 32.401511999866898,-10.539222999951676 32.404346000102919,-10.536487999782594 32.40630300038174,-10.5349530000708 32.408112000133485,-10.533915999932674 32.411625000192828,-10.532258999993019 32.413517000173329,-10.531466000310616 32.418876999937424,-10.527235000428902 32.421504999670788,-10.526190999968094 32.423472999557362,-10.525199000105715 32.425719999714318,-10.523963999833768 32.42907699977718,-10.522098000152425 32.431945999827917,-10.520674000161421 32.435780000295097,-10.518917000108672 32.437835999741537,-10.517943000176729 32.440735000275879,-10.517044000104704 32.447528999592635,-10.513818999831358 32.450375000381825,-10.512411999724691 32.45248000028834,-10.511250000119787 32.454666000331422,-10.510692999625007 32.459095000347077,-10.508899999711444 32.463023999797478,-10.507929999963835 32.468097999867837,-10.505857999779892 32.472072999640027,-10.50484299975659 32.475707999927181,-10.503781000264723 32.479175999710833,-10.502964000375357 32.483322000170965,-10.500709999895719 32.485062000339383,-10.49951000033775 32.487880999883942,-10.498175999998807 32.492157000041402,-10.49531500031685 32.494418999990501,-10.494261000294443 32.497050999908254,-10.494074999814359 32.50003099967978,-10.494396000222196 32.503670000151367,-10.494140000112678 32.507762999967042,-10.492028999929573 32.518569999908379,-10.483553000420043 32.521670999861669,-10.480075000175418 32.524349000101211,-10.478016999737463 32.527678999818761,-10.475425999911067 32.529819000439318,-10.473827999993146 32.533794000211572,-10.470912999620566 32.536392000360649,-10.469370000439312 32.538424999646168,-10.46831400032471 32.543083000325396,-10.465599000178258 32.54544799962656,-10.465040999637381 32.54712300039597,-10.466508999858036 32.55001100042324,-10.46606099989117 32.551468000136765,-10.464372000275034 32.553402000254721,-10.462810000217928 32.555485000046417,-10.461726999758071 32.557709000042507,-10.460445000017501 32.560241999893265,-10.458585999759578 32.56231300003116,-10.457078000393039 32.564448999568015,-10.456584000104385 32.568259999874329,-10.456652999687719 32.571232000176394,-10.456412000269665 32.572837999563767,-10.457915000305036 32.574107999650494,-10.46016999993145 32.576720999591714,-10.460544000084438 32.57720899960384,-10.456572999597313 32.579513999736434,-10.455654000401978 32.582030999749009,-10.456325999902617 32.583736000102647,-10.457567999597984 32.587021000443826,-10.457762999593568 32.589787000243234,-10.457558000036329 32.594135000122378,-10.457137999561553 32.596721999764384,-10.458624999758683 32.598698000019681,-10.46005600007237 32.605262999572233,-10.454846000028169 32.606976000294651,-10.452081000274859 32.609225999690636,-10.449667999660392 32.610939000413055,-10.447789000279158 32.612193999808312,-10.445962999743756 32.614132000110601,-10.444220000336371 32.616092999674493,-10.442595000073197 32.61845399969053,-10.441232000196065 32.620540999666673,-10.440826000366656 32.623759999663434,-10.440858000043077 32.626826999848106,-10.441404000030786 32.628974999938123,-10.441342999916856 32.628032999682603,-10.437000000268199 32.626659000197776,-10.434367000304405 32.625983999659525,-10.432041000103084 32.626129000048252,-10.429960999550303 32.627643999737472,-10.427756000430065 32.63095899966288,-10.425779000128671 32.633854000012832,-10.42401899993763 32.636542999860126,-10.422402000043178 32.638881999761338,-10.421058000142637 32.641303999891356,-10.419984000097598 32.642868000040664,-10.417715999871916 32.644253000032563,-10.416052999655676 32.64672899995378,-10.414799000306459 32.649161999691501,-10.414177000412735 32.811107999576336,-10.313242999893191 32.814326999573098,-10.312278000376125 32.81784399981683,-10.311093999757077 32.821300999992729,-10.310653000112893 32.82373799991484,-10.310799999694495 32.826426999762077,-10.310953999598837 32.83195099989149,-10.312802000249008 32.834910999640385,-10.31589799997181 32.837307000370515,-10.317743999630522 32.849212999710687,-10.324714999911862 32.851047999761647,-10.326252999761948 32.855128999923465,-10.327295000130505 32.859374999597378,-10.327206999671318 32.86169400037533,-10.327605000031326 32.865680999801384,-10.327788000373062 32.869335000065064,-10.326802999934046 32.872066000049756,-10.326126000202919 32.874125999680587,-10.325874000277793 32.87786500026516,-10.32601100029774 32.881554000343606,-10.327297000222698 32.883736000202305,-10.327614000446145 32.887233999570185,-10.328374999552807 32.889731999606227,-10.328837000164981 32.894501000006244,-10.328901999563982 32.897003000226675,-10.329183999972713 32.899582000399221,-10.330125000182136 32.901943000415315,-10.331563999965283 32.90412100008956,-10.333101999815369 32.90757800026546,-10.335400999671435 32.910622000289202,-10.336939000420839 32.9142300002311,-10.337835000354573 32.917029999799183,-10.338152999724796 32.921043000423708,-10.339239000323005 32.924297000235242,-10.342479000388494 32.926726999834671,-10.344006999777605 32.929680000160261,-10.34652299974408 32.933768999791539,-10.348196999568016 32.937092000085727,-10.350485999862428 32.939751000348735,-10.352839000409062 32.942554000055104,-10.355814999996198 32.944732999775511,-10.358329999916577 32.947539999666219,-10.359343999893781 32.95164099985066,-10.359624000210315 32.954475000086688,-10.358420999614737 32.955917000008128,-10.356323000030898 32.957111000188824,-10.353093999573161 32.959266999748309,-10.35086100006157 32.96176499978435,-10.350326999727656 32.964741000270806,-10.347948999827279 32.967734999788377,-10.345822999852032 32.969990000314112,-10.344114000213322 32.971920000247678,-10.341735000266851 32.972377999776143,-10.339709000404639 32.972500000004004,-10.335503999922764 32.974715999631314,-10.33349499994489 32.977843999929917,-10.33239200036172 32.979926999721613,-10.331125999560072 32.981689000004849,-10.329922999863868 32.985790000189297,-10.329334999738705 32.988471999713845,-10.331641999963551 32.991661000126385,-10.332908999911979 32.994868999616074,-10.333233999604884 33.0002779998403,-10.333243000019763 33.002875999989385,-10.334319000156995 33.006244999706041,-10.335704000148894 33.008068000103151,-10.336788999801627 33.009948999576579,-10.339294000160351 33.01240200023625,-10.341726999898071 33.01516699998956,-10.343535999649816 33.017220000197028,-10.343598999855942 33.019909000044322,-10.344703000384527 33.022312000197815,-10.346366999747545 33.023754000119254,-10.348003999664627 33.026249000017003,-10.349640999581652 33.028149000366277,-10.350337000188629 33.030044999631798,-10.351223999707486 33.033442999785962,-10.352363000050786 33.036014999635881,-10.354615000438287 33.038184999840723,-10.357354999938535 33.040260000162959,-10.360456999937922 33.044765000084681,-10.367820000302629 33.045402999816702,-10.372785999891107 33.04654700039049,-10.375481000014986 33.0476649997658,-10.380373999835738 33.047835999554422,-10.382815999988338 33.04803799987269,-10.385828000335607 33.048850999577716,-10.388206000236039 33.050021999597448,-10.390946999782329 33.051830000202465,-10.393497000416742 33.053181000425752,-10.397396000282924 33.053688000414297,-10.414599000080385 33.05570199972334,-10.417339999626734 33.060382999664171,-10.418325000065749 33.072727000308817,-10.421407000042507 33.075057999841306,-10.423224000163087 33.078732000127616,-10.424253999978475 33.082801999782419,-10.425837000104309 33.086783999877298,-10.427401000253553 33.091639999791141,-10.429588000342731 33.094051000313357,-10.430953000312002 33.096504000073708,-10.432544999953393 33.099135999991454,-10.434080999711284 33.101096999555295,-10.435184000193772 33.106617000399638,-10.434467000417442 33.109137999697225,-10.433941999599142 33.111687000285542,-10.433379999773194 33.115646000219556,-10.432881000153372 33.117752000172175,-10.43268199997334 33.123637999901405,-10.431775000431912 33.126811999622475,-10.430734000109396 33.129032000333495,-10.430488999607633 33.131680000089432,-10.430506000391233 33.134231999916722,-10.43069500011029 33.136837000388482,-10.430621000296412 33.138905000388093,-10.430004999779896 33.14182299999959,-10.430183999937299 33.144629999890356,-10.430182999891199 33.147469000356857,-10.428862000151526 33.150851999819565,-10.42864299994892 33.152682999686135,-10.429455999653896 33.1567120001489,-10.429952000034746 33.158732999780625,-10.42934399988701 33.168983000126495,-10.425296000347032 33.171467000416492,-10.424490000065418 33.175770000019945,-10.423953999639366 33.178623000232449,-10.424938000032283 33.181125999599658,-10.426419999998927 33.183589999867081,-10.428444999815042 33.185229999922399,-10.430560000182538 33.187637000260281,-10.432106000401404 33.190910000048291,-10.432654999628085 33.193259999557313,-10.432680999927243 33.196753999640123,-10.431558000321502 33.200133999863851,-10.429484000045306 33.202277999769478,-10.427592000064806 33.203666999945767,-10.425782000266963 33.20566200017759,-10.423428999720329 33.208145000421496,-10.421727000404303 33.209754999993258,-10.420170999724462 33.211597000366908,-10.418406000202252 33.214629999883641,-10.416595000358313 33.216517999679752,-10.414893000142968 33.219063000083679,-10.413343999785807 33.230572000009197,-10.416039999955728 33.208926999596827,-10.506053999821575 33.209995000264598,-10.508360000000323 33.210915000405286,-10.512094000354409 33.2119519996441,-10.51450900016175 33.213519999977791,-10.516850000155216 33.21624000035473,-10.517797999788002 33.219581999726074,-10.518365999890475 33.222133999553364,-10.518644000114818 33.224548000213929,-10.518878000109565 33.226783999863869,-10.519953000200701 33.228049999766192,-10.521561999726373 33.228129999856606,-10.527016000226297 33.228981000413967,-10.53474899966028 33.229168000040829,-10.537553000312073 33.230620999569965,-10.541839000031132 33.231933999840237,-10.543385000250055 33.233212000295737,-10.547507999649952 33.234112000413859,-10.550040000353988 33.235576999596844,-10.551974999618665 33.238894999660545,-10.576566000033949 33.237956999589414,-10.579714000355123 33.236422999923718,-10.581831999961594 33.235550000150909,-10.585088999911363 33.235165000390168,-10.587974999846438 33.234966000210136,-10.590551999926845 33.234347999601425,-10.592688000363012 33.232590000401956,-10.596741000133477 33.231811999612376,-10.599779999926739 33.231941000162919,-10.602087000151585 33.23233000010805,-10.604084999622387 33.233390999553762,-10.607549000120969 33.232590000401956,-10.611736999819186 33.231643999962046,-10.614098999881321 33.231163000272659,-10.617229000272118 33.231102000158728,-10.620801000353197 33.23072399982135,-10.626355000066837 33.23088800018661,-10.629257999886192 33.230709000029208,-10.633101999915027 33.231505999895944,-10.635064999571114 33.233237999695575,-10.636366000187479 33.236565000174153,-10.637683999788919 33.240368000111687,-10.640214000400704 33.242245000300045,-10.641993999714998 33.244156000257078,-10.643394000398359 33.242484999672058,-10.646435000283814 33.240550999554102,-10.647133000083613 33.238495000107719,-10.648129000130382 33.238158999907739,-10.650887999607164 33.238936999797993,-10.652850000116416 33.239776999848232,-10.658024000299802 33.239226999676134,-10.662176000137206 33.238068000209523,-10.663841000445643 33.237746999801686,-10.66584900037742 33.237414999786097,-10.668372999813357 33.239769000378828,-10.669464999788772 33.239737999849126,-10.674766000430452 33.239918000052626,-10.677841000084584 33.238059999840743,-10.679272000398269 33.236855000052344,-10.685061000152757 33.239586000037036,-10.687473999867848 33.242469999879916,-10.691225000106327 33.242863000009436,-10.694038000273622 33.242682999805936,-10.696950999654689 33.242085000119175,-10.701030999770408 33.241108000048882,-10.703861999868138 33.241725999758273,-10.70676499968755 33.242691000174716,-10.70859999973851 33.244938000331672,-10.711275999885856 33.245518000088055,-10.713906999757455 33.245395999860193,-10.717237000374325 33.245380000021953,-10.719876999761539 33.245598000178511,-10.723459000303535 33.246524999742576,-10.725809999858654 33.247063000260823,-10.728287999872066 33.248511999605618,-10.72992399974305 33.248961999664679,-10.733125999855474 33.247841000151077,-10.735225000384728 33.247249999887686,-10.739105000274378 33.247471000182486,-10.741410999553807 33.248528000343185,-10.743246999650808 33.247730000430295,-10.746105000093849 33.246574000202649,-10.749680000313219 33.246314999954848,-10.753017000353395 33.246951999640714,-10.756173000144088 33.247963000378945,-10.75895799991997 33.248576999903946,-10.761101999825655 33.247771999668373,-10.76438500007464 33.248317999656138,-10.766474000142921 33.249466000414316,-10.770281000264788 33.248821000359669,-10.772507000353073 33.248786999691674,-10.775040000203887 33.248177000351056,-10.777626999845891 33.247661999993682,-10.780195000410743 33.246922000056479,-10.782682999985809 33.246361000276636,-10.785098999839192 33.245720000406322,-10.787252000159752 33.245742999667918,-10.791304999930219 33.246055999706982,-10.797598999581055 33.245532999880197,-10.80039399981797 33.245224000025473,-10.803036000196641 33.245025999891595,-10.805695999606428 33.244862000425655,-10.807821000434899 33.245014000237745,-10.811059000408191 33.245124999958534,-10.813273999989406 33.246348999723466,-10.815742000441162 33.248566000296194,-10.817721999981586 33.262783000045545,-10.81374800025543 33.263854999998379,-10.811812000045336 33.264561000166964,-10.809856999858708 33.267452000332526,-10.808264000171278 33.269160999971234,-10.805612000230949 33.268027999904461,-10.803053000080977 33.266434000170925,-10.799898000336441 33.266459999570827,-10.79760900004203 33.267676999912396,-10.794470000135732 33.269672000144219,-10.792143999934353 33.272647999731362,-10.790892999824166 33.276054000254298,-10.789886000169645 33.279864999661243,-10.788136000439636 33.281619999621796,-10.786225999629378 33.285266999562786,-10.780580000171483 33.286769999598164,-10.776788999887797 33.28923800004992,-10.774759999887351 33.293182000191791,-10.772178999622554 33.295425000164414,-10.771959000273169 33.29751999960996,-10.772391000401797 33.300423000328692,-10.772271000266187 33.306858000183915,-10.771730999655688 33.309558999685009,-10.771493000375926 33.31183999961064,-10.771653999703574 33.31655100003502,-10.772552999775542 33.326641000200027,-10.774940000090794 33.329548000203829,-10.775841000255014 33.332461999630937,-10.775204999715925 33.333987999827229,-10.777446999642393 33.337600999999609,-10.777325000313908 33.340232999917305,-10.777177999832929 33.340397000282564,-10.780007999884559 33.340294000031236,-10.782603999941443 33.342800000436057,-10.7869790001659 33.345936000204119,-10.786757999871099 33.349003000388734,-10.78766000008136 33.351737999658496,-10.787992000096949 33.354382000129362,-10.788295999721186 33.35681499986714,-10.788799000424717 33.360435000362145,-10.793443999605357 33.361907999913967,-10.796038999616144 33.364079000164907,-10.797148000375216 33.366169000279285,-10.796621000364041 33.368004000330238,-10.795307000047671 33.369979999686215,-10.794870999734655 33.372894000012707,-10.796360000024038 33.374331999749757,-10.798401999724433 33.373760000362154,-10.801468999909048 33.373955000357789,-10.806018000060362 33.373909000036008,-10.808233999687729 33.374312999773224,-10.811570999727904 33.375103000216654,-10.813985000388469 33.377304000051822,-10.814733999841224 33.379992999899109,-10.814025000433674 33.382445999659467,-10.81468200014217 33.383553000326344,-10.816407999665216 33.385895000365906,-10.817997000067635 33.387595999635835,-10.819524000309968 33.389922999883254,-10.820795999589562 33.392550999616617,-10.821688000238225 33.396323999969859,-10.821610000240012 33.398647000032895,-10.823127000021371 33.401382000201977,-10.824452999991534 33.403731999710942,-10.823554999965664 33.407123999588521,-10.822247999971978 33.412251000303343,-10.819754000120327 33.415648999558186,-10.817948999653652 33.418510000139456,-10.81582000043943 33.421459000280663,-10.811645999587881 33.424129000151424,-10.80968900020838 33.427490000398613,-10.811709999840105 33.430256000198028,-10.811724999632247 33.43333099985216,-10.809051999623193 33.435490000449249,-10.807556999956601 33.438285999832942,-10.805110999619615 33.441577999597428,-10.802058000080308 33.44969899982982,-10.795444000067675 33.454624000226318,-10.791791999896189 33.456005000033826,-10.79026100036873 33.459076000402888,-10.78885500030816 33.462078000289239,-10.787420999856179 33.465186999711989,-10.785253999789632 33.467503000351655,-10.78290000009622 33.469520999845088,-10.780481000104544 33.472487999916666,-10.777464999572826 33.474873000139723,-10.777171999556344 33.477656999869566,-10.775240999576738 33.47958799984923,-10.772687999703351 33.481852999936621,-10.770451000007313 33.483360000156381,-10.7684399999373 33.485064999610699,-10.76678199995149 33.48730500034435,-10.764634999907571 33.489261999723794,-10.762931999646128 33.492645000085815,-10.760746999649143 33.496051999755537,-10.759619999858954 33.498298999912485,-10.759344999772907 33.502323000144827,-10.75811699982364 33.504874999972117,-10.757316999818556 33.508635999772196,-10.755764000176327 33.514586999799747,-10.754127000259246 33.517857000348783,-10.753036000329928 33.520706000376947,-10.752261999724738 33.524258000435395,-10.751929999709146 33.527011999681626,-10.75135600022935 33.530307999630566,-10.750925000146822 33.533653000039521,-10.750495000110391 33.536433999631072,-10.746709000057194 33.541245000168544,-10.744122999561966 33.545464000396464,-10.742288999557104 33.547817000043715,-10.741198999673827 33.55287600032193,-10.738730000075293 33.555007999674444,-10.737260999808541 33.556732000004615,-10.735711000304605 33.559184999764909,-10.734342000150946 33.561344000361998,-10.732772999771157 33.563408000177219,-10.730264000127363 33.564678000263939,-10.728642000002479 33.56625400006709,-10.726677000254199 33.569305000413522,-10.722809000018401 33.571484000133921,-10.719349999750307 33.573318000138777,-10.716895999943857 33.575230000141858,-10.714016000285369 33.576561000342508,-10.71171700042936 33.578223999659429,-10.705598999898257 33.580475000000831,-10.702954000280613 33.582457999679491,-10.701006000416669 33.584675000252219,-10.697863000325924 33.586510000303178,-10.695435999965468 33.588817999674745,-10.69330599980583 33.590977000271891,-10.691656000188855 33.593188999714812,-10.689671000418002 33.595145999993576,-10.687858999628588 33.597412000127122,-10.685548000118729 33.602989000001628,-10.68011999991802 33.605312000064657,-10.678432000347982 33.607872000260727,-10.675225000005071 33.611396999973913,-10.671726999737869 33.614982999800979,-10.667360999928349 33.61783199982915,-10.663528999553364 33.619385000370698,-10.661302000318301 33.620852999691976,-10.65900100037004 33.621806999601347,-10.657054999698969 33.623019999758526,-10.652647999798146 33.621795999993594,-10.647079000292365 33.62275300004125,-10.642781000020136 33.623051000288221,-10.639569000346057 33.622432999679518,-10.637572000022033 33.622474999816916,-10.632416999815121 33.623112000402159,-10.629348999584408 33.624057999942686,-10.625747999965199 33.625922999577938,-10.624024999681124 33.627101999966499,-10.61916599962899 33.627827000111608,-10.615104000342967 33.628944000340077,-10.613020999651951 33.6314350000535,-10.610817999724588 33.633530000398366,-10.60909600038593 33.635181000061436,-10.606641999680164 33.636997000135864,-10.604005999578019 33.638733000119885,-10.601831000042068 33.640834999888114,-10.599719999858962 33.64457699971171,-10.597712999973282 33.647254999951258,-10.596305999866559 33.649582000198677,-10.594356999956517 33.651165000324454,-10.592851999828952 33.652755999919691,-10.591239000118888 33.655006000214996,-10.589542000134031 33.657558000042286,-10.592982999572371 33.659114999868905,-10.595955999920534 33.661338999864988,-10.597768999856726 33.663871999715752,-10.598813000317477 33.665767999880636,-10.599875999855442 33.66901400022266,-10.600773999881369 33.671557999681227,-10.601329000283954 33.674492000030284,-10.603058999991331 33.681248000293351,-10.603216000033967 33.685089000183893,-10.601987000038548 33.688152000184175,-10.60065099960741 33.690188999654083,-10.599424999750283 33.692993000305819,-10.597492999724579 33.695316000368905,-10.595589000090229 33.697521000388463,-10.59402800007922 33.700562000273919,-10.591805000129227 33.702949999735949,-10.590044999938243 33.706768000364889,-10.586572999970201 33.70944599970511,-10.583383999557725</coordinates></LinearRing></outerBoundaryIs></Polygon>
  </Placemark>
  <Placemark>
	<name>Chongwe</name>
	<Style><LineStyle><color>ff0000ff</color></LineStyle><PolyStyle><fill>0</fill></PolyStyle></Style>
	<ExtendedData><SchemaData schemaUrl="#COMACO_Distircts_Zambia">
		<SimpleData name="Name">Chongwe</SimpleData>
		<SimpleData name="OBJECTID_1">35</SimpleData>
		<SimpleData name="OBJECTID">36</SimpleData>
		<SimpleData name="ID">0</SimpleData>
		<SimpleData name="DISTRICT_N">0</SimpleData>
		<SimpleData name="PROVINCE">Lusaka</SimpleData>
		<SimpleData name="Shape_Leng">5.84208289952</SimpleData>
		<SimpleData name="Shape_Le_1">5.84208289635</SimpleData>
		<SimpleData name="Shape_Area">1.03033510523</SimpleData>
	</SchemaData></ExtendedData>
      <MultiGeometry><Polygon><outerBoundaryIs><LinearRing><coordinates>28.986991999710028,-14.948880999950461 28.998387999822622,-14.967253999721606 28.994800999949401,-14.984690000367037 28.993928000176599,-14.988933999948756 29.003617999889457,-14.990725999816162 29.068953999826192,-14.981608000390279 29.126035999695034,-14.973068999775307 29.128259999691128,-14.970807999872248 29.129266000198864,-14.969785000379545 29.144604000361088,-14.956925000230685 29.16327799961817,-14.941266999706727 29.207217999828739,-14.901069000219024 29.207966000134771,-14.900385000165214 29.208552000167685,-14.899879000222713 29.211021999812377,-14.897748000017032 29.214019000367554,-14.898870999622773 29.226547999647551,-14.899908999806996 29.244084000406019,-14.887512000316461 29.254817999680256,-14.876491000403007 29.255487999988016,-14.875905000370038 29.28301399989914,-14.902924000292559 29.317369999887209,-14.935729999877365 29.367115999736598,-14.982389999565612 29.400793999947439,-14.982949000152587 29.448330000446102,-14.982429999610813 29.502814000165813,-14.981829999831859 29.502766999797927,-14.97931499991148 29.502038000367744,-14.940749000110371 29.503552000010867,-14.900215000422689 29.503647999939517,-14.852262999633638 29.504492000174196,-14.819816999556508 29.509192000091499,-14.820265000422694 29.527070999573994,-14.815082999870526 29.528285999823368,-14.815154999592208 29.531811999582658,-14.821085999597129 29.537130000108672,-14.819952000383578 29.541196999625129,-14.81784200024657 29.546042999977317,-14.821610000369388 29.557494999973358,-14.824009000338437 29.573819999767522,-14.818748999788056 29.574996000017737,-14.820050000404478 29.582148999695445,-14.816799999878016 29.593969999613989,-14.815701999626015 29.597541999695007,-14.812598000433752 29.601819999944663,-14.805014999820344 29.61145599986628,-14.79363699963818 29.626106999836452,-14.786384999893526 29.634329000227918,-14.78396299976356 29.647533000046167,-14.769824000012479 29.655397000122946,-14.767745999551892 29.665762000374006,-14.764631999898654 29.678616000246222,-14.755657999916082 29.692192000125313,-14.749781999748505 29.706487999918973,-14.746315000010952 29.71755800029257,-14.739752999697371 29.731836000155848,-14.729741000429954 29.740407999594026,-14.725937999593098 29.752912999566373,-14.7224719999017 29.763585999626002,-14.718800999753682 29.76624399984297,-14.7200709998404 29.771100999802851,-14.717473999737422 29.776495000234949,-14.716572999573204 29.789372000268092,-14.718958999842355 29.793655999895009,-14.716539999850681 29.812564000046105,-14.702037000407531 29.820060000246425,-14.697888999855195 29.828381999851668,-14.695615000252246 29.834447999784402,-14.696938000084115 29.838852000446252,-14.69636699984329 29.84831699967992,-14.70368299984011 29.870460999712122,-14.697089999896205 29.880817000447621,-14.693966999828092 29.889730000316316,-14.686370000367958 29.89471499988133,-14.680160000092597 29.908606999937714,-14.665319000357329 29.910675999983425,-14.663113000291617 29.914883999704273,-14.674882999657882 29.923083999981031,-14.673162000365322 29.927229000395073,-14.67663600042556 29.940798999997522,-14.673158000180932 29.952207999810074,-14.66486400006778 29.968255000279214,-14.654836000062801 29.976467000209766,-14.65274800004056 29.979009999622178,-14.653305999682118 29.97892800033884,-14.653185000399674 29.979474000326604,-14.653113999824823 29.99945100029225,-14.650537999790513 30.000551999783223,-14.651289000234781 30.014738999948293,-14.649999000125488 30.015437999794241,-14.649935999919363 30.015154000192634,-14.651206000006082 30.017046000173139,-14.652111000354694 30.02134300039927,-14.652061999894554 30.026893999974615,-14.655656000090461 30.028748000002111,-14.656966000222383 30.031078000387819,-14.659155000403757 30.035269000224332,-14.661904000318826 30.037302000409223,-14.662792999929875 30.039644000448732,-14.663464000283739 30.0417209999639,-14.663811000091469 30.044910000376433,-14.664240000081804 30.047961999869642,-14.664599000442706 30.050406000114432,-14.665068999625021 30.052680999763478,-14.665648000234626 30.055401000140424,-14.666806999701237 30.057686000250381,-14.668994999836457 30.059237999846513,-14.672103000112427 30.060673000344647,-14.6740309999538 30.063171000380692,-14.677924000442713 30.065461999867917,-14.681196000184627 30.066218999689511,-14.683847000078856 30.065454000398461,-14.68682699985038 30.064419000352586,-14.689595999788081 30.063394999914404,-14.691483000437415 30.062586000393818,-14.693764000363048 30.062919999602283,-14.695992999690302 30.065513999566974,-14.698961999854076 30.068129999646484,-14.699980000015673 30.069630000442885,-14.697840000294434 30.072203000338902,-14.696796999879723 30.075021999883461,-14.696579999769313 30.077537999849937,-14.697577999908274 30.079158999928723,-14.698921999808874 30.08164000008048,-14.700823000204251 30.084386999903359,-14.703724999977565 30.086857000447363,-14.705328000125972 30.088995000076409,-14.704704000139996 30.091984000262809,-14.70428999994175 30.094121999891911,-14.704254000080935 30.096248999913261,-14.706340000010982 30.098795000363278,-14.708377000380208 30.101144999872243,-14.711946000322996 30.102249000400828,-14.714019999699815 30.103626000024008,-14.716286999879399 30.104766999560184,-14.718071000277405 30.106264000218289,-14.720181000414414 30.108219000404912,-14.72194800002876 30.110460000285286,-14.722842999916393 30.113900999723622,-14.724592999646461 30.116614999824034,-14.727110999705074 30.118138999928078,-14.728588000340608 30.120777000122416,-14.730677000408887 30.121542000312729,-14.732577999904947 30.123241000389783,-14.734902000014074 30.124817000192934,-14.737447000418001 30.125747999941385,-14.739833999833934 30.127213000023744,-14.741626999747497 30.129421000181594,-14.744016000154941 30.130467999881315,-14.74579400027636 30.131305999839412,-14.748242999852266 30.13230500002447,-14.750631000213614 30.134326999702235,-14.752489999572276 30.137148000238366,-14.754037999883339 30.139025000426727,-14.755394000337104 30.141252999707884,-14.757917999772985 30.143406000028392,-14.761137999815842 30.145908000248824,-14.763784000378903 30.147904999673528,-14.766229999816572 30.150124000338451,-14.768979999777796 30.151946999836241,-14.771171000051311 30.155920000415563,-14.774208999798534 30.158354000199438,-14.775607000389641 30.160616000148536,-14.777225000330189 30.163092000069756,-14.779323999960127 30.165831000423225,-14.781231999778868 30.16765199982882,-14.782225999733441 30.170514999602972,-14.782685000207382 30.179058000402335,-14.787806999792393 30.182612999699757,-14.792705999889675 30.183799999557774,-14.795122999789212 30.185242000378537,-14.797575000402787 30.187115000382502,-14.799629999803132 30.189406999915889,-14.801088999608849 30.190601000096539,-14.803280999928518 30.190077000223653,-14.805460999695015 30.190455999707808,-14.808978999984786 30.190994000226052,-14.811307000278305 30.192688000072678,-14.814444000092465 30.197034999905725,-14.816271999820742 30.199015000345408,-14.816792000408554 30.201014999908409,-14.817340999635233 30.202298999741178,-14.819036000427275 30.204159000045195,-14.821497999703181 30.205235000182427,-14.824387999822646 30.204998000049383,-14.826937000410966 30.20570000003357,-14.829247999920822 30.206930000075086,-14.832388999919319 30.208027000281046,-14.834104999880708 30.209999000351953,-14.836661999938485 30.211328999607193,-14.838973000347719 30.21197499970793,-14.841528000313305 30.212462999720056,-14.844012999750078 30.212568000063584,-14.846728999942625 30.212096999935795,-14.849975000284644 30.211731000151588,-14.852292000071145 30.211203000094262,-14.855803000038236 30.210871000078665,-14.857826999808253 30.210731999966523,-14.860241999615537 30.212002000053246,-14.865967000017122 30.212634999554723,-14.868931999996564 30.213279999609423,-14.871510000123008 30.213731999760682,-14.875557999663044 30.213661000085093,-14.878017999746019 30.212968999662504,-14.880959000417759 30.211526999741068,-14.883442999808436 30.210075000258026,-14.884930000005625 30.209291000091184,-14.887209999885156 30.20951799976325,-14.889777999550631 30.209983999660491,-14.893460000205721 30.210896000331786,-14.896411000439116 30.211931000377657,-14.90036200000435 30.211945000123706,-14.903053999989879 30.211519000271661,-14.906296000147563 30.212010999568804,-14.909255999896459 30.21102499998295,-14.913182000107952 30.208261000275737,-14.916187000132537 30.206157999562098,-14.919504000150196 30.205683000149289,-14.923428000269439 30.205735999894443,-14.926915000029565 30.206211000206565,-14.929733999574124 30.207169000300325,-14.93266799992324 30.208192999839188,-14.935734000061757 30.20881299964071,-14.937791999600391 30.209571999554495,-14.942276000352704 30.210118999588307,-14.944379000167089 30.210560000131807,-14.948083000037627 30.210623000337932,-14.950729999747468 30.21118500016388,-14.953035999926213 30.211444999558466,-14.955401000126644 30.211738999621044,-14.957469000126251 30.21303199986863,-14.960794999659413 30.214377999861426,-14.963895999612703 30.215545999742915,-14.965590000358587 30.21660199985752,-14.96841200004144 30.218815000245854,-14.974464000228124 30.219716999556848,-14.977049999824088 30.219697999580315,-14.981804999578742 30.218533999883217,-14.984884000316582 30.217654999833826,-14.98720800042571 30.217054000008773,-14.989586000326083 30.216916999988765,-14.99195599985768 30.21687099966698,-14.994986000135441 30.217407000093093,-14.996243999668991 30.215579000364755,-14.997614999914845 30.215466999698553,-14.997508000378446 30.215347999609037,-14.997107999926243 30.214932000217914,-14.996480999802031 30.214932000217914,-14.996365999896851 30.214932000217914,-14.99630899996731 30.214813000128341,-14.996080000203051 30.214812000082247,-14.995909000414429 30.214573999903163,-14.995452000032685 30.214572999857065,-14.995223000268425 30.214275999656198,-14.994710000003295 30.214393999699663,-14.994708999957195 30.214393999699663,-14.994652000027655 30.214424000183215,-14.994594000052018 30.214452999721399,-14.994594000052018 30.214452999721399,-14.994537000122477 30.214424000183215,-14.994594000052018 30.214393999699663,-14.994595000098114 30.214334999677931,-14.994595000098114 30.214275999656198,-14.994538000168573 30.214157999612723,-14.994538000168573 30.213980000400738,-14.994425000355591 30.213862000357267,-14.994425000355591 30.213330000115601,-14.994313999735482 30.213153000050394,-14.994313999735482 30.212916999963454,-14.994200999922498 30.212856999895621,-14.994200999922498 30.212265999632219,-14.994033000272168 30.212088999567012,-14.994033000272168 30.211675000268144,-14.993863999676421 30.211498000202937,-14.993864999722517 30.211321000137726,-14.993807999792978 30.211203000094262,-14.993808999839073 30.210906999939539,-14.993696000026091 30.210611999830856,-14.993583000213107 30.210493999787388,-14.993583000213107 30.210433999719552,-14.993583000213107 30.210256999654344,-14.993527000329662 30.209902000377209,-14.99341399961736 30.209725000312002,-14.993414999663456 30.209311000113757,-14.993244999920931 30.208897999961664,-14.993190000083587 30.20866099982862,-14.993077000270601 30.208601999806884,-14.993077000270601 30.208569000084367,-14.993066999809626 30.20927000002246,-14.9959119996534 30.210453999742182,-15.000120000273569 30.208246999630429,-15.010051000303802 30.194762000348874,-15.008504000038839 30.177875999875535,-15.006127000184563 30.167473999717515,-14.999827000257085 30.164879999752827,-15.003835999797957 30.143359999706604,-14.99994300020836 30.102404000351271,-15.101874999967551 30.095086000262199,-15.143614000342948 29.924967999592752,-15.278345000263526 29.893011999619826,-15.291074999815748 29.781216000220976,-15.34624000035029 29.691309999937626,-15.449506999595144 29.6722740001814,-15.46977100020001 29.665424000081824,-15.474688000227729 29.327936000410489,-15.695763999958388 29.311045999752764,-15.706828000055395 29.309518000363649,-15.706559000245932 29.308723999735829,-15.700176000089753 29.315812000014489,-15.694220999877814 29.316242000050973,-15.693860000324037 29.314566000134789,-15.693146999832777 29.302942000304029,-15.688203000359065 29.301964000187692,-15.682406000235858 29.298334000130978,-15.680616999607368 29.292506000377386,-15.68013499987188 29.287653999748667,-15.673072999892382 29.28524200007962,-15.668658999668823 29.281676000275183,-15.662392000363239 29.275876000013625,-15.659848000005413 29.259851999705404,-15.659080999722903 29.251329999874027,-15.661426999946855 29.241392000420433,-15.659793000168063 29.230331999608552,-15.654008999744747 29.214157999580376,-15.651470999663502 29.194535999791242,-15.650801000255056 29.186156000210364,-15.651441000079272 29.18167599964238,-15.647334999664336 29.174907999725463,-15.646536999751447 29.167724000417479,-15.645906000342107 29.161696000437757,-15.638701000066076 29.160284000100603,-15.630301999609401 29.163860000366011,-15.61941899976199 29.167464000123516,-15.614666000099476 29.164625999703102,-15.611185999762711 29.153226000305494,-15.604450999568312 29.148883999803616,-15.586558000339835 29.139370000109921,-15.588174000188189 29.125081999785664,-15.589743999714701 29.121498000050789,-15.593023999825391 29.113009999988094,-15.593013000217638 29.104129999841973,-15.583151999816891 29.095164000228124,-15.583601999875953 29.085693999864699,-15.586163000118118 29.07421200028443,-15.581194000391292 29.062321999883178,-15.567495000238294 29.050633999800198,-15.556334000166544 29.043587999658939,-15.5544099996103 29.031063999710113,-15.552011999687295 29.011669999639079,-15.551995999849055 29.001542000420386,-15.555366999657963 28.991076000010192,-15.549359999746969 28.980582000107912,-15.553430000301089 28.971245999626145,-15.55086599992063 28.95721999968805,-15.546430999628399 28.951489999955299,-15.543181000001255 28.949524000160917,-15.536302000363548 28.953243999869702,-15.531846000002643 28.953286000007093,-15.524715999586531 28.95146599974828,-15.516072000426675 28.944661999970545,-15.517748000342863 28.846108000342952,-15.67333200014019 28.778502000088281,-15.627284999930909 28.723818000142447,-15.66273199984829 28.72195399965403,-15.656974999770284 28.721135999718509,-15.648351999779775 28.718621999844288,-15.642756999974836 28.705159999824271,-15.631852000012657 28.686872000374077,-15.620427000361872 28.671579999634272,-15.609776000417012 28.646373999647892,-15.599788999604016 28.605639999734137,-15.58321299993082 28.563927999704049,-15.565023999648247 28.550919999927487,-15.559431999981541 28.509464000006915,-15.572778000050278 28.439051999907633,-15.545645000268676 28.439336000408559,-15.496972999565005 28.440036000300552,-15.496896999658929 28.453387999746553,-15.495455999783587 28.479480000104957,-15.497093999746767 28.489826000379537,-15.474516000393066 28.45186999991904,-15.4614780001329 28.449692000244738,-15.465378000045177 28.434993999906681,-15.458571000129153 28.425866000019766,-15.449705999775176 28.418915999807211,-15.424447000043642 28.416092000032165,-15.407588999961659 28.413277999818717,-15.394267000099944 28.408203999748423,-15.386316999656231 28.403236000067693,-15.370883999611406 28.402964000119937,-15.369404999782999 28.38169199981445,-15.3605069997065 28.378270000352639,-15.364793000324939 28.346687999633446,-15.351365000073542 28.347798000438615,-15.347913000128186 28.338147999871694,-15.334380999579366 28.335763999694731,-15.327962999608472 28.33270199974055,-15.323475999617187 28.311687999636831,-15.321302000127275 28.310405999896261,-15.307895999990762 28.28498599993776,-15.308866999784412 28.297433999980569,-15.258754000104714 28.304591999888711,-15.25927199970107 28.304227000150547,-15.258358999883001 28.310129999764115,-15.258757000243007 28.314151999904198,-15.245791999750677 28.319958999589115,-15.246248000086267 28.320328000410939,-15.244881000024805 28.32579100042642,-15.245026999560308 28.328525999696126,-15.233841000134817 28.309071999557315,-15.227932000244664 28.312032000205591,-15.215101999680144 28.317784000053109,-15.21568100028969 28.318171999952142,-15.214305999859446 28.331823999737253,-15.216932000399936 28.334401999863701,-15.204784999843069 28.32111399977066,-15.200603000421379 28.324485999625608,-15.187590999561108 28.329190999773402,-15.188123999848925 28.329670000269971,-15.185388999679844 28.338020000266564,-15.187155000147412 28.340696000413914,-15.175950999892164 28.327529999649357,-15.172170000069457 28.330212000073288,-15.160552999662059 28.335951000220916,-15.161754000165446 28.336953999690991,-15.158441000332232 28.353831999795545,-15.161289000314241 28.354046999813818,-15.161196999670665 28.35426199983203,-15.16102299974375 28.355658000331005,-15.159442999756207 28.356764000052465,-15.158098999855667 28.357693999754815,-15.157044999833259 28.358736000123368,-15.155357000263223 28.339001999668024,-15.150662999723179 28.343048000015131,-15.135107000303719 28.345899000135432,-15.135658999668692 28.346011999948416,-15.135068000304612 28.359991000417946,-15.137008999845875 28.36388600009974,-15.124933999909954 28.369809999781978,-15.126222999973209 28.371122000006149,-15.122953000323491 28.383695000415056,-15.128298000295501 28.409663999600241,-15.120278000222244 28.413842999782958,-15.120529000101328 28.416858000268576,-15.119542999616158 28.420213000239187,-15.120911999769874 28.462223999663024,-15.123436000105071 28.464200999964476,-15.124741000006566 28.472830000231511,-15.125907999841955 28.480075999699579,-15.130369999580125 28.492893999710983,-15.132715999804075 28.497470000207556,-15.134173000416979 28.504661999884373,-15.134272999630696 28.511892000413468,-15.135670000175763 28.5168179999568,-15.141612999834535 28.522315999786997,-15.14868899956002 28.527928000375596,-15.156238000404812 28.534222000026432,-15.161269000291666 28.541941999760525,-15.169689999963849 28.548049999830653,-15.175364999859253 28.552040000294312,-15.180278999748678 28.615825999827845,-15.182074999800534 28.616657000362576,-15.182345999702193 28.620055999663517,-15.181671000063263 28.627000999645585,-15.181062999915525 28.62750400034912,-15.180589999695544 28.629022000176633,-15.179296000301179 28.63072200029978,-15.178285999609043 28.631890000181272,-15.177285000231107 28.633833999860826,-15.17678899985026 28.638800000348681,-15.177155999680565 28.641878000141045,-15.177616000200601 28.645430000199493,-15.178240000186577 28.645575999735058,-15.178252999886524 28.650769999941016,-15.177635000177133 28.657771999852681,-15.178556000363924 28.66683799957957,-15.179268999955868 28.667353999982989,-15.178750000313469 28.670186000126815,-15.178408999883004 28.672287999895048,-15.176586000385212 28.673923999766028,-15.17528899995318 28.676296000289138,-15.17524499972359 28.676272000082179,-15.175193000024535 28.678366000380947,-15.172999999658771 28.684392000268417,-15.172131000070351 28.702130000445891,-15.176648999691963 28.708266000008049,-15.177718999552608 28.709043999898309,-15.177450999789244 28.710142000150309,-15.175704000197525 28.711483999958713,-15.174471000017716 28.714195999966872,-15.174016999774267 28.716849999999454,-15.17362199955255 28.719441999871947,-15.173055000395435 28.722343999645261,-15.173692000081358 28.723481999942468,-15.173685999804773 28.727597999919055,-15.172496999854557 28.735704000359306,-15.170378000201991 28.741897999897105,-15.170102000069845 28.742925999620354,-15.170142000115106 28.74326600000472,-15.170018999841146 28.743610999720204,-15.170168999561042 28.748908000177551,-15.170375000063755 28.756565999751611,-15.170779999847069 28.764625999870074,-15.171960000281729 28.772892999637975,-15.172981999728391 28.774136000278702,-15.17306499995709 28.779542000364643,-15.171936000074707 28.783932000381185,-15.169912000304747 28.791547999817855,-15.165071000183046 28.796581999842942,-15.163414000243391 28.807133999720861,-15.163412000151197 28.813430000363208,-15.160133000086603 28.820339999631301,-15.159224999599701 28.829544000323548,-15.158779999771125 28.83614599978301,-15.1587490001408 28.838298000057421,-15.160800000256073 28.841957999698362,-15.164593999778731 28.850496000267302,-15.165253999625518 28.855853999939196,-15.165666999777613 28.863033999962166,-15.166592000148851 28.871996000290888,-15.166377000130639 28.872307000237807,-15.166481999574842 28.955799999881378,-15.004045000438907 28.957669999747054,-15.002512999966084 28.959826000205908,-15.000228999902163 28.962809000115726,-14.997668999706093 28.968299999623238,-14.986935000431856 28.968838000141485,-14.986298999892709 28.970396000014201,-14.98626600017019 28.971706000146185,-14.982915000383912 28.972599999987665,-14.978984999988086 28.973683999594357,-14.976145000374798 28.975115999954141,-14.972779999943215 28.976031999910507,-14.970461000064576 28.977642000381589,-14.967151000369597 28.978339000135296,-14.964887000328302 28.979017999958614,-14.964017999840562 28.980395999627827,-14.961115000021152 28.980655999921733,-14.960567999987346 28.982085000143286,-14.955566999684777 28.982253999839653,-14.954117000293875 28.983022000168322,-14.952255999943759 28.9830280004449,-14.95226500035858 28.984327000069758,-14.94771800029946 28.984314000369803,-14.949186999666894 28.98357699967158,-14.950929999973539 28.986991999710028,-14.948880999950461</coordinates></LinearRing></outerBoundaryIs><innerBoundaryIs><LinearRing><coordinates>30.214688999808288,-14.99453600007638 30.214688999808288,-14.994479000146839 30.214629999786606,-14.994479000146839 30.214570999764874,-14.994479000146839 30.214570999764874,-14.99453600007638 30.214629999786606,-14.99453600007638 30.214688999808288,-14.99453600007638</coordinates></LinearRing></innerBoundaryIs></Polygon><Polygon><outerBoundaryIs><LinearRing><coordinates>29.704779000280272,-14.740023999599089 29.704790999934115,-14.739877000017428 29.706484999780685,-14.739179000217632 29.704779000280272,-14.740023999599089</coordinates></LinearRing></outerBoundaryIs></Polygon></MultiGeometry>
  </Placemark>
  <Placemark>
	<name>Lundazi</name>
	<Style><LineStyle><color>ff0000ff</color></LineStyle><PolyStyle><fill>0</fill></PolyStyle></Style>
	<ExtendedData><SchemaData schemaUrl="#COMACO_Distircts_Zambia">
		<SimpleData name="Name">Lundazi</SimpleData>
		<SimpleData name="OBJECTID_1">40</SimpleData>
		<SimpleData name="OBJECTID">41</SimpleData>
		<SimpleData name="ID">0</SimpleData>
		<SimpleData name="DISTRICT_N">0</SimpleData>
		<SimpleData name="PROVINCE">Eastern</SimpleData>
		<SimpleData name="Shape_Leng">6.51955151385</SimpleData>
		<SimpleData name="Shape_Le_1">6.51955151603</SimpleData>
		<SimpleData name="Shape_Area">1.13691906908</SimpleData>
	</SchemaData></ExtendedData>
      <Polygon><outerBoundaryIs><LinearRing><coordinates>33.238254999836386,-11.606423000409222 33.238521999553654,-11.606425999648195 33.240966999844545,-11.605927000028373 33.244277999585563,-11.604975000211198 33.246143000120121,-11.604141000437494 33.249420000092528,-11.604128999884324 33.252235000352016,-11.603954999957409 33.254734000434155,-11.604422999946905 33.257248000308437,-11.605587999690101 33.259574999656536,-11.606959999982051 33.261786999998776,-11.607926000444593 33.263630000418516,-11.60896399972944 33.265205000175513,-11.61028300027624 33.267174000108184,-11.612089999935847 33.268432999687832,-11.614015999684966 33.269881999931954,-11.61636500004721 33.270706000144003,-11.618255999981612 33.271590999570662,-11.621095000448065 33.272011000045495,-11.623708000389286 33.27236600022195,-11.626501999680784 33.272605999593964,-11.62926000001073 33.273769000144284,-11.632650999842213 33.275355999555131,-11.63502799969649 33.276752000054103,-11.636708999843163 33.279133000092763,-11.638506999987214 33.280933000329007,-11.639707999591224 33.28246699999471,-11.64151500015015 33.283993000191003,-11.644525999552002 33.285824000057573,-11.646178000160546 33.287758000175465,-11.648997999751201 33.289085000191733,-11.650788000425734 33.291080000423563,-11.652747999943527 33.293026000195312,-11.654374000252856 33.294845999554809,-11.655332000346618 33.297375000120553,-11.655862999642864 33.300152000427033,-11.656410999722766 33.302471000305673,-11.656860999781827 33.305065000270361,-11.657373000000916 33.307277999759378,-11.658339999610176 33.30944799996422,-11.660000999734223 33.31088599970127,-11.661427999863577 33.312114999696689,-11.664285000260461 33.312637000376753,-11.667486000326846 33.312877999794807,-11.670308000009697 33.313160000203538,-11.672721999770886 33.313712999614609,-11.675019000434077 33.314612999732731,-11.677333000082228 33.31589100018823,-11.67894999997668 33.317020000070613,-11.681120000181522 33.318633999826773,-11.683975999632992 33.319415999901423,-11.685991999933549 33.32028999972033,-11.688045000141017 33.320709000149009,-11.690358999789169 33.320136999862143,-11.692385999697477 33.318756000054577,-11.695471999858626 33.317142000298418,-11.696667000085426 33.315304000109222,-11.697863000358268 33.314018000184262,-11.69966399974129 33.313365999806926,-11.702341999980829 33.313460999689482,-11.704367999842985 33.31305299976782,-11.706592999885174 33.312873999610417,-11.708989999762082 33.313250999901754,-11.711494000074708 33.313808000396534,-11.714035000294245 33.314526000218954,-11.716421999710178 33.315384000199629,-11.719034999651397 33.316333999924609,-11.721684000352752 33.317523999920923,-11.723637000447184 33.318176000298244,-11.7261130003684 33.318725999571029,-11.728047999633077 33.319096000438947,-11.73032800041193 33.319358999971882,-11.732849999755672 33.319427000408439,-11.734885000032705 33.319443000246679,-11.737780000382656 33.319838999615172,-11.740166999798589 33.320961000074192,-11.741919999666891 33.322494999739888,-11.743709000295382 33.324191999724746,-11.745668999813176 33.325835999964511,-11.749059999644658 33.326252000254897,-11.751111999806028 33.326580000086096,-11.753345000216996 33.326926999893821,-11.755688000302598 33.327557000156389,-11.758101000017746 33.328926000310048,-11.759690999566885 33.331160999913891,-11.760764999611922 33.332694999579587,-11.76240100038217 33.333522999976026,-11.764551999711216 33.333141000353578,-11.76682300007519 33.332206999567518,-11.769138999815539 33.331730000062521,-11.771220000414415 33.331226000212212,-11.773282000137383 33.330521000089675,-11.77546299994998 33.32958199997244,-11.779154000120627 33.329108999752521,-11.781596000273225 33.329124000443983,-11.784717000249088 33.329334000231711,-11.786860000108675 33.329848999689773,-11.789699999721961 33.330410000368886,-11.792356999892775 33.331406000415654,-11.794898000112312 33.332095999846729,-11.797057999856179 33.332877999921379,-11.79892999981405 33.333782000223891,-11.801695999613457 33.333996000196009,-11.804155999696491 33.333869999783758,-11.806779000098686 33.333617999858632,-11.808769000100028 33.333141000353578,-11.810895000075277 33.332088000377269,-11.812876999707838 33.331061999846952,-11.814966999822218 33.331245000188687,-11.817018999983588 33.330314999587017,-11.819453999813504 33.329398999630712,-11.821516999582627 33.328677999669992,-11.824286000419646 33.32815900002754,-11.82666500036612 33.327411999767605,-11.829242999593305 33.326510999603443,-11.832536000303264 33.325576999716638,-11.834762000391549 33.32466900012912,-11.837168999830055 33.323661999575279,-11.83934999964265 33.322593999806827,-11.841728999589122 33.321838000031391,-11.843863999979247 33.320263000274338,-11.84619000018057 33.319217999767488,-11.848714999662548 33.318371000293837,-11.850597000081391 33.317547000081788,-11.852659999850516 33.316750000215045,-11.854733000080614 33.315815000282157,-11.8569580001228 33.315128000090105,-11.858857999572704 33.314452999551861,-11.861853000035692 33.314258999602316,-11.864493000322225 33.314284999901531,-11.866663999673845 33.314631999709263,-11.868833999878689 33.315147000066588,-11.871556000347823 33.31534200006223,-11.874242000056766 33.315876000396081,-11.876674999794487 33.317458999622595,-11.878535000098566 33.31899600032591,-11.880433000355652 33.321242999583603,-11.882439000195234 33.323039999681498,-11.884815000003414 33.323524000408554,-11.887129999697663 33.324077999865722,-11.88906499986166 33.324554000223941,-11.892383999971457 33.32539000008984,-11.895104000348397 33.325901000262824,-11.897519000155739 33.326385000090511,-11.899480999765672 33.326839000333955,-11.902727000107744 33.326869999964281,-11.905213999636715 33.327571999948532,-11.908116000309349 33.3283230003928,-11.911607000253865 33.328808000266577,-11.913659000415237 33.329871999850639,-11.916018000339134 33.330516999905285,-11.918107000407417 33.331573000019887,-11.920357999849443 33.33271799974051,-11.923593999730542 33.332793999646526,-11.926145000411054 33.331485999606798,-11.929827000166824 33.330432999630489,-11.931555999828163 33.328789000290101,-11.934152999931143 33.327388999606733,-11.935745999618575 33.325397000412522,-11.937873999686019 33.322681000219973,-11.940735000267296 33.322346000066091,-11.943222999842362 33.321036999980208,-11.944860999805542 33.320209999629867,-11.946752999786042 33.319309000364967,-11.94985499978543 33.318760000238967,-11.951855000247747 33.318237000412182,-11.953962000246463 33.31733700029406,-11.95708400026848 33.31660799996456,-11.959535999982677 33.31510199979089,-11.96364300044371 33.314644000262433,-11.965659999891043 33.314143999697137,-11.967903999909765 33.314198000387762,-11.970274000340678 33.314095000136376,-11.972987000394937 33.31362199991645,-11.975546999691685 33.313167999672999,-11.977672999666936 33.312828000187949,-11.980006000190938 33.313270999924327,-11.982330000300065 33.312526999802742,-11.985099000237767 33.311829000002888,-11.988066000309345 33.31128300001518,-11.990354999704435 33.310974000160513,-11.993266999938726 33.310981999629917,-11.995555000186981 33.310684000282322,-11.997589999564752 33.309822000117208,-12.00015099980692 33.309353000081671,-12.003027000180339 33.30794499992885,-12.00586899988582 33.30690000032132,-12.00843799959739 33.306025999603094,-12.010347000361548 33.30539300010156,-12.012907999704396 33.304596000234817,-12.015196999998807 33.303539000074124,-12.01690799972971 33.302005999555149,-12.018908000192027 33.300815999558893,-12.020935000100279 33.298926999716684,-12.022203000094805 33.296989000313715,-12.02333500011548 33.295269000167934,-12.025045999846384 33.293480000438763,-12.026694000270481 33.291732999947669,-12.028323999864881 33.290844000336612,-12.030684999880918 33.290066000446359,-12.032612999722289 33.289219000073444,-12.034838999810574 33.28851299990481,-12.036927999878856 33.286796999943419,-12.039091999807113 33.285557000340305,-12.040874000112922 33.283840000332816,-12.043101000247304 33.282462999810321,-12.044730999841647 33.281039999865413,-12.046577000399679 33.279143999700523,-12.049192000433095 33.277187000321021,-12.050596000401525 33.275761000237821,-12.05208099960714 33.273684999869431,-12.054687000125 33.272769999959223,-12.056796000215911 33.27230500010802,-12.060052000119583 33.271903999609776,-12.062973999915528 33.272350000383767,-12.067622000133781 33.271789999750695,-12.070407999955819 33.271820000234243,-12.072759999556977 33.271941999562785,-12.075355999613919 33.271651999684593,-12.077869000341366 33.270503999825735,-12.081406999754506 33.270389999966653,-12.083506000283762 33.270095999904065,-12.085686000050202 33.269829000186803,-12.088099999811448 33.269131000387006,-12.091066999883026 33.267970999974921,-12.093952999818098 33.267085999648934,-12.096450999854142 33.265984000111864,-12.098404999994669 33.264907999974696,-12.10038699962729 33.263537999774883,-12.102748999689425 33.262199000104772,-12.105887999595723 33.261398000053646,-12.107815000290316 33.260391000399125,-12.110067999824537 33.259201000402811,-12.112068000286852 33.257835000387438,-12.114636999998481 33.256622000230266,-12.116909000408555 33.255936000084262,-12.119043999899304 33.255508000140026,-12.121604000095374 33.255557999746884,-12.123836999607022 33.255851999809465,-12.127066000064756 33.256462000049396,-12.129923999608422 33.257130000264965,-12.132202000295081 33.258125000265636,-12.134787999891046 33.259670000438405,-12.137255000296705 33.261161999966703,-12.139197999930159 33.262104000222223,-12.141149999978493 33.263824000368004,-12.143220000070301 33.265438000124163,-12.144430000089187 33.266810999562892,-12.146924999986936 33.268272000360177,-12.150071000215915 33.26941700008075,-12.151771000339124 33.270710000328393,-12.154130000262965 33.271610000446515,-12.156443999911176 33.272484000265422,-12.158468999727233 33.273608999963415,-12.160285999847757 33.275104999676103,-12.162455000006501 33.276710999962802,-12.164352000217491 33.278591000289452,-12.166051000294544 33.280582000336892,-12.167631000282086 33.282764000195584,-12.169474999848601 33.284705999782943,-12.170719999682206 33.287261999794623,-12.171323999645551 33.290187999774901,-12.172206999879393 33.292335999864918,-12.17337999999131 33.294163000446474,-12.174536000219007 33.296616000206768,-12.176169999997738 33.298675999837592,-12.17761500005747 33.300918999810222,-12.178942000073732 33.303055000246388,-12.180721000241249 33.305141000176427,-12.182735000449611 33.307002999673323,-12.184742000335291 33.308627999936562,-12.186231999771394 33.309826000301598,-12.188410000345016 33.310824999587339,-12.191085999592985 33.310943999676908,-12.193166000145766 33.310981999629917,-12.196486000301661 33.310978000344903,-12.199623000115821 33.31105000006653,-12.201974999716981 33.311122999834311,-12.204026999878351 33.311153000317859,-12.20651400030664 33.310710999728258,-12.211561000031679 33.310615999845709,-12.214717999868469 33.310623000168391,-12.217385999646979 33.31057000042324,-12.220415999924739 33.310623000168391,-12.224639000337049 33.310921000415362,-12.228202000003249 33.311259999854258,-12.233464999792602 33.31105800043531,-12.237490000070977 33.311207000109107,-12.239976999599945 33.312092000435086,-12.243122999828984 33.313106999559068,-12.245121000199106 33.314734999960592,-12.246890999951745 33.315883999865548,-12.24892500018268 33.317200000274049,-12.251148000132673 33.318690999756313,-12.253137000087918 33.320659999688928,-12.256370999876822 33.322178000415761,-12.258359999832066 33.323371999697088,-12.260085000208335 33.32482900030999,-12.262732999964271 33.326801000380897,-12.266393999651314 33.328320000254507,-12.268517000387588 33.329425999975967,-12.27060500040983 33.330924999826948,-12.273071999916169 33.33238200043985,-12.275539000321885 33.333466000046485,-12.27791700022226 33.334826999831421,-12.280203000378378 33.335541000368778,-12.282272999570807 33.337008999690106,-12.283835999674011 33.338626999630605,-12.286692000024857 33.34007599987472,-12.288545000006195 33.342598000117789,-12.290232999576231 33.344589000165229,-12.291540999615961 33.348639999843499,-12.295985000323071 33.350616000098796,-12.297790999936581 33.351951999630614,-12.299851999613509 33.353096000204459,-12.301595999966253 33.354347000314647,-12.304290000044034 33.355339000177025,-12.306332999790527 33.356331000039397,-12.308429000181489 33.357483000082709,-12.310624999786171 33.359024000071081,-12.312685000316321 33.360222000436117,-12.314971999619218 33.360802000192507,-12.317069000056279 33.361628999643528,-12.318994999805454 33.362685999804228,-12.320928999923353 33.363575000314597,-12.323902000271516 33.364063000326666,-12.326352999939671 33.365062999658498,-12.328846999791324 33.365958999592237,-12.330809000300633 33.366947000169546,-12.332716000073219 33.368114000004937,-12.336015000160444 33.368854999988287,-12.338264999556372 33.369670999831555,-12.340940999703719 33.370589999926153,-12.343011999841622 33.372200000397243,-12.344980999774236 33.374123000008126,-12.346289999860119 33.376152000008574,-12.346829000424464 33.379855999879112,-12.347529000316511 33.382079999875202,-12.346974999960025 33.385703999655334,-12.3448809996612 33.388626000350541,-12.34361899994326 33.390777999725685,-12.343119000277341 33.39295600029925,-12.34275399963991 33.395247999832634,-12.342498000429657 33.39829299990248,-12.341869000213251 33.401203000044575,-12.341177999836759 33.403748000448502,-12.340938999611524 33.406249999769614,-12.34086199965941 33.408690999876114,-12.341509999852349 33.410587000041005,-12.342347999810443 33.413208000351005,-12.342579999712996 33.415984999758166,-12.342593000312263 33.418364999750736,-12.341929000281027 33.421185000240712,-12.341372999832343 33.423199000449074,-12.34084599982117 33.425552000096332,-12.33996499967958 33.430408000010175,-12.337280000016676 33.432063999903733,-12.335649000376236 33.434570000308554,-12.334262000292142 33.436393999852442,-12.333183000016618 33.438583000033759,-12.332040000388247 33.440502000359572,-12.331340999642975 33.442837000076452,-12.330567999983202 33.445923000237599,-12.329549999821609 33.448463000411039,-12.329065999993929 33.450244999817528,-12.328050999970685 33.452640999648331,-12.327051999785567 33.454605000249842,-12.326207999550945 33.457095999963194,-12.325389999615425 33.459277999821836,-12.3252510004026 33.461666000183186,-12.325265000148645 33.464142000104459,-12.325096999598998 33.466442000006566,-12.325355999846806 33.468575000304497,-12.325036000384387 33.47081400009273,-12.324327000077515 33.473319999598175,-12.324521000027005 33.475562999570798,-12.325782999744945 33.47718799983403,-12.327137000106518 33.479027000069379,-12.328788999815686 33.481430000222815,-12.330131999670186 33.48385599963791,-12.331141000316222 33.486827999939976,-12.331822000231739 33.488995000006526,-12.332451999594921 33.492984999570865,-12.333999999905982 33.495201000097488,-12.334719999820607 33.498329000396097,-12.335103000388472 33.501762000364977,-12.335963999608168 33.503661999814938,-12.337181999995835 33.505240999756325,-12.338672000331258 33.506953999579423,-12.339807999637001 33.509200999736436,-12.340996999587162 33.51171499961071,-12.341815000422002 33.513855000231274,-12.342173999883528 33.515872999724706,-12.342169999699136 33.518032000321796,-12.342073999770491 33.522178999928713,-12.341497000152399 33.524315000364936,-12.341293999788034 33.527343999697223,-12.341269999581016 33.529612999969004,-12.341021999840279 33.532413000436406,-12.340917000396075 33.534060999961184,-12.342225000435803 33.536579000019856,-12.346570000176653 33.537665999764783,-12.34891000012402 33.538635000365616,-12.350924000332327 33.539837000015723,-12.35344499962997 33.54053099963113,-12.355425000069658 33.541408999634484,-12.357512000045801 33.54214899957168,-12.359717000065359 33.543747000388976,-12.362454000326636 33.545413999890229,-12.364955999647748 33.547091999898612,-12.368777999561757 33.547496999681982,-12.3713900003562 33.547020000176985,-12.373499000447111 33.545371999752831,-12.37557299982393 33.542800999949065,-12.375660000237076 33.540333000396572,-12.376596000216011 33.537410999701365,-12.377849999565171 33.535725000223522,-12.379074000229423 33.533855000357846,-12.380091000344919 33.531548000133,-12.380846000074257 33.529583000384775,-12.381753999661839 33.527672000427735,-12.383015000233002 33.525780000447241,-12.384057999748336 33.522838999775502,-12.385773999709727 33.520840000258602,-12.387332999628541 33.517487000380186,-12.387465000317377 33.514126000132933,-12.386902000445332 33.511443999709059,-12.38895099956909 33.509735000070293,-12.390165999818464 33.507412000007257,-12.391446000366157 33.505889999995418,-12.392813999574456 33.503703999952336,-12.394381999908092 33.501797000179693,-12.396013999594684 33.500049999688656,-12.397546000067507 33.498230000329158,-12.39892399973678 33.49611299986946,-12.400419000302691 33.494040999685467,-12.40178000008757 33.491852000403469,-12.402986999968164 33.489593999739384,-12.404166000356723 33.487040999865997,-12.405580999932909 33.484893999822077,-12.406599000094443 33.482895000305177,-12.408167000428136 33.479953999633437,-12.41005300013205 33.478244999994729,-12.411113999577822 33.475490999849114,-12.412982000250622 33.474204999924211,-12.414629999775457 33.472873999723504,-12.41667699970634 33.471867000069039,-12.418449999597271 33.470291000265888,-12.421048999792447 33.469193000013888,-12.422986000048638 33.468998000018246,-12.425745000424683 33.468727000116587,-12.428024000258119 33.469566000120778,-12.43050100022549 33.470725999633487,-12.433176000326682 33.472274999990645,-12.435523999743507 33.473335000289637,-12.437592999789217 33.47391900023041,-12.440043000310595 33.473884999562415,-12.442665999813414 33.474098000387755,-12.445017000267853 33.474536999939801,-12.447014999738656 33.473625000167829,-12.449240999826941 33.472382000426364,-12.450907000181473 33.470665000418876,-12.453035000248917 33.468482999660921,-12.454757999633614 33.465419999660639,-12.45958299991713 33.461216000124182,-12.461352999669771 33.458897000245486,-12.4631030002991 33.45687100038333,-12.464733999939597 33.454002000332594,-12.466737999686984 33.452178999935427,-12.467752999710228 33.449737999828926,-12.469141999886515 33.448173999679682,-12.470673000313298 33.446658999990454,-12.472438999881545 33.445193999908099,-12.474692000315088 33.443447000316375,-12.473040999752696 33.44270700037913,-12.476189000073871 33.441615999550493,-12.478732000385662 33.440623999688114,-12.481997999850989 33.440243000111707,-12.484540000116622 33.439082999699679,-12.487309000054324 33.438374000292129,-12.489236999895637 33.43736999987658,-12.491508000259614 33.436054000367392,-12.494649000258164 33.435425000150929,-12.497454000056678 33.434662000052811,-12.500492999849937 33.433357000151375,-12.502719999984322 33.431938000390801,-12.50479300021442 33.429641999773708,-12.506677999872236 33.427360999848133,-12.508064999956332 33.425353999962446,-12.50921699999958 33.423129999966356,-12.50974500005691 33.420517000025143,-12.510209999908056 33.417747000041345,-12.510921000307178 33.414584999974124,-12.511821000425243 33.411982999640657,-12.513027000259795 33.410439000413248,-12.514358999607225 33.408352000437155,-12.516685999854642 33.406685000036525,-12.519176000421226 33.405192999608914,-12.52129500007379 33.403087999702393,-12.523603000344679 33.401051000232485,-12.5242400000306 33.398945000279866,-12.524984000152187 33.396728999753172,-12.525990999806709 33.394099999973768,-12.527124999919579 33.392231000154197,-12.528123000058541 33.389870000138103,-12.528651000115815 33.388138000338472,-12.529820000043401 33.386482000444914,-12.531495999959589 33.385193000381662,-12.533044000270648 33.383354000146312,-12.534991000088496 33.381264000031933,-12.536820999908969 33.379471000118372,-12.538451000402688 33.377522000208387,-12.54073300037436 33.375980000173854,-12.542362999968759 33.374054000424735,-12.544374000038829 33.372334000278954,-12.546337999740954 33.370994999709524,-12.547932000373862 33.369526000342148,-12.549787999594173 33.367569000063327,-12.551436000018327 33.365470999580168,-12.552498000409457 33.363476000247658,-12.552844000171092 33.359801999961348,-12.551310999652173 33.357407000176636,-12.551043999934903 33.355426999736949,-12.550756000148908 33.35276400018887,-12.549321999696929 33.350368000358053,-12.548872999683963 33.348247999760076,-12.548269999766717 33.346481000145729,-12.546798000260992 33.344832999721632,-12.545398999623728 33.342509999658546,-12.543439000105991 33.340838999972902,-12.542147999950544 33.338469999588028,-12.540278000084868 33.336329999866791,-12.538256000407046 33.334644000388948,-12.535761999656074 33.33383600001514,-12.533493000283613 33.333057000078782,-12.53015600024338 33.331565999697261,-12.528304000308083 33.329548000203829,-12.527039999598626 33.32849100004313,-12.525206999639863 33.326195000325356,-12.523607999675846 33.323974999614336,-12.522226999868337 33.321269999928859,-12.521199000145089 33.319153000368487,-12.520803999923373 33.316508999897614,-12.520761999785973 33.31351500038005,-12.520168000283604 33.310444000010989,-12.52088600010603 33.306754999932593,-12.52179499973971 33.30412300001484,-12.522729999672549 33.301216000011038,-12.52352899963148 33.298447000073338,-12.524400000211472 33.296039999735505,-12.524817999694733 33.293677999673321,-12.525436000303444 33.291607000434794,-12.526930999970034 33.288566999696059,-12.528091000382062 33.286830999712095,-12.529243000425311 33.284348000367459,-12.530926999810958 33.282618999806857,-12.532275999942044 33.280659000289063,-12.53366199998004 33.278399999578937,-12.534947999905 33.275661000124785,-12.536542999684627 33.273552000033874,-12.536997999974174 33.269714000281624,-12.538783000418277 33.268100999672242,-12.540322000314459 33.265854000414606,-12.54240400006006 33.26258499991161,-12.545880000212492 33.261341000124105,-12.547544999621607 33.25986899971906,-12.54925600025183 33.258652000276804,-12.550983999867071 33.257755000297038,-12.552966000398952 33.257366000351901,-12.55492900005504 33.256999999668324,-12.556901000125945 33.256310000237306,-12.558873000196911 33.255206999754762,-12.560746000200879 33.254086000241216,-12.562837000361355 33.253033000264907,-12.565062999550321 33.251929999782362,-12.566925999992634 33.250697999648708,-12.569568000371362 33.248050999938812,-12.573215000312359 33.246211999703462,-12.575089000362425 33.244578999970827,-12.576735999841162 33.242915999754587,-12.577904999768748 33.241649999852257,-12.579570000077183 33.239765000194438,-12.581579000055001 33.238068000209523,-12.583660999800657 33.235385999785649,-12.586059999769759 33.23360799966423,-12.587282000341816 33.231861000072456,-12.589310000296166 33.229286000084237,-12.591084000233195 33.225360999918905,-12.593619000176204 33.223125000268965,-12.594842999941079 33.220276000240858,-12.596816000058141 33.217753999997797,-12.597568999695284 33.214709999974048,-12.598647999970808 33.211970999620576,-12.600060000307963 33.209907999851509,-12.600649999626 33.207641999717964,-12.601375999817208 33.205501999996727,-12.603167999684615 33.203632000131051,-12.604408000187107 33.201339999698348,-12.604953000128715 33.199367999627441,-12.605297999844252 33.196239000182061,-12.607090999757816 33.193652999686776,-12.607851999763737 33.19102900013786,-12.609527999679925 33.189297000338229,-12.61072299990667 33.187382000196862,-12.612242999826378 33.185604000075443,-12.615399999663111 33.185012999811988,-12.617716000302776 33.184048000294922,-12.619779000071901 33.182536999890772,-12.622058999951435 33.180819999883276,-12.624808999912659 33.178943999741023,-12.627388000085205 33.176722999883225,-12.629875999660269 33.175926000016432,-12.632435999856341 33.174191000078508,-12.633541000431023 33.1723020002363,-12.635141999587914 33.170066999733137,-12.636644999623286 33.168094999662223,-12.637045000075489 33.166144999706091,-12.637588999971001 33.163364000114541,-12.637554000156284 33.161441999650492,-12.636226000093927 33.160609999968983,-12.633929000330056 33.160164000094312,-12.631270000067047 33.159862999709041,-12.629146000183994 33.159766999780402,-12.627074 33.160065000027373,-12.624967000001332 33.15998499993691,-12.622100000042735 33.160477000133369,-12.618979000066872 33.16037800006643,-12.616447000262154 33.160075999635069,-12.614260000173033 33.159840000447502,-12.611962000363064 33.159629999760455,-12.609700999560744 33.159533999831744,-12.607620999907283 33.15885900019282,-12.604855000107873 33.157546999968702,-12.602794000430947 33.155659000172591,-12.600668999602476 33.153464999760786,-12.599748000315003 33.151428000290821,-12.598455000067361 33.149109000412182,-12.596703000245157 33.147162999741113,-12.595592000293207 33.144275999759941,-12.594407999674161 33.142239000290033,-12.59330600013709 33.140343000125142,-12.592195000185141 33.138404999822853,-12.591680999873859 33.136123999897222,-12.591319000274041 33.133639999607226,-12.591239000183577 33.130127000447203,-12.591549000084399 33.127631999650134,-12.592391000226883 33.124450999606381,-12.593395999789209 33.121502000364558,-12.594926000169835 33.119533999578657,-12.595740999967006 33.116416999787127,-12.596565000179055 33.114406999763162,-12.59745199969791 33.112399999877539,-12.599009000423848 33.110782999983087,-12.600247999980922 33.107334000175968,-12.602032000378927 33.10457199966163,-12.60375099957929 33.102580999614133,-12.604456999747867 33.099945000411367,-12.604981999666904 33.09691600017976,-12.605653000020766 33.094546999794886,-12.605636000136426 33.091450000025986,-12.605825999901581 33.088387000025705,-12.605638000228623 33.085781000407167,-12.604968999966957 33.084064000399678,-12.603586000067251 33.081435999766988,-12.600863999598118 33.079989999661166,-12.599002000101223 33.078505999602328,-12.596018000145248 33.076770999664404,-12.592961999568331 33.075507999900367,-12.591082000141 33.073783999570196,-12.589001999588277 33.071396000108166,-12.587464999784231 33.068717999868674,-12.586480000244535 33.066658000237851,-12.585303999994267 33.06420899976257,-12.584183999627442 33.061798000139611,-12.584166999743161 33.059230999620915,-12.584871999865641 33.057731999769942,-12.586454999991474 33.056346999777986,-12.588046999632807 33.05522200008005,-12.589937000420434 33.053822000296009,-12.592235000230346 33.050583000276617,-12.596358999676397 33.04949999981676,-12.598223000164865 33.048100000032719,-12.60024900002702 33.04671500004082,-12.601804999807541 33.0452649997506,-12.603676999765412 33.044135999868217,-12.605449999656342 33.042529999581518,-12.607729000389098 33.041355000276724,-12.609502000280031 33.040089000374337,-12.611546000072622 33.038943999754451,-12.613871000227903 33.037749999573805,-12.615842000252711 33.035835000331701,-12.619487000101513 33.034125999793673,-12.622706000098276 33.032906000213131,-12.624488999550863 33.032364000409814,-12.627274000226121 33.03171900035511,-12.629399000155274 33.030720000170049,-12.632301999974686 33.029483999851948,-12.634826000309886 33.02854899991911,-12.637529999949264 33.026984999769866,-12.641455000114661 33.026253000201393,-12.643897000267259 33.025360000405954,-12.646030999711911 33.024380000197368,-12.64889000020105 33.023295999691413,-12.652634000116791 33.022278000429139,-12.656259999989118 33.020919999883233,-12.659885999861388 33.01940200005572,-12.664019999768414 33.019103999808806,-12.666254000225479 33.018604000142886,-12.668750000169323 33.017784000115171,-12.671534999945266 33.016311999710183,-12.677333000114572 33.01622800033465,-12.680163000166203 33.015002999624301,-12.683581000342997 33.014198000288104,-12.685561999929462 33.012871000271844,-12.68822100019247 33.011729999836291,-12.690961999738818 33.010704000205294,-12.693684000207952 33.009349999843721,-12.695980999971766 33.007747999741412,-12.698711999956458 33.0065159996077,-12.701614999775868 33.005481999607923,-12.703803999957188 33.004607999789016,-12.705703000260371 33.003170000051966,-12.708724000123253 33.001658999647809,-12.711301000203605 32.99957699990216,-12.714304000136053 32.998020000075542,-12.717124999772807 32.996936999615684,-12.718852000241268 32.995536999831643,-12.720923000379171 32.993931000444263,-12.723428999884675 32.992226000090625,-12.725255000420077 32.990456000337979,-12.727399000325704 32.988982999886844,-12.729125999894848 32.987255000271603,-12.73097999992234 32.985207000294622,-12.732787999627986 32.983936000161805,-12.73460599979461 32.981627999890911,-12.735808000344093 32.979365999941813,-12.737328000263744 32.976691999886661,-12.738666999933855 32.975028999670428,-12.740085999694372 32.973015000361386,-12.741079999649003 32.970024000082788,-12.742826000093942 32.968037000219738,-12.744208999993646 32.966419000279188,-12.745645999684598 32.964977000357749,-12.748105999767631 32.963340999587444,-12.749842999797748 32.962253999842517,-12.751524999990465 32.960967999917557,-12.753731000056176 32.960506000204646,-12.755720000011422 32.959754999760378,-12.758442999627334 32.959250999910068,-12.760684999553801 32.958931000447649,-12.762765000106583 32.958340000184187,-12.765414999954714 32.958576000271137,-12.768164999915937 32.958286000392945,-12.771040000243261 32.957954000377356,-12.774250999871242 32.958236999932865,-12.776800999606337 32.9585799995562,-12.778881000159059 32.959575999602976,-12.781558000352504 32.959625000063056,-12.783673999866778 32.959693999646447,-12.785709000143809 32.960143999705508,-12.789164000227515 32.960175000235154,-12.79171399996261 32.960051999961252,-12.795303999974124 32.960006999685504,-12.797429999949316 32.959824000243088,-12.79962699960015 32.959782000105633,-12.801969999685753 32.959839000035174,-12.804846000059229 32.959617999740374,-12.807938999643737 32.958748000105857,-12.812306000398676 32.958838999804016,-12.814431000327829 32.958194999795467,-12.816539000372643 32.95794299987034,-12.818528000327888 32.958382000321649,-12.820698999679507 32.958178999957227,-12.823231000383485 32.958382000321649,-12.826794000049688 32.958130000396466,-12.829218000271851 32.958183000141617,-12.831696000285319 32.95810300005121,-12.834798000284707 32.958152999658068,-12.837213000091992 32.958152999658068,-12.83944599960364 32.958637000385067,-12.841725000336396 32.958892999595264,-12.843932000448149 32.959224999610854,-12.846735000154522 32.95991099975685,-12.848671000364618 32.961566999650415,-12.850408000394737 32.962623999811115,-12.852224999615942 32.964808999808099,-12.854530999794633 32.966777999740714,-12.855409999844083 32.969715000228057,-12.857009999854199 32.972125999851016,-12.858475999982602 32.973907000110728,-12.859425999707582 32.976364000055469,-12.860754999816036 32.978237000059437,-12.86165900011855 32.980361999988588,-12.862401000147997 32.982689000236007,-12.862736000301879 32.985179999949366,-12.86325199980598 32.987033999976802,-12.864292000082401 32.989285000318205,-12.865710999842918 32.991160999561146,-12.866679000397653 32.993659999643285,-12.866869000162751 32.995944999753306,-12.867186000386198 33.000007999984746,-12.867890999609415 33.001968000401803,-12.868299000430341 33.003860000382303,-12.86900299960746 33.006237000236581,-12.869609999709098 33.008388999611718,-12.870441000243829 33.01039899963564,-12.871119000021054 33.012478000142323,-12.872068999745977 33.014537999773154,-12.873018000324178 33.017494000237036,-12.873886999912656 33.019801999608596,-12.874384000339603 33.02156099975349,-12.87544199964708 33.023921999769584,-12.876752999825099 33.026122999604752,-12.877721000379836 33.028289999671301,-12.878217999907463 33.030570999596932,-12.880469000248809 33.031952000303761,-12.882647999969208 33.033455000339131,-12.885044999846116 33.034812999985718,-12.887133999914397 33.035694000127364,-12.889874000313966 33.036026000142947,-12.892469000324752 33.035781999687231,-12.895362999729286 33.035423000225705,-12.898193999827015 33.03427500036679,-12.900554999843051 33.032855999706953,-12.903060000201776 33.032462999577433,-12.905049000157021 33.031731000008961,-12.907227999877419 33.030536999828314,-12.909499000241397 33.02895000041741,-12.911571000425397 33.027476999966318,-12.91373200021536 33.025982000299727,-12.915785000422829 33.024463999572902,-12.917810000238887 33.023593999938385,-12.92039699988095 33.022606000260339,-12.922378000366734 33.021820000001355,-12.924240999909728 33.020927000205916,-12.926555999604034 33.020145000131258,-12.928772000130664 33.018924999651404,-12.93066200001897 33.01805099983244,-12.932932000336848 33.017296000103102,-12.935083999711935 33.016837999675261,-12.937308999754123 33.015613999910329,-12.939198999642429 33.014355000330681,-12.941577999588901 33.013477000327384,-12.943530999683331 33.012699000437124,-12.946027999673277 33.012195999733592,-12.948315999921588 33.011920999647543,-12.95033200022209 33.011828999903287,-12.952385000429558 33.011554999863336,-12.954536999804645 33.011908999993693,-12.957332000041559 33.011059000381806,-12.959528999692393 33.010970999922563,-12.961952999914557 33.010909999808632,-12.964576000316754 33.010818000064376,-12.966655999970158 33.011001999552889,-12.968798999829744 33.011234000354762,-12.970805999715367 33.010666000252286,-12.973518999769624 33.010344999844392,-12.975672000090185 33.010207999824438,-12.977842000295027 33.010143000425444,-12.980122000174559 33.009520999632343,-12.982182999851432 33.008694000181315,-12.984253999989335 33.008698000365712,-12.986579000144557 33.008266000237086,-12.98927300022234 33.006846999577192,-12.991995999838252 33.004639000318662,-12.994101999790871 33.003226999981507,-12.995721999823559 33.00140399958434,-12.997258999627604 33.000206000118624,-12.999275999974202 32.999026999730063,-13.000894999960849 32.998362999698884,-13.003073999681249 32.997657999576404,-13.005885999802443 32.997414000019994,-13.008598999856702 32.997600999646863,-13.010969000287671 32.997833000448729,-13.013311000327235 32.997341000252277,-13.016458999749091 32.996531999832314,-13.018475000049591 32.995823000424764,-13.020881000341376 32.994415000271943,-13.022572000049704 32.992306000181024,-13.023431000076471 32.990711000401404,-13.024914000089211 32.988845999866889,-13.026739999725351 32.987670999662726,-13.028784000417261 32.987559999941929,-13.031136000018419 32.988232000341888,-13.033750000005737 32.989986000256295,-13.036009999862642 32.991870999914113,-13.037756000307638 32.992995999612106,-13.039455000384692 32.994102000232886,-13.041816000400786 32.994495000362406,-13.043960000306413 32.995190000023911,-13.04605799989025 32.995948999937696,-13.048210000164714 32.996486999556623,-13.050986000425096 32.997275999953956,-13.053419000162817 32.997025000074871,-13.055562000022348 32.995089999910874,-13.057714000296754 32.994048999588415,-13.059441999911995 32.993729000125995,-13.061548999910711 32.99257700008269,-13.063637999979051 32.991913000051504,-13.065790000253457 32.991363999925511,-13.068096000432149 32.989708000031946,-13.070555999615863 32.988078999584381,-13.073060999974587 32.985648999984903,-13.076252999626035 32.984240999832139,-13.077799999891056 32.981372999827443,-13.08097399961207 32.980774000094584,-13.083017000257939 32.981074999580528,-13.085178000047904 32.980694000004178,-13.087963999869885 32.980197999623329,-13.090947999825858 32.979949999882535,-13.093461999700081 32.979767000440063,-13.095832000131054 32.980006999812076,-13.098834000017405 32.979977000227848,-13.102224999848829 32.979778000047808,-13.105055999946556 32.979942000413075,-13.107127000084461 32.979697999957409,-13.110047999834251 32.979824000369604,-13.113232000016296 32.980041999626792,-13.11605299965305 32.980567999591926,-13.119859999774974 32.981148000247572,-13.122112000162417 32.982162000224776,-13.12431900027417 32.982772999611484,-13.12744799971955 32.981936999745585,-13.130847999965907 32.981452999917906,-13.133026999686251 32.980510999662386,-13.137321999820244 32.980102999740723,-13.139999000013688 32.980404000125986,-13.142071000197689 32.980082999718149,-13.144177000150307 32.980343000012056,-13.14677300020719 32.981269999576114,-13.149423000055322 32.982651000282942,-13.151150999670563 32.984421000035582,-13.153184999901498 32.985229000409447,-13.155092999720237 32.986033999745644,-13.157100999652016 32.986838999981217,-13.159100000068236 32.987370000176774,-13.161306000133891 32.98746500005938,-13.165665999666826 32.987743000283729,-13.167764000150044 32.988445000267916,-13.17064900003902 32.989093999607633,-13.173079999684546 32.991359999741121,-13.177937999690526 32.992553999921824,-13.179665000158991 32.994132999863211,-13.182694000390654 32.997631000130411,-13.188436999823294 32.998760000012794,-13.190571000167324 33.00029799986288,-13.191882000345343 33.001865000150474,-13.194107000387532 33.003448000276308,-13.197407999667575 33.004482000276084,-13.19942500001423 33.005203000236804,-13.201794000399047 33.005351999910602,-13.204814000215832 33.004169000237027,-13.208151000256066 33.002281000440917,-13.210295000161693 32.999335999584787,-13.212926000033349 32.995956000260378,-13.21540400004676 32.994269999883215,-13.217257000028155 32.992794000193157,-13.218965999666864 32.990555000404925,-13.222783000249706 32.989014000416546,-13.225198000057048 32.987147999835884,-13.227070000014919 32.985382000267634,-13.228109000245182 32.981850000231816,-13.229276000080574 32.978886000298473,-13.232088000201827 32.977427999639474,-13.23391399983791 32.973178999827326,-13.239285000109078 32.971703000137268,-13.241203000388735 32.969996999737475,-13.2432819999961 32.967582999976287,-13.245769999571166 32.965229000282875,-13.247486999578655 32.962871999551908,-13.248843000032423 32.960411000322097,-13.249394000250618 32.957416999905206,-13.249566000085338 32.955372000066518,-13.250036000166972 32.953006999866034,-13.250677000037285 32.951850999638395,-13.252738999760254 32.950363000294487,-13.255532999951072 32.950641999665606,-13.257993000034105 32.950008000118032,-13.260895999853517 32.948837000098251,-13.263555000116526 32.947712000400259,-13.265886999695113 32.946148000250957,-13.268166000427867 32.945178999650125,-13.270281999942085 32.943417000266265,-13.273283999828436 32.942237999877705,-13.275327999621027 32.940795999956265,-13.278167000087535 32.938662999658384,-13.281239999649472 32.937301999873455,-13.283039999885716 32.935599999658109,-13.285634999896502 32.934195999689678,-13.287266000436261 32.933872000042861,-13.28764199978218 32.93271599981523,-13.289413999627016 32.92936700012114,-13.291077999889353 32.910988000073473,-13.235663000421139 32.909531000359891,-13.23330299955188 32.908015999771351,-13.231584000351518 32.905826999590033,-13.229413000100578 32.903800999727821,-13.227430999568639 32.902003999629869,-13.22550499981952 32.846347999844284,-13.207832999986522 32.697542000424789,-13.058452000141811 32.667217000092421,-13.02800999981207 32.665450999624852,-13.026542999637511 32.66326499958177,-13.026901999998415 32.661156000390179,-13.027504999915662 32.658957999793984,-13.028958000344176 32.657410000382242,-13.030755999588848 32.638714000111008,-13.046953999823984 32.635906000174202,-13.047231000002228 32.634010000009305,-13.046214999932886 32.631701999738425,-13.045850000194719 32.628035999820895,-13.045211999563433 32.62539699958046,-13.043996000167281 32.623565999713882,-13.042519999577847 32.621998000279575,-13.040138000392403 32.61607399969796,-13.037100999792017 32.613791999726232,-13.036835000120844 32.611026999972921,-13.036766999684232 32.608105000177034,-13.037043999862476 32.607150000221566,-13.039499999761119 32.604579999564514,-13.046116999911987 32.603443000212735,-13.04777900008213 32.601120000149706,-13.050100000053019 32.598122000447745,-13.051985999756937 32.596194999753152,-13.052859000429066 32.594296000349345,-13.054105000308764 32.590916000125617,-13.054633000366096 32.587768999850482,-13.0556139997214 32.582981000373309,-13.058074999850533 32.579726999662455,-13.059824000433764 32.577918999956808,-13.060760999559534 32.576041999768449,-13.061889000295082 32.573635000329887,-13.063222999734705 32.570949999767656,-13.064221999919766 32.568122999854324,-13.064606999680507 32.565741999815657,-13.066195000036828 32.564979999763636,-13.068118999693752 32.563575999795205,-13.070639999890716 32.560371000443808,-13.072993999584071 32.558731000388491,-13.074501999849927 32.55715899987041,-13.076344000223571 32.553367999586726,-13.079882999682752 32.55168200010894,-13.081733999571952 32.54983500040413,-13.083692999942912 32.546382999559398,-13.086120000303422 32.544548000407758,-13.087156000395394 32.542049000325619,-13.088371999791546 32.539359999579055,-13.088719999645377 32.536883999657789,-13.087449999558658 32.534298000061881,-13.086775999965823 32.531558999708402,-13.08702399970656 32.529197999692371,-13.085871999663309 32.527100000108476,-13.085468999972136 32.524952000018459,-13.08498700023665 32.522320000100756,-13.084356999974091 32.520153000034206,-13.083810999986381 32.517891000085058,-13.085850999594582 32.516293000167138,-13.087214000371034 32.514510999861329,-13.088792000266324 32.51201199977919,-13.090063000399198 32.509506000273689,-13.090781000221625 32.507228999633128,-13.090777000037235 32.505107999888423,-13.090573999672813 32.503077999841821,-13.090415999584138 32.50057999980578,-13.089281000324547 32.498325000179364,-13.087042999683092 32.497173000136115,-13.084618000314149 32.497215000273513,-13.081343999580723 32.495926000210254,-13.079053000093438 32.494689999892152,-13.077415000130259 32.493645000284623,-13.073938999977884 32.492110999719607,-13.072642999591947 32.490444000218304,-13.071536999870489 32.487457000124095,-13.069849000300508 32.48553100037492,-13.068127000062532 32.482921999718762,-13.067426000124385 32.480518000418556,-13.066588000166348 32.478485000233661,-13.065797999722916 32.475642999628917,-13.064643999587474 32.474041000425871,-13.063329000124327 32.473445999978082,-13.061049000244793 32.473124999570238,-13.058860000063476 32.47292300015129,-13.056806999856008 32.471149000214261,-13.054587000044307 32.469108999706691,-13.052981999803706 32.467116999613147,-13.051758000038774 32.465537999671767,-13.050054999777272 32.464302000252985,-13.048279999794147 32.462761000264607,-13.046150999680663 32.448957999814127,-13.04296100012135 32.214664999666013,-12.988817999932792 32.041755999843303,-12.948859999817103 32.041640999938124,-12.945830000438662 32.040912999654779,-12.943694000002495 32.04046200044894,-12.942707000370604 32.039390999642876,-12.940361000146652 32.037415000286899,-12.937893999740934 32.034271000150056,-12.93594699992309 32.031611999887048,-12.934138000171345 32.029469000027518,-12.933912999692152 32.026824999556595,-12.93420100037747 32.024569999930179,-12.934085000426192 32.021942000196816,-12.933650000159275 32.019955000333766,-12.932268000305669 32.017020999984709,-12.931135000238896 32.01475900003561,-12.929843000037351 32.011359999835349,-12.927903999688965 32.008220999929051,-12.926680999970129 32.005801999937319,-12.926183000396406 32.00354400017261,-12.925768000152118 32.001349999760748,-12.924791000081823 31.99995800034554,-12.923159000395287 31.999020000274353,-12.920949000145242 31.997504999685869,-12.918428999994376 31.995426000078506,-12.917246000320745 31.992813000137289,-12.918510000130935 31.991326999986253,-12.919987999913189 31.988852000111137,-12.921181000047739 31.986636999630601,-12.920493999855694 31.985036999620434,-12.918978000120376 31.983643000112977,-12.917047000140769 31.981740999671558,-12.914868999567148 31.979613999650208,-12.913477000151886 31.977662999647972,-12.911236000271515 31.977181999958585,-12.908258999738903 31.975924999571816,-12.906345999689734 31.973117999681048,-12.90625399994542 31.970988999567506,-12.90772000007388 31.970554000199908,-12.904879000414494 31.970185000277407,-12.903198000267878 31.970156999886001,-12.903069999763431 31.970077999841688,-12.902707000117459 31.970149999563375,-12.899930999857077 31.970132999679038,-12.897562000371579 31.970637999575445,-12.894326999637256 31.971612999553486,-12.892440999933342 31.973371999698426,-12.890620999674525 31.975850999757935,-12.889681999557297 31.975857000034519,-12.887284999680388 31.974233999863483,-12.88571500015388 31.97230700006827,-12.883428999997761 31.971428000018872,-12.879409999995913 31.973114000395977,-12.877318999835438 31.975454000343348,-12.876242999698206 31.9777279999463,-12.875817999892263 31.979895000012842,-12.876187999860861 31.982941000128786,-12.877095000301665 31.984023999689384,-12.878934999683793 31.98465199985969,-12.881912000216344 31.985915999669828,-12.884864999642616 31.986989999714861,-12.886975999825722 31.988405000190365,-12.888617999973235 31.989912000410129,-12.890115999778116 31.991549000327151,-12.887437000391856 31.990058999991728,-12.885035000284461 31.988777000251162,-12.882876999733469 31.987680000045259,-12.880712999805212 31.98699599999145,-12.878394999972613 31.988213000333019,-12.874791000215112 31.989845000019614,-12.873568999643055 31.991899000273179,-12.872681000078103 31.994267999758677,-12.872491000313005 31.99791499969967,-12.873383000062347 31.999948999930666,-12.875206999606235 32.001728000098183,-12.876479999831247 32.004374999808022,-12.876227999906064 32.005882000027782,-12.874615000196057 32.007457999830876,-12.873020000416375 32.008499000153392,-12.871053999722733 32.008895999567926,-12.868495999618858 32.008575000059409,-12.865836000209072 32.007893000097852,-12.863555000283441 32.006495999552783,-12.861532999706299 32.003890999980342,-12.860853999882977 32.001819999842439,-12.860438999638689 31.999673999844617,-12.859617000418153 31.99722100008427,-12.857763000390662 31.995711999772308,-12.85594900040843 31.994677999772531,-12.853178000378534 31.994432000123933,-12.850961999851904 31.994735999748169,-12.848341000441224 31.996111000178413,-12.844420999607053 31.997447999756329,-12.841903999594479 31.999487000217755,-12.840600999785181 32.001556000263463,-12.840246999654823 32.003174000204012,-12.841572999624987 32.004227000180322,-12.843665999877658 32.005229999650396,-12.845777000060764 32.006786000330237,-12.84805199970981 32.008761999686271,-12.847425999631639 32.007702000286592,-12.844248999772331 32.007636999988279,-12.841516999741543 32.008171000322186,-12.839187000255151 32.009239000090588,-12.837410000179828 32.00991399972952,-12.835467999693151 32.009738999756507,-12.833297000341531 32.00967799964257,-12.831263000110594 32.01086000016943,-12.829267999878766 32.012572999992528,-12.828017999814618 32.01452600008696,-12.827455999988672 32.016575000110038,-12.827717000328732 32.019084999799929,-12.827925000024264 32.020839999760426,-12.825761000096007 32.021767000223861,-12.823720999588488 32.023341999980858,-12.822107999878426 32.025287999752607,-12.820641999749967 32.027351000421049,-12.819953000364988 32.027950000153908,-12.817098000060296 32.027469999611299,-12.814212000125224 32.026416999634989,-12.812010000243957 32.026627000322037,-12.809299000281838 32.0285259997259,-12.807994000380404 32.030449000236047,-12.806446000069343 32.032664999863357,-12.804736000384537 32.034584000189163,-12.802734999876121 32.036151999623485,-12.800345000321895 32.037032999765074,-12.798060000211876 32.037430000078984,-12.796091000279203 32.037800000047639,-12.793369999856168 32.037762000094574,-12.791236000411516 32.038368000150115,-12.789059999930089 32.039497000032497,-12.78640499985147 32.040890000393176,-12.784837000417099 32.043082999859564,-12.783335000427826 32.045516999643439,-12.782791999679089 32.047664999733456,-12.783766999657132 32.049332000134086,-12.785382000358709 32.051167000185046,-12.787513999711223 32.053036000004624,-12.788407000405982 32.055790000150239,-12.787792999981662 32.054122999749609,-12.786095999996746 32.052775999710718,-12.784273999645734 32.051490999831856,-12.781846000138501 32.051266000251985,-12.779357999664114 32.052215999976966,-12.777435000053288 32.053448000110677,-12.775793999951816 32.054881999663337,-12.773864000018307 32.056202000256235,-12.772295999684616 32.058238999726136,-12.770855999855371 32.060394000138899,-12.770141000171236 32.061946999781128,-12.768817000293268 32.063522000437445,-12.767202999637787 32.064681999950153,-12.765164000075686 32.065516999769955,-12.763123999568109 32.065819000201309,-12.760591999763447 32.066722999604508,-12.758733000404789 32.06776399992696,-12.756556999923417 32.066371999612386,-12.754897999891568 32.064453000185893,-12.753444000316279 32.063312999796494,-12.751576999689519 32.062214000397717,-12.749393999784786 32.061546000182148,-12.746370999829708 32.061413000346533,-12.743974999998898 32.060844000197896,-12.741812000116738 32.059310999678985,-12.739617999704931 32.057621000016809,-12.738246000312301 32.056109999612652,-12.736135000129195 32.055720999667528,-12.733473999773992 32.056720999898687,-12.731706000113491 32.059836999644119,-12.730324000259884 32.063126000169632,-12.730145000102539 32.065127999824824,-12.73055900030073 32.067341000213162,-12.73112800044936 32.069320999753586,-12.731541999748231 32.071571000048834,-12.731026000244128 32.073521000004973,-12.730335999913732 32.075535000213335,-12.729528999586023 32.077782000370291,-12.728353000235073 32.079960000044593,-12.727592000229151 32.081699000166907,-12.726358000003243 32.081923999746778,-12.723175999913394 32.080852999840033,-12.721010999939038 32.079754000441255,-12.718764999828181 32.079849000323797,-12.716341999652059 32.081397999781643,-12.714122999886456 32.083012000437122,-12.71186800026004 32.083270999785611,-12.709545000197011 32.083004000068343,-12.705213000156105 32.082641999569205,-12.702588999707812 32.082363000198086,-12.699658000396369 32.082278999923233,-12.697441999869737 32.082877999656091,-12.694568999634612 32.084029999699396,-12.692076999875098 32.085280999809584,-12.690236999593708 32.087058999931003,-12.688189999662825 32.088818000075889,-12.686848999900519 32.090855000445174,-12.685725000248624 32.092795999986436,-12.684076999824526 32.093512999762766,-12.681637999810221 32.091956999982244,-12.679661999554867 32.089354999648776,-12.679046999983766 32.086693000146788,-12.678946999870732 32.084617999824502,-12.678994000238617 32.082274999738843,-12.679167000119435 32.079078999903004,-12.67899300019252 32.076336000264462,-12.678017000168381 32.07455099982036,-12.67624700041574 32.073250000103315,-12.674496999786355 32.072055999922611,-12.671798000377464 32.071490999958428,-12.669879000051649 32.071288999640103,-12.667852000143398 32.072124000359224,-12.665540999734219 32.073668999632673,-12.663339999898994 32.076164000429742,-12.661756999773218 32.077922999675366,-12.660461000286601 32.080490000194061,-12.659286000082432 32.08243199978142,-12.658052999902679 32.083774999635921,-12.656168000244859 32.085322999946982,-12.654047999646878 32.087128000413713,-12.652589999887196 32.089390000362812,-12.650924999578763 32.091221000229382,-12.649963000199932 32.093506000339403,-12.647999999644583 32.094863999985989,-12.645327999681626 32.095050999612845,-12.64304100037873 32.094779999711193,-12.640426000345315 32.094463000387059,-12.63841700036744 32.094051000281013,-12.635820000264459 32.093678000174123,-12.631922000444376 32.095019999982519,-12.629947000235177 32.095992999868372,-12.628059000439066 32.096115000096233,-12.626007000277696 32.095978000076229,-12.623357999576342 32.096358999652637,-12.618954999859852 32.096148999864852,-12.615681000025745 32.095466999903294,-12.613563000419276 32.095401999604974,-12.611464999936118 32.096259999585641,-12.609306000238348 32.097813000127189,-12.607901000223819 32.101008999963085,-12.605568999745911 32.104877000198883,-12.60353000018381 32.10719700012362,-12.602941000012606 32.109074000311978,-12.602142000053618 32.111065000359474,-12.600882999574651 32.11148499993493,-12.598867000173414 32.109729999974434,-12.597641000316287 32.108017000151335,-12.596433000389595 32.105480000116131,-12.595004000168103 32.103722000017342,-12.593760000380541 32.102370999794061,-12.59163899973646 32.102303000256768,-12.588392000247666 32.10359200032002,-12.585981999771491 32.105044999849206,-12.58385299965795 32.107192999939222,-12.582024999929672 32.109695000159661,-12.578868000092939 32.111541999864471,-12.57692999979065 32.112053000037463,-12.574870000159819 32.112431000374841,-12.572864000320235 32.112613999817313,-12.570241999964194 32.112801000343438,-12.567755999581948 32.113280999986785,-12.564339000350628 32.113646999770992,-12.561238000397339 32.114498000328354,-12.558429000414435 32.115604000049814,-12.5559369997556 32.117057999625104,-12.553598999900487 32.11839700019447,-12.551425000410575 32.119224999691653,-12.548948999589982 32.119801000162909,-12.546301999880141 32.120197000430721,-12.54408700029893 32.120564000261027,-12.540987000391738 32.121234999715568,-12.538702000281717 32.122532000147601,-12.536888000299484 32.124840000418487,-12.535422000171025 32.127360999716132,-12.534409000239918 32.129512999990538,-12.53342099966261 32.131320999696243,-12.532476000168117 32.130889999613657,-12.530358999708426 32.128238999719429,-12.529563999933885 32.125682999707749,-12.528795999605222 32.122897999931808,-12.528117999828053 32.120934000229681,-12.526737000020546 32.119354000242133,-12.524534000093126 32.118942000136144,-12.52207400001015 32.118198000014502,-12.517811999598678 32.118617999589951,-12.51555299978787 32.118923000159604,-12.513492000110944 32.11936599989599,-12.511457999880008 32.119990999928064,-12.509128000393614 32.120388000241974,-12.506948999773897 32.120048999903702,-12.504759999592579 32.119632999613259,-12.501946000278451 32.119224999691653,-12.499784000442387 32.119319999574202,-12.496890000138535 32.119644000120331,-12.494693999634535 32.121384000288742,-12.493686999980014 32.123599999916046,-12.492354999733266 32.126056999860737,-12.492064999855074 32.128612999872416,-12.492815000253302 32.131541999991043,-12.494009000433948 32.133388999695796,-12.492523000282915 32.134060000049658,-12.490237000126795 32.134479999625164,-12.488132000220276 32.135245999861581,-12.486207999664032 32.135895000100618,-12.48384999978623 32.136013000144089,-12.481778999648384 32.135673999805817,-12.479427000047167 32.13457500040704,-12.476910000034591 32.133499000269808,-12.474364999630664 32.132603000336132,-12.471840000148688 32.130267999719933,-12.469895999569813 32.129265000249802,-12.467823000239035 32.12811999962986,-12.46566699978024 32.126838999935387,-12.463419999623227 32.12541599999048,-12.460557999895173 32.124893000163638,-12.45857600026261 32.124282999923707,-12.456485000102077 32.123844000371719,-12.453617000097438 32.123779000073398,-12.4512649995969 32.124821000442012,-12.449224999988699 32.127540999919631,-12.447443999728987 32.129364000316741,-12.445912000155488 32.13074900030864,-12.443710000274223 32.131973000073572,-12.441715000042393 32.134041000073182,-12.439053999687133 32.132210000206612,-12.436832999829335 32.130840000006799,-12.435056999800111 32.130177000021718,-12.432422999790219 32.129920999912201,-12.429311000229177 32.129421000246282,-12.427256999975612 32.129039999770612,-12.425219999606382 32.129317999994953,-12.4227800004453 32.129271999673165,-12.420004000184917 32.129990000394912,-12.417826999657393 32.131172000022389,-12.416012999675161 32.13296900012034,-12.414174000339129 32.134979000144313,-12.412778999886255 32.136390999582147,-12.411092000362316 32.137938999893208,-12.409433000330466 32.139465000089501,-12.407682999701137 32.141033000423192,-12.405726000321636 32.142699999924496,-12.404510000026164 32.144916999597903,-12.403368999590612 32.146957000105431,-12.403014000313476 32.149390999889249,-12.402949000015154 32.152893000340839,-12.404181000148867 32.155124999806389,-12.404657999653864 32.15630000001056,-12.40201300003622 32.154583000003015,-12.399918999737451 32.153636999563105,-12.396857999829365 32.153872999650048,-12.394706999600999 32.155166999943788,-12.392802999966705 32.158870999814326,-12.390779000196687 32.161476000286086,-12.389340999560316 32.163422000057828,-12.388397000111922 32.166244999786784,-12.388080999934573 32.170180999559875,-12.389421999696879 32.172664999849928,-12.389628000199536 32.174938000306099,-12.389634999622899 32.177158000117799,-12.388982000098792 32.175799999571836,-12.385423999763759 32.174332000250558,-12.383040999632897 32.172318000042196,-12.380730000122981 32.171013000140704,-12.378781000212937 32.170700000101647,-12.376791000211597 32.171326000179818,-12.374730999681445 32.172549999944749,-12.37300700025065 32.174355000411424,-12.371548000444873 32.176922000030856,-12.370985999719606 32.178985999846077,-12.370739000024912 32.181029999638668,-12.371035000179688 32.18264799957921,-12.36944799986952 32.182616999948834,-12.365350999869404 32.182621000133224,-12.363342999937686 32.182200999658448,-12.359797000155822 32.181396000322195,-12.356892000244216 32.180640999693537,-12.354230999889012 32.179839999642354,-12.351624000224374 32.179661000384328,-12.349407999697746 32.180832000404109,-12.346752999619127 32.181496000435281,-12.343381999810218 32.181980000262968,-12.341257999927221 32.182422999999346,-12.339224999742328 32.183139999775676,-12.336912000140273 32.185031999756177,-12.335064000389366 32.187663999673873,-12.334412000012037 32.18948700007104,-12.335276000269287 32.191692000090598,-12.335645000191846 32.193789999674436,-12.333887000093 32.194201999780489,-12.330922000113617 32.195129000243867,-12.328862999629564 32.197159000290412,-12.327377000377851 32.200324999642703,-12.327214000058689 32.202560000145866,-12.328070999993258 32.204590000192411,-12.329098999716507 32.206444000219896,-12.331382999780374 32.208416000290867,-12.330964000251015 32.209826999682605,-12.329529999799036 32.210841999705906,-12.327353000170829 32.211352999878898,-12.324948999971241 32.208839000004609,-12.323792999743603 32.206676000122457,-12.323136000035106 32.204638999753229,-12.321440000096345 32.203132999579566,-12.31973499974265 32.202793000094516,-12.317409999587426 32.20397199958375,-12.315551000228822 32.205356999575656,-12.313620000249216 32.208332000016007,-12.31244299995285 32.21058300035736,-12.312395000438185 32.212752999662882,-12.311361999585131 32.215445999694566,-12.309515999926418 32.218033000235891,-12.308518999833552 32.221061999568235,-12.308429000181489 32.223595000318312,-12.308942000446677 32.22539899983957,-12.30802400039812 32.22491500001189,-12.305002999635974 32.225284999980545,-12.302471999877355 32.227447999862704,-12.300371000155224 32.230659000390006,-12.300009999702183 32.232883000386096,-12.299789000306703 32.235771000413365,-12.299154999859752 32.23772799979281,-12.297216000410684 32.240257000358554,-12.294909000185894 32.242583999706653,-12.29310599981136 32.245490999710398,-12.292263999668874 32.247870999703025,-12.291322000312675 32.248374999553334,-12.288610000304514 32.247730000397944,-12.285243999826832 32.247566000032691,-12.282358999937856 32.248027999745602,-12.279909000315797 32.248646000354313,-12.277018000150234 32.249268000248037,-12.274640000249859 32.25094600025642,-12.272141000167721 32.253540000221108,-12.269271000070885 32.254188999560881,-12.26727499979296 32.255157000115553,-12.265124999610691 32.257095000417848,-12.263710000034562 32.259682000059911,-12.262895000237393 32.261871000241229,-12.264030000396303 32.263308999978278,-12.265689999574931 32.264533999789307,-12.263848000100609 32.26439699976936,-12.26104500039429 32.264804999690966,-12.24999399999723 32.26508700009969,-12.247959999766294 32.265636000225754,-12.245176000036452 32.26805500021743,-12.243437999960236 32.271492000370699,-12.242570000417913 32.27427299996225,-12.240541999564186 32.274035999829209,-12.237041000058014 32.273780999765783,-12.234128999823781 32.274040000013599,-12.231915000288666 32.273521000371147,-12.227898000379014 32.273894999624865,-12.225809000310733 32.274200000194469,-12.223802999571831 32.274291999938782,-12.221226000390743 32.274200000194469,-12.218585000058169 32.275024000406518,-12.215666000400516 32.276202999895759,-12.213977999931217 32.277790000205982,-12.21183900025602 32.280010000017683,-12.211147999879586 32.28204700038691,-12.210566000031008 32.284690999958457,-12.21067200042063 32.286003000182632,-12.208784999771296 32.28602999962856,-12.206641999911767 32.287276999554422,-12.204873000205225 32.289119999974105,-12.202914999880306 32.290641999986008,-12.201047000106826 32.292510999805586,-12.199786000434983 32.29407900013927,-12.19771899958215 32.293007000186435,-12.195689999581646 32.290806000351267,-12.196163999847727 32.289195999880178,-12.198212999870805 32.28755599982486,-12.199782000250593 32.286075999950356,-12.201134999666692 32.283607000351822,-12.20250299977431 32.280602000327178,-12.202485999889971 32.278209999781438,-12.201694000253667 32.276629999793897,-12.199654999792243 32.276215000448921,-12.196650999813697 32.275875000064559,-12.194370999934165 32.27720600026521,-12.191697999925111 32.276424000190552,-12.188973000217004 32.275581000001971,-12.186917999917341 32.275168999895975,-12.184647999599463 32.275668999561894,-12.181384000226329 32.276638000162677,-12.179070999724956 32.278378000331088,-12.176027999747305 32.279785000437812,-12.174051000345173 32.277454000006003,-12.17289700020973 32.27467000027616,-12.171948999677623 32.273575000162396,-12.167152999831671 32.272925999923359,-12.163995999994881 32.269520000299792,-12.159826000227099 32.26805900040182,-12.158076999643811 32.266753999601008,-12.155911999669456 32.266036999824671,-12.152419999678839 32.266406999793332,-12.150042999824564 32.26783399992263,-12.147794999621453 32.269634000158817,-12.146561000294923 32.271789999718351,-12.146340000000123 32.27410100012753,-12.145686000429862 32.27488700038657,-12.143554000178085 32.273879999832729,-12.141191000069796 32.271987999852229,-12.137171000021908 32.271533999608778,-12.132402999667987 32.272289000237492,-12.129773999888528 32.272564000323541,-12.126997999628145 32.272404000142672,-12.124222000267082 32.272011000013151,-12.121236000218971 32.271824000386289,-12.118395999706365 32.273308000445127,-12.114701000250705 32.27482999955771,-12.113041000172755 32.276885999903463,-12.112052000448614 32.280044999832398,-12.110983999780897 32.278598999726569,-12.108528999928353 32.276748999883466,-12.106651999739995 32.276477999981807,-12.104661999738653 32.276450999636552,-12.101416000295899 32.277905000111105,-12.099664999620472 32.280646999703549,-12.098505000107705 32.28532400035931,-12.09819200006865 32.288123999927336,-12.098415999602423 32.291645000355459,-12.096851000306344 32.294066999586107,-12.095880999659469 32.297328999766357,-12.093863000166039 32.298786000379266,-12.089561999755517 32.299797000218177,-12.08717700043178 32.303734000037366,-12.083804999677454 32.306061000284785,-12.082128999761323 32.308661999672836,-12.08075100009205 32.310974000128169,-12.080170000289627 32.313591000253723,-12.080348000400932 32.315879999648814,-12.082117000107473 32.317959000155497,-12.084012000226267 32.320876999766995,-12.084552999983487 32.323417999986532,-12.08387200006797 32.326157000339997,-12.082432000238725 32.328254999923843,-12.080781999722433 32.329444999920156,-12.078125999597717 32.329112999904567,-12.074046000381257 32.329261999578364,-12.073386999681247 32.329545000033193,-12.072135999571058 32.329574999617421,-12.072002999735444 32.331165000065937,-12.07011700003153 32.334357999763483,-12.068172000305879 32.336600999736106,-12.067445000068574 32.339347999558981,-12.066863000220051 32.341384999928259,-12.066252999980122 32.343696000337445,-12.065445999652354 32.343700999668613,-12.06549300002024 32.344108999590269,-12.065411999883736 32.34423099981808,-12.065386999630617 32.344807000289386,-12.067406000069466 32.345111999959727,-12.067481999975485 32.345080000283247,-12.067161999613745 32.346785999783663,-12.067414000438248 32.350924999921176,-12.067153000098187 32.354088000034494,-12.068181999867532 32.357005999645992,-12.070792999716559 32.357882999603191,-12.073118999917881 32.35855099981876,-12.076665999745842 32.35889100020313,-12.080383000215646 32.35905499966907,-12.082870999790712 32.359721999838541,-12.085378000241631 32.362220999920673,-12.087364000058585 32.36515000003925,-12.088592000007907 32.369236000431613,-12.089504999825976 32.371875999818769,-12.090298000407643 32.373607999618393,-12.092581000425469 32.373775000121952,-12.095022999678747 32.375782000007625,-12.09821999956074 32.377850000007243,-12.099806999870905 32.381775000172581,-12.100811000286456 32.383582999878222,-12.101801000056639 32.386631000086361,-12.103037000374741 32.388869999874601,-12.103339999952821 32.39087299957589,-12.102233000185265 32.392947999898183,-12.10110700044123 32.396488000302782,-12.100065000072618 32.398376000098892,-12.098939000328585 32.400104999760231,-12.097775999778262 32.402251999804143,-12.096478000199454 32.40497999965055,-12.094847999705733 32.407806000417111,-12.094735999938848 32.410416000220039,-12.094162999605885 32.413189000342129,-12.093462999713836 32.415276000318215,-12.093467999944323 32.417809000169029,-12.093309999855647 32.42025799974499,-12.093551000173079 32.422497000432486,-12.09398899967897 32.42701700014635,-12.095887999982152 32.430251999981294,-12.097640999850455 32.43218600009925,-12.09836800008776 32.435425000118585,-12.09835600043391 32.437968999577095,-12.099275999675342 32.440437000028908,-12.100691000150789 32.450267999946099,-12.104988000376977 32.452628999962144,-12.105950999801848 32.454784000374843,-12.107944999987581 32.457104000299637,-12.109694999717647 32.459148000092227,-12.111444000300878 32.462097000233427,-12.112833999623943 32.464733000335514,-12.113870999762071 32.466376999675958,-12.115945000038209 32.467505999558284,-12.1176199999083 32.467586999694845,-12.119890000226178 32.467186000095865,-12.12206799990048 32.471747999947127,-12.121372000192821 32.47382400031546,-12.122026999809179 32.476233999892315,-12.121996000178797 32.478329000237181,-12.122678000140411 32.480198000056809,-12.120511000073861 32.482196999573716,-12.119537000141918 32.484333000009883,-12.118619000093361 32.487174999715364,-12.117946999693402 32.489207999900202,-12.118283999939479 32.491836999679663,-12.119755000298426 32.493294000292565,-12.121149999851921 32.495353999923339,-12.121262999664907 32.497608000403034,-12.120280000217406 32.501147999908312,-12.118288000123869 32.503253999860931,-12.11763199956215 32.507155999865404,-12.116778999811912 32.510451999814279,-12.118060999552483 32.511760999900162,-12.119945000063524 32.513881999644923,-12.120518000396544 32.515426999817691,-12.118386000144708 32.51807400042685,-12.11729600026149 32.521048999967888,-12.116669000137222 32.523197000057962,-12.117124999573548 32.526545999751981,-12.1172920000771 32.529807999932302,-12.117144999596176 32.532936000230848,-12.116950999646633 32.535403999783341,-12.118301999869914 32.537566999665501,-12.121769999653509 32.538489999944488,-12.12430399955042 32.539378999555538,-12.126357999803986 32.54050800033724,-12.128920000092194 32.541973000419546,-12.130830000003129 32.54473500003462,-12.133430000244402 32.548518999995622,-12.13624000027346 32.55039600018398,-12.137374000386274 32.554423999701328,-12.138755000193783 32.558235000007585,-12.139729000125783 32.561896999740725,-12.141090999956759 32.564640000278587,-12.141647000405442 32.568122999854324,-12.143704999944077 32.57077399974861,-12.145146999865515 32.572968000160415,-12.147304000370411 32.573894999724473,-12.149764999600222 32.574921000254847,-12.151891999621569 32.576350999623116,-12.154326000304707 32.579452999622504,-12.15512800040193 32.582187999791586,-12.156053999919948 32.585013999658827,-12.157748999812611 32.587844999756555,-12.159264000401151 32.589114999843275,-12.162576000188267 32.588725999898145,-12.165306000126861 32.588141999957429,-12.167502999777639 32.587066999866295,-12.17012400008764 32.586468000133436,-12.172827999727019 32.588127000165287,-12.174430999875426 32.590565000133495,-12.173448999574703 32.593166000420865,-12.171354000129154 32.595450999631566,-12.171845000279518 32.597477000393042,-12.17157699961683 32.598716999996213,-12.169816000279068 32.599407000326607,-12.167934999906265 32.601234000008787,-12.166527999799596 32.603320999984874,-12.165788999908443 32.605758999953082,-12.165547999591013 32.608310999780372,-12.165543000259902 32.610125999808702,-12.164523000006113 32.612595000306612,-12.164110999900061 32.614608999615655,-12.162530999912574 32.617026999561233,-12.160327999985213 32.619114000436696,-12.158629999954201 32.620933999796193,-12.157502000117915 32.623328999580906,-12.15635700039735 32.626101999702996,-12.155655000413162 32.62912399961192,-12.15509899996448 32.631927000217615,-12.154079999756789 32.634475999906613,-12.153296999636041 32.63733699958857,-12.153589999652525 32.639678999628131,-12.152697999903182 32.642508999679762,-12.152493000345942 32.644573000394303,-12.149874000128136 32.64567599997747,-12.147930000448582 32.64693799969541,-12.146151000281066 32.649002000409951,-12.14532099979243 32.651820999954509,-12.144647000199598 32.653915000253328,-12.14444099969694 32.656402999828401,-12.144164000418014 32.658539000264568,-12.142293999652964 32.660903999565726,-12.14044299976382 32.662846000052411,-12.139930000397953 32.664866999684079,-12.139932999636926 32.667809000401917,-12.138940999774547 32.671997000100191,-12.139470999924015 32.674373999954469,-12.139879999891775 32.676982999711299,-12.141195000254186 32.681846999993866,-12.142213999562555 32.683525000002248,-12.139493000038838 32.686130999620786,-12.139053000440752 32.688503000143896,-12.139561999622231 32.691856000022369,-12.139619999597869 32.694331999943579,-12.139812000354482 32.696612999869217,-12.140340000411811 32.697940999931575,-12.14245800001828 32.698746000167148,-12.145072000005541 32.699604000147815,-12.147469999928546 32.700374999715393,-12.149776000107295 32.700462000128539,-12.151856999806796 32.702426999876764,-12.154147000147304 32.706333000065626,-12.155843000086065 32.707824999593925,-12.157688999744778 32.709103000049424,-12.159950999693876 32.710590000246555,-12.161934000271913 32.712112000258458,-12.1635540003046 32.715176000304837,-12.166813000346622 32.71668199957918,-12.168161999578331 32.718440999724066,-12.169475999894701 32.720226000168161,-12.170671000121445 32.722488000117259,-12.172057000159441 32.723755000065687,-12.17383100009647 32.724765999904605,-12.176516999805472 32.725757999766984,-12.179078000047639 32.727061999622379,-12.181213999584486 32.729323999571477,-12.179724000148383 32.730788999653775,-12.178133999699924 32.732429999755254,-12.176768999730598 32.734116000132353,-12.175405999853524 32.735824999771125,-12.174223000179893 32.737773999681167,-12.172388000128933 32.739330000361008,-12.170825000025729 32.742324999924676,-12.16944400021822 32.744263000226965,-12.170007000090266 32.746468000246523,-12.170939999930908 32.748070000348832,-12.172995000230571 32.748207000368836,-12.1758260003283 32.749968999752696,-12.176948999934098 32.752186000325423,-12.177411999693106 32.755112000305701,-12.178092999608566 32.757858000082535,-12.178430999900741 32.761299000420195,-12.178596000312098 32.763695000251005,-12.178289999696403 32.766411000443554,-12.178039999863415 32.770724999654696,-12.177283000041882 32.773922000435959,-12.177087000000199 32.776478000447639,-12.176782000329863 32.779330999760866,-12.175672000424015 32.78131100020056,-12.17537500022314 32.78369500037752,-12.175638999802175 32.78553399971355,-12.176472999575878 32.788009999634767,-12.176690999732385 32.790890000192569,-12.175399999576939 32.793204999886882,-12.173547999641642 32.795192999796029,-12.171287999784738 32.797230000165257,-12.16955399989291 32.799202000236221,-12.167809000393389 32.80050299995326,-12.165422000078138 32.801662000319197,-12.162953999626325 32.80336399963528,-12.160151999966104 32.804432000303052,-12.157728999789979 32.805702000389772,-12.155676999628609 32.80798000017711,-12.153607000436182 32.810039999807877,-12.152026000402543 32.812949999949979,-12.151214999890442 32.8176350000752,-12.152130999846747 32.818759999773135,-12.154013000265593 32.820896000209352,-12.155053999688789 32.822879999934116,-12.154630999974984 32.82484799982069,-12.154016000403885 32.828545000267859,-12.15396499985161 32.8313979995811,-12.155683999951291 32.833610999969437,-12.155261000237545 32.837730000084321,-12.15494700015239 32.839584000111749,-12.156150999894692 32.840373999655867,-12.158565999701977 32.842358000279944,-12.158250999570726 32.843181999592673,-12.155546999931346 32.845085000080246,-12.153693999949949 32.848057000382312,-12.152312000096344 32.849697000437686,-12.149979999618438 32.850594000417516,-12.148125999590945 32.852478000029237,-12.147123000120814 32.855086999786067,-12.146600000294029 32.858139000178589,-12.145669999692359 32.861403999597826,-12.14547299960452 32.863868999911347,-12.146171000303694 32.866183999605596,-12.147284000347838 32.868583999620796,-12.148695999785673 32.871521000108146,-12.148743000153559 32.873848000355565,-12.148409000045772 32.876975999754791,-12.149178999567255 32.879962999849049,-12.149072000030856 32.882198000352162,-12.148737999923071 32.884541000437821,-12.14881099969085 32.888531000002153,-12.148994000032644 32.890156000265392,-12.14735800016166 32.891712000045906,-12.145648999623631 32.89345899963763,-12.143677999598822 32.895720999586786,-12.141173000139418 32.897555999637746,-12.139410999856182 32.899623999637299,-12.137530000382753 32.902153000203043,-12.135460000291003 32.904942000163373,-12.133109999882663 32.908607000034749,-12.130632999915349 32.910937999567231,-12.129123999603394 32.913520999924231,-12.127695000281221 32.915179999956081,-12.12553399959188 32.916972999869643,-12.123608999888857 32.91951800027357,-12.121881000273616 32.922648999811081,-12.119530999865333 32.924193999983913,-12.118211000171698 32.925811999924406,-12.116936999900588 32.928101000218817,-12.115354999820907 32.93034000000705,-12.113827000431741 32.93350200007427,-12.113130999824818 32.936527000121487,-12.113284999729103 32.941104999810989,-12.112037999803306 32.943839999980071,-12.110962999712171 32.945628999709186,-12.109985999641935 32.943011999583632,-12.062043000167023 32.943873999748689,-12.058651000289501 32.991547000267303,-11.975713000149142 33.017226999620391,-11.927144999742893 33.034453999624873,-11.8942499996528 33.0768699997314,-11.812951999567815 33.083164000281556,-11.802739000028168 33.104609999614638,-11.771095000048263 33.123333000231128,-11.744019000196204 33.140087000015626,-11.718604999614911 33.160870000262889,-11.689254000113806 33.17342799998039,-11.668625999816925 33.188553000216586,-11.647804999616596 33.20606599991487,-11.621817999601658 33.223106000292489,-11.594618000328921 33.22444900014699,-11.594070000248962 33.238254999836386,-11.606423000409222</coordinates></LinearRing></outerBoundaryIs></Polygon>
  </Placemark>
  <Placemark>
	<name>Serenje</name>
	<Style><LineStyle><color>ff0000ff</color></LineStyle><PolyStyle><fill>0</fill></PolyStyle></Style>
	<ExtendedData><SchemaData schemaUrl="#COMACO_Distircts_Zambia">
		<SimpleData name="Name">Serenje</SimpleData>
		<SimpleData name="OBJECTID_1">44</SimpleData>
		<SimpleData name="OBJECTID">45</SimpleData>
		<SimpleData name="ID">0</SimpleData>
		<SimpleData name="DISTRICT_N">0</SimpleData>
		<SimpleData name="PROVINCE">Central</SimpleData>
		<SimpleData name="Shape_Leng">6.97192457973</SimpleData>
		<SimpleData name="Shape_Le_1">6.97192457966</SimpleData>
		<SimpleData name="Shape_Area">1.94256649978</SimpleData>
	</SchemaData></ExtendedData>
      <Polygon><outerBoundaryIs><LinearRing><coordinates>30.797978000406601,-12.919059000256937 30.800724000183376,-12.921415000042485 30.813886999910324,-12.930033999848604 30.813887999956421,-12.9300349998947 30.824919000330848,-12.937399000305502 30.824920000376952,-12.937400000351602 30.831611000341749,-12.940768000022217 30.831612000387853,-12.940768000022217 30.843369000054167,-12.947119999648692 30.843370000100265,-12.947119999648692 30.851331000151728,-12.94610899980978 30.851332000197825,-12.94610899980978 30.855043000391106,-12.944595000166714 30.855044000437204,-12.944595000166714 30.858865000305116,-12.943427000285226 30.863793999986683,-12.939880999604041 30.869873999665405,-12.934473000325225 30.874586000135878,-12.930234000074677 30.880134999619031,-12.927505000182236 30.880135999665129,-12.927505000182236 30.885557000442528,-12.92774999978468 30.885557999589306,-12.92774999978468 30.892753000303685,-12.929582999743445 30.892754000349782,-12.929582999743445 30.902683000287823,-12.934174000032158 30.905336000274243,-12.938073999944436 30.909590000316939,-12.943330000310425 30.917171999984927,-12.951013000137607 30.922042999690859,-12.954737000030773 30.922043999736957,-12.954738000076873 30.928954999950463,-12.958682000218742 30.92895599999656,-12.958683000264841 30.936442999781999,-12.960465999717428 30.936443999828096,-12.960465999717428 30.940651000402166,-12.96022400025322 30.940652000448264,-12.96022400025322 30.943945000258907,-12.959100999748101 30.943946000305004,-12.959100999748101 30.949380999929076,-12.956310999741731 30.95299200000926,-12.951760000397542 30.956482999953781,-12.949668000190911 30.956483999999875,-12.949668000190911 30.964485000096598,-12.946940000344512 30.964486000142696,-12.946940000344512 30.968913000066152,-12.94733299957471 30.968914000112246,-12.94733299957471 30.972164999785431,-12.948040999835541 30.972165999831528,-12.948040999835541 30.975696999821309,-12.949213999947458 30.975697999867407,-12.949213999947458 30.982638999665141,-12.951842999726921 30.982639999711235,-12.951842999726921 30.985702999711464,-12.953119000090226 30.985703999757561,-12.953119000090226 30.998682999995935,-12.957095999954618 30.998684000042033,-12.957095999954618 31.006636999724776,-12.961409000019046 31.00663799977087,-12.961410000065142 31.009765000023378,-12.962400999881424 31.009766000069476,-12.962400999881424 31.014415000333823,-12.965718999945123 31.014416000379921,-12.965719999991222 31.017602999800939,-12.969174000028829 31.01760399984704,-12.969175000074927 31.023862999683157,-12.970985999918867 31.023863999729254,-12.970985999918867 31.026469000201015,-12.969389000047045 31.026470000247116,-12.969388000000945 31.031570999763403,-12.968364999608866 31.031571999809501,-12.968364999608866 31.038512999607232,-12.968532000112418 31.038513999653329,-12.968532000112418 31.044466999773078,-12.971022999825777 31.044467999819176,-12.971022999825777 31.04900500031664,-12.974108999986981 31.049004000270546,-12.97416699996262 31.052151999692395,-12.981801000228982 31.054172000177346,-12.987690000096507 31.057007999606242,-12.991193999740972 31.061790999752244,-12.993769999775282 31.061791999798345,-12.993770999821379 31.072466999950219,-13.003932999708013 31.072467999996316,-13.003933999754109 31.076446999952903,-13.008380999700192 31.078108000076949,-13.014719999626777 31.080661999996433,-13.020278999570905 31.083541999654926,-13.02435600044771 31.094367000426018,-13.03309000015895 31.094367999572793,-13.033091000205047 31.102967000255603,-13.039710000448167 31.102968000301697,-13.039710999594945 31.121414999886721,-13.042044000118947 31.121415999932818,-13.042044000118947 31.140207000086548,-13.042152999747541 31.140208000132645,-13.042152999747541 31.159686999625251,-13.037811000144984 31.159687999671348,-13.037811000144984 31.166549000277993,-13.036373000407934 31.166549000277993,-13.036372000361837 31.170923999603076,-13.031611000330599 31.173868000413105,-13.028074000064237 31.175442000124065,-13.023129999691264 31.176471999939448,-13.01662700029874 31.178992000090318,-13.003747000127305 31.180026000090091,-13.001997000397239 31.185480999736797,-13.000867999615593 31.18548199978289,-13.000867999615593 31.187565999620688,-12.994160999812605 31.188327999672705,-12.991487999803553 31.192389999858047,-12.98757800032962 31.196376000137317,-12.981889999835005 31.203502000369042,-12.974274000398339 31.204523999815706,-12.972982000196794 31.209805999581533,-12.969272000049671 31.211467999751733,-12.965590000293901 31.216681999980324,-12.959875000353291 31.221003999560253,-12.959693000057655 31.221005999652448,-12.959693000057655 31.229994000280382,-12.959622000382069 31.229996000372577,-12.959622000382069 31.245186000007777,-12.961418999580644 31.245188000099972,-12.961418999580644 31.250776999628329,-12.959434999855887 31.250777999674426,-12.959434999855887 31.253125999990576,-12.956457000176556 31.255387999939675,-12.952101999974728 31.259483999893632,-12.949166000432797 31.264583000217041,-12.948199999970313 31.264584000263142,-12.948199999970313 31.270786000169775,-12.949952999838615 31.270788000261973,-12.949952999838615 31.275252000092337,-12.956244000250534 31.286295000120617,-12.960632000174883 31.286296000166715,-12.96063300022098 31.289637000391338,-12.962487000248416 31.289638000437431,-12.962488000294513 31.297016999741061,-12.968849000335922 31.297017999787158,-12.968850000382018 31.302186999740062,-12.972350999888192 31.302187999786156,-12.972351999934231 31.320619000432259,-12.980353000030959 31.320619999579034,-12.980354000077057 31.327126000009173,-12.981540999935076 31.327128000101364,-12.981540999935076 31.333364999822667,-12.984381000447684 31.333365999868761,-12.984381999594461 31.340775999702089,-12.991890000347894 31.348049000414736,-12.997789999823169 31.349381999808259,-13.005667999645937 31.350338999855865,-13.007342000369249 31.347547999803396,-13.016575999746465 31.341755999910617,-13.029441000125757 31.335927000110928,-13.04023799960612 31.332249999686326,-13.052371000416997 31.337106999646267,-13.065714000347384 31.355947000260073,-13.087394999721312 31.356952999868497,-13.089505999904418 31.356924000330366,-13.096778999717742 31.359244000255099,-13.107313999711323 31.359657999553974,-13.117001000185155 31.361649999647568,-13.124148999632324 31.361958000355454,-13.13331799961054 31.361664000292876,-13.15329499957619 31.363229999635049,-13.176007999757019 31.362460000113572,-13.201242000134755 31.360980000239124,-13.21701000033346 31.3601220002584,-13.228613000095493 31.359614000223701,-13.242745000423268 31.35871200001338,-13.248850000355105 31.361537999880678,-13.255216999773722 31.368918000129725,-13.2689650003868 31.376584000072516,-13.278081999766641 31.38150600033077,-13.284671000425476 31.386313999830577,-13.291200000117158 31.388733999868407,-13.294979999893767 31.390788000121972,-13.299495000276465 31.39580200012443,-13.304711999744027 31.399379999582777,-13.306286000354305 31.399381999674969,-13.306287000400403 31.401089000120802,-13.30569900027524 31.401090000166903,-13.305698000229141 31.408334999588817,-13.310281000149132 31.408335999634911,-13.31028200019523 31.412430000396057,-13.31484600013863 31.419787999630952,-13.32464300028721 31.420954000319565,-13.329204000092375 31.420737000209158,-13.331457999672693 31.41702900015423,-13.341869000245595 31.415845999581276,-13.354641999981254 31.420062999717004,-13.371787999849174 31.423770999771932,-13.379863999805877 31.420801999608155,-13.387997999738159 31.419951999996215,-13.391929000180141 31.42001800034063,-13.394105999808289 31.420671999910837,-13.398587999569145 31.421603999705383,-13.40364899993949 31.424896000369241,-13.412547000016048 31.423755999979843,-13.418818000405338 31.421195999783773,-13.420989999803055 31.421194999737676,-13.420990999849153 31.416410000398741,-13.423394000002645 31.416409000352644,-13.423395000048743 31.411096000057114,-13.426015000312589 31.409244000121813,-13.43020800024135 31.410215999961565,-13.433666999610125 31.41101099973616,-13.440713999797481 31.411278000352748,-13.443083000182298 31.410790000340679,-13.446449999806759 31.408619000089743,-13.449375999787037 31.408305000004585,-13.449584000381945 31.407850999761138,-13.449885999913931 31.404290000187132,-13.452249000022221 31.404070999984526,-13.452289000067424 31.403157000120416,-13.449091000139388 31.401419000044204,-13.448569000358646 31.399344999768001,-13.446974999725796 31.395659999873999,-13.444337999577556 31.39467200019601,-13.441683000398257 31.393691999987421,-13.439616000444744 31.391590000219193,-13.439701999912472 31.387354000106939,-13.440841000255773 31.384487000148397,-13.441989000114688 31.380604000120456,-13.441981999792004 31.377642000279305,-13.44267700035283 31.373790999927849,-13.445662000354844 31.372287999892478,-13.450417000109551 31.371407999796986,-13.453701999551411 31.370056000426924,-13.455456000365132 31.369076000218399,-13.457655000108105 31.366221999959745,-13.459978000171134 31.358409999582079,-13.460143999729269 31.355433999994943,-13.459617999764191 31.351866000098255,-13.459197000142636 31.346145999927156,-13.458319000139282 31.342669999774785,-13.458169000419387 31.33787199983658,-13.457948000124588 31.33439399959201,-13.457662999577565 31.330201999709342,-13.458747000083575 31.321711000407671,-13.463689000364411 31.318356999583838,-13.466396000142083 31.314656999897633,-13.470828000296024 31.312491999923282,-13.473543999589253 31.310657999918416,-13.47730999961982 31.309226999604736,-13.480237999692292 31.307306000086097,-13.48450100014986 31.305763000005527,-13.489841999937425 31.304913000393583,-13.495893000078011 31.304090000227632,-13.500308000347673 31.302846999586848,-13.503869999967776 31.29996099965177,-13.507521000093163 31.297729000186223,-13.508290999614644 31.294049999669486,-13.508491999886814 31.291284999916112,-13.508238999915589 31.287392000326577,-13.507372000419366 31.284957999643382,-13.506333000189045 31.282625000018697,-13.506108999755952 31.280612999902587,-13.505968999597712 31.276418999927724,-13.506917000129818 31.273146000139718,-13.508620000391261 31.269653000103009,-13.511145999919393 31.26685299963566,-13.51437999970824 31.264470999550838,-13.5182869999432 31.262007000182791,-13.52305100011273 31.257732000071424,-13.529765000238399 31.254793000391206,-13.532773000401335 31.251243999571727,-13.534302999882639 31.247723000042924,-13.534141999655674 31.245589999745047,-13.53573700033462 31.244843000384432,-13.538606000385414 31.24486899978433,-13.541237000257013 31.245027999919103,-13.543516000090449 31.244370000164508,-13.545916000105647 31.243266999682021,-13.549884999601261 31.242929000289163,-13.552802000066038 31.242429999770025,-13.557435999638924 31.241465000252898,-13.5614520004018 31.239129999636702,-13.565620000077445 31.236598999878144,-13.568621999963796 31.235432000042746,-13.570646999779854 31.233670999805611,-13.572768000423933 31.230857999638317,-13.574917999706827 31.228727000331954,-13.576728000404046 31.22604599995412,-13.578236999816681 31.226178999789678,-13.5823590000698 31.22405800004498,-13.585074000216251 31.22243099968955,-13.586925000105452 31.219753000349325,-13.588929999898935 31.215807000115266,-13.591911999762658 31.212976000017534,-13.592290000100036 31.211354999938749,-13.590281000122218 31.20978200027389,-13.588271000098246 31.207418000119503,-13.585054000193679 31.20495800003653,-13.581339999862164 31.203021999826433,-13.579752999551943 31.198074000168329,-13.578623999669617 31.19492099961667,-13.578691000060074 31.191692000058254,-13.580395000367673 31.188266999558834,-13.580730999668333 31.183584000425132,-13.583237000073154 31.179175999578828,-13.585953000265704 31.172585999773215,-13.589764999718739 31.169955999947657,-13.591994999991414 31.165605999976378,-13.595805000251573 31.162286999866581,-13.597733000092887 31.158515999605527,-13.600073000040254 31.156020999707774,-13.602034999650243 31.152924999984918,-13.603457000448373 31.14850400033805,-13.60477199991152 31.145215999858575,-13.605154000433288 31.141717999591375,-13.607359999599623 31.138545999962503,-13.610238000065237 31.136740000349047,-13.612537999967401 31.135766999563824,-13.615957000190235 31.134806000231148,-13.620648999738762 31.133510999891314,-13.623848999759048 31.132210000174268,-13.626368999909856 31.12897100015488,-13.627213000144536 31.127001000176108,-13.626665000064634 31.123260000398655,-13.62764000004273 31.12209899994053,-13.630478999609863 31.122066000217956,-13.636561000280153 31.122108000355407,-13.640954999581766 31.121193000445146,-13.64560199975392 31.118793000429942,-13.652770000123041 31.117929000172694,-13.65814100039421 31.117777000360604,-13.661322000437961 31.119118000122853,-13.667685999718287 31.120667999626843,-13.671918999692252 31.123375000303835,-13.677625000117301 31.125174999640706,-13.679537000120375 31.127668000345579,-13.681942000366064 31.129603999656414,-13.683528999776909 31.131907999742907,-13.685344999851393 31.133497000145269,-13.688854999772445 31.132516999936737,-13.691640999594426 31.129016999577345,-13.693838000144581 31.125842999856275,-13.696670000288407 31.1228490003387,-13.699041999912197 31.120626000388711,-13.701041000328416 31.119274000119386,-13.703245000301877 31.118614000272597,-13.705843999597732 31.118638999626338,-13.708383999771229 31.118557000343056,-13.710887000037758 31.115405999883535,-13.714839999695128 31.112776000058034,-13.717115000243496 31.110495000132403,-13.717667999654564 31.106530999967905,-13.7194720000752 31.100250000016953,-13.722586999774535 31.092366999963698,-13.725599000121804 31.086448999658728,-13.728626000261272 31.082391999703869,-13.730113999605178 31.078659000295143,-13.731865000280663 31.074934000355935,-13.734700999709503 31.072165999564959,-13.737030000049172 31.069890999915913,-13.738340000181097 31.068948999660392,-13.740268000022409 31.069072999980452,-13.743802000150481 31.069489000270892,-13.749147000122434 31.070074000257701,-13.753173999593741 31.070825999848804,-13.755196000170827 31.071174999748674,-13.758316000100647 31.072706000175458,-13.76074100036891 31.075236999934017,-13.762225000427803 31.076442999768517,-13.764070000040361 31.075833999574687,-13.767391000242355 31.072435000273799,-13.770816999888609 31.068611000267598,-13.772883999842122 31.065148999861204,-13.774402999715676 31.062040000438458,-13.775092 31.058068999951274,-13.775538999920741 31.054126999901598,-13.774576999642591 31.051589999866451,-13.77231599973959 31.049775999884215,-13.769218999970688 31.048283000309823,-13.765990000412273 31.041689000319817,-13.76520500019933 31.037527000021438,-13.765289999620904 31.033552000249184,-13.76591799979127 31.030684000244548,-13.767197000292867 31.028466999671821,-13.770008000367964 31.026937000190454,-13.77271700023789 31.025128999585487,-13.775104999699863 31.023965999934493,-13.777988000396022 31.023487000337298,-13.780622999552691 31.024211999583027,-13.785012999569233 31.026105999655723,-13.786971999940247 31.028001999820614,-13.789246999589295 31.030496999718363,-13.791868999945336 31.032647999946676,-13.791968000012332 31.037098000031051,-13.793422999633663 31.038226999913434,-13.796802999857448 31.038676999972495,-13.800918999833982 31.038753999924605,-13.801707000185218 31.038822000361222,-13.802402999892877 31.03389900005692,-13.802812999906678 31.032682999761445,-13.800685999885388 31.026142999562691,-13.789241000212028 31.016448999665439,-13.779546000268681 31.008724999747013,-13.779546000268681 31.005973999739691,-13.784862999849338 31.00216999975612,-13.790210999959584 30.997057999732757,-13.794097000125817 30.994329999886361,-13.795920999669702 30.988863999732583,-13.797563999863371 30.984535999876069,-13.798052999921538 30.976749999797619,-13.798934000063127 30.970750000209307,-13.799544000303058 30.970371999871926,-13.799582000256066 30.96362600006978,-13.803485000306635 30.961351999567512,-13.805892999791297 30.95988400024623,-13.811239999855445 30.958919999875885,-13.815519000151196 30.958496000116039,-13.817397000385654 30.958318000004738,-13.81818799997586 30.960747999604166,-13.829068999731078 30.964025999622663,-13.836075999873229 30.969272000426997,-13.843760999792549 30.967864000274229,-13.846589999798084 30.965230000264285,-13.849390000265487 30.962970000407378,-13.851168000386906 30.960555999746813,-13.852083000297171 30.955182000236672,-13.852240000339748 30.947744000011998,-13.850858999632919 30.942857999614603,-13.850112000272304 30.938230000318299,-13.850858999632919 30.934598000169387,-13.851402000381654 30.931209999576883,-13.853954000208944 30.928470000076686,-13.866256999862969 30.931950000413451,-13.874585999790893 30.933978000367798,-13.877669999859847 30.935211999694388,-13.879817999949921 30.933490000355729,-13.881094000313226 30.930471999731822,-13.880334000353344 30.924617999679068,-13.8785900000006 30.919788000064443,-13.878015999621482 30.912155999890274,-13.879892999809838 30.908659999715212,-13.882042999992109 30.908539999579602,-13.884730999793248 30.908476000226699,-13.88742099968664 30.906292000275808,-13.888398999802972 30.902263999859144,-13.893398000013349 30.899794000214456,-13.896717000123145 30.897418000406276,-13.905878999778679 30.895442000150979,-13.90800799989222 30.890604000167571,-13.912643999557304 30.888997999880868,-13.91638400018803 30.888645999842652,-13.92141500007483 30.890238000383306,-13.927523000144957 30.626013000032287,-13.930281999621684 30.458160000349551,-13.932034000343265 30.11084099986169,-13.933763000004603 30.105722000414968,-13.933225000385676 30.098947000175368,-13.932510999848262 30.098857999670084,-13.931245999992029 30.098288000374676,-13.92318099964308 30.089736000059759,-13.923928999949112 30.085724000380594,-13.916877999577366 30.082622000381207,-13.889074000341225 30.07951600019743,-13.884272000218687 30.071732000211114,-13.877286000145203 30.076545999987555,-13.870753000269133 30.077310000131774,-13.859462999646894 30.063870000226586,-13.860260999559728 30.063825999996993,-13.855441999552852 30.0578600001773,-13.852897000048245 30.057631999559817,-13.844748000323818 30.053383999793763,-13.837636999884239 30.055435999955133,-13.8306659996029 30.046706000428227,-13.823953999569426 30.046207999955186,-13.821883000330899 30.042319999696755,-13.818275000389008 30.036712000191866,-13.811431999712795 30.027898000390163,-13.802596999842365 30.022943999556162,-13.803047999947523 30.021091999620921,-13.797229999755585 30.020333999753234,-13.792917999737313 30.023219999688305,-13.789054999731944 30.019279999730827,-13.784931000285894 30.009741999830116,-13.77338999978457 30.015292000258679,-13.764801999608835 30.003196000254089,-13.75494800043009 30.00144599962476,-13.753892000315489 30.001318000019634,-13.754578999608214 29.996578000057067,-13.752566000345325 29.991800000141492,-13.74923399963626 29.988326000081315,-13.749302000072817 29.984254000334314,-13.749764999831825 29.981890000179984,-13.750306999635141 29.977547999678105,-13.745488999674365 29.976178000377672,-13.742659999668831 29.975964999552328,-13.742379000205517 29.973266000143386,-13.738818999778289 29.969368000323353,-13.733679000262896 29.966605999808962,-13.729512999780127 29.96797800010097,-13.724654999774089 29.971093999846403,-13.717412000444369 29.965125999934514,-13.714809000064802 29.965172000256299,-13.711942000106262 29.961742000425716,-13.708970999850237 29.960381999787611,-13.697997000304667 29.9668840000333,-13.692691000331763 29.964299999630271,-13.68462599998287 29.961056000279711,-13.681199000290576 29.960862000330224,-13.674714999975208 29.959269999789569,-13.667236999705324 29.946750000025073,-13.66185199968811 29.938451999727533,-13.66145500027352 29.932244000443688,-13.659251000300058 29.92901600003205,-13.654791999800805 29.931456000092453,-13.649260000201991 29.930883999805534,-13.644376999942892 29.932160000168835,-13.641927000320832 29.929704000270188,-13.637018999808674 29.930468000414464,-13.633243000216453 29.924619999738923,-13.630641999929026 29.924719999851959,-13.627946999805202 29.920051999611072,-13.625132000445035 29.921158000231856,-13.618436000249744 29.911589999847592,-13.616358999835313 29.909624000053213,-13.617881999893255 29.903295999734379,-13.615790999732779 29.896561999586087,-13.617020999774297 29.896621999653917,-13.613178999837658 29.896728000043538,-13.598724999955323 29.892728000018277,-13.594657000392715 29.881042000027488,-13.588766999579775 29.878236000182877,-13.579780999943351 29.875548000381681,-13.578368999606141 29.869625999892321,-13.576800000125729 29.867535999777886,-13.570978999795443 29.864408000378656,-13.567610000078787 29.86440400019427,-13.564168999741128 29.862463999799786,-13.560069999648874 29.860083999807213,-13.557802000322511 29.853037999665954,-13.552717999791184 29.848997999595383,-13.547445000440176 29.846634000340373,-13.544087000331274 29.846407999815085,-13.539724999806822 29.843809999666007,-13.532635000335233 29.840515999809266,-13.528462000429158 29.843171999933983,-13.520580999568722 29.832236000341485,-13.519347000242192 29.826623999752883,-13.512905000064279 29.794774000169639,-13.512197999849603 29.795146000230432,-13.49958400024866 29.805228000026659,-13.476083999762693 29.814086000058008,-13.446098999814694 29.814242000054492,-13.445571999803462 29.812805000363536,-13.445441000060043 29.811575000322019,-13.445328000247059 29.809787999785723,-13.445164999927897 29.809309000188534,-13.445120999698304 29.8132219998007,-13.441859000417365 29.813259999753708,-13.44153699996343 29.813239999731138,-13.430865999995945 29.810832000246478,-12.149844999690629 29.811639999721027,-12.149863999667161 29.812931999922508,-12.149895000196864 29.817118000427911,-12.14810599956837 29.820285999872397,-12.147381000322582 29.823648000165687,-12.14591600024022 29.82717399992498,-12.144912999870769 29.835599999827654,-12.139046000118071 29.839795999894648,-12.134393999715428 29.844072000052105,-12.131289999623846 29.845406000391051,-12.12662699961345 29.850106000308411,-12.117921000293563 29.851945999690486,-12.109204999613382 29.849023999894598,-12.101920000146208 29.848018000286174,-12.090157000203305 29.847599999903593,-12.083103999739363 29.849986000172752,-12.073483999655991 29.851220000398595,-12.06572599996889 29.852087999940974,-12.056070000024704 29.859036000061394,-12.051084000413594 29.867722000257967,-12.04659700042231 29.876291999604007,-12.04205000036319 29.885699999807397,-12.036608000416436 29.897296000146067,-12.030014999573211 29.90563000030448,-12.023114999866777 29.912445999736065,-12.021217999655788 29.921833999916881,-12.016633999689759 29.92740599956096,-12.015507999945669 29.932617999697353,-12.01723599956091 29.940029999622823,-12.017242999883592 29.947142000108499,-12.015123000184929 29.958346000363747,-12.012815999960083 29.964564000108563,-12.008957000139162 29.97084600010561,-12.007447999827207 29.976907999853946,-12.007765000050654 29.981041999760919,-12.008207999787031 29.986752000370359,-12.008632000446255 29.992785999727346,-12.010151000319807 29.998345999717568,-12.009541000079878 30.004056000327008,-12.012483999944493 30.004694000058976,-12.015132999746582 30.006786000265549,-12.017932000167832 30.009356000023274,-12.02034099969859 30.013501999584093,-12.022789000127773 30.01731199984431,-12.027003000125205 30.020286000238567,-12.029650999881142 30.024144000013447,-12.036786999674462 30.028112000362281,-12.039344999778335 30.032888000185665,-12.042207999552545 30.032161999994454,-12.048259999739228 30.035081999698203,-12.063103999612791 30.037107999560362,-12.066302000440203 30.039966000003403,-12.081258000080652 30.038076000115097,-12.0871680000169 30.037868000419508,-12.095923999842965 30.039780000422635,-12.108910999550801 30.041454000246631,-12.11714000026501 30.04227400027429,-12.122025999763082 30.048175999841764,-12.126691999911769 30.054326000049286,-12.128270999853157 30.059114000425833,-12.128156999994076 30.061974000061696,-12.130630999823154 30.06375400027531,-12.134395999807623 30.066756000161657,-12.138247000159083 30.072599999753493,-12.145374000436902 30.073595999800261,-12.150150000260282 30.076860000072713,-12.162769000091712 30.079476000152226,-12.16569500007199 30.085970000029189,-12.172492999573137 30.095822000015058,-12.175478999621303 30.100254000169006,-12.178105000161736 30.102366000398206,-12.180159999562079 30.104290000055183,-12.185187000163864 30.108909999882034,-12.18976499985331 30.114068000227174,-12.188801000382341 30.115775999819846,-12.190616999557449 30.118012000369049,-12.189926000080277 30.127784000264512,-12.186324999561748 30.13314600012086,-12.186682999876552 30.13442000039197,-12.187113999959079 30.136664000410633,-12.188543000180573 30.140206000008163,-12.191720000039936 30.13918399966218,-12.195532000392291 30.137759999671175,-12.198932999785427 30.136277999704472,-12.199927999786098 30.13628800016545,-12.206913999859522 30.143267999962287,-12.207998000365535 30.146984000385999,-12.208775000209698 30.149133999668948,-12.209227000360897 30.152589999798689,-12.211142999649098 30.155698000074665,-12.210530000170195 30.157244000293588,-12.211826999702907 30.159845999727732,-12.212862999794879 30.163861999591234,-12.215823000443152 30.169178000025056,-12.220588999805557 30.170689999575984,-12.223315999605859 30.172032000283703,-12.225753999574067 30.175431999630746,-12.225148000417846 30.182236000307793,-12.221304000389011 30.185184000402899,-12.222519999785163 30.187999999809165,-12.224362000158804 30.191230000312999,-12.22598600037594 30.194205999900188,-12.226058000097566 30.197904000393464,-12.225115999842046 30.206996000419508,-12.225734999597535 30.210937999569865,-12.229380000345657 30.216017999916797,-12.231736000131264 30.221653999813043,-12.237769000341416 30.224980000245527,-12.24025399977819 30.229484000121143,-12.239846999902682 30.234282000059292,-12.244313999871338 30.236082000295536,-12.244757999653814 30.23829399973846,-12.244983000133004 30.241332000384944,-12.244884000066065 30.245370000363323,-12.244408999753944 30.247264000436019,-12.24577099958492 30.248798000101715,-12.247583000374277 30.256978000355844,-12.252188999555813 30.259485999953483,-12.252248999623646 30.264655999952481,-12.253289999946162 30.269273999687183,-12.257924999565148 30.27060800002613,-12.260761999939461 30.273415999962936,-12.260543999782954 30.278191999786316,-12.258425000130385 30.280702000375527,-12.258486000244318 30.28568199971005,-12.260150999653433 30.287365999995014,-12.260535000267396 30.293380000228691,-12.260394000063059 30.295004000445768,-12.260890999590684 30.296905999987928,-12.261852999868777 30.298773999761412,-12.26189800014447 30.302359999588528,-12.260780999915994 30.304892000292512,-12.26233100031925 30.306749999605071,-12.26518200043955 30.309668000115895,-12.26525200006904 30.314666000280166,-12.258729999800721 30.318622000075894,-12.256762999960243 30.321207999671799,-12.260948000419546 30.322796000028116,-12.265396000411668 30.328006000072318,-12.269758000036859 30.331096000417858,-12.269889999826319 30.336554000202849,-12.276090999686858 30.340193999821167,-12.277609999560411 30.342399999886823,-12.280639999838172 30.3437920002014,-12.28594199962663 30.350847999904317,-12.286226000127556 30.357896000137771,-12.284391000076596 30.361455999665679,-12.286881999789955 30.364711999569352,-12.287418000216064 30.367411999923718,-12.286739000392743 30.373346000066931,-12.282586999656019 30.374553999993623,-12.280898000039883 30.376163999565392,-12.281966999854433 30.379530000043076,-12.282793000158676 30.382304000211263,-12.28394700029412 30.385437999887127,-12.284652999563376 30.388883999555958,-12.282100999736086 30.393466000329113,-12.280894999901591 30.39641200033202,-12.279705999951432 30.399479999663466,-12.280809999580695 30.402841999956763,-12.281806999673563 30.407398000430764,-12.281629999608356 30.410897999890835,-12.284234000034017 30.413382000180832,-12.287787000138565 30.418166000372992,-12.292826000394141 30.420482000113392,-12.29608799967508 30.421514000020974,-12.299320000271109 30.420879999574023,-12.301481000061074 30.423885999644771,-12.307679999829418 30.433092000429212,-12.318265000329177 30.437061999970979,-12.323227999779363 30.441431999964887,-12.328486000237602 30.447446000198564,-12.32840199996275 30.448953999565045,-12.326320000217152 30.449661999825878,-12.323531000256821 30.452719999595672,-12.320054000058349 30.460476000089894,-12.312910999942289 30.465381999610543,-12.312800000221499 30.467270000305977,-12.309467000365657 30.481376000334532,-12.307802000057222 30.487420000152436,-12.308864000448409 30.493691999688508,-12.310216999864565 30.498575999993704,-12.313484000275309 30.499634000200501,-12.315685000110477 30.499864000010859,-12.32078699967286 30.49841799990503,-12.325217999780762 30.497281999700025,-12.331260999552569 30.497165999748741,-12.336181999764676 30.497720000105232,-12.339975000140553 30.499309999654372,-12.344308000227555 30.50200799991654,-12.351186999865263 30.499037999706616,-12.363312000307303 30.499932000447473,-12.369917999951156 30.500920000125461,-12.377500999665301 30.501669999624369,-12.385362999649828 30.502353999678121,-12.393454000297936 30.500610000224697,-12.400569000022585 30.498145999957273,-12.406121999690129 30.494682000358068,-12.411935999697674 30.487476000035883,-12.425448000223867 30.483558000193227,-12.433141999658744 30.481679999958768,-12.441056000241645 30.478869999929714,-12.448832999905278 30.478736000048059,-12.454556000214666 30.479143999969718,-12.464413999577857 30.479583999567808,-12.468089999956305 30.481474000355433,-12.474547999972456 30.48284799984026,-12.47818899963687 30.489298000386956,-12.48681899995006 30.492672000334096,-12.489819999790312 30.496764000103667,-12.491980000433498 30.501234000210673,-12.495523000077071 30.510524000370594,-12.500097999628281 30.512506000003157,-12.500202999971805 30.516479999729313,-12.50493699965773 30.521671999843075,-12.507524000199112 30.527383999645394,-12.507889999983318 30.532134000068933,-12.506916000051374 30.541502000227123,-12.50319100011211 30.546648000019104,-12.502742000099147 30.557266000241441,-12.505459000337794 30.562202000245691,-12.506551000313209 30.565607999869318,-12.508178999815414 30.567958000277596,-12.50995399979854 30.572932000234911,-12.516830000197274 30.575865999684648,-12.523600000206384 30.577469999879153,-12.529880000111232 30.577656000359241,-12.53435100026428 30.577643999806071,-12.539790000072742 30.576150000185578,-12.546281999857513 30.571334000316938,-12.550002999612389 30.568974000346998,-12.553553999624739 30.568143999858364,-12.55410599988903 30.566908000439582,-12.557053999984134 30.563448000125447,-12.570083999875521 30.560742000393816,-12.575915999813446 30.558870000435942,-12.581081999628054 30.559053999924512,-12.590592000036736 30.563798000071415,-12.597348000299803 30.568275999647881,-12.600548000320089 30.571829999798521,-12.603266999751611 30.575929999936871,-12.607660999952486 30.578229999838978,-12.611552000349207 30.580045999913409,-12.616234000336135 30.583613999810098,-12.618439000355693 30.585208000442943,-12.620137000386705 30.589545999861116,-12.629231999651722 30.592300000006734,-12.633706999989158 30.59838199977764,-12.640666999763425 30.60216799983084,-12.64345000034649 30.609762000051997,-12.640768999968657 30.612794000421903,-12.640841999736438 30.615807999962097,-12.641773000384205 30.622237999586844,-12.643875000152434 30.627266000234723,-12.643479999930719 30.628226000420625,-12.642358000371019 30.63208999957277,-12.641878999874507 30.635961999992961,-12.63859300038655 30.637666000300495,-12.635598999969659 30.642983999927196,-12.632863999800575 30.644055999880038,-12.631917000213889 30.64846599991921,-12.630534000314185 30.65200000004722,-12.624262999924895 30.654115999561494,-12.618701999888629 30.655329999764774,-12.614207999574658 30.657250000136628,-12.609501000233934 30.659492000063153,-12.606005000058927 30.662011000167922,-12.60284199994561 30.66991800042814,-12.598284000278738 30.678550999980299,-12.599706000177605 30.684388000148711,-12.602193999752672 30.688633999822624,-12.605330999566773 30.690832000418823,-12.608647999584434 30.692967999955723,-12.612135000243882 30.696655999988021,-12.614170999667692 30.698296000043399,-12.616386000148225 30.699945999660368,-12.623124999627692 30.699332000135367,-12.636796000288655 30.699285999813579,-12.638798999989886 30.701230000392457,-12.645487999862496 30.702496000294786,-12.646204999638824 30.71367100011258,-12.64996700038432 30.718102000220423,-12.65276499986021 30.730416000381528,-12.660217999877034 30.737373000017495,-12.662218000339351 30.737374000063596,-12.662218000339351 30.742832999894631,-12.663323000014714 30.742833999940725,-12.663323000014714 30.752762999878769,-12.665451000082099 30.762303999917833,-12.674270000114291 30.767121999878611,-12.680341000277508 30.770290000222417,-12.687115999617788 30.770640000168385,-12.692049000383065 30.770116000295499,-12.699480000285064 30.769280999576381,-12.703577000285122 30.75995699964778,-12.709805999637695 30.747348000277324,-12.718325000230095 30.741771000402817,-12.723604999903728 30.740523000430866,-12.732448000142936 30.738595999736329,-12.73422400017216 30.736491999875906,-12.736807999675932 30.733287999671234,-12.741483000239439 30.731158000410971,-12.745154000387457 30.729227999578082,-12.75026100018033 30.729071999581606,-12.756900000446079 30.73218199994977,-12.763616999810665 30.735370000316205,-12.769534000069596 30.738477999692861,-12.773903000017411 30.749361999586366,-12.782639999867001 30.755943999922522,-12.788122999905056 30.764218000013102,-12.796224000114817 30.764055999740034,-12.800571999993963 30.763536000051488,-12.807832000107338 30.762134000175308,-12.812779999765439 30.760438000236487,-12.820355000010068 30.760761999883297,-12.824167000362479 30.754813999994099,-12.83464799966549 30.751105999939114,-12.845059000238335 30.749517000436072,-12.855083000058926 30.750056000101097,-12.865064999742174 30.753871999738518,-12.872366999992948 30.751411999655545,-12.873962999818671 30.747752000014597,-12.875764000101015 30.745398000321188,-12.879029000419564 30.745155999957717,-12.881885999917188 30.746727999576422,-12.889482000230544 30.749735999739354,-12.893104999964521 30.760576000302592,-12.901268000334312 30.772925000278406,-12.907176000178366 30.772926000324503,-12.907176000178366 30.783348999651878,-12.910691000329905 30.783349999697975,-12.910691000329905 30.791880999944226,-12.912727999799813 30.797978000406601,-12.919059000256937</coordinates></LinearRing></outerBoundaryIs></Polygon>
  </Placemark>
  <Placemark>
	<name>Nyimba</name>
	<Style><LineStyle><color>ff0000ff</color></LineStyle><PolyStyle><fill>0</fill></PolyStyle></Style>
	<ExtendedData><SchemaData schemaUrl="#COMACO_Distircts_Zambia">
		<SimpleData name="Name">Nyimba</SimpleData>
		<SimpleData name="OBJECTID_1">45</SimpleData>
		<SimpleData name="OBJECTID">46</SimpleData>
		<SimpleData name="ID">0</SimpleData>
		<SimpleData name="DISTRICT_N">0</SimpleData>
		<SimpleData name="PROVINCE">Eastern</SimpleData>
		<SimpleData name="Shape_Leng">5.14332641306</SimpleData>
		<SimpleData name="Shape_Le_1">5.14332641411</SimpleData>
		<SimpleData name="Shape_Area">0.88775419132</SimpleData>
	</SchemaData></ExtendedData>
      <MultiGeometry><Polygon><outerBoundaryIs><LinearRing><coordinates>30.014738999948293,-14.649999000125488 30.000551999783223,-14.651289000234781 29.99945100029225,-14.650537999790513 30.002664000012434,-14.650229999981887 30.003473000432333,-14.650006999594893 30.010736999830783,-14.648004999939758 30.012390999632146,-14.648829000151807 30.014738999948293,-14.649999000125488</coordinates></LinearRing></outerBoundaryIs></Polygon><Polygon><outerBoundaryIs><LinearRing><coordinates>30.014738999948293,-14.649999000125488 30.014738999948293,-14.648519000250985 30.014739999994386,-14.635302999879569 30.017062000011322,-14.629482999595441 30.016291000443744,-14.623452000376801 30.015418999817708,-14.622050999647342 30.013286999565878,-14.619882000387918 30.009165000212075,-14.617787000043052 30.005129000325898,-14.608369000278001 29.995516999712038,-14.582737000439579 30.005129000325898,-14.547494000033339 30.009309999701482,-14.534253000308127 30.011894000104519,-14.529893999921969 30.011585000249848,-14.527050000124291 30.017498000324334,-14.508325000314924 30.023357999754406,-14.500906000066777 30.024738000415141,-14.491631999745039 30.023297999686577,-14.489956999874947 30.024351999708983,-14.486619999834714 30.034048999744467,-14.45946800007664 30.035396999829459,-14.455695999769487 30.040371999832814,-14.441764999713939 30.066002999625141,-14.425745999636149 30.067334999871889,-14.423969999606925 30.0688539997455,-14.423036999766282 30.068816999838589,-14.421994000250947 30.075615000239051,-14.412929999716935 30.075615000239051,-14.38729899992461 30.094837999622143,-14.374483000005398 30.106671000093854,-14.372116999758871 30.118233999810627,-14.36980400015676 30.12084999989014,-14.370781000227057 30.124392000386937,-14.370996000245269 30.131106999659377,-14.369424999773287 30.133463000344307,-14.368442000325784 30.136842999668712,-14.36491499962108 30.138920000083203,-14.361506999905316 30.141109000264525,-14.358824000334607 30.14186099985562,-14.358086999636328 30.144096000358729,-14.356596000154127 30.146101000152211,-14.355259999722987 30.151218999552839,-14.348468999645206 30.153306000428241,-14.345699999707447 30.154286999783608,-14.344933000324261 30.155745000442607,-14.342462999780308 30.171731999944541,-14.31681300001145 30.177294000026961,-14.31125099992903 30.183481000141455,-14.305063999814593 30.197362999736924,-14.291182000219122 30.206975000350777,-14.271957999890615 30.250829000194358,-14.240634000272507 30.251829999572294,-14.239918999688994 30.252356999583526,-14.239391999677821 30.274257000059322,-14.217492000101345 30.290277000183213,-14.204676000182076 30.303092000056324,-14.188657000104342 30.30292599959887,-14.186992999842005 30.303615999929207,-14.186884000213411 30.311590999726718,-14.187122000392549 30.312971000387506,-14.18649500026828 30.314156000153275,-14.184547000404335 30.31447799970789,-14.18206700029873 30.314580999959276,-14.17928599980786 30.314534999637431,-14.176710999819647 30.314441999847077,-14.174215999921898 30.313763000023755,-14.171272000011184 30.312931000342243,-14.16868899965425 30.313375000124726,-14.1660559996904 30.313893999767171,-14.166144000149641 30.313233999920381,-14.165483000256756 30.30942599975236,-14.16166499962776 30.306240000377503,-14.158238999981563 30.315618000097341,-14.153601000224285 30.307607999585741,-14.146038999679547 30.305835999740907,-14.127315999962377 30.291691999759337,-14.116575000365458 30.287535999737539,-14.111243000093394 30.287074000024628,-14.103034000301136 30.280671999891979,-14.098131000019407 30.268774000021264,-14.094474999663532 30.260078000263036,-14.085583999909657 30.264065999735184,-14.082767999604073 30.252250000047127,-14.077621999812095 30.237156000340576,-14.078799000108461 30.228886000434386,-14.076567999789686 30.208389999926965,-14.069012000420853 30.195845999955505,-14.069075999773757 30.192906000229183,-14.061122000044918 30.183943999900407,-14.061864000074365 30.178735999948398,-14.048257999711723 30.172990000377464,-14.046633000347811 30.168300000021755,-14.041465999587786 30.166510000246546,-14.024004999588612 30.169530000063272,-14.011596999591005 30.162853999890615,-14.001586000369683 30.157793999566369,-13.993718000108572 30.163666999595645,-13.987040999889814 30.163490000429757,-13.986545000408283 30.162616999757631,-13.983265000297592 30.160409999645818,-13.980357000247693 30.159961999679012,-13.978102999768053 30.160045999953809,-13.977102000390119 30.155112000041751,-13.972917999976913 30.146510000119974,-13.969419999709714 30.138227999660614,-13.960362000351664 30.126714000403922,-13.954703000294499 30.122696000448173,-13.953203000397423 30.122297000042067,-13.953144000375685 30.121920999796885,-13.952912999619912 30.117638000216061,-13.951313999655895 30.117372999691668,-13.950297999586496 30.115995000022448,-13.949574000386804 30.11168700018851,-13.947816000288013 30.109609999774079,-13.94702299970629 30.108064999601307,-13.945604999991815 30.105790999998359,-13.9438980004453 30.104277000355236,-13.942307999996842 30.103404999729207,-13.939606999596379 30.103288999777927,-13.938533999597496 30.10219899989465,-13.937725000076853 30.099155999916999,-13.935468000358242 30.098947000175368,-13.932510999848262 30.105722000414968,-13.933225000385676 30.11084099986169,-13.933763000004603 30.458160000349551,-13.932034000343265 30.626013000032287,-13.930281999621684 30.890238000383306,-13.927523000144957 30.888645999842652,-13.92141500007483 30.888997999880868,-13.91638400018803 30.890604000167571,-13.912643999557304 30.895442000150979,-13.90800799989222 30.897418000406276,-13.905878999778679 30.899794000214456,-13.896717000123145 30.902263999859144,-13.893398000013349 30.906292000275808,-13.888398999802972 30.908476000226699,-13.88742099968664 30.908539999579602,-13.884730999793248 30.908659999715212,-13.882042999992109 30.912155999890274,-13.879892999809838 30.919788000064443,-13.878015999621482 30.924617999679068,-13.8785900000006 30.930471999731822,-13.880334000353344 30.933490000355729,-13.881094000313226 30.935211999694388,-13.879817999949921 30.933978000367798,-13.877669999859847 30.931950000413451,-13.874585999790893 30.928470000076686,-13.866256999862969 30.931209999576883,-13.853954000208944 30.934598000169387,-13.851402000381654 30.938230000318299,-13.850858999632919 30.942857999614603,-13.850112000272304 30.947744000011998,-13.850858999632919 30.955182000236672,-13.852240000339748 30.960555999746813,-13.852083000297171 30.962970000407378,-13.851168000386906 30.965230000264285,-13.849390000265487 30.967864000274229,-13.846589999798084 30.969272000426997,-13.843760999792549 30.964025999622663,-13.836075999873229 30.960747999604166,-13.829068999731078 30.958318000004738,-13.81818799997586 30.958496000116039,-13.817397000385654 30.958919999875885,-13.815519000151196 30.95988400024623,-13.811239999855445 30.961351999567512,-13.805892999791297 30.96362600006978,-13.803485000306635 30.970371999871926,-13.799582000256066 30.970750000209307,-13.799544000303058 30.976749999797619,-13.798934000063127 30.984535999876069,-13.798052999921538 30.988863999732583,-13.797563999863371 30.994329999886361,-13.795920999669702 30.997057999732757,-13.794097000125817 31.00216999975612,-13.790210999959584 31.005973999739691,-13.784862999849338 31.008724999747013,-13.779546000268681 31.016448999665439,-13.779546000268681 31.026142999562691,-13.789241000212028 31.032682999761445,-13.800685999885388 31.031662000360882,-13.801707000185218 31.03326699970216,-13.801707000185218 31.03389900005692,-13.802812999906678 31.038822000361222,-13.802402999892877 31.03907999966367,-13.805034999810573 31.039409999587065,-13.811110000158179 31.043282000007252,-13.814204999834885 31.045313000099892,-13.81603000032419 31.044391999913103,-13.82044100040946 31.045672999607575,-13.825540999879649 31.047723999722848,-13.829541999951061 31.050143999760625,-13.833981999574462 31.053236000198407,-13.836826000271401 31.061828999705309,-13.840690000322864 31.063890000281564,-13.845912000020917 31.063373999878078,-13.849460999941073 31.064111999723139,-13.855161000089538 31.068316000158916,-13.859386999740821 31.069685000312575,-13.863934999846036 31.071895999709398,-13.865525000294497 31.074136999589825,-13.865298999769207 31.079947000312298,-13.874889000268354 31.081653999858815,-13.881302000008757 31.084663000067849,-13.8850039997871 31.088604000071427,-13.885603999566115 31.093285000012255,-13.886914999744135 31.093464000169657,-13.891498999710166 31.091149999622129,-13.893578000216849 31.089686999632026,-13.898646000010615 31.089417999822558,-13.904274999584175 31.089927999949399,-13.90980099980578 31.090637000256319,-13.912283000003583 31.091971999742043,-13.918014999828529 31.093077000316722,-13.923392000376282 31.094895999630129,-13.927201999737122 31.100487000149997,-13.932723999774339 31.106294999881012,-13.936963000024832 31.111477000433126,-13.937943000233361 31.114507999857661,-13.938924999634821 31.115582999948742,-13.941355000133568 31.114737999667966,-13.94395200023655 31.113397999951815,-13.947520000133238 31.114312999862026,-13.952308999656566 31.116179999589402,-13.956128000331603 31.120181999706915,-13.958183999778043 31.12683899990304,-13.959952000337807 31.132939999650489,-13.961418999612986 31.140691999960378,-13.962852000018925 31.147050999909538,-13.962268000078154 31.153847000217866,-13.964307999686355 31.158675999786393,-13.966613999865103 31.164242000053147,-13.969222999621932 31.172389999731532,-13.972809000348319 31.175277999758805,-13.974214000362849 31.177367999873184,-13.977346999992562 31.178145999763444,-13.982098999608979 31.177186999623583,-13.987017999728891 31.176828000162057,-13.992511000227919 31.175480000077073,-13.999886000246477 31.171480000051758,-14.00786300013624 31.167995000383826,-14.012194000131046 31.165362999566749,-14.014515000101881 31.160719000432206,-14.017326000176979 31.155794000035709,-14.019557999642529 31.148860999707434,-14.022604999804569 31.139290000084145,-14.027466999994941 31.121712000087598,-14.033078999684221 31.115130999797486,-14.03466399990225 31.110985000236663,-14.037009000080104 31.106521999553021,-14.039685000227394 31.102334999900901,-14.042536000347752 31.096844000393389,-14.042963000245891 31.094618000305108,-14.040017000242983 31.093172000199271,-14.037186000145255 31.091261000242241,-14.03368199960147 31.087390999914245,-14.031219000279521 31.084691999606033,-14.031451000182074 31.082919999761202,-14.033081999822514 31.080788000408688,-14.035207999797763 31.079071000401196,-14.037823999877276 31.076911999804111,-14.04199100040614 31.074682000430755,-14.048527000420506 31.071464999626869,-14.057340000176112 31.068338000273688,-14.066064000325753 31.066041999656644,-14.075500000021236 31.064945000350065,-14.080741999741917 31.063728000008439,-14.082982999622288 31.060863000142092,-14.085219000171548 31.058815000165112,-14.086116000151378 31.056756999727156,-14.087020999600611 31.052984000273227,-14.090225999851382 31.050668999679655,-14.092584999775227 31.045615999678034,-14.096175999832781 31.042524000139622,-14.098726999613973 31.040406999679931,-14.102624000287278 31.03704100010151,-14.110450000410992 31.035681000362729,-14.116964000310587 31.037209999797941,-14.11911000030841 31.03914099977754,-14.119794000362219 31.041254000052845,-14.120299000258624 31.0462439998484,-14.119834000407423 31.049655999748556,-14.122355999751164 31.051507999683849,-14.12463100029953 31.053394000287081,-14.125459999842745 31.054468000332065,-14.127745999998865 31.055312999713518,-14.129823000413296 31.059823999911828,-14.132226999713566 31.061553999619264,-14.136001000112913 31.063015000416502,-14.140458999666748 31.06718300009214,-14.145282999904111 31.06808100011807,-14.148390000133986 31.067561999576295,-14.151848000355924 31.069493999602059,-14.157657000133042 31.072197000094658,-14.157696000132148 31.075455000090528,-14.15803899975549 31.080666000180827,-14.161839999600772 31.083828000248047,-14.161776000247869 31.085883999694484,-14.161103999847967 31.089724999585034,-14.160349000118572 31.094506999684992,-14.162158999916471 31.095443999710028,-14.164181999640332 31.096798000071601,-14.166967000315594 31.098244000177431,-14.169743999722755 31.099453000150223,-14.171769000438132 31.102694000261749,-14.175192999992191 31.107486999969463,-14.178142000133391 31.110806000079265,-14.180291000269506 31.112782000334619,-14.180984999884911 31.115985999639918,-14.180512999711084 31.121973000427598,-14.17871699965923 31.131527000166557,-14.17616099964755 31.137474000009714,-14.174772000370579 31.136168000062124,-14.177389999642967 31.133941999973842,-14.17951499957212 31.130219000126775,-14.183308999994038 31.127768999605451,-14.186083000162228 31.126146000333733,-14.188880999638116 31.123925999622717,-14.191556999785462 31.119555999628801,-14.194812999689134 31.114171999657682,-14.197418000160894 31.110125000163805,-14.200766999854977 31.108644000243203,-14.204378999981259 31.105769999961975,-14.205749000181013 31.101816000258449,-14.20441599988817 31.098796999588501,-14.204934000383844 31.097823999702598,-14.208803999812517 31.097111000110658,-14.210995000086086 31.095573000260568,-14.213341000309981 31.092887999698348,-14.215389000286962 31.088787000413216,-14.217968999606342 31.085687999652801,-14.21984199961031 31.082923999945589,-14.223390000383686 31.080261000397513,-14.228022999910536 31.079384000440257,-14.232300000114094 31.080497999631181,-14.238807999737048 31.079596000320237,-14.245406999957595 31.07988400010618,-14.252070000430306 31.078732000062928,-14.256444999755386 31.077776000061363,-14.262312000407404 31.075738999692138,-14.264979000139874 31.073174000164897,-14.265165999766737 31.067801999847632,-14.264499999643363 31.062254000410572,-14.264155999973923 31.054489000400793,-14.262221999856024 31.048293999917579,-14.261665000260564 31.041129999732846,-14.260168999648556 31.033931999779437,-14.260036999859039 31.031059000443634,-14.26177700002745 31.028430999810947,-14.265224999788471 31.025950999705344,-14.26481599982071 31.023718000193693,-14.266179999743882 31.022225999766079,-14.268516999552958 31.021012999608899,-14.27144499962543 31.018272000062609,-14.272452000179271 31.015566000330978,-14.272321999582685 31.012211000360363,-14.271389999788084 31.005696999561451,-14.270838999569888 31.00346900028029,-14.273005999636439 31.002500999725608,-14.277471999559054 31.003024999598495,-14.279772000360479 31.005702999838036,-14.282126000053891 31.010546000051932,-14.285302999913256 31.012285000174185,-14.290342000168833 31.014289999967673,-14.294028000108995 31.018353000199113,-14.297215999576053 31.021454000152403,-14.300686000351218 31.023765999708417,-14.302911000393408 31.026145999700987,-14.30763000028719 31.028690000058816,-14.310117999862312 31.032650000038871,-14.311904000352454 31.037683000017921,-14.316066999797613 31.039440000070609,-14.322697999694583 31.041456000371166,-14.327828999694418 31.043956999646181,-14.330461999658269 31.049247999826886,-14.33257499993357 31.054593999844997,-14.335555999751193 31.067657000358224,-14.350314000157082 31.111484999902583,-14.398578000039832 31.11946700002278,-14.408619999790858 31.125027000013002,-14.414547999657486 31.134186000429562,-14.422844999908987 31.139524000078893,-14.429674999985878 31.142378000337484,-14.435518000430932 31.14001300013706,-14.437741000380923 31.137581000445433,-14.437703999574694 31.134821000023294,-14.436985999752265 31.131143999598695,-14.436242999676722 31.123227999822856,-14.433541000129537 31.11802900028573,-14.4319179999585 31.112922999639633,-14.430476000037061 31.103001000024275,-14.428995000116513 31.097448000356735,-14.428967999771203 31.096783000279455,-14.431385999716838 31.096077000110881,-14.434480000246763 31.095597999614309,-14.437305000067909 31.093886999883406,-14.441051000075843 31.092496999661023,-14.444437999722934 31.090637000256319,-14.446971999619848 31.086410999705723,-14.451401999681591 31.08286900010825,-14.455378000399207 31.08060600011299,-14.459046000408931 31.078539000159534,-14.46375699993399 31.077201999682298,-14.468228000087093 31.074816000312467,-14.473214999744298 31.073554999741248,-14.476097000394304 31.073639000016101,-14.480318999861195 31.074581000271621,-14.482973999939814 31.076906000426849,-14.486509000113927 31.079598999559209,-14.490047000426385 31.084594999631236,-14.494344999799294 31.088293000124562,-14.497447999844782 31.093280999827869,-14.500796000392086 31.097019000366398,-14.503177000430751 31.101389000360314,-14.504224000130478 31.107494000292146,-14.504417000033925 31.11822500032747,-14.503572999799248 31.125242000031218,-14.503122999740187 31.131569000303958,-14.502451000239544 31.138939000092023,-14.500403000262565 31.144253000433707,-14.499206999989726 31.150721000011458,-14.498851999813212 31.15668899992335,-14.499142999737499 31.158582999995982,-14.500603999635416 31.160074000377563,-14.503063999718449 31.162643000089133,-14.507684999591445 31.165153999825119,-14.511130000113495 31.167343000006497,-14.514671999710968 31.169343999615535,-14.517535000384441 31.174853999998902,-14.522775000012928 31.181462999781047,-14.527724999763223 31.178046999696505,-14.530418999840945 31.174133000038179,-14.533949999830725 31.165482999702416,-14.541736999955274 31.160109000192275,-14.546195000408431 31.154350000022074,-14.548807000303553 31.150215000068954,-14.548520999710432 31.146581999874002,-14.547778999680984 31.14262199989389,-14.546318999829166 31.139582000054531,-14.545292000152015 31.137247000337648,-14.545833999955333 31.132920999674013,-14.54465100028176 31.128043999691496,-14.543384000333333 31.122168000423244,-14.543317999988913 31.118046000170072,-14.544351999988693 31.109522000246496,-14.545837000093625 31.103432000106803,-14.547450999849787 31.100330000107419,-14.549594999755469 31.098802999865086,-14.553297000433131 31.098009000136585,-14.556986999658362 31.095417000264092,-14.559713000311829 31.088967999763497,-14.562335999814705 31.085986999945817,-14.562709999967693 31.082623999606426,-14.561372000343738 31.076883000265923,-14.561026999728879 31.06879399971001,-14.559965000237014 31.064540999713468,-14.561584000223661 31.061369000084596,-14.566275999772188 31.058684999568467,-14.569180999683795 31.054871000023237,-14.57379099994904 31.05118400003704,-14.577396999798736 31.048640999725247,-14.580575999750295 31.045612000392961,-14.585896000368507 31.043148000125544,-14.587625000029846 31.040533000092125,-14.587946000437682 31.037222000351104,-14.587330999967264 31.032713000244996,-14.586144000109242 31.028913000445812,-14.587305999714145 31.02526499955934,-14.590009000206805 31.021150999674997,-14.592080000344652 31.016537000124682,-14.594755999592676 31.015404000057909,-14.596454999669731 31.015471000448429,-14.598809000262461 31.016728999981982,-14.601148000163734 31.019974000277958,-14.604712999922128 31.023023999678969,-14.606922000126076 31.026164999677462,-14.609172000421324 31.030426000042837,-14.613401000210899 31.032106000143358,-14.616722999559668 31.033880000080387,-14.620090000083508 31.035195999589632,-14.623468000215041 31.035884999873868,-14.628760999588621 31.036613000157271,-14.633371999899964 31.038765000431681,-14.637864000121736 31.040632000159118,-14.641414000087991 31.043513999909802,-14.645440999559298 31.046562000117941,-14.647328000208629 31.050564000235454,-14.648161999982333 31.054509999570204,-14.647901999688372 31.059593000055376,-14.651341999979932 31.060424999736881,-14.657268999800522 31.061705000284576,-14.661734999723079 31.06429900024926,-14.664359000171372 31.066804999754766,-14.667213000430024 31.069123999633405,-14.670025999697998 31.069791999848974,-14.672598000447179 31.069036000073538,-14.675560000288327 31.069247999953458,-14.6787750001007 31.06982000024038,-14.681124999609722 31.07006799998112,-14.68316099993285 31.069996000259493,-14.685382999836747 31.068243000391131,-14.686669999807805 31.068258000183278,-14.689539999904639 30.995189999959223,-14.744314000401856 30.799270999754864,-14.789425999778983 30.684584000190451,-14.828977000019167 30.566225000431928,-14.875106999557886 30.478716000025429,-14.909657000394757 30.383700999857009,-14.958286000015619 30.217939000334749,-14.997491999640943 30.217407000093093,-14.996243999668991 30.21687099966698,-14.994986000135441 30.216916999988765,-14.99195599985768 30.217054000008773,-14.989586000326083 30.217654999833826,-14.98720800042571 30.218533999883217,-14.984884000316582 30.219697999580315,-14.981804999578742 30.219716999556848,-14.977049999824088 30.218815000245854,-14.974464000228124 30.21660199985752,-14.96841200004144 30.215545999742915,-14.965590000358587 30.214377999861426,-14.963895999612703 30.21303199986863,-14.960794999659413 30.211738999621044,-14.957469000126251 30.211444999558466,-14.955401000126644 30.21118500016388,-14.953035999926213 30.210623000337932,-14.950729999747468 30.210560000131807,-14.948083000037627 30.210118999588307,-14.944379000167089 30.209571999554495,-14.942276000352704 30.20881299964071,-14.937791999600391 30.208192999839188,-14.935734000061757 30.207169000300325,-14.93266799992324 30.206211000206565,-14.929733999574124 30.205735999894443,-14.926915000029565 30.205683000149289,-14.923428000269439 30.206157999562098,-14.919504000150196 30.208261000275737,-14.916187000132537 30.21102499998295,-14.913182000107952 30.212010999568804,-14.909255999896459 30.211519000271661,-14.906296000147563 30.211945000123706,-14.903053999989879 30.211931000377657,-14.90036200000435 30.210896000331786,-14.896411000439116 30.209983999660491,-14.893460000205721 30.20951799976325,-14.889777999550631 30.209291000091184,-14.887209999885156 30.210075000258026,-14.884930000005625 30.211526999741068,-14.883442999808436 30.212968999662504,-14.880959000417759 30.213661000085093,-14.878017999746019 30.213731999760682,-14.875557999663044 30.213279999609423,-14.871510000123008 30.212634999554723,-14.868931999996564 30.212002000053246,-14.865967000017122 30.210731999966523,-14.860241999615537 30.210871000078665,-14.857826999808253 30.211203000094262,-14.855803000038236 30.211731000151588,-14.852292000071145 30.212096999935795,-14.849975000284644 30.212568000063584,-14.846728999942625 30.212462999720056,-14.844012999750078 30.21197499970793,-14.841528000313305 30.211328999607193,-14.838973000347719 30.209999000351953,-14.836661999938485 30.208027000281046,-14.834104999880708 30.206930000075086,-14.832388999919319 30.20570000003357,-14.829247999920822 30.204998000049383,-14.826937000410966 30.205235000182427,-14.824387999822646 30.204159000045195,-14.821497999703181 30.202298999741178,-14.819036000427275 30.201014999908409,-14.817340999635233 30.199015000345408,-14.816792000408554 30.197034999905725,-14.816271999820742 30.192688000072678,-14.814444000092465 30.190994000226052,-14.811307000278305 30.190455999707808,-14.808978999984786 30.190077000223653,-14.805460999695015 30.190601000096539,-14.803280999928518 30.189406999915889,-14.801088999608849 30.187115000382502,-14.799629999803132 30.185242000378537,-14.797575000402787 30.183799999557774,-14.795122999789212 30.182612999699757,-14.792705999889675 30.179058000402335,-14.787806999792393 30.170514999602972,-14.782685000207382 30.16765199982882,-14.782225999733441 30.165831000423225,-14.781231999778868 30.163092000069756,-14.779323999960127 30.160616000148536,-14.777225000330189 30.158354000199438,-14.775607000389641 30.155920000415563,-14.774208999798534 30.151946999836241,-14.771171000051311 30.150124000338451,-14.768979999777796 30.147904999673528,-14.766229999816572 30.145908000248824,-14.763784000378903 30.143406000028392,-14.761137999815842 30.141252999707884,-14.757917999772985 30.139025000426727,-14.755394000337104 30.137148000238366,-14.754037999883339 30.134326999702235,-14.752489999572276 30.13230500002447,-14.750631000213614 30.131305999839412,-14.748242999852266 30.130467999881315,-14.74579400027636 30.129421000181594,-14.744016000154941 30.127213000023744,-14.741626999747497 30.125747999941385,-14.739833999833934 30.124817000192934,-14.737447000418001 30.123241000389783,-14.734902000014074 30.121542000312729,-14.732577999904947 30.120777000122416,-14.730677000408887 30.118138999928078,-14.728588000340608 30.116614999824034,-14.727110999705074 30.113900999723622,-14.724592999646461 30.110460000285286,-14.722842999916393 30.108219000404912,-14.72194800002876 30.106264000218289,-14.720181000414414 30.104766999560184,-14.718071000277405 30.103626000024008,-14.716286999879399 30.102249000400828,-14.714019999699815 30.101144999872243,-14.711946000322996 30.098795000363278,-14.708377000380208 30.096248999913261,-14.706340000010982 30.094121999891911,-14.704254000080935 30.091984000262809,-14.70428999994175 30.088995000076409,-14.704704000139996 30.086857000447363,-14.705328000125972 30.084386999903359,-14.703724999977565 30.08164000008048,-14.700823000204251 30.079158999928723,-14.698921999808874 30.077537999849937,-14.697577999908274 30.075021999883461,-14.696579999769313 30.072203000338902,-14.696796999879723 30.069630000442885,-14.697840000294434 30.068129999646484,-14.699980000015673 30.065513999566974,-14.698961999854076 30.062919999602283,-14.695992999690302 30.062586000393818,-14.693764000363048 30.063394999914404,-14.691483000437415 30.064419000352586,-14.689595999788081 30.065454000398461,-14.68682699985038 30.066218999689511,-14.683847000078856 30.065461999867917,-14.681196000184627 30.063171000380692,-14.677924000442713 30.060673000344647,-14.6740309999538 30.059237999846513,-14.672103000112427 30.057686000250381,-14.668994999836457 30.055401000140424,-14.666806999701237 30.052680999763478,-14.665648000234626 30.050406000114432,-14.665068999625021 30.047961999869642,-14.664599000442706 30.044910000376433,-14.664240000081804 30.0417209999639,-14.663811000091469 30.039644000448732,-14.663464000283739 30.037302000409223,-14.662792999929875 30.035269000224332,-14.661904000318826 30.031078000387819,-14.659155000403757 30.028748000002111,-14.656966000222383 30.026893999974615,-14.655656000090461 30.02134300039927,-14.652061999894554 30.017046000173139,-14.652111000354694 30.015154000192634,-14.651206000006082 30.015437999794241,-14.649935999919363 30.014738999948293,-14.649999000125488</coordinates></LinearRing></outerBoundaryIs></Polygon></MultiGeometry>
  </Placemark>
  <Placemark>
	<name>Mambwe</name>
	<Style><LineStyle><color>ff0000ff</color></LineStyle><PolyStyle><fill>0</fill></PolyStyle></Style>
	<ExtendedData><SchemaData schemaUrl="#COMACO_Distircts_Zambia">
		<SimpleData name="Name">Mambwe</SimpleData>
		<SimpleData name="OBJECTID_1">49</SimpleData>
		<SimpleData name="OBJECTID">50</SimpleData>
		<SimpleData name="ID">0</SimpleData>
		<SimpleData name="DISTRICT_N">0</SimpleData>
		<SimpleData name="PROVINCE">Eastern</SimpleData>
		<SimpleData name="Shape_Leng">4.27929904422</SimpleData>
		<SimpleData name="Shape_Le_1">4.27929904632</SimpleData>
		<SimpleData name="Shape_Area">0.47857663064</SimpleData>
	</SchemaData></ExtendedData>
      <Polygon><outerBoundaryIs><LinearRing><coordinates>32.33502299984076,-13.17848199958604 32.334594999896524,-13.179207999777248 32.332783000006486,-13.18310999978172 32.331867000050124,-13.186608000048921 32.331211000387725,-13.189111000315448 32.330040000367944,-13.192398999895602 32.328464999711571,-13.195441999873253 32.327091000226744,-13.19754499968758 32.325390000057489,-13.199593999710657 32.324138999947252,-13.201571000012052 32.321307999849523,-13.205361000249638 32.320603999773141,-13.207082000441517 32.320132999645409,-13.208233999585445 32.317870999696254,-13.208534999970709 32.315556000002005,-13.210752999690214 32.313740999973675,-13.212115000420511 32.313515000347699,-13.212285000163035 32.311775000179296,-13.215157000352121 32.311722000434145,-13.217172999753302 32.311999999759166,-13.220284000167567 32.312653000182586,-13.222283999730564 32.316162000057545,-13.227403000076606 32.318942999649096,-13.228702999747611 32.321349999986978,-13.230274000219538 32.330761000328664,-13.236729000097398 32.333651999594906,-13.238047999744877 32.335292999696321,-13.239398999968159 32.337264999767285,-13.241881000165959 32.340237000069351,-13.242803000398908 32.342471999673194,-13.243993000395163 32.344794999736223,-13.245010999657438 32.347056999685321,-13.244664999895804 32.349360999771875,-13.24461700038114 32.352337000258331,-13.245699999941676 32.35544200039601,-13.244813000422823 32.355597000346449,-13.244708000079299 32.357430000305214,-13.243469999669003 32.358335999800538,-13.243275999719513 32.36071799988531,-13.242764000399745 32.363700999795185,-13.245078000047952 32.365685000419262,-13.247208000207536 32.373668999732331,-13.251097999658839 32.376434000384961,-13.251664999715274 32.378807000054849,-13.25240299956033 32.380817000078821,-13.253085999567986 32.384536999787599,-13.253131999889774 32.38698600026288,-13.25304699956888 32.388999999571922,-13.25304300028381 32.39207500012531,-13.253647000247156 32.394360000235338,-13.255415999953698 32.404778000231545,-13.265052999921409 32.407424999941441,-13.267654000208779 32.410263000361851,-13.271856999699139 32.413612000055878,-13.27516600024728 32.416491999714367,-13.278753000120501 32.419204999768624,-13.281020000300089 32.420368000319002,-13.282993999563871 32.420901999753539,-13.285300999788717 32.420364000134612,-13.287424999671714 32.421711000173445,-13.291288999723179 32.423626000314869,-13.293671999854041 32.42552199958044,-13.299789000339045 32.425476000157971,-13.300320999681389 32.425269999655256,-13.302691000112302 32.423675999921727,-13.308393000353021 32.422924000330674,-13.310788000137734 32.423332000252287,-13.31398099983528 32.423968999938204,-13.316822000393984 32.422047000373425,-13.321528999734651 32.421143000070963,-13.326383999602399 32.421009000189258,-13.328507000338618 32.420825999847466,-13.33249599985686 32.420601000267595,-13.337676000316833 32.421172999655198,-13.341123000031757 32.422557999647097,-13.346001000060369 32.423492000433157,-13.348298999870337 32.424915000378121,-13.350598999772444 32.426009999592509,-13.353695000394564 32.427165999820147,-13.356193000430608 32.428412999746001,-13.359506000263876 32.429043000008505,-13.363097000321432 32.428435999906867,-13.367263999950978 32.427856000150541,-13.370138000232203 32.428435999906867,-13.374761000197395 32.42957700034242,-13.376418000137051 32.430849999668112,-13.378117000214104 32.431029999871555,-13.378356999586117 32.430228999820429,-13.381871999737653 32.42780300040539,-13.383277999798224 32.425365000437182,-13.3838599996468 32.423134000118409,-13.38486800024674 32.421227000345766,-13.385676999767327 32.419239000436619,-13.386270000122977 32.416779000353586,-13.388380000259986 32.4145530002653,-13.391838999628703 32.414223000341899,-13.392351999893888 32.411456999643178,-13.393846999560479 32.408790999956807,-13.394961999696818 32.405551999937472,-13.395515000007208 32.401989000271271,-13.396130999624404 32.398869000341449,-13.397189999877298 32.396319999753125,-13.398729999819578 32.391705000156719,-13.401187999810418 32.389946000011832,-13.401947999770243 32.389513999883143,-13.402134000250328 32.38824799998082,-13.402681000284133 32.385295999701327,-13.40393999986378 32.382548999878452,-13.404655999594013 32.379401999603374,-13.405373000269662 32.376862000329197,-13.406288000179927 32.374038999700922,-13.407611000011798 32.369887999909622,-13.408938000028058 32.365607999567771,-13.410131000162663 32.363658999657723,-13.410777000263408 32.360579999819265,-13.411971999590833 32.356609000231401,-13.415009000191274 32.352984999552007,-13.416482999789137 32.351204000191615,-13.418178999727957 32.348517999583294,-13.419103000053042 32.345790999782992,-13.419971999641461 32.343951000400864,-13.420336000232851 32.343712000175685,-13.420382999701417 32.341431000250054,-13.421534999744665 32.342037000305595,-13.423914999737235 32.343524999649503,-13.425781000317897 32.34600099957072,-13.428870999764115 32.348709000293866,-13.431879999973148 32.351440000278558,-13.435313999988123 32.352295000120932,-13.43727899973635 32.352931999806856,-13.439198000062163 32.352931999806856,-13.439206999577721 32.35299700010512,-13.441558000032103 32.352363999704323,-13.443690000283937 32.352375000211396,-13.446014000393063 32.351261000121156,-13.448562000035963 32.350295999704713,-13.450331999788602 32.348866000336443,-13.452471000363118 32.347298000002752,-13.453950000191467 32.344376000206857,-13.455867999571808 32.340435000203286,-13.4559030002859 32.338017000257651,-13.454830000286961 32.334053000093199,-13.455388999974616 32.329894999979217,-13.455386999882421 32.327235999716208,-13.455995000030155 32.324734000395097,-13.456133000096257 32.322388000171145,-13.456849999872588 32.319827999975075,-13.457829000035019 32.316513000049667,-13.459094999937347 32.313350999982447,-13.46094899996484 32.310764000340384,-13.46137599986298 32.307593999904441,-13.461782999738546 32.303856000265228,-13.462831000383687 32.300506999671825,-13.463454000323564 32.296824999916112,-13.464638000043237 32.291804999637009,-13.465056999572653 32.288447999574146,-13.466161000101238 32.283694999911688,-13.466436000187286 32.279743000300357,-13.466695999581871 32.277359000123397,-13.466382000396038 32.274772999628169,-13.465009000057989 32.271266999891509,-13.462954999804424 32.269427999656159,-13.461837999575891 32.266727000155072,-13.460157000328534 32.26433599965543,-13.459354000185213 32.262024000099473,-13.459111999821687 32.257682999643691,-13.458946000263552 32.255081000209536,-13.457861999757597 32.25340300020116,-13.456401999905721 32.252025999678715,-13.453522000247233 32.252011999932677,-13.452499999901249 32.251986999679559,-13.450637000358256 32.251893999889205,-13.449707999802625 32.251743000123213,-13.448213000136034 32.251808000421534,-13.445898000441787 32.254200000067947,-13.442667999937951 32.25421199972174,-13.442655000238062 32.256371000318836,-13.440369000081944 32.258362000366333,-13.437174000292144 32.25835900022804,-13.435825000161117 32.258358000181943,-13.435129999600235 32.257235999722923,-13.432322999709527 32.255196000114722,-13.431014999669742 32.25332600024899,-13.430023999853459 32.251307999856294,-13.427025000105402 32.251083000276424,-13.423659999673816 32.251262999580547,-13.421645000318676 32.250771000283407,-13.419591000065111 32.249714000122708,-13.417552999649786 32.247012999722294,-13.414877000401759 32.24529299957652,-13.412106000371864 32.244189999993353,-13.408494000245582 32.243240000268372,-13.405226999834836 32.242190999577133,-13.402619000124105 32.240462999961892,-13.399423000288264 32.23923500001257,-13.395910000228923 32.238021999855391,-13.394070999993572 32.236537999796546,-13.392365999639933 32.236751999768671,-13.390187999965631 32.236803000320947,-13.389339000399787 32.236873999996533,-13.388167000333908 32.236958000271329,-13.386787999719274 32.237449999568462,-13.383986000059053 32.237795000183326,-13.381441999701167 32.237945999949318,-13.380334999933607 32.237492999752021,-13.379490999698987 32.236778000067829,-13.378161000443752 32.236254000194947,-13.375596000017197 32.236179000334971,-13.375230000232932 32.235889999603557,-13.375112000189517 32.233070000012901,-13.373963000284505 32.231811999580032,-13.371653999967521 32.230827000040335,-13.370924999638021 32.230749000042067,-13.37086799970848 32.229858000338822,-13.370209999953886 32.228065000425261,-13.367319999834422 32.225716000063073,-13.365062000069713 32.222652000016694,-13.36334299997003 32.220794999850909,-13.361989999654554 32.121308000382669,-13.4615059995603 32.110820999903751,-13.471996000177512 32.110558000370872,-13.474599999703853 32.110500000395234,-13.477358000033803 32.111042000198552,-13.480289000244568 32.112175000265324,-13.482643999984077 32.114543999750815,-13.486052999745992 32.115340999617615,-13.488920999750633 32.115947999719253,-13.491446000131928 32.117396999963319,-13.494190999862667 32.116879000367021,-13.497525999810703 32.117088000108652,-13.50006800007634 32.117900999813628,-13.501995999917654 32.119583000006401,-13.503475999792158 32.121105000018304,-13.505435000163116 32.121479000171291,-13.50802199980518 32.121555000077365,-13.510038000105681 32.121161999947844,-13.513419000375563 32.120906999884369,-13.516355999963594 32.120365000081051,-13.520514000077581 32.119319999574202,-13.524081999974214 32.118815999723893,-13.527281999994498 32.119441999802063,-13.530773999985115 32.120765999680032,-13.53254099959946 32.122737999750939,-13.534248000045295 32.126011000438268,-13.537271000000374 32.128311000340432,-13.539965000078098 32.129982000026132,-13.542918000403688 32.132328000250027,-13.54413799998423 32.134727000219129,-13.54430899977285 32.137702999806322,-13.54300800005575 32.13990799982588,-13.545584000090059 32.141048000215278,-13.547314999843593 32.144801999692731,-13.54898300029032 32.147101999594838,-13.548665000020719 32.150375000282168,-13.548757999811128 32.15256100032525,-13.549225999800569 32.154769999629877,-13.550770999973395 32.157054999739898,-13.552433000143537 32.158168999830139,-13.55686800043577 32.161030000411415,-13.5603130000585 32.163265000015258,-13.563412999965692 32.164944000069738,-13.564602999961949 32.169918000026996,-13.566627999778063 32.172568999921225,-13.56854299991943 32.175579000176356,-13.568292000040399 32.178600000039239,-13.568455000359563 32.180835999689123,-13.571491000014532 32.181454000297833,-13.573619000081976 32.182456999767965,-13.575692000312074 32.184760999854518,-13.57847600004186 32.186553999768023,-13.580273000139812 32.188023000034775,-13.581922999756785 32.189692999674378,-13.584007999640733 32.191356999936716,-13.586490999884631 32.193123000404285,-13.588593999698958 32.195324000239452,-13.589704999650905 32.198146999968458,-13.589261999914527 32.201396999595545,-13.589190000192842 32.204421999642754,-13.589581000230169 32.207691000145758,-13.590631000068186 32.210461000129555,-13.592004999553069 32.213790999847106,-13.591237000123726 32.215401000318195,-13.592941999578102 32.215714000357252,-13.59498700031611 32.216568000153586,-13.597041999716453 32.219769000219912,-13.59921400001349 32.221432000436153,-13.600628999589617 32.223259000118333,-13.60220800043038 32.225410000346642,-13.603643000029138 32.22713900000798,-13.604698000097642 32.230704999812474,-13.605152000341091 32.232685000252161,-13.605927000093061 32.234759999675134,-13.607182000387638 32.236007999647029,-13.610819999913813 32.237163999874724,-13.614242000274942 32.238199999966696,-13.615854999985004 32.238490999890985,-13.61630700013626 32.239303999595961,-13.618876999893926 32.239966999581043,-13.620109000027639 32.240543000052355,-13.621178999888285 32.242146000200762,-13.6232449997957 32.244124999695032,-13.626081000123918 32.243100000110132,-13.627991000034797 32.242316999989384,-13.629447999748379 32.240036000063753,-13.629052000379884 32.237831000044196,-13.628539000114699 32.235222000287365,-13.627971000012224 32.23311999961976,-13.627295000327193 32.228920000267692,-13.626187999660317 32.226070000193424,-13.626387999886388 32.222861999804422,-13.625743999877841 32.216189999816145,-13.62470100036245 32.213374999556663,-13.624774000130229 32.208835999866324,-13.624913000242429 32.206435999851124,-13.624815000221531 32.203030000227557,-13.625247000350214 32.198588999658739,-13.625884000036081 32.195254999756798,-13.626334000095142 32.191524999587045,-13.625970000403129 32.187931000290519,-13.626121000169119 32.180430999905809,-13.624351999563258 32.177414000227309,-13.623463999998306 32.171454999830985,-13.622341000392508 32.164641999638377,-13.622345999723677 32.161144000270497,-13.62192700019426 32.15916399983081,-13.621007000053567 32.156029000108845,-13.619422999881692 32.150650000368216,-13.617361000158667 32.146621999951542,-13.617626999829838 32.143882999598077,-13.61790800019247 32.139808999758941,-13.618626000014899 32.137042999959533,-13.619357999583372 32.131423999947572,-13.621037999683892 32.128578000057701,-13.62144400041268 32.1254079996217,-13.620818000334509 32.121428999665113,-13.619013999913932 32.117778999585823,-13.617897999731495 32.111980000269682,-13.616737000172691 32.107074999895758,-13.614803000054792 32.103053999801773,-13.614382000433181 32.097466000319514,-13.614823000077363 32.093902999753993,-13.61483699982341 32.088608000288161,-13.614328999788711 32.084849999727055,-13.614351999949633 32.081604000284301,-13.614837999869508 32.077374000448685,-13.615843000331154 32.072395000260883,-13.61682799987085 32.064364999726706,-13.618842000079212 32.060047000331167,-13.619223999701658 32.057963999640094,-13.618573000269748 32.05599599975357,-13.616223999907504 32.054395999743463,-13.614407999833075 32.053902000354128,-13.613848000099324 32.051681999643108,-13.612681000263933 32.048156999929908,-13.612649999734288 32.046364000016347,-13.613909000213255 32.046047999839004,-13.614914999821677 32.04574600030702,-13.615878000145869 32.046710999824086,-13.61814200018722 32.046913000142354,-13.621344000299644 32.048331999902928,-13.623374000346189 32.049313000157554,-13.627546000206223 32.049308999973164,-13.632338999913941 32.048553000197728,-13.63476800036659 32.048247999628074,-13.638262000449402 32.048190999698534,-13.638917000065703 32.047523000382284,-13.642233000037265 32.046050999977297,-13.645129000433256 32.045672999639912,-13.647450999550927 32.045582999987801,-13.647882999679553 32.045273000087036,-13.649354000038443 32.044675000400275,-13.652198999882215 32.044585999894935,-13.652619000356992 32.043899999748987,-13.654977000234794 32.042969000000539,-13.657857999939379 32.041963000392116,-13.66083200033364 32.041882000255555,-13.661071999705653 32.040596000330595,-13.667296999773157 32.040267999600076,-13.669348999934527 32.040095999765349,-13.672070000357564 32.040156999879287,-13.676445999728742 32.040507999871409,-13.678834000090092 32.040503999687019,-13.682623000281581 32.03929899989862,-13.685266999853125 32.037600999867607,-13.68802700027527 32.034808999769041,-13.690339999877379 32.034230000058756,-13.691274999810219 32.03345400026069,-13.692528000012599 32.033043000200735,-13.693190999997682 32.032802999929451,-13.696164000345902 32.03269999967813,-13.698514999900965 32.032617000348694,-13.698905999938289 32.031914000318409,-13.702254999632373 32.031540000165364,-13.70473099955359 32.031423000168047,-13.707036999732338 32.03140600028371,-13.707370999840123 32.031914000318409,-13.711567999953218 32.032641999702491,-13.713642000229413 32.034297999596042,-13.715664999953276 32.036930000413065,-13.716515999611318 32.041831999749377,-13.716172999987974 32.043937999701996,-13.7161540000115 32.046920999611807,-13.716256000216731 32.049163000437659,-13.717301999870358 32.049304999788774,-13.717368000214774 32.04978100014705,-13.718070000198963 32.050819000331209,-13.71959799958813 32.052475000224774,-13.722036999602437 32.052722999965567,-13.72222099999027 32.05361999994539,-13.722885000021449 32.055790000150239,-13.724491000308149 32.057025999568964,-13.726403000311278 32.057137000189066,-13.728518999825551 32.057104999613323,-13.730550999964294 32.057052999914276,-13.733962999864502 32.057644000177667,-13.736606000289271 32.061789999738494,-13.743827000403542 32.064571000229364,-13.746839999897645 32.066303000028995,-13.748066999800869 32.067658000436666,-13.748991000125953 32.069247999985805,-13.750075999778687 32.069800000250098,-13.750989999642853 32.070819999604566,-13.752677000066114 32.073425000076327,-13.756033000082821 32.074981999902938,-13.758733000437189 32.077038000248706,-13.760810999998396 32.078758000394487,-13.762867000344158 32.080314000175008,-13.764728999841054 32.080382999758342,-13.76481200006981 32.080903000346211,-13.765030000226318 32.082714000190151,-13.765791000232241 32.082836000418013,-13.765841999885197 32.085587000425335,-13.767126999764059 32.086920999864951,-13.768151000202238 32.0872079996048,-13.768371999597719 32.089287000111483,-13.769608999961918 32.088142000390917,-13.771847999750094 32.084010999722864,-13.772627999732549 32.079128000363085,-13.772021999677008 32.076522999891324,-13.77153299961884 32.070580000232553,-13.773662999778423 32.064128999639763,-13.773928000302874 32.059058999753859,-13.77404400025415 32.056994999938638,-13.774452000175756 32.053394000319429,-13.775370000224314 32.051170000323339,-13.771102000435633 32.048981000141957,-13.76845399978032 32.047089000161463,-13.766447999940738 32.042503000103238,-13.765182000038406 32.03735700031126,-13.764059000432667 32.036693000280081,-13.763120000315382 32.03562499961231,-13.761611000003484 32.032897999812008,-13.758643999931849 32.029460999658738,-13.7563700003289 32.027881999717295,-13.75455500030057 32.025143000263199,-13.749670999995374 32.023982999851171,-13.746799999852385 32.02264400018106,-13.74425400030168 32.021496000322145,-13.74186199975594 32.020481000298901,-13.739100000140922 32.018321999701811,-13.736207999929263 32.015784999666607,-13.734597000311396 32.012393999835126,-13.732992000070794 32.008960999866247,-13.732020000231046 32.006664000102433,-13.729722999567855 32.004935999587872,-13.72639800008079 32.002335000199821,-13.724173000038604 32.000064999881943,-13.721288000149627 31.997075999695483,-13.720878000135826 31.996248000198364,-13.723324999619535 31.99471299958725,-13.725995000389617 31.992515999936472,-13.729204999971557 31.990638999748057,-13.731946000417167 31.989331999754427,-13.73416500018277 31.988496999934625,-13.736240999651841 31.98558999993082,-13.739402999719061 31.986722999997596,-13.743909999732976 31.987515999679996,-13.747656999787012 31.987908999809516,-13.750343000395331 31.986921000131471,-13.753097999687668 31.978769000268755,-13.76610200017916 31.977173000443031,-13.768292000406575 31.973930000239246,-13.773115999744618 31.972728999735921,-13.776149000160672 31.971230999931034,-13.778819000031433 31.969328000342784,-13.781188999563026 31.967267999812691,-13.783982999753846 31.964722000261929,-13.787074000145481 31.96322100031875,-13.788586999742506 31.961245000063453,-13.790974000057757 31.95983900000283,-13.792659000388767 31.956133000040097,-13.792877999692053 31.951245999596608,-13.792007000011438 31.94901700026935,-13.790324999818665 31.948153000012102,-13.787645000386306 31.940865999553409,-13.772271000363219 31.933244999886313,-13.768828999979462 31.930973000375499,-13.76775299984223 31.928576999645426,-13.766919000068526 31.925972000072985,-13.765542999592183 31.921568000310398,-13.764275999643758 31.918904999862999,-13.763747999586428 31.913504000007549,-13.76462000021246 31.91103699960189,-13.763940000343098 31.909082000314584,-13.763334000287557 31.907049000129742,-13.76241200005461 31.904768000204111,-13.761905000066008 31.902751999903554,-13.75984400038908 31.900303000327597,-13.758069999552731 31.898296000441917,-13.756595999954868 31.896732000292612,-13.754382999566531 31.89410000037492,-13.756730999882677 31.89343600034374,-13.759368000030859 31.893332000046314,-13.764864999814959 31.893950999801799,-13.768176999602076 31.894418999791238,-13.772065999906602 31.894690999738994,-13.776335999787477 31.89456600027216,-13.778705000172351 31.894527000273055,-13.77943599969467 31.894308000070453,-13.782545000016739 31.893052999775875,-13.786708000361216 31.891238999793583,-13.788029000100947 31.890877000193765,-13.791290000235108 31.890785000449512,-13.79543099956544 31.890344999952102,-13.798431000258915 31.888406999649764,-13.800953999648755 31.885822000099953,-13.802885999674459 31.884173999675856,-13.804343000287361 31.880793000305346,-13.806407000102524 31.878280999623939,-13.808340000174383 31.87620700024706,-13.810499999918248 31.875715000050604,-13.812478000265742 31.873229999714514,-13.814925999795603 31.86041599988749,-13.814855000120017 31.861192999731657,-13.81382200016634 31.862033999828043,-13.811538000102416 31.862385999866202,-13.809900000139294 31.862682000020982,-13.808521000423923 31.862469000094958,-13.806169999969539 31.864024999875483,-13.802460999868515 31.867041000407141,-13.798488000188456 31.789656999980476,-13.799426000259585 31.75839000029185,-13.809340000405541 31.652131999869084,-13.613370999695007 31.643478000248251,-13.597410999638953 31.641140000393079,-13.597696000185975 31.638386000247461,-13.599200000267444 31.635597000287188,-13.599672999588051 31.632906000347703,-13.599586000074281 31.62938099973525,-13.600624000258449 31.62611999960103,-13.60109400034014 31.623192000427878,-13.600788999770486 31.620026000176264,-13.599387999940403 31.618161999687853,-13.598627999980522 31.616261000191798,-13.597838999583189 31.61326599972881,-13.595697999815854 31.610565000227719,-13.592646000322645 31.6072640000483,-13.591859000017507 31.604479000272363,-13.591455000280291 31.60121299990772,-13.591608000138478 31.599169000115126,-13.592093000012255 31.597056999885922,-13.59300399973813 31.595051000046336,-13.594638000416182 31.592659000399919,-13.596224999827086 31.589926000323029,-13.596733999907824 31.587748999795565,-13.595808000389864 31.585860999999454,-13.593564000371202 31.58381700020686,-13.59059600025347 31.581761999907201,-13.588287999982583 31.579210000079907,-13.585371999563904 31.57634400016741,-13.582165000120312 31.574574000414771,-13.580481999881442 31.572490999723751,-13.578481000272348 31.570940000173717,-13.576871999847354 31.5693840003932,-13.574983000005147 31.567940000379565,-13.573264999951562 31.566122000212886,-13.572025000348445 31.564596000016646,-13.569738000146231 31.563763000289043,-13.566407000382583 31.562270999861422,-13.562781999657034 31.561473999994632,-13.559522999615069 31.56208000005017,-13.55647100012186 31.563966999800186,-13.555243000172538 31.566574000364138,-13.55591799981147 31.568409000415102,-13.557067999762523 31.571098000262392,-13.557174000152145 31.571479999884843,-13.554906999972559 31.570978000126726,-13.551955999739164 31.571505000137908,-13.549644000183205 31.568553999904566,-13.54677099994808 31.569173999706095,-13.544640999788442 31.569792000314802,-13.542356999724518 31.571114000100579,-13.538802999573875 31.571991000057832,-13.536873999686462 31.573489999908816,-13.534123999725239 31.57365600036627,-13.531965000027469 31.571468000230993,-13.528001999909122 31.570066000354753,-13.5232110002936 31.56831899986372,-13.519504000284769 31.566350999977143,-13.517855999860672 31.563353000275185,-13.515443000145524 31.560983999890365,-13.513666000070202 31.558805000169965,-13.511448000350697 31.557247000297256,-13.509359000282416 31.556778000261719,-13.506139000239557 31.557165000114651,-13.503095000215808 31.557945000097106,-13.500757000360636 31.558850999592437,-13.497227999563734 31.559177000230818,-13.494879000100866 31.559302999743693,-13.492538000107402 31.55651900001385,-13.490859000052922 31.555535999667029,-13.488484000290839 31.556761000377378,-13.48667399959362 31.558347999788221,-13.484901999748786 31.557854000398887,-13.482413000127622 31.557261000043297,-13.48043899996452 31.559052999910762,-13.477881999906742 31.559144999655015,-13.474482999706481 31.560985999982563,-13.472649999747714 31.563349000090799,-13.472861999627638 31.563601000015975,-13.470441000443088 31.563323999837735,-13.467916000061734 31.565248000393979,-13.465721999649929 31.564885999894841,-13.463487000046085 31.563443999973398,-13.461804999853371 31.562232999908357,-13.459883000288583 31.561481000317315,-13.457075000351779 31.563281999700337,-13.455087999589409 31.565260000047829,-13.452729999711607 31.563083999566402,-13.450494000061667 31.561634000175502,-13.448460999876829 31.561271999676364,-13.446152999605941 31.562536000385816,-13.44153800000953 31.557690000033634,-13.442381000198111 31.555487000106268,-13.439655999590682 31.555119000229865,-13.437059000386967 31.5557379999853,-13.433781000368469 31.555814999937468,-13.431773999583527 31.555759000054024,-13.429333000376346 31.553288000363295,-13.426895999554915 31.551091999859235,-13.426901999831443 31.548311000267685,-13.426660000367292 31.546356000081119,-13.425861000408304 31.543368999986853,-13.425212000169267 31.540854000066531,-13.424400999657108 31.538873999626784,-13.422084999916763 31.538423999567723,-13.419985000240727 31.538551000026072,-13.417670999693257 31.539744000160685,-13.415165000187756 31.5404640000753,-13.413650999645313 31.541511999821125,-13.410954000328616 31.543055999947793,-13.407742999801313 31.544390000286739,-13.404757999799243 31.545474999939472,-13.402288000154613 31.545752000117716,-13.399116999672515 31.544739000186667,-13.395910000228923 31.543121000246114,-13.393540999844106 31.541519000143808,-13.39195000024881 31.540817000159564,-13.390075000152649 31.541618000210743,-13.387980999853879 31.544705999564769,-13.386996000314126 31.548257999623214,-13.389024000268533 31.550615000354242,-13.391207000173322 31.552191000157336,-13.393186999713691 31.552264999971211,-13.395591999959377 31.551350000061007,-13.398551999708275 31.554727000146443,-13.398734000003969 31.557247000297256,-13.396306999643514 31.560842999685971,-13.393001000132926 31.562908000446612,-13.391683999678321 31.566344999700558,-13.389859000088336 31.567668000431809,-13.389703000091856 31.569189000397557,-13.389522999888356 31.571305999957925,-13.386823000433367 31.571691999764766,-13.382585000228914 31.571718000063981,-13.379773000107718 31.572409000440416,-13.377553000296018 31.57352399967743,-13.375804999758827 31.576026999943959,-13.373379000343789 31.578274000100919,-13.372071000304004 31.58047099975175,-13.369977000005235 31.582990999902563,-13.368653000127267 31.585660999773321,-13.368856999638409 31.588507999709293,-13.368774000309029 31.588508999755391,-13.368774000309029 31.591015000160208,-13.368914999614049 31.594580999964705,-13.369557999576557 31.594582000010803,-13.369557999576557 31.596568999873853,-13.370157000208733 31.598864999591566,-13.370785000379101 31.598865999637663,-13.370785000379101 31.602506000155362,-13.371490999648358 31.602507000201456,-13.371490999648358 31.604850000287112,-13.371703999574377 31.604851000333216,-13.371703999574377 31.608409999814963,-13.371885999870074 31.613255000121057,-13.37193999966132 31.610986999895374,-13.369685000034849 31.608762999899284,-13.369030999565323 31.60665099967008,-13.367446000246673 31.605050999659962,-13.366180000344343 31.60348899960286,-13.363848999912477 31.60300099959079,-13.361668000099939 31.603443000180388,-13.358776999934378 31.604170000417696,-13.356564999592138 31.606378999722324,-13.353929000389314 31.608413999999357,-13.352981999903307 31.612061999986512,-13.353128000338186 31.614290000166932,-13.352841999745065 31.61720100035512,-13.351103999668851 31.619237999825032,-13.35024699973428 31.622620000140955,-13.348511999796358 31.624814999699595,-13.347438999797419 31.628522999754519,-13.346635999654097 31.630431999619358,-13.345814999580284 31.63309099988237,-13.345278000007454 31.635990000416651,-13.343901000384335 31.636101000137444,-13.340691999949229 31.634458999989931,-13.337879999827974 31.632225000432182,-13.334451000043487 31.630716000120284,-13.331993000052648 31.629255000222315,-13.328033000072592 31.6287120003729,-13.325871000236532 31.628737999772738,-13.323005000324031 31.629281999668251,-13.319671999568868 31.631841999864321,-13.316457999802594 31.634312000408332,-13.315531000238536 31.638202999905729,-13.314891999561155 31.642650999897853,-13.314029000249263 31.645136000234004,-13.313988000157963 31.647495000157846,-13.314072999579535 31.650150000236465,-13.314430999894341 31.652680999995081,-13.313838000438068 31.654345000257422,-13.312454999639044 31.655418000256301,-13.310452999983852 31.654826999992906,-13.307575000417501 31.653420999932276,-13.305913000247358 31.651566999904848,-13.303516000370507 31.651078999892778,-13.300240999590983 31.64951099955908,-13.298605999766096 31.646724999737042,-13.296782000222207 31.64446599992624,-13.297403000069892 31.642406000295409,-13.296804000337033 31.640128999654848,-13.295011999570249 31.638075000300599,-13.29250500001865 31.636874999843371,-13.290112000326133 31.6364399995764,-13.287940000029096 31.637050999862424,-13.285302999880912 31.637923999635291,-13.283337000086533 31.639216999882876,-13.281417999760777 31.641185999815544,-13.27978299993589 31.644516000432418,-13.279340000199511 31.64653399992579,-13.279639999639357 31.649197000373245,-13.279383000383007 31.65163400029536,-13.279812000373397 31.65381800024619,-13.278041999721438 31.654112000308771,-13.275990999606163 31.654115999593841,-13.27396599979005 31.65354200011404,-13.269913000019585 31.652381999702012,-13.26786299995041 31.648711999600096,-13.259635000181618 31.647865000126497,-13.257793999854073 31.645899000332122,-13.253986999732206 31.644646000129736,-13.251647999830936 31.642728999896121,-13.247561000291853 31.642220999861422,-13.245415000293974 31.641965999798,-13.243098999654308 31.64231100041286,-13.238644000238764 31.642538000084869,-13.235851000094101 31.643181000047374,-13.233050999626697 31.643789000195113,-13.230360999733364 31.644512000248024,-13.227985999971224 31.646642999554448,-13.226290000032462 31.646827999988375,-13.22424700028597 31.646282000000671,-13.222002000221153 31.646290000369447,-13.219126999893831 31.647423000436167,-13.217387999771518 31.65002800000866,-13.217075999778558 31.651712000293568,-13.219155000285239 31.654503000346097,-13.220075000425936 31.657135000263789,-13.220196999754478 31.660190999941388,-13.219697000088559 31.662189000311514,-13.21884899966949 31.664213000081531,-13.217296000027259 31.665650999818581,-13.215412999562318 31.667308999804334,-13.213650000132361 31.66842299989457,-13.211864999688258 31.670561000422992,-13.209617000384469 31.673591999847471,-13.207597999945676 31.676261999718239,-13.205650000081732 31.678817999729915,-13.203330000156996 31.680859000283533,-13.20181300037558 31.683043000234417,-13.199988999932373 31.684893000077462,-13.198940000140453 31.687019000052715,-13.198138000043173 31.693853000314046,-13.198054999814474 31.695780000109263,-13.197423000359038 31.698046000242755,-13.195021000251643 31.699771999765797,-13.193031000250301 31.701722999768034,-13.191458999732276 31.704841999651766,-13.189313999780495 31.707438999754739,-13.187346999940075 31.709210999599577,-13.18598199997075 31.710878000000207,-13.18484199958135 31.71252100019387,-13.182191999733218 31.712931000207675,-13.179645000136361 31.711742000257512,-13.177966000081938 31.709639000443129,-13.175722000063216 31.707996000249523,-13.172928999918497 31.708318999850231,-13.170488999858094 31.709155999762228,-13.168523000063772 31.710446999917679,-13.166511999993702 31.712275999692054,-13.165282999998283 31.719034000047316,-13.160696999940056 31.72474499980353,-13.157334999646707 31.726754999827502,-13.156160000341913 31.728311999654121,-13.154894000439525 31.730513000388608,-13.153186999993693 31.729609000086157,-13.151184000292403 31.728024999914226,-13.149756000117007 31.724549999807945,-13.145716000046491 31.724376999927127,-13.141854000087221 31.725898999938973,-13.138507999632168 31.727159999610873,-13.136949999759452 31.728057999636803,-13.134323000072186 31.726818000033628,-13.132698999855052 31.725784000033855,-13.130578000110347 31.723969000005468,-13.127159999933554 31.723217000414422,-13.124407999880191 31.722824000284902,-13.12158500015124 31.72320199972296,-13.11922700027344 31.724558000176728,-13.116755999683392 31.727632999830803,-13.115343000199401 31.730551000341674,-13.114244999947402 31.733236000004524,-13.11216999962511 31.738023000334973,-13.112338000174759 31.738024000381074,-13.112338000174759 31.743225000010394,-13.112227999600748 31.745368999916082,-13.111424000310649 31.746751999815785,-13.109541999891803 31.747465000307042,-13.105675999748144 31.746311000171598,-13.102767999698301 31.742779000135727,-13.099648999814574 31.739457999933734,-13.097355000188998 31.738270000029669,-13.095640000273704 31.736688999996034,-13.092096999730813 31.73778700024803,-13.089597999648673 31.73948100009466,-13.087834000172618 31.742102000404657,-13.086327999998957 31.744153999666707,-13.085524999855577 31.748150000406948,-13.084955999707006 31.751000999627937,-13.08629899956145 31.752848000232063,-13.087220999794397 31.755894000348011,-13.090535999719803 31.75885400009696,-13.09517000019207 31.758856000189155,-13.098551999608674 31.759507999667164,-13.101747000297733 31.759526999643697,-13.105073999876993 31.759541000289005,-13.10909700006323 31.761069999724267,-13.110542000122962 31.7633499996038,-13.11140300024192 31.764982000189661,-13.109303999712665 31.766198999631911,-13.107249000312322 31.76699999968309,-13.104286999571853 31.768536000340301,-13.101781000066353 31.76964800033835,-13.100077999804908 31.771407999630014,-13.098050999896657 31.773324999863629,-13.096695000342208 31.778309000281865,-13.094439999816471 31.780604999999639,-13.094180000421829 31.782984999992209,-13.094516999768587 31.782986000038306,-13.094516999768587 31.785088999852633,-13.095665999673598 31.807354000066596,-13.098076000149716 31.805549999645965,-13.070861000185516 31.803831000445598,-13.068973000389406 31.806590999968478,-13.067131000015763 31.808746000381177,-13.065948000342132 31.811630000224056,-13.062878000019168 31.815194999982449,-13.063589999565068 31.817721999556621,-13.064098999645807 31.82080999980997,-13.066573000374206 31.82306100015137,-13.068933000344146 31.826253999848916,-13.070205999669838 31.83078199993156,-13.071030999927984 31.83322700022245,-13.070914999976765 31.835442999849761,-13.070120000202166 31.838460999574295,-13.067548000352247 31.839083000367395,-13.064693000047555 31.839645000193343,-13.062572000302794 31.840429000360185,-13.059699000067665 31.84155700019647,-13.057851000316759 31.842952999796069,-13.055705000318937 31.844293999558371,-13.053658000388054 31.845736000379134,-13.052128000007372 31.849153999656604,-13.050652000317314 31.851545000156246,-13.049503999559079 31.85378099980613,-13.048844999758387 31.856448999584703,-13.048017000261268 31.858784000200899,-13.046796999781407 31.86066399962823,-13.045440000180918 31.861640999698523,-13.043264999745587 31.861126000240457,-13.040722000333176 31.859046999733774,-13.036788999799001 31.858365999818318,-13.034109000366641 31.857818999784513,-13.031836999956568 31.857600999627945,-13.029775000233542 31.859336999611966,-13.026373999941086 31.861340000212575,-13.024719000093626 31.863851999994665,-13.023337000240019 31.864430999704894,-13.025455999892586 31.864291999592748,-13.02780600030087 31.864460000142405,-13.032300999761617 31.863940999600629,-13.034802999982048 31.864758000389369,-13.037003999817273 31.867819000297402,-13.038925000235224 31.86990400018135,-13.03895199968116 31.872326000311318,-13.038610000103972 31.8749449996298,-13.038106000253663 31.876717000373958,-13.036821000374799 31.877225999555431,-13.03383899961176 31.878695999868228,-13.031901000208791 31.879879000441179,-13.030097999834254 31.880877999726916,-13.028140999555433 31.880281000086256,-13.026050000294276 31.879936000370719,-13.02395099976502 31.880700999661716,-13.021078000429213 31.882613999710937,-13.019513000233813 31.885359000340937,-13.018999999968628 31.888012000327421,-13.018314999868721 31.890043000420068,-13.018468999773063 31.89347600038894,-13.018899999855591 31.897366999886341,-13.019639999792787 31.899529999768504,-13.021077000383116 31.901182000376988,-13.023354000124357 31.903246000192212,-13.024220999620582 31.905894999994242,-13.024440999869283 31.908257000056437,-13.023691000370377 31.90973900002308,-13.021391999615048 31.910351000355202,-13.01914300026516 31.909174000058844,-13.014996999805019 31.909392000215348,-13.013130000077638 31.909552000396214,-13.011770000338799 31.908495000235515,-13.007235999979626 31.906707999699275,-13.005601000154739 31.903791000133822,-13.004585000085399 31.900620999697821,-13.00461699976182 31.897415000300327,-13.0057240004287 31.894690999738994,-13.005431999558994 31.894090999960039,-13.003232999816021 31.895432999768442,-13.001203999815573 31.898377999725255,-12.997563000151104 31.899259999912942,-12.995180000020241 31.899366000302564,-12.992938000093773 31.898464000092243,-12.990014000205633 31.896421000345754,-12.987220000014872 31.894312000254839,-12.984696999725713 31.892576000270818,-12.982763999653912 31.89118399995624,-12.980941000156122 31.889485999925284,-12.979071000290389 31.88833800006643,-12.976660999814271 31.888177999885553,-12.973639999951386 31.889046000327195,-12.971509999791806 31.891050000074582,-12.969041000193215 31.892651000130794,-12.967329999562992 31.896570000019551,-12.965592000386096 31.899272999612887,-12.964762999943559 31.902033000035033,-12.963012000167453 31.903854000339948,-12.961463999856392 31.905364999844775,-12.958739000148283 31.905692999675974,-12.9557839997305 31.903859999717213,-12.951453999781789 31.902815000109683,-12.948674000236338 31.901943000382968,-12.945387999849061 31.90100500031178,-12.943529999637235 31.900821999970052,-12.941378000262148 31.901276000213496,-12.93930900021644 31.902918000361009,-12.936893000363 31.903296999845164,-12.934714999789433 31.902596999953175,-12.929937999919957 31.902702000296696,-12.927624000271747 31.903548999770351,-12.924317999861898 31.904402000419847,-12.922278000253698 31.906578000001957,-12.921365000435626 31.909827999629044,-12.919714999919334 31.912059999993915,-12.922003000167649 31.913465000008443,-12.924729999967951 31.915023999927257,-12.926797999967505 31.917905999677945,-12.927958000379533 31.91975600042036,-12.927062000445858 31.920617999686097,-12.921468999833735 31.921097000182613,-12.918775999802108 31.92138299987641,-12.916562000266993 31.922054000230276,-12.911428000128806 31.922407000314593,-12.908861999656153 31.923399000176968,-12.905421000217814 31.924579999758407,-12.903608000281679 31.926881999752709,-12.902658999703476 31.929640000082653,-12.903927999744099 31.931975999845633,-12.907029999743486 31.93304599970628,-12.910189999718568 31.933950000008789,-12.912137000435678 31.936689000362204,-12.913460000267605 31.938932000334827,-12.912249000202564 31.940129999800551,-12.909260000016161 31.940664000134461,-12.906694000442883 31.940292000073669,-12.904116000316378 31.942284000167202,-12.900904999789075 31.945302999937837,-12.899551000326822 31.949173000265883,-12.898210999711296 31.953586999590073,-12.89779500032023 31.9557640001176,-12.898128000381917 31.959040000043895,-12.898251999802653 31.959221000293496,-12.898360000284468 31.963534000357868,-12.89802800026888 31.967075999955341,-12.902633000303638 31.970185000277407,-12.903198000267878 31.970554000199908,-12.904879000414494 31.970988999567506,-12.90772000007388 31.973117999681048,-12.90625399994542 31.975924999571816,-12.906345999689734 31.977181999958585,-12.908258999738903 31.977662999647972,-12.911236000271515 31.979613999650208,-12.913477000151886 31.981740999671558,-12.914868999567148 31.983643000112977,-12.917047000140769 31.985036999620434,-12.918978000120376 31.986636999630601,-12.920493999855694 31.988852000111137,-12.921181000047739 31.991326999986253,-12.919987999913189 31.992813000137289,-12.918510000130935 31.995426000078506,-12.917246000320745 31.997504999685869,-12.918428999994376 31.999020000274353,-12.920949000145242 31.99995800034554,-12.923159000395287 32.001349999760748,-12.924791000081823 32.00354400017261,-12.925768000152118 32.005801999937319,-12.926183000396406 32.008220999929051,-12.926680999970129 32.011359999835349,-12.927903999688965 32.01475900003561,-12.929843000037351 32.017020999984709,-12.931135000238896 32.019955000333766,-12.932268000305669 32.021942000196816,-12.933650000159275 32.024569999930179,-12.934085000426192 32.026824999556595,-12.93420100037747 32.029469000027518,-12.933912999692152 32.031611999887048,-12.934138000171345 32.034271000150056,-12.93594699992309 32.037415000286899,-12.937893999740934 32.039390999642876,-12.940361000146652 32.04046200044894,-12.942707000370604 32.040912999654779,-12.943694000002495 32.041640999938124,-12.945830000438662 32.041755999843303,-12.948859999817103 32.214664999666013,-12.988817999932792 32.448957999814127,-13.04296100012135 32.44737200044937,-13.04391199989243 32.444191000405617,-13.045795000357373 32.441753000437416,-13.0470200001684 32.439156000334435,-13.049031000238472 32.436374999843565,-13.051005000401574 32.433349999796349,-13.055049999803257 32.432338999957437,-13.057094999642004 32.43123600037427,-13.058455000280105 32.430770999623746,-13.061021999899538 32.430767000338676,-13.061031000314415 32.428635000086899,-13.064416999915409 32.425601999670846,-13.069058999857077 32.424576000039849,-13.070124000386556 32.42264600010634,-13.072425000334761 32.421422000341401,-13.075299999762819 32.418823000146176,-13.077661999824954 32.418765000170538,-13.077788000237206 32.417388999694197,-13.078987999795118 32.415138000252171,-13.081577999575416 32.41379200025937,-13.083256999629896 32.41236900031447,-13.08553200017826 32.411060000228588,-13.087237999678678 32.409222000039335,-13.088707999991525 32.407017000019778,-13.090856000081544 32.405457000054867,-13.092705999924647 32.402957999972728,-13.096542999630799 32.402305000448621,-13.098444000026177 32.402194999874602,-13.09864800043664 32.402160000059894,-13.098866999739926 32.401839999698097,-13.099796000295498 32.40004000036123,-13.102278999640077 32.397694000137278,-13.105710000416138 32.396007999760116,-13.107541000282708 32.392569999560749,-13.110769999841066 32.391060000102073,-13.113299000406812 32.389644999626569,-13.115140999881135 32.388542000043401,-13.117054999976403 32.387236000095868,-13.118981999771677 32.386150000396974,-13.119943000003673 32.383980000192139,-13.123355999949977 32.381937999592424,-13.124528000015857 32.376910999890015,-13.126956000422409 32.37454200040446,-13.128316000161192 32.37266200007781,-13.129459999835715 32.370543999572021,-13.1306299998094 32.367331999897942,-13.132431000091685 32.365585000306226,-13.133944999734808 32.363693000325725,-13.13548799981538 32.360698999908834,-13.138138999709611 32.358070000129366,-13.14103500010566 32.356983000384446,-13.143880999995531 32.357134000150438,-13.147154999829638 32.356692999606935,-13.147839999929545 32.35668700022967,-13.147890999582499 32.355834999626211,-13.149221999783149 32.354201999893576,-13.153060999581442 32.352855999900783,-13.155590000147185 32.351482000415956,-13.157728999822325 32.34933500037198,-13.160174000113214 32.348301000372203,-13.162053000393769 32.347107000191556,-13.163847000353428 32.346515999928101,-13.164391000248941 32.343974999708564,-13.16761799971516 32.343707999991295,-13.167939000122999 32.341648000360465,-13.168863000448139 32.338367000203675,-13.173015000285544 32.336472000084882,-13.17565100038763 32.334562000174003,-13.178303000328015 32.33502299984076,-13.17848199958604</coordinates></LinearRing></outerBoundaryIs></Polygon>
  </Placemark>
  <Placemark>
	<name>Chipata</name>
	<Style><LineStyle><color>ff0000ff</color></LineStyle><PolyStyle><fill>0</fill></PolyStyle></Style>
	<ExtendedData><SchemaData schemaUrl="#COMACO_Distircts_Zambia">
		<SimpleData name="Name">Chipata</SimpleData>
		<SimpleData name="OBJECTID_1">50</SimpleData>
		<SimpleData name="OBJECTID">51</SimpleData>
		<SimpleData name="ID">0</SimpleData>
		<SimpleData name="DISTRICT_N">0</SimpleData>
		<SimpleData name="PROVINCE">Eastern</SimpleData>
		<SimpleData name="Shape_Leng">4.66692171668</SimpleData>
		<SimpleData name="Shape_Le_1">4.66692171077</SimpleData>
		<SimpleData name="Shape_Area">0.53460053607</SimpleData>
	</SchemaData></ExtendedData>
      <Polygon><outerBoundaryIs><LinearRing><coordinates>32.934884999973974,-13.325257999858309 32.933861000435115,-13.330317000136517 32.930240999940104,-13.334983000285206 32.928504999956083,-13.336656000063044 32.929138000356943,-13.340191000237212 32.929812999995818,-13.342659999835746 32.927585999861435,-13.347823000411381 32.924224999614239,-13.355680000165476 32.92372900013271,-13.359136000295223 32.924469000069962,-13.362662000054513 32.925082999594963,-13.366948999819726 32.923022999964132,-13.373133999841968 32.920600999834107,-13.37795399989494 32.920947999641839,-13.38167000031865 32.92284799999112,-13.386480999956802 32.925472000439413,-13.389901000225734 32.92627299959122,-13.394386000124825 32.924327999865568,-13.397948999791025 32.919964000148241,-13.400578999616584 32.917029999799183,-13.402204999925857 32.916340000368109,-13.406519000036383 32.91585200035604,-13.410290000297437 32.917309000069622,-13.413518999855853 32.91854899967273,-13.415129000326942 32.915638000383922,-13.417749999737566 32.912842000100909,-13.416258000209268 32.910870000030002,-13.414312000437517 32.907641999618363,-13.421843999599389 32.90501800006939,-13.428579999839826 32.903254999740113,-13.432241999572966 32.899859999724242,-13.434457000053497 32.895908000112911,-13.435973999834914 32.892192999735293,-13.43705700029477 32.888564999770836,-13.437064999764232 32.885963000336631,-13.437562000191177 32.885555000415025,-13.443069000436253 32.885281000375073,-13.448150999976065 32.885319000328082,-13.451098000025013 32.885765000202753,-13.454561999624275 32.882400999817264,-13.459472000228686 32.877960000147766,-13.464903999714465 32.873580999738977,-13.468337999729442 32.871028999911687,-13.469395999936239 32.867989000072271,-13.468191000147783 32.864329999578104,-13.464164999823311 32.861637000445789,-13.460854000082291 32.858775999864463,-13.459748000360833 32.855053000017392,-13.46026199977274 32.852737000277045,-13.462095999777603 32.850983000362646,-13.466146000309095 32.845698999605247,-13.48451900008024 32.842738999856287,-13.494093999887923 32.842224000398289,-13.496805999896083 32.843506000138795,-13.501745000038625 32.845725999950503,-13.50644900014032 32.848351000444893,-13.509795999742208 32.846427999934747,-13.514306999940514 32.838497000366829,-13.524014000436978 32.83034499960479,-13.532192999745632 32.826781999938589,-13.536603999830902 32.824818000236405,-13.539387999560745 32.821362000106603,-13.539150000280925 32.817943999929867,-13.537347999952486 32.815220000267857,-13.537374000251701 32.80972299958443,-13.538281999839285 32.805591999815761,-13.540232999841464 32.802483000393011,-13.545167999799617 32.80057100038988,-13.547228000329765 32.795025000145699,-13.549141000378995 32.78902399961197,-13.550274999592487 32.784770999615432,-13.551645999838398 32.782288000270796,-13.555541000419508 32.779139999949621,-13.556009000408949 32.77710000034142,-13.555626999887181 32.774741999564291,-13.555896999742743 32.772533000259671,-13.556021000062799 32.769912999995768,-13.554336999777831 32.766101999689511,-13.555888000227185 32.763175999709233,-13.558046999924954 32.761985999712913,-13.559989999558411 32.763073000357224,-13.562876000392805 32.762508000392984,-13.569557999942731 32.759346000325763,-13.570875000397336 32.756366999701015,-13.572436999555123 32.75393700010153,-13.575581999738006 32.751755000242895,-13.579892999710239 32.74715799967754,-13.582167000212507 32.744307999603336,-13.582870000242792 32.740100999928586,-13.583108999568706 32.734699000027035,-13.58209999982199 32.731730999909303,-13.58100199956999 32.728168000243159,-13.580800000150987 32.725357000168003,-13.581745999691577 32.719021000379712,-13.579487999926869 32.714152999912756,-13.574805999939938 32.707157000277675,-13.570847000005983 32.699870999865084,-13.568323999716824 32.695370000127809,-13.568499999735934 32.692619000120487,-13.5703319996486 32.687569000257156,-13.571762999962287 32.689017999601958,-13.576168999817071 32.69231799973528,-13.577475999810702 32.69009799992358,-13.581966999986376 32.686675999562397,-13.583110999660903 32.685524000418468,-13.585054000193679 32.686687000069469,-13.589604000391089 32.689273999711475,-13.594580999587322 32.69103599999471,-13.596952000064334 32.686749000229497,-13.599859000068136 32.68387199980998,-13.601167000107921 32.682571000092871,-13.607440999736127 32.681442000210552,-13.610378000223534 32.677123999915636,-13.612073000116196 32.674605999857022,-13.616148000001486 32.674206000304139,-13.619276000300033 32.680134000170767,-13.621055999614327 32.684155000264809,-13.620572999832746 32.686442999613746,-13.620593999901416 32.688564000257827,-13.622775999760107 32.690371999963524,-13.623907999780783 32.694244000383712,-13.626264999612431 32.69614800001807,-13.630018999989204 32.698666000076685,-13.633549999978925 32.700871000096242,-13.63608399987578 32.705901999983098,-13.636895000387938 32.710201000301424,-13.637362000331279 32.712914000355681,-13.63846800005274 32.714694999716073,-13.639916000250764 32.716784999830509,-13.640759000439346 32.718864000337135,-13.644153999555897 32.721886000246108,-13.644401000149912 32.723865999786483,-13.645280000199307 32.726273000124365,-13.645654000352295 32.731327000172087,-13.644293999714137 32.734965999744304,-13.644524000423814 32.738437999712339,-13.648487999688996 32.739506000380061,-13.650488000151313 32.741413000152704,-13.648283000131753 32.744339000132982,-13.647571999732634 32.747683999642675,-13.647710999844833 32.749939000168411,-13.64935900026893 32.75266299983042,-13.649324999600992 32.754295000416334,-13.644679000374254 32.755775000290782,-13.641271999805213 32.757511000274803,-13.639455999730785 32.76092500026715,-13.639377999732517 32.763203000054482,-13.638936000042236 32.766669999792043,-13.639564000212602 32.769001000223852,-13.641356000080009 32.772193999921399,-13.642806000370229 32.777561000008234,-13.643923999745537 32.7816959999613,-13.6451030001341 32.786982999957672,-13.648951000347324 32.791697999667122,-13.651612999849304 32.796410000137598,-13.655649999781531 32.798449999745799,-13.657342999581999 32.801261999867052,-13.657987999636703 32.801247000074909,-13.661712999575968 32.799202000236221,-13.665880000104835 32.796993000032273,-13.669197000122436 32.797023999662599,-13.673456000395561 32.796825000381943,-13.677190999896482 32.801555999929576,-13.678958000410148 32.811908999627519,-13.683325000265768 32.81768799982035,-13.68492999960705 32.820689999706701,-13.688938000001142 32.824336999647699,-13.692476000313546 32.827674999734029,-13.695165000160841 32.83089399973079,-13.69764400022035 32.831802000217628,-13.700530000155425 32.834098999981506,-13.7023579998837 32.837504999605123,-13.703382000321881 32.840568999651452,-13.708241000373958 32.843975000174396,-13.715395000097713 32.844748999880267,-13.718715000253667 32.841770000154831,-13.723225000405817 32.837043999938317,-13.727634000398893 32.835587000224734,-13.729053000159411 32.828754000009496,-13.725983999882601 32.823092999860137,-13.724876000068946 32.81695900039017,-13.726689000005081 32.811256000103413,-13.729696000121919 32.805714000043565,-13.733409000407333 32.80147599983917,-13.737021999680394 32.799403999655169,-13.741433999811704 32.797352000393118,-13.745212000395441 32.796302999701879,-13.748393999585971 32.79086299984732,-13.749021999756279 32.78536199987883,-13.748438999861662 32.781937000278731,-13.747983999572114 32.780284999670243,-13.750298000119583 32.780658999823231,-13.753735000272911 32.78180699968209,-13.757678000368683 32.781394999576094,-13.760209000127247 32.778274999646271,-13.761989000340861 32.778453999803673,-13.764819000392492 32.777945999768974,-13.767956000206595 32.77541700010255,-13.771453999574476 32.77358200005159,-13.775368000132119 32.772349999917935,-13.778521999830559 32.771430999823281,-13.782591000338584 32.775124000086123,-13.781969999591579 32.777588000353489,-13.781592000153523 32.780421999690191,-13.783122999680927 32.784522999874639,-13.782747000335064 32.78847899967036,-13.782470000156819 32.792422999812224,-13.783233000254938 32.794513999972708,-13.785521999650028 32.795593000248232,-13.789619999696185 32.796443999906217,-13.791727999740999 32.80058700022812,-13.794714999835207 32.801914000244381,-13.798378999660542 32.803394000118828,-13.800966000201925 32.809764999721835,-13.802879000251096 32.808941000409106,-13.812337000061405 32.808223999733457,-13.818640000127116 32.809155000381224,-13.824012000444384 32.812843000413579,-13.836700999905304 32.815127999624281,-13.845375999594808 32.817505000377878,-13.854909000164412 32.819588000169574,-13.862876999639241 32.820877000232819,-13.868023000330536 32.82181500030395,-13.875176000008196 32.822677999615848,-13.888143999739553 32.823752999706919,-13.900896000305863 32.824706999616296,-13.914605000020515 32.825642000448454,-13.926152999945202 32.826317000087386,-13.935901999679743 32.826816999753305,-13.945929999684777 32.827084000369894,-13.950859000265666 32.828479999969545,-13.956006000103741 32.830443999671729,-13.958874000108381 32.835574999671564,-13.963399000052732 32.840508000436841,-13.96726300010414 32.843673999789132,-13.970275999598243 32.846614999561552,-13.973857000094142 32.820953000138893,-13.988833999803376 32.808848999765523,-13.995371999909935 32.783015999654879,-13.987773000357606 32.718574999605721,-13.970643000327868 32.672585000225297,-13.958042999573649 32.637661000134699,-13.948544999718138 32.607570999843176,-13.940503999576208 32.584914999591888,-13.934371000152339 32.578246999788007,-13.932362000174464 32.575817000188579,-13.931172000178151 32.573460000356867,-13.926720000001637 32.571734999980606,-13.921400000282743 32.570160000223609,-13.917779999787683 32.569236999944565,-13.915563000114275 32.563152000035359,-13.915173000123048 32.559634999791626,-13.917092000448804 32.554665000018758,-13.919153000125732 32.547604000085357,-13.920525000417683 32.54314400043932,-13.921085000151436 32.5397220000782,-13.921088000289728 32.5364040000145,-13.922158000150375 32.53438899976004,-13.924721999631515 32.533829000026287,-13.927143999761483 32.532619000007401,-13.930053999903578 32.529934000344497,-13.933304000429985 32.526711000163345,-13.937140000090039 32.524315000332592,-13.938926999727016 32.522315999916373,-13.940468999761491 32.5203059998924,-13.941649000196151 32.517138999594692,-13.94157999971344 32.51457199997526,-13.942199000368248 32.511870999574853,-13.944924000076355 32.509841999574348,-13.948410999836481 32.506602999555014,-13.950077000191015 32.503871999570315,-13.951418999999419 32.50025600015897,-13.952314999933149 32.496245999672681,-13.953500999745016 32.490741999565948,-13.954583000158834 32.486736000163376,-13.95442099988577 32.482895000272833,-13.953517999629355 32.477046999597292,-13.953786000292041 32.472725000017363,-13.9540570001937 32.468472000020824,-13.954300999750103 32.465056999982323,-13.954411000324114 32.461951999844644,-13.953797999945891 32.457965999565374,-13.951338999908955 32.455317999809431,-13.948521000410492 32.451430999597108,-13.94711000011938 32.445538000444515,-13.945397000296282 32.440837999627881,-13.943514999877436 32.435642000228988,-13.942028999726404 32.430243999612571,-13.941400999556038 32.426150999796846,-13.940568999874527 32.422157000048117,-13.939347000201792 32.417895999682798,-13.93738499969254 32.414707000169642,-13.934717999960071 32.412403000083089,-13.932532999963087 32.40998500013751,-13.930067999649564 32.408511999686368,-13.927686999610897 32.407604000098843,-13.924582000372538 32.406906000298989,-13.921045000106231 32.40330499978046,-13.919498999887367 32.393241999960708,-13.919889999924692 32.387092999799279,-13.919776000065609 32.381245000023057,-13.920014000244747 32.375796999799775,-13.922080000152107 32.369513999756634,-13.925591000119255 32.365620000120941,-13.927197999552732 32.361869999928615,-13.928590999913411 32.355781999881053,-13.931106999879887 32.349223999751871,-13.933982000207207 32.345997000285706,-13.936035000414677 32.341636999853392,-13.937831999613252 32.339251999630335,-13.940122999999858 32.336979000073484,-13.942656999896769 32.334293000364482,-13.944412999903363 32.331791000144101,-13.946422999927334 32.327675000167517,-13.947713000036629 32.322151000038104,-13.94967799978491 32.315933000293285,-13.953007000355683 32.311587999653163,-13.955588999767258 32.306907999758437,-13.959265000145704 32.304226000233825,-13.961346999891362 32.299679000174706,-13.964570000072513 32.29486799963729,-13.967666999841413 32.293850000375016,-13.964237000010826 32.293824000075858,-13.961246999778325 32.293804000053228,-13.958875000154478 32.293914999774017,-13.952419000230577 32.295952000143245,-13.94746999962706 32.296856000445757,-13.94227300018207 32.296981999958689,-13.936485999620514 32.297516000292546,-13.932717000350976 32.297915999845429,-13.927844999699573 32.29798100014375,-13.922519999750193 32.297698999735019,-13.919615999884741 32.283726000441391,-13.924169000220445 32.269019999734553,-13.928428999640346 32.252398999785612,-13.933387999805518 32.241268000197465,-13.936571999987505 32.226654000134204,-13.941815999800383 32.2194140000434,-13.943456999901796 32.215194999815473,-13.945107000418091 32.207873999588173,-13.948030000260131 32.200889999606943,-13.951155000420385 32.194798000274375,-13.953766000269411 32.190174000263085,-13.955142999892587 32.184067000239054,-13.958640000113689 32.178695999967886,-13.962590999678866 32.173649000242847,-13.964753000414248 32.169639999802655,-13.967678000348483 32.166865999634467,-13.969956000135822 32.162299999598815,-13.966440999984286 32.15901600020311,-13.964206000380443 32.158493000376268,-13.961944000431345 32.160590999960107,-13.957890999761558 32.161671000281729,-13.953961000265053 32.161472000101696,-13.949891999757027 32.160857999677376,-13.945080000072835 32.160975999720847,-13.942096000116919 32.16029399975929,-13.939055000231406 32.160415999987094,-13.936388999645715 32.159438999916858,-13.933185000340416 32.158221999575289,-13.930684000166082 32.158310000034476,-13.92802599994917 32.15922900012913,-13.92506400010808 32.158802000230928,-13.922233000010349 32.157627000026821,-13.919913000085558 32.1580699997632,-13.916850000085331 32.156517000120971,-13.914078000009283 32.152511999865169,-13.910400999584738 32.149574000231041,-13.907408000113264 32.14857099986159,-13.904664999575402 32.14796099962166,-13.898251999834995 32.147868999877346,-13.894037999837565 32.148494999955517,-13.891002000182539 32.15070300011336,-13.8888299998855 32.153098999944177,-13.886967000342509 32.15384300006582,-13.884330000194268 32.15440800003006,-13.881836000342615 32.154800000113482,-13.878202000101567 32.154077000060568,-13.875336000189121 32.153965000293681,-13.874890000314451 32.154026000407612,-13.870948000264775 32.15557900004984,-13.8670470003064 32.155952000156731,-13.864091999888613 32.158161000360678,-13.862019999704614 32.160468999732245,-13.861158999585655 32.161738999819022,-13.859391999971308 32.162472000332855,-13.854557000126192 32.162136000132875,-13.850865999955545 32.162383999873668,-13.848805000278674 32.163307000152656,-13.846051000133059 32.162131999948485,-13.84228600014859 32.16067100005057,-13.838546999563958 32.160320000058448,-13.834123999824895 32.159760000324695,-13.831690000041078 32.157162000175617,-13.829184999682354 32.15446900014399,-13.827430999767955 32.151339999799291,-13.827284000186296 32.147427000187058,-13.826121999682073 32.143866999759894,-13.826273000347442 32.141228000418778,-13.828705000039065 32.139594999786823,-13.83036199997872 32.136161999817887,-13.831327000395163 32.132660000265616,-13.830799000337834 32.130134999884319,-13.829994000102317 32.127525000081391,-13.828700999854675 32.122810000371942,-13.827482000320229 32.12046400014799,-13.828350999908649 32.117175999668518,-13.827569999880096 32.114105000198833,-13.826673999946365 32.111594999609622,-13.824946000331124 32.109729999974434,-13.822579000038502 32.107730999558214,-13.820805000101473 32.106875999715776,-13.820046000187745 32.106930000406351,-13.81748800008387 32.104836000107575,-13.814803999567744 32.10193300028817,-13.813228999810747 32.101974000379471,-13.810027999744364 32.104801000292809,-13.808021999904781 32.10519000023794,-13.804109000292613 32.10302700035578,-13.80315999971441 32.100464000021475,-13.802256000311218 32.098728000037454,-13.799274000447497 32.098103000005381,-13.797301000330492 32.097007999891673,-13.795261999869011 32.09581399971097,-13.792237999867892 32.095111999726782,-13.789948000426705 32.093841999640063,-13.7882709995651 32.091141000138975,-13.787726999669587 32.087306999671789,-13.790317000349205 32.085423000060075,-13.792417000025296 32.083072999651733,-13.792859999761674 32.080523999962736,-13.792660999581642 32.076404999847853,-13.792102999940084 32.073733999930994,-13.791377999794975 32.070449999635912,-13.794006000427657 32.069153000103256,-13.796297999961041 32.068123000287812,-13.799232000310099 32.066635000044585,-13.800999999970543 32.063847000130352,-13.801557999612099 32.060096999938025,-13.799464000212652 32.057105999659427,-13.797291999915613 32.054416999812133,-13.795535999908964 32.048706000055915,-13.79196099968965 32.045348999993109,-13.789623999880574 32.041366999898173,-13.788497000090388 32.03858600030668,-13.787699000177554 32.037600999867607,-13.785733000383175 32.033324999710146,-13.782948999754012 32.032730000161678,-13.780542000315505 32.029929999694275,-13.777050000324833 32.030895000110718,-13.772814000212632 32.030162999642926,-13.770840000049475 32.027737000227887,-13.771101000389535 32.026836000063668,-13.766404999757242 32.029075999897998,-13.763908999813395 32.031512999820109,-13.76243600026163 32.034987999926386,-13.762178000059862 32.036693000280081,-13.763120000315382 32.03735700031126,-13.764059000432667 32.042503000103238,-13.765182000038406 32.047089000161463,-13.766447999940738 32.048981000141957,-13.76845399978032 32.051170000323339,-13.771102000435633 32.053394000319429,-13.775370000224314 32.056994999938638,-13.774452000175756 32.059058999753859,-13.77404400025415 32.064128999639763,-13.773928000302874 32.070580000232553,-13.773662999778423 32.076522999891324,-13.77153299961884 32.079128000363085,-13.772021999677008 32.084010999722864,-13.772627999732549 32.088142000390917,-13.771847999750094 32.089287000111483,-13.769608999961918 32.0872079996048,-13.768371999597719 32.086920999864951,-13.768151000202238 32.085587000425335,-13.767126999764059 32.082836000418013,-13.765841999885197 32.082714000190151,-13.765791000232241 32.080903000346211,-13.765030000226318 32.080382999758342,-13.76481200006981 32.080314000175008,-13.764728999841054 32.078758000394487,-13.762867000344158 32.077038000248706,-13.760810999998396 32.074981999902938,-13.758733000437189 32.073425000076327,-13.756033000082821 32.070819999604566,-13.752677000066114 32.069800000250098,-13.750989999642853 32.069247999985805,-13.750075999778687 32.067658000436666,-13.748991000125953 32.066303000028995,-13.748066999800869 32.064571000229364,-13.746839999897645 32.061789999738494,-13.743827000403542 32.057644000177667,-13.736606000289271 32.057052999914276,-13.733962999864502 32.057104999613323,-13.730550999964294 32.057137000189066,-13.728518999825551 32.057025999568964,-13.726403000311278 32.055790000150239,-13.724491000308149 32.05361999994539,-13.722885000021449 32.052722999965567,-13.72222099999027 32.052475000224774,-13.722036999602437 32.050819000331209,-13.71959799958813 32.04978100014705,-13.718070000198963 32.049304999788774,-13.717368000214774 32.049163000437659,-13.717301999870358 32.046920999611807,-13.716256000216731 32.043937999701996,-13.7161540000115 32.041831999749377,-13.716172999987974 32.036930000413065,-13.716515999611318 32.034297999596042,-13.715664999953276 32.032641999702491,-13.713642000229413 32.031914000318409,-13.711567999953218 32.03140600028371,-13.707370999840123 32.031423000168047,-13.707036999732338 32.031540000165364,-13.70473099955359 32.031914000318409,-13.702254999632373 32.032617000348694,-13.698905999938289 32.03269999967813,-13.698514999900965 32.032802999929451,-13.696164000345902 32.033043000200735,-13.693190999997682 32.03345400026069,-13.692528000012599 32.034230000058756,-13.691274999810219 32.034808999769041,-13.690339999877379 32.037600999867607,-13.68802700027527 32.03929899989862,-13.685266999853125 32.040503999687019,-13.682623000281581 32.040507999871409,-13.678834000090092 32.040156999879287,-13.676445999728742 32.040095999765349,-13.672070000357564 32.040267999600076,-13.669348999934527 32.040596000330595,-13.667296999773157 32.041882000255555,-13.661071999705653 32.041963000392116,-13.66083200033364 32.042969000000539,-13.657857999939379 32.043899999748987,-13.654977000234794 32.044585999894935,-13.652619000356992 32.044675000400275,-13.652198999882215 32.045273000087036,-13.649354000038443 32.045582999987801,-13.647882999679553 32.045672999639912,-13.647450999550927 32.046050999977297,-13.645129000433256 32.047523000382284,-13.642233000037265 32.048190999698534,-13.638917000065703 32.048247999628074,-13.638262000449402 32.048553000197728,-13.63476800036659 32.049308999973164,-13.632338999913941 32.049313000157554,-13.627546000206223 32.048331999902928,-13.623374000346189 32.046913000142354,-13.621344000299644 32.046710999824086,-13.61814200018722 32.04574600030702,-13.615878000145869 32.046047999839004,-13.614914999821677 32.046364000016347,-13.613909000213255 32.048156999929908,-13.612649999734288 32.051681999643108,-13.612681000263933 32.053902000354128,-13.613848000099324 32.054395999743463,-13.614407999833075 32.05599599975357,-13.616223999907504 32.057963999640094,-13.618573000269748 32.060047000331167,-13.619223999701658 32.064364999726706,-13.618842000079212 32.072395000260883,-13.61682799987085 32.077374000448685,-13.615843000331154 32.081604000284301,-13.614837999869508 32.084849999727055,-13.614351999949633 32.088608000288161,-13.614328999788711 32.093902999753993,-13.61483699982341 32.097466000319514,-13.614823000077363 32.103053999801773,-13.614382000433181 32.107074999895758,-13.614803000054792 32.111980000269682,-13.616737000172691 32.117778999585823,-13.617897999731495 32.121428999665113,-13.619013999913932 32.1254079996217,-13.620818000334509 32.128578000057701,-13.62144400041268 32.131423999947572,-13.621037999683892 32.137042999959533,-13.619357999583372 32.139808999758941,-13.618626000014899 32.143882999598077,-13.61790800019247 32.146621999951542,-13.617626999829838 32.150650000368216,-13.617361000158667 32.156029000108845,-13.619422999881692 32.15916399983081,-13.621007000053567 32.161144000270497,-13.62192700019426 32.164641999638377,-13.622345999723677 32.171454999830985,-13.622341000392508 32.177414000227309,-13.623463999998306 32.180430999905809,-13.624351999563258 32.187931000290519,-13.626121000169119 32.191524999587045,-13.625970000403129 32.195254999756798,-13.626334000095142 32.198588999658739,-13.625884000036081 32.203030000227557,-13.625247000350214 32.206435999851124,-13.624815000221531 32.208835999866324,-13.624913000242429 32.213374999556663,-13.624774000130229 32.216189999816145,-13.62470100036245 32.222861999804422,-13.625743999877841 32.226070000193424,-13.626387999886388 32.228920000267692,-13.626187999660317 32.23311999961976,-13.627295000327193 32.235222000287365,-13.627971000012224 32.237831000044196,-13.628539000114699 32.240036000063753,-13.629052000379884 32.242316999989384,-13.629447999748379 32.243100000110132,-13.627991000034797 32.244124999695032,-13.626081000123918 32.242146000200762,-13.6232449997957 32.240543000052355,-13.621178999888285 32.239966999581043,-13.620109000027639 32.239303999595961,-13.618876999893926 32.238490999890985,-13.61630700013626 32.238199999966696,-13.615854999985004 32.237163999874724,-13.614242000274942 32.236007999647029,-13.610819999913813 32.234759999675134,-13.607182000387638 32.232685000252161,-13.605927000093061 32.230704999812474,-13.605152000341091 32.22713900000798,-13.604698000097642 32.225410000346642,-13.603643000029138 32.223259000118333,-13.60220800043038 32.221432000436153,-13.600628999589617 32.219769000219912,-13.59921400001349 32.216568000153586,-13.597041999716453 32.215714000357252,-13.59498700031611 32.215401000318195,-13.592941999578102 32.213790999847106,-13.591237000123726 32.210461000129555,-13.592004999553069 32.207691000145758,-13.590631000068186 32.204421999642754,-13.589581000230169 32.201396999595545,-13.589190000192842 32.198146999968458,-13.589261999914527 32.195324000239452,-13.589704999650905 32.193123000404285,-13.588593999698958 32.191356999936716,-13.586490999884631 32.189692999674378,-13.584007999640733 32.188023000034775,-13.581922999756785 32.186553999768023,-13.580273000139812 32.184760999854518,-13.57847600004186 32.182456999767965,-13.575692000312074 32.181454000297833,-13.573619000081976 32.180835999689123,-13.571491000014532 32.178600000039239,-13.568455000359563 32.175579000176356,-13.568292000040399 32.172568999921225,-13.56854299991943 32.169918000026996,-13.566627999778063 32.164944000069738,-13.564602999961949 32.163265000015258,-13.563412999965692 32.161030000411415,-13.5603130000585 32.158168999830139,-13.55686800043577 32.157054999739898,-13.552433000143537 32.154769999629877,-13.550770999973395 32.15256100032525,-13.549225999800569 32.150375000282168,-13.548757999811128 32.147101999594838,-13.548665000020719 32.144801999692731,-13.54898300029032 32.141048000215278,-13.547314999843593 32.13990799982588,-13.545584000090059 32.137702999806322,-13.54300800005575 32.134727000219129,-13.54430899977285 32.132328000250027,-13.54413799998423 32.129982000026132,-13.542918000403688 32.128311000340432,-13.539965000078098 32.126011000438268,-13.537271000000374 32.122737999750939,-13.534248000045295 32.120765999680032,-13.53254099959946 32.119441999802063,-13.530773999985115 32.118815999723893,-13.527281999994498 32.119319999574202,-13.524081999974214 32.120365000081051,-13.520514000077581 32.120906999884369,-13.516355999963594 32.121161999947844,-13.513419000375563 32.121555000077365,-13.510038000105681 32.121479000171291,-13.50802199980518 32.121105000018304,-13.505435000163116 32.119583000006401,-13.503475999792158 32.117900999813628,-13.501995999917654 32.117088000108652,-13.50006800007634 32.116879000367021,-13.497525999810703 32.117396999963319,-13.494190999862667 32.115947999719253,-13.491446000131928 32.115340999617615,-13.488920999750633 32.114543999750815,-13.486052999745992 32.112175000265324,-13.482643999984077 32.111042000198552,-13.480289000244568 32.110500000395234,-13.477358000033803 32.110558000370872,-13.474599999703853 32.110820999903751,-13.471996000177512 32.121308000382669,-13.4615059995603 32.220794999850909,-13.361989999654554 32.222652000016694,-13.36334299997003 32.225716000063073,-13.365062000069713 32.228065000425261,-13.367319999834422 32.229858000338822,-13.370209999953886 32.230749000042067,-13.37086799970848 32.230827000040335,-13.370924999638021 32.231811999580032,-13.371653999967521 32.233070000012901,-13.373963000284505 32.235889999603557,-13.375112000189517 32.236179000334971,-13.375230000232932 32.236254000194947,-13.375596000017197 32.236778000067829,-13.378161000443752 32.237492999752021,-13.379490999698987 32.237945999949318,-13.380334999933607 32.237795000183326,-13.381441999701167 32.237449999568462,-13.383986000059053 32.236958000271329,-13.386787999719274 32.236873999996533,-13.388167000333908 32.236803000320947,-13.389339000399787 32.236751999768671,-13.390187999965631 32.236537999796546,-13.392365999639933 32.238021999855391,-13.394070999993572 32.23923500001257,-13.395910000228923 32.240462999961892,-13.399423000288264 32.242190999577133,-13.402619000124105 32.243240000268372,-13.405226999834836 32.244189999993353,-13.408494000245582 32.24529299957652,-13.412106000371864 32.247012999722294,-13.414877000401759 32.249714000122708,-13.417552999649786 32.250771000283407,-13.419591000065111 32.251262999580547,-13.421645000318676 32.251083000276424,-13.423659999673816 32.251307999856294,-13.427025000105402 32.25332600024899,-13.430023999853459 32.255196000114722,-13.431014999669742 32.257235999722923,-13.432322999709527 32.258358000181943,-13.435129999600235 32.25835900022804,-13.435825000161117 32.258362000366333,-13.437174000292144 32.256371000318836,-13.440369000081944 32.25421199972174,-13.442655000238062 32.254200000067947,-13.442667999937951 32.251808000421534,-13.445898000441787 32.251743000123213,-13.448213000136034 32.251893999889205,-13.449707999802625 32.251986999679559,-13.450637000358256 32.252011999932677,-13.452499999901249 32.252025999678715,-13.453522000247233 32.25340300020116,-13.456401999905721 32.255081000209536,-13.457861999757597 32.257682999643691,-13.458946000263552 32.262024000099473,-13.459111999821687 32.26433599965543,-13.459354000185213 32.266727000155072,-13.460157000328534 32.269427999656159,-13.461837999575891 32.271266999891509,-13.462954999804424 32.274772999628169,-13.465009000057989 32.277359000123397,-13.466382000396038 32.279743000300357,-13.466695999581871 32.283694999911688,-13.466436000187286 32.288447999574146,-13.466161000101238 32.291804999637009,-13.465056999572653 32.296824999916112,-13.464638000043237 32.300506999671825,-13.463454000323564 32.303856000265228,-13.462831000383687 32.307593999904441,-13.461782999738546 32.310764000340384,-13.46137599986298 32.313350999982447,-13.46094899996484 32.316513000049667,-13.459094999937347 32.319827999975075,-13.457829000035019 32.322388000171145,-13.456849999872588 32.324734000395097,-13.456133000096257 32.327235999716208,-13.455995000030155 32.329894999979217,-13.455386999882421 32.334053000093199,-13.455388999974616 32.338017000257651,-13.454830000286961 32.340435000203286,-13.4559030002859 32.344376000206857,-13.455867999571808 32.347298000002752,-13.453950000191467 32.348866000336443,-13.452471000363118 32.350295999704713,-13.450331999788602 32.351261000121156,-13.448562000035963 32.352375000211396,-13.446014000393063 32.352363999704323,-13.443690000283937 32.35299700010512,-13.441558000032103 32.352931999806856,-13.439206999577721 32.352931999806856,-13.439198000062163 32.352295000120932,-13.43727899973635 32.351440000278558,-13.435313999988123 32.348709000293866,-13.431879999973148 32.34600099957072,-13.428870999764115 32.343524999649503,-13.425781000317897 32.342037000305595,-13.423914999737235 32.341431000250054,-13.421534999744665 32.343712000175685,-13.420382999701417 32.343951000400864,-13.420336000232851 32.345790999782992,-13.419971999641461 32.348517999583294,-13.419103000053042 32.351204000191615,-13.418178999727957 32.352984999552007,-13.416482999789137 32.356609000231401,-13.415009000191274 32.360579999819265,-13.411971999590833 32.363658999657723,-13.410777000263408 32.365607999567771,-13.410131000162663 32.369887999909622,-13.408938000028058 32.374038999700922,-13.407611000011798 32.376862000329197,-13.406288000179927 32.379401999603374,-13.405373000269662 32.382548999878452,-13.404655999594013 32.385295999701327,-13.40393999986378 32.38824799998082,-13.402681000284133 32.389513999883143,-13.402134000250328 32.389946000011832,-13.401947999770243 32.391705000156719,-13.401187999810418 32.396319999753125,-13.398729999819578 32.398869000341449,-13.397189999877298 32.401989000271271,-13.396130999624404 32.405551999937472,-13.395515000007208 32.408790999956807,-13.394961999696818 32.411456999643178,-13.393846999560479 32.414223000341899,-13.392351999893888 32.4145530002653,-13.391838999628703 32.416779000353586,-13.388380000259986 32.419239000436619,-13.386270000122977 32.421227000345766,-13.385676999767327 32.423134000118409,-13.38486800024674 32.425365000437182,-13.3838599996468 32.42780300040539,-13.383277999798224 32.430228999820429,-13.381871999737653 32.431029999871555,-13.378356999586117 32.430849999668112,-13.378117000214104 32.42957700034242,-13.376418000137051 32.428435999906867,-13.374761000197395 32.427856000150541,-13.370138000232203 32.428435999906867,-13.367263999950978 32.429043000008505,-13.363097000321432 32.428412999746001,-13.359506000263876 32.427165999820147,-13.356193000430608 32.426009999592509,-13.353695000394564 32.424915000378121,-13.350598999772444 32.423492000433157,-13.348298999870337 32.422557999647097,-13.346001000060369 32.421172999655198,-13.341123000031757 32.420601000267595,-13.337676000316833 32.420825999847466,-13.33249599985686 32.421009000189258,-13.328507000338618 32.421143000070963,-13.326383999602399 32.422047000373425,-13.321528999734651 32.423968999938204,-13.316822000393984 32.423332000252287,-13.31398099983528 32.422924000330674,-13.310788000137734 32.423675999921727,-13.308393000353021 32.425269999655256,-13.302691000112302 32.425476000157971,-13.300320999681389 32.42552199958044,-13.299789000339045 32.423626000314869,-13.293671999854041 32.421711000173445,-13.291288999723179 32.420364000134612,-13.287424999671714 32.420901999753539,-13.285300999788717 32.420368000319002,-13.282993999563871 32.419204999768624,-13.281020000300089 32.416491999714367,-13.278753000120501 32.413612000055878,-13.27516600024728 32.410263000361851,-13.271856999699139 32.407424999941441,-13.267654000208779 32.404778000231545,-13.265052999921409 32.394360000235338,-13.255415999953698 32.39207500012531,-13.253647000247156 32.388999999571922,-13.25304300028381 32.38698600026288,-13.25304699956888 32.384536999787599,-13.253131999889774 32.380817000078821,-13.253085999567986 32.378807000054849,-13.25240299956033 32.376434000384961,-13.251664999715274 32.373668999732331,-13.251097999658839 32.365685000419262,-13.247208000207536 32.363700999795185,-13.245078000047952 32.36071799988531,-13.242764000399745 32.358335999800538,-13.243275999719513 32.357430000305214,-13.243469999669003 32.355597000346449,-13.244708000079299 32.35544200039601,-13.244813000422823 32.352337000258331,-13.245699999941676 32.349360999771875,-13.24461700038114 32.347056999685321,-13.244664999895804 32.344794999736223,-13.245010999657438 32.342471999673194,-13.243993000395163 32.340237000069351,-13.242803000398908 32.337264999767285,-13.241881000165959 32.335292999696321,-13.239398999968159 32.333651999594906,-13.238047999744877 32.330761000328664,-13.236729000097398 32.321349999986978,-13.230274000219538 32.318942999649096,-13.228702999747611 32.316162000057545,-13.227403000076606 32.312653000182586,-13.222283999730564 32.311999999759166,-13.220284000167567 32.311722000434145,-13.217172999753302 32.311775000179296,-13.215157000352121 32.313515000347699,-13.212285000163035 32.313740999973675,-13.212115000420511 32.315556000002005,-13.210752999690214 32.317870999696254,-13.208534999970709 32.320132999645409,-13.208233999585445 32.320603999773141,-13.207082000441517 32.321307999849523,-13.205361000249638 32.324138999947252,-13.201571000012052 32.325390000057489,-13.199593999710657 32.327091000226744,-13.19754499968758 32.328464999711571,-13.195441999873253 32.330040000367944,-13.192398999895602 32.331211000387725,-13.189111000315448 32.331867000050124,-13.186608000048921 32.332783000006486,-13.18310999978172 32.334594999896524,-13.179207999777248 32.33502299984076,-13.17848199958604 32.334562000174003,-13.178303000328015 32.336472000084882,-13.17565100038763 32.338367000203675,-13.173015000285544 32.341648000360465,-13.168863000448139 32.343707999991295,-13.167939000122999 32.343974999708564,-13.16761799971516 32.346515999928101,-13.164391000248941 32.347107000191556,-13.163847000353428 32.348301000372203,-13.162053000393769 32.34933500037198,-13.160174000113214 32.351482000415956,-13.157728999822325 32.352855999900783,-13.155590000147185 32.354201999893576,-13.153060999581442 32.355834999626211,-13.149221999783149 32.35668700022967,-13.147890999582499 32.356692999606935,-13.147839999929545 32.357134000150438,-13.147154999829638 32.356983000384446,-13.143880999995531 32.358070000129366,-13.14103500010566 32.360698999908834,-13.138138999709611 32.363693000325725,-13.13548799981538 32.365585000306226,-13.133944999734808 32.367331999897942,-13.132431000091685 32.370543999572021,-13.1306299998094 32.37266200007781,-13.129459999835715 32.37454200040446,-13.128316000161192 32.376910999890015,-13.126956000422409 32.381937999592424,-13.124528000015857 32.383980000192139,-13.123355999949977 32.386150000396974,-13.119943000003673 32.387236000095868,-13.118981999771677 32.388542000043401,-13.117054999976403 32.389644999626569,-13.115140999881135 32.391060000102073,-13.113299000406812 32.392569999560749,-13.110769999841066 32.396007999760116,-13.107541000282708 32.397694000137278,-13.105710000416138 32.40004000036123,-13.102278999640077 32.401839999698097,-13.099796000295498 32.402160000059894,-13.098866999739926 32.402194999874602,-13.09864800043664 32.402305000448621,-13.098444000026177 32.402957999972728,-13.096542999630799 32.405457000054867,-13.092705999924647 32.407017000019778,-13.090856000081544 32.409222000039335,-13.088707999991525 32.411060000228588,-13.087237999678678 32.41236900031447,-13.08553200017826 32.41379200025937,-13.083256999629896 32.415138000252171,-13.081577999575416 32.417388999694197,-13.078987999795118 32.418765000170538,-13.077788000237206 32.418823000146176,-13.077661999824954 32.421422000341401,-13.075299999762819 32.42264600010634,-13.072425000334761 32.424576000039849,-13.070124000386556 32.425601999670846,-13.069058999857077 32.428635000086899,-13.064416999915409 32.430767000338676,-13.061031000314415 32.430770999623746,-13.061021999899538 32.43123600037427,-13.058455000280105 32.432338999957437,-13.057094999642004 32.433349999796349,-13.055049999803257 32.436374999843565,-13.051005000401574 32.439156000334435,-13.049031000238472 32.441753000437416,-13.0470200001684 32.444191000405617,-13.045795000357373 32.44737200044937,-13.04391199989243 32.448957999814127,-13.04296100012135 32.462761000264607,-13.046150999680663 32.464302000252985,-13.048279999794147 32.465537999671767,-13.050054999777272 32.467116999613147,-13.051758000038774 32.469108999706691,-13.052981999803706 32.471149000214261,-13.054587000044307 32.47292300015129,-13.056806999856008 32.473124999570238,-13.058860000063476 32.473445999978082,-13.061049000244793 32.474041000425871,-13.063329000124327 32.475642999628917,-13.064643999587474 32.478485000233661,-13.065797999722916 32.480518000418556,-13.066588000166348 32.482921999718762,-13.067426000124385 32.48553100037492,-13.068127000062532 32.487457000124095,-13.069849000300508 32.490444000218304,-13.071536999870489 32.492110999719607,-13.072642999591947 32.493645000284623,-13.073938999977884 32.494689999892152,-13.077415000130259 32.495926000210254,-13.079053000093438 32.497215000273513,-13.081343999580723 32.497173000136115,-13.084618000314149 32.498325000179364,-13.087042999683092 32.50057999980578,-13.089281000324547 32.503077999841821,-13.090415999584138 32.505107999888423,-13.090573999672813 32.507228999633128,-13.090777000037235 32.509506000273689,-13.090781000221625 32.51201199977919,-13.090063000399198 32.514510999861329,-13.088792000266324 32.516293000167138,-13.087214000371034 32.517891000085058,-13.085850999594582 32.520153000034206,-13.083810999986381 32.522320000100756,-13.084356999974091 32.524952000018459,-13.08498700023665 32.527100000108476,-13.085468999972136 32.529197999692371,-13.085871999663309 32.531558999708402,-13.08702399970656 32.534298000061881,-13.086775999965823 32.536883999657789,-13.087449999558658 32.539359999579055,-13.088719999645377 32.542049000325619,-13.088371999791546 32.544548000407758,-13.087156000395394 32.546382999559398,-13.086120000303422 32.54983500040413,-13.083692999942912 32.55168200010894,-13.081733999571952 32.553367999586726,-13.079882999682752 32.55715899987041,-13.076344000223571 32.558731000388491,-13.074501999849927 32.560371000443808,-13.072993999584071 32.563575999795205,-13.070639999890716 32.564979999763636,-13.068118999693752 32.565741999815657,-13.066195000036828 32.568122999854324,-13.064606999680507 32.570949999767656,-13.064221999919766 32.573635000329887,-13.063222999734705 32.576041999768449,-13.061889000295082 32.577918999956808,-13.060760999559534 32.579726999662455,-13.059824000433764 32.582981000373309,-13.058074999850533 32.587768999850482,-13.0556139997214 32.590916000125617,-13.054633000366096 32.594296000349345,-13.054105000308764 32.596194999753152,-13.052859000429066 32.598122000447745,-13.051985999756937 32.601120000149706,-13.050100000053019 32.603443000212735,-13.04777900008213 32.604579999564514,-13.046116999911987 32.607150000221566,-13.039499999761119 32.608105000177034,-13.037043999862476 32.611026999972921,-13.036766999684232 32.613791999726232,-13.036835000120844 32.61607399969796,-13.037100999792017 32.621998000279575,-13.040138000392403 32.623565999713882,-13.042519999577847 32.62539699958046,-13.043996000167281 32.628035999820895,-13.045211999563433 32.631701999738425,-13.045850000194719 32.634010000009305,-13.046214999932886 32.635906000174202,-13.047231000002228 32.638714000111008,-13.046953999823984 32.657410000382242,-13.030755999588848 32.658957999793984,-13.028958000344176 32.661156000390179,-13.027504999915662 32.66326499958177,-13.026901999998415 32.665450999624852,-13.026542999637511 32.667217000092421,-13.02800999981207 32.697542000424789,-13.058452000141811 32.846347999844284,-13.207832999986522 32.902003999629869,-13.22550499981952 32.903800999727821,-13.227430999568639 32.905826999590033,-13.229413000100578 32.908015999771351,-13.231584000351518 32.909531000359891,-13.23330299955188 32.910988000073473,-13.235663000421139 32.92936700012114,-13.291077999889353 32.93271599981523,-13.289413999627016 32.933872000042861,-13.28764199978218 32.934195999689678,-13.287266000436261 32.934195999689678,-13.323717999916028 32.933318999732478,-13.325180999906138 32.934884999973974,-13.325257999858309</coordinates></LinearRing></outerBoundaryIs></Polygon>
  </Placemark>
</Folder></Document></kml>
