<?xml version="1.0" encoding="utf-8" ?>
<kml xmlns="http://www.opengis.net/kml/2.2">
<Document><Folder><name>GDA_Areas</name>
<Schema name="GDA_Areas" id="GDA_Areas">
	<SimpleField name="Name" type="string"></SimpleField>
	<SimpleField name="Description" type="string"></SimpleField>
	<SimpleField name="OBJECTID" type="int"></SimpleField>
	<SimpleField name="Id" type="int"></SimpleField>
	<SimpleField name="Density" type="int"></SimpleField>
	<SimpleField name="No_Of_Farm" type="int"></SimpleField>
	<SimpleField name="Snares" type="int"></SimpleField>
	<SimpleField name="Guns" type="int"></SimpleField>
	<SimpleField name="Snare" type="int"></SimpleField>
	<SimpleField name="Pop_2010" type="int"></SimpleField>
	<SimpleField name="Values_" type="int"></SimpleField>
	<SimpleField name="pipo_05" type="int"></SimpleField>
	<SimpleField name="pipo_06" type="int"></SimpleField>
	<SimpleField name="pipo" type="int"></SimpleField>
	<SimpleField name="pipo_08" type="int"></SimpleField>
	<SimpleField name="pipo_09" type="int"></SimpleField>
	<SimpleField name="pipo_10" type="int"></SimpleField>
	<SimpleField name="pipo_11" type="int"></SimpleField>
	<SimpleField name="Perimeter" type="float"></SimpleField>
	<SimpleField name="Area" type="float"></SimpleField>
	<SimpleField name="Acres" type="float"></SimpleField>
	<SimpleField name="Hectares" type="float"></SimpleField>
	<SimpleField name="Shape_Leng" type="float"></SimpleField>
	<SimpleField name="Category" type="string"></SimpleField>
	<SimpleField name="RuleID" type="int"></SimpleField>
	<SimpleField name="Shape_Le_1" type="float"></SimpleField>
	<SimpleField name="Support" type="string"></SimpleField>
	<SimpleField name="Shape_Le_2" type="float"></SimpleField>
	<SimpleField name="Shape_Area" type="float"></SimpleField>
</Schema>
  <Placemark>
	<name>Kalindawalo</name>
	<Style><LineStyle><color>ff0000ff</color></LineStyle><PolyStyle><fill>0</fill></PolyStyle></Style>
	<ExtendedData><SchemaData schemaUrl="#GDA_Areas">
		<SimpleData name="Name">Kalindawalo</SimpleData>
		<SimpleData name="OBJECTID">1</SimpleData>
		<SimpleData name="Id">0</SimpleData>
		<SimpleData name="Density">0</SimpleData>
		<SimpleData name="No_Of_Farm">0</SimpleData>
		<SimpleData name="Snares">0</SimpleData>
		<SimpleData name="Guns">0</SimpleData>
		<SimpleData name="Snare">0</SimpleData>
		<SimpleData name="Pop_2010">78108</SimpleData>
		<SimpleData name="Values_">11158</SimpleData>
		<SimpleData name="pipo_05">0</SimpleData>
		<SimpleData name="pipo_06">0</SimpleData>
		<SimpleData name="pipo">0</SimpleData>
		<SimpleData name="pipo_08">0</SimpleData>
		<SimpleData name="pipo_09">0</SimpleData>
		<SimpleData name="pipo_10">0</SimpleData>
		<SimpleData name="pipo_11">0</SimpleData>
		<SimpleData name="Perimeter">187.01143852300</SimpleData>
		<SimpleData name="Area">1146.19637987000</SimpleData>
		<SimpleData name="Acres">283231.29368399997</SimpleData>
		<SimpleData name="Hectares">114619.63798699999</SimpleData>
		<SimpleData name="Shape_Leng">1.71256189378</SimpleData>
		<SimpleData name="Category">COMACO</SimpleData>
		<SimpleData name="RuleID">1</SimpleData>
		<SimpleData name="Shape_Le_1">1.70802776959</SimpleData>
		<SimpleData name="Support">GDA</SimpleData>
		<SimpleData name="Shape_Le_2">1.70802777121</SimpleData>
		<SimpleData name="Shape_Area">0.09600881120</SimpleData>
	</SchemaData></ExtendedData>
      <Polygon><outerBoundaryIs><LinearRing><coordinates>31.41027832048826,-14.052612304514071,-0.0000235 31.446289062890116,-14.07861328137767,-0.0000235 31.45568847654215,-14.085388183717553,-0.0000235 31.490112304939085,-14.078186035057286,-0.0000235 31.489929199373197,-14.222106933388091,-0.0000235 31.521911621124559,-14.22448730484507,-0.0000235 31.526123046441622,-14.29321289036244,-0.0000235 31.548278808220569,-14.30590820330076,-0.0000235 31.55010986297998,-14.311401367578867,-0.0000235 31.559509277531276,-14.315612792895934,-0.0000235 31.553894042875925,-14.31469726596589,-0.0000235 31.551086425997937,-14.315490722518689,-0.0000235 31.539916991875824,-14.318420409773921,-0.0000235 31.536926269431941,-14.317810058787018,-0.0000235 31.528930664218933,-14.316223144782157,-0.0000235 31.514526366898451,-14.304382324484548,-0.0000235 31.494689941387829,-14.298706054640547,-0.0000235 31.490905761491884,-14.297790527710504,-0.0000235 31.48571777315686,-14.296813964692547,-0.0000235 31.478881835628385,-14.294921874744546,-0.0000235 31.469482421976352,-14.290893554993431,-0.0000235 31.463500976189263,-14.290222167918555,-0.0000235 31.458496093420138,-14.289794921598173,-0.0000235 31.450073241886741,-14.289123535422675,-0.0000235 31.408508300917504,-14.28582763703565,-0.0000235 31.400695800371068,-14.286804199154288,-0.0000235 31.374084472520568,-14.290222167918555,-0.0000235 31.353881835878209,-14.293090819985196,-0.0000235 31.338684082004931,-14.292602539375537,-0.0000235 31.327270508027706,-14.291687011546173,-0.0000235 31.313476562593447,-14.293090819985196,-0.0000235 31.297729492022597,-14.296081543328398,-0.0000235 31.279113769385106,-14.299987792702325,-0.0000235 31.263916015511878,-14.299499512092666,-0.0000235 31.258483886422365,-14.299499512092666,-0.0000235 31.249084472770388,-14.304016113352816,-0.0000235 31.231689453006023,-14.310607910126805,-0.0000235 31.214904785127885,-14.313598632570688,-0.0000235 31.196289062490393,-14.313598632570688,-0.0000235 31.182495117056192,-14.327392578004888,-0.0000235 31.17871093716019,-14.328125000268415,-0.0000235 31.174682617409015,-14.343383789330234,-0.0000235 31.171325683833402,-14.351196288977405,-0.0000235 31.1638793944187,-14.359008788624521,-0.0000235 31.149719237852707,-14.375793457401983,-0.0000235 31.144287109662567,-14.383178710728771,-0.0000235 31.131103515215216,-14.392578125280123,-0.0000235 31.126892089898202,-14.398193359036155,-0.0000235 31.124877929572964,-14.407592773587453,-0.0000235 31.123474121133938,-14.422790527460734,-0.0000235 31.123474121133938,-14.428710937159847,-0.0000235 31.112487792577724,-14.432678222621687,-0.0000235 31.09912109346385,-14.431823730880296,-0.0000235 31.081909179265377,-14.39428710966223,-0.0000235 31.07373046848647,-14.376281738011642,-0.0000235 31.048522949074993,-14.315795898461772,-0.0000235 31.027099609559514,-14.27410888711529,-0.0000235 31.024719238102531,-14.27227783235594,-0.0000235 31.021728515658651,-14.26989746089896,-0.0000235 31.033508300767608,-14.269104004346161,-0.0000235 31.052917480857218,-14.267700195007819,-0.0000235 31.057922363626343,-14.271484374903821,-0.0000235 31.061523437057136,-14.273498535229066,-0.0000235 31.075317382491388,-14.275085449233927,-0.0000235 31.097900390590723,-14.261474609365562,-0.0000235 31.109924316454226,-14.256713867350925,-0.0000235 31.113281250029843,-14.241088867157316,-0.0000235 31.120727539444545,-14.22479248078821,-0.0000235 31.141906738205591,-14.208679199085623,-0.0000235 31.145507812535698,-14.205810547018983,-0.0000235 31.154113769634932,-14.199096679867694,-0.0000235 31.157104492078812,-14.167785644291882,-0.0000235 31.161682128527559,-14.153808594191103,-0.0000235 31.16351318328697,-14.147888183592613,-0.0000235 31.165527343612151,-14.14520263709187,-0.0000235 31.177124023155329,-14.129089355389281,-0.0000235 31.196899414376613,-14.120605468667293,-0.0000235 31.209472656038432,-14.109375000255909,-0.0000235 31.216125488001008,-14.09558105482165,-0.0000235 31.214904785127885,-14.071289062340213,-0.0000235 31.228698730562144,-14.050781249754721,-0.0000235 31.227905273110029,-14.046203613305977,-0.0000235 31.246520995747513,-14.046203613305977,-0.0000235 31.246704101313412,-14.061279296801954,-0.0000235 31.265686035082634,-14.073974609740276,-0.0000235 31.271301269737986,-14.075683594122438,-0.0000235 31.274475097747711,-14.076599121052425,-0.0000235 31.313476562593447,-14.061279296801954,-0.0000235 31.347900390990389,-14.047790527310838,-0.0000235 31.377319335718937,-14.032897949380697,-0.0000235 31.394470214728809,-14.024108886715567,-0.0000235 31.394470214728809,-14.020202636442377,-0.0000235 31.394470214728809,-14.011596679343143,-0.0000235 31.399902343818265,-14.025695800720484,-0.0000235 31.41027832048826,-14.052612304514071,-0.0000235</coordinates></LinearRing></outerBoundaryIs></Polygon>
  </Placemark>
  <Placemark>
	<name>Chifunda</name>
	<Style><LineStyle><color>ff0000ff</color></LineStyle><PolyStyle><fill>0</fill></PolyStyle></Style>
	<ExtendedData><SchemaData schemaUrl="#GDA_Areas">
		<SimpleData name="Name">Chifunda</SimpleData>
		<SimpleData name="OBJECTID">2</SimpleData>
		<SimpleData name="Id">0</SimpleData>
		<SimpleData name="Density">0</SimpleData>
		<SimpleData name="No_Of_Farm">450</SimpleData>
		<SimpleData name="Snares">5747</SimpleData>
		<SimpleData name="Guns">250</SimpleData>
		<SimpleData name="Snare">5747</SimpleData>
		<SimpleData name="Pop_2010">4857</SimpleData>
		<SimpleData name="Values_">694</SimpleData>
		<SimpleData name="pipo_05">0</SimpleData>
		<SimpleData name="pipo_06">0</SimpleData>
		<SimpleData name="pipo">0</SimpleData>
		<SimpleData name="pipo_08">0</SimpleData>
		<SimpleData name="pipo_09">0</SimpleData>
		<SimpleData name="pipo_10">0</SimpleData>
		<SimpleData name="pipo_11">0</SimpleData>
		<SimpleData name="Perimeter">199.79048795400</SimpleData>
		<SimpleData name="Area">1474.41509284000</SimpleData>
		<SimpleData name="Acres">364335.90395599999</SimpleData>
		<SimpleData name="Hectares">147441.50928400000</SimpleData>
		<SimpleData name="Shape_Leng">1.82462518160</SimpleData>
		<SimpleData name="Category">COMACO</SimpleData>
		<SimpleData name="RuleID">1</SimpleData>
		<SimpleData name="Shape_Le_1">1.80546177576</SimpleData>
		<SimpleData name="Support">RNE</SimpleData>
		<SimpleData name="Shape_Le_2">1.80546177571</SimpleData>
		<SimpleData name="Shape_Area">0.12256030557</SimpleData>
	</SchemaData></ExtendedData>
      <Polygon><outerBoundaryIs><LinearRing><coordinates>32.507690430069431,-11.789306640588848,-0.0000235 32.509094238508453,-11.793579101993828,-0.0000235 32.511291503500274,-11.790710449027813,-0.0000235 32.507690430069431,-11.789306640588848,-0.0000235 32.505676269744242,-11.785095215271781,-0.0000235 32.505676269744242,-11.781677246507568,-0.0000235 32.507873534736007,-11.779479980616429,-0.0000235 32.511291503500274,-11.782775879003452,-0.0000235 32.514709472264485,-11.781188964998591,-0.0000235 32.517089843721457,-11.777221679536693,-0.0000235 32.518676757726325,-11.773803710772484,-0.0000235 32.52148437460437,-11.774902344167685,-0.0000235 32.525512695254861,-11.77319335978558,-0.0000235 32.527099609259722,-11.769287109512334,-0.0000235 32.529907226137766,-11.76708984362125,-0.0000235 32.537109374797978,-11.772399902333461,-0.0000235 32.543884277137863,-11.773498534829343,-0.0000235 32.541076660259819,-11.768188476117132,-0.0000235 32.543518066006129,-11.76470947306359,-0.0000235 32.542297363132946,-11.760314941281365,-0.0000235 32.546081543028947,-11.7562255863416,-0.0000235 32.561889648788451,-11.769897460499235,-0.0000235 32.584472655988463,-11.785217284749706,-0.0000235 32.59869384774305,-11.792175292655486,-0.0000235 32.607116699276389,-11.793823241848997,-0.0000235 32.624511719040754,-11.797485351367698,-0.0000235 32.637084960702566,-11.811279296801956,-0.0000235 32.652526855330279,-11.812622070052326,-0.0000235 32.65649414079212,-11.813476562693038,-0.0000235 32.66107177724092,-11.814880371132062,-0.0000235 32.672485351218143,-11.819396972392212,-0.0000235 32.676513671868634,-11.820312500221574,-0.0000235 32.693481445312614,-11.819885253901191,-0.0000235 32.710693359511083,-11.830322265759776,-0.0000235 32.726501465270587,-11.840209960920788,-0.0000235 32.730529785021695,-11.842102050868789,-0.0000235 32.736694336374683,-11.844482421426449,-0.0000235 32.772521972311324,-11.855712890737152,-0.0000235 32.778930664418795,-11.858581542803789,-0.0000235 32.790710449527808,-11.861999511568056,-0.0000235 32.820678710953928,-11.885620116974678,-0.0000235 32.823120117599501,-11.887329101356782,-0.0000235 32.844482421926379,-11.893981933319422,-0.0000235 32.867126465214369,-11.895324707469115,-0.0000235 32.874084472220773,-11.89520263709187,-0.0000235 32.891296386419242,-11.894592285205647,-0.0000235 32.903076171528255,-11.901428222734125,-0.0000235 32.906494140292523,-11.90338134787072,-0.0000235 32.927490234386994,-11.913024902277243,-0.0000235 32.943115234580603,-11.916809082173245,-0.0000235 32.963684082354689,-11.909912109456116,-0.0000235 32.972900390440827,-11.906799316634988,-0.0000235 32.976074218450606,-11.899597167974775,-0.0000235 32.992492676096269,-11.893493652709765,-0.0000235 32.998107909852301,-11.890808105309645,-0.0000235 33.004089355639394,-11.900695800470658,-0.0000235 33.000488281309288,-11.906005859182869,-0.0000235 32.989318848086555,-11.927124023654585,-0.0000235 32.983886718997041,-11.937011718815597,-0.0000235 32.96130371089771,-11.979675293180094,-0.0000235 32.933288574608184,-12.033203124824183,-0.0000235 32.932495117156122,-12.036315917645309,-0.0000235 32.933898925595088,-12.044921874744546,-0.0000235 32.935913085920333,-12.06921386722604,-0.0000235 32.937683105491089,-12.078613280878074,-0.0000235 32.941284179821196,-12.098083496156278,-0.0000235 32.943298340146441,-12.107604980185497,-0.0000235 32.940673827934972,-12.110717773006684,-0.0000235 32.934326171915473,-12.109374999756255,-0.0000235 32.929077148391848,-12.107788085751393,-0.0000235 32.921081543178843,-12.114929199223013,-0.0000235 32.915283202957589,-12.111999511967724,-0.0000235 32.901672363089233,-12.125488281458843,-0.0000235 32.888488769541254,-12.127014160275108,-0.0000235 32.878723144757487,-12.146301269088156,-0.0000235 32.87292480453624,-12.149414062808603,-0.0000235 32.869323730206126,-12.150512695304485,-0.0000235 32.855285644916762,-12.147094726540217,-0.0000235 32.851074218700376,-12.146179199610231,-0.0000235 32.847106933238535,-12.146484374653994,-0.0000235 32.841308593916665,-12.147583008049196,-0.0000235 32.857482909908526,-12.154296875200487,-0.0000235 32.843322754241854,-12.151184082379359,-0.0000235 32.816284180071023,-12.144714355083238,-0.0000235 32.804687499628585,-12.142089843771089,-0.0000235 32.799499511293554,-12.139099121327206,-0.0000235 32.754699707125951,-12.111389160081501,-0.0000235 32.719299316610318,-12.104003905855393,-0.0000235 32.694519042619902,-12.090026855754616,-0.0000235 32.680297851764635,-12.090820312307414,-0.0000235 32.679077147992125,-12.086120605481426,-0.0000235 32.675476074561345,-12.072998047122041,-0.0000235 32.63531494113181,-12.055175781037292,-0.0000235 32.618530273253668,-12.045104980310441,-0.0000235 32.596679687417804,-12.031677246007915,-0.0000235 32.570922851308694,-12.020385742407939,-0.0000235 32.554321288996448,-12.013183593747669,-0.0000235 32.537902832250097,-12.005798339521618,-0.0000235 32.529907226137766,-11.995910644360606,-0.0000235 32.51611328160282,-11.992797851539478,-0.0000235 32.497680663631911,-11.989501953152455,-0.0000235 32.478881836327844,-11.97619628922723,-0.0000235 32.460510253545522,-11.9572753906466,-0.0000235 32.440124511337274,-11.953186034807516,-0.0000235 32.437072753704797,-11.952575683820612,-0.0000235 32.431884765369773,-11.94879150392461,-0.0000235 32.424499512042985,-11.943603515589587,-0.0000235 32.416503905930654,-11.942810059036843,-0.0000235 32.413513183486771,-11.942810059036843,-0.0000235 32.411499023161582,-11.938598632820515,-0.0000235 32.408874511849433,-11.934997558490352,-0.0000235 32.409484862836337,-11.932128906423713,-0.0000235 32.414489746504785,-11.932128906423713,-0.0000235 32.416687011496549,-11.928222656150524,-0.0000235 32.416076660509646,-11.925415039272478,-0.0000235 32.412292480613637,-11.92089843711301,-0.0000235 32.416870117062437,-11.916625976607349,-0.0000235 32.417297363382772,-11.913024902277243,-0.0000235 32.418884277387633,-11.90899658162675,-0.0000235 32.427490234486925,-11.908508301017093,-0.0000235 32.429687500378002,-11.905700683239786,-0.0000235 32.431884765369773,-11.902709960795901,-0.0000235 32.430725097685297,-11.898925780899901,-0.0000235 32.422485351717796,-11.897705078026775,-0.0000235 32.422912598038124,-11.893310547143869,-0.0000235 32.433105469142276,-11.892700195257646,-0.0000235 32.432495117255989,-11.8887939449844,-0.0000235 32.423889160156762,-11.879211425766526,-0.0000235 32.421874999831516,-11.875183105116035,-0.0000235 32.423889160156762,-11.872375488238049,-0.0000235 32.430480956930808,-11.871276855742167,-0.0000235 32.426330566802392,-11.869628906548655,-0.0000235 32.423522949025028,-11.866210937784388,-0.0000235 32.428527831794156,-11.864013671893302,-0.0000235 32.432495117255989,-11.857788086250991,-0.0000235 32.434082031260914,-11.852722168293267,-0.0000235 32.438720702898308,-11.852111816407044,-0.0000235 32.442321777228415,-11.852111816407044,-0.0000235 32.444885254251233,-11.849914550515962,-0.0000235 32.445495605238129,-11.847106933637917,-0.0000235 32.444091796799171,-11.841674804548404,-0.0000235 32.440307616903169,-11.840881347995662,-0.0000235 32.437072753704797,-11.83978271460046,-0.0000235 32.437500000025125,-11.836303710647542,-0.0000235 32.440917968789392,-11.836303710647542,-0.0000235 32.447082519243054,-11.837524414420043,-0.0000235 32.447082519243054,-11.832580566839511,-0.0000235 32.452697753898399,-11.829284667553225,-0.0000235 32.456115722662616,-11.832397461273672,-0.0000235 32.458923339540661,-11.830200195382531,-0.0000235 32.458496094119596,-11.825683594122438,-0.0000235 32.466918945652992,-11.824523925538585,-0.0000235 32.476928711191249,-11.815490723018284,-0.0000235 32.478088378875725,-11.812011719065424,-0.0000235 32.482116699526209,-11.813293457127202,-0.0000235 32.484313964518037,-11.817199707400391,-0.0000235 32.487670898093654,-11.817199707400391,-0.0000235 32.489318847287166,-11.814392089623084,-0.0000235 32.488708496300205,-11.8095092772312,-0.0000235 32.489929199173389,-11.804809570405212,-0.0000235 32.494506835622133,-11.806518554787317,-0.0000235 32.49548339864009,-11.810485840249157,-0.0000235 32.501281737962017,-11.807006836296296,-0.0000235 32.505676269744242,-11.805419922291435,-0.0000235 32.507507324503592,-11.803100586023049,-0.0000235 32.501708984282345,-11.800903320131965,-0.0000235 32.498291015518134,-11.796875000380792,-0.0000235 32.501708984282345,-11.796875000380792,-0.0000235 32.506286620731146,-11.794982910432793,-0.0000235 32.502319336168568,-11.790710449027813,-0.0000235 32.501892089848241,-11.786987304320462,-0.0000235 32.507690430069431,-11.789306640588848,-0.0000235</coordinates></LinearRing></outerBoundaryIs></Polygon>
  </Placemark>
  <Placemark>
	<name>Magodi</name>
	<Style><LineStyle><color>ff0000ff</color></LineStyle><PolyStyle><fill>0</fill></PolyStyle></Style>
	<ExtendedData><SchemaData schemaUrl="#GDA_Areas">
		<SimpleData name="Name">Magodi</SimpleData>
		<SimpleData name="OBJECTID">3</SimpleData>
		<SimpleData name="Id">0</SimpleData>
		<SimpleData name="Density">0</SimpleData>
		<SimpleData name="No_Of_Farm">1739</SimpleData>
		<SimpleData name="Snares">1106</SimpleData>
		<SimpleData name="Guns">112</SimpleData>
		<SimpleData name="Snare">11060</SimpleData>
		<SimpleData name="Pop_2010">89868</SimpleData>
		<SimpleData name="Values_">12838</SimpleData>
		<SimpleData name="pipo_05">0</SimpleData>
		<SimpleData name="pipo_06">0</SimpleData>
		<SimpleData name="pipo">0</SimpleData>
		<SimpleData name="pipo_08">0</SimpleData>
		<SimpleData name="pipo_09">0</SimpleData>
		<SimpleData name="pipo_10">0</SimpleData>
		<SimpleData name="pipo_11">0</SimpleData>
		<SimpleData name="Perimeter">217.90136673700</SimpleData>
		<SimpleData name="Area">1945.76123432000</SimpleData>
		<SimpleData name="Acres">480808.07205000002</SimpleData>
		<SimpleData name="Hectares">194576.12343199999</SimpleData>
		<SimpleData name="Shape_Leng">1.98230276748</SimpleData>
		<SimpleData name="Category">COMACO</SimpleData>
		<SimpleData name="RuleID">1</SimpleData>
		<SimpleData name="Shape_Le_1">1.97810903120</SimpleData>
		<SimpleData name="Support">GDA</SimpleData>
		<SimpleData name="Shape_Le_2">1.97810903066</SimpleData>
		<SimpleData name="Shape_Area">0.16168956268</SimpleData>
	</SchemaData></ExtendedData>
      <Polygon><outerBoundaryIs><LinearRing><coordinates>33.270690918351363,-12.153503417748366,-0.0000235 33.266723632889523,-12.156311035525732,-0.0000235 33.242126464464945,-12.175720214715966,-0.0000235 33.225891113284433,-12.188415527654342,-0.0000235 33.212890625302293,-12.203491211150322,-0.0000235 33.204101562637163,-12.22119140595845,-0.0000235 33.197692871429012,-12.232482910457803,-0.0000235 33.195922851858313,-12.234802245826813,-0.0000235 33.185485839999671,-12.248413085695177,-0.0000235 33.17169189456547,-12.247680664331027,-0.0000235 33.131896972267612,-12.22119140595845,-0.0000235 33.114074707082239,-12.199096679368097,-0.0000235 33.103881835978086,-12.171081543078571,-0.0000235 33.093505859308152,-12.16522216766873,-0.0000235 33.080322265760117,-12.151977538932101,-0.0000235 33.041870117612007,-12.143127441078377,-0.0000235 33.015502929616666,-12.137207031379262,-0.0000235 32.983093261544923,-12.128295898336887,-0.0000235 32.95947265613836,-12.129821777153152,-0.0000235 32.938720702798378,-12.137207031379262,-0.0000235 32.910888672074748,-12.168090820634688,-0.0000235 32.866699218893984,-12.156982421701228,-0.0000235 32.857482909908526,-12.154296875200487,-0.0000235 32.841308593916665,-12.147583008049196,-0.0000235 32.847106933238535,-12.146484374653994,-0.0000235 32.851074218700376,-12.146179199610231,-0.0000235 32.855285644916762,-12.147094726540217,-0.0000235 32.869323730206126,-12.150512695304485,-0.0000235 32.87292480453624,-12.149414062808603,-0.0000235 32.878723144757487,-12.146301269088156,-0.0000235 32.888488769541254,-12.127014160275108,-0.0000235 32.901672363089233,-12.125488281458843,-0.0000235 32.915283202957589,-12.111999511967724,-0.0000235 32.921081543178843,-12.114929199223013,-0.0000235 32.929077148391848,-12.107788085751393,-0.0000235 32.934326171915473,-12.109374999756255,-0.0000235 32.940673827934972,-12.110717773006684,-0.0000235 32.943298340146441,-12.107604980185497,-0.0000235 32.941284179821196,-12.098083496156278,-0.0000235 32.937683105491089,-12.078613280878074,-0.0000235 32.935913085920333,-12.06921386722604,-0.0000235 32.933898925595088,-12.044921874744546,-0.0000235 32.932495117156122,-12.036315917645309,-0.0000235 32.933288574608184,-12.033203124824183,-0.0000235 32.96130371089771,-11.979675293180094,-0.0000235 32.983886718997041,-11.937011718815597,-0.0000235 32.989318848086555,-11.927124023654585,-0.0000235 33.000488281309288,-11.906005859182869,-0.0000235 33.004089355639394,-11.900817870847902,-0.0000235 33.009704589395426,-11.889709472813763,-0.0000235 33.011108398733768,-11.887207030979539,-0.0000235 33.068725586216992,-11.800109863579165,-0.0000235 33.081726074199132,-11.780517577923717,-0.0000235 33.109313965067599,-11.737976073936522,-0.0000235 33.138305664375082,-11.69281005863712,-0.0000235 33.146484375153932,-11.6832885746079,-0.0000235 33.149108886466081,-11.680175780887396,-0.0000235 33.190307617202961,-11.630493164327902,-0.0000235 33.200500488307057,-11.618103027332664,-0.0000235 33.223693847393292,-11.588989257647938,-0.0000235 33.240905761591762,-11.58459472676509,-0.0000235 33.26287841780492,-11.575683593722715,-0.0000235 33.279296874551278,-11.581604004321207,-0.0000235 33.286682128777386,-11.572692871278832,-0.0000235 33.292480468998633,-11.585998535204055,-0.0000235 33.310119628618111,-11.591918944903227,-0.0000235 33.314697265966231,-11.602111816007323,-0.0000235 33.319091796849136,-11.634582519267667,-0.0000235 33.316101074405246,-11.662597656456512,-0.0000235 33.317504882844219,-11.718688965123476,-0.0000235 33.317504882844219,-11.740783691713828,-0.0000235 33.321899413727124,-11.75988769496098,-0.0000235 33.329284667953232,-11.781982421551334,-0.0000235 33.335327148029648,-11.811523437556446,-0.0000235 33.319091796849136,-11.829223632364572,-0.0000235 33.311706542623028,-11.846801757694777,-0.0000235 33.307312011740123,-11.866027832218549,-0.0000235 33.310119628618111,-11.87188720672907,-0.0000235 33.316101074405246,-11.886596679992635,-0.0000235 33.324890137070327,-11.905822753617031,-0.0000235 33.323486327731985,-11.927917480207384,-0.0000235 33.314697265966231,-11.948486327981469,-0.0000235 33.310119628618111,-11.969177246132858,-0.0000235 33.310119628618111,-11.986877441840306,-0.0000235 33.307312011740123,-12.001586914204552,-0.0000235 33.283691406333503,-12.045776367385258,-0.0000235 33.27191162122449,-12.078186035457009,-0.0000235 33.260070800926876,-12.12249755901496,-0.0000235 33.260070800926876,-12.147521972860602,-0.0000235 33.273315429663512,-12.151977538932101,-0.0000235 33.270690918351363,-12.153503417748366,-0.0000235</coordinates></LinearRing></outerBoundaryIs></Polygon>
  </Placemark>
  <Placemark>
	<name>Zumwanda</name>
	<Style><LineStyle><color>ff0000ff</color></LineStyle><PolyStyle><fill>0</fill></PolyStyle></Style>
	<ExtendedData><SchemaData schemaUrl="#GDA_Areas">
		<SimpleData name="Name">Zumwanda</SimpleData>
		<SimpleData name="OBJECTID">4</SimpleData>
		<SimpleData name="Id">0</SimpleData>
		<SimpleData name="Density">0</SimpleData>
		<SimpleData name="No_Of_Farm">1063</SimpleData>
		<SimpleData name="Snares">12</SimpleData>
		<SimpleData name="Guns">44</SimpleData>
		<SimpleData name="Snare">12</SimpleData>
		<SimpleData name="Pop_2010">46040</SimpleData>
		<SimpleData name="Values_">6577</SimpleData>
		<SimpleData name="pipo_05">0</SimpleData>
		<SimpleData name="pipo_06">0</SimpleData>
		<SimpleData name="pipo">0</SimpleData>
		<SimpleData name="pipo_08">0</SimpleData>
		<SimpleData name="pipo_09">0</SimpleData>
		<SimpleData name="pipo_10">0</SimpleData>
		<SimpleData name="pipo_11">0</SimpleData>
		<SimpleData name="Perimeter">133.43350380200</SimpleData>
		<SimpleData name="Area">823.56570908700</SimpleData>
		<SimpleData name="Acres">203507.51870700001</SimpleData>
		<SimpleData name="Hectares">82356.57090870000</SimpleData>
		<SimpleData name="Shape_Leng">1.21468422085</SimpleData>
		<SimpleData name="Category">COMACO</SimpleData>
		<SimpleData name="RuleID">1</SimpleData>
		<SimpleData name="Shape_Le_1">1.21332782908</SimpleData>
		<SimpleData name="Support">GDA</SimpleData>
		<SimpleData name="Shape_Le_2">1.21332782943</SimpleData>
		<SimpleData name="Shape_Area">0.06845650637</SimpleData>
	</SchemaData></ExtendedData>
      <Polygon><outerBoundaryIs><LinearRing><coordinates>33.173889160456554,-12.580993652235122,-0.0000235 33.175109863329681,-12.597290039503546,-0.0000235 33.173706054890658,-12.60638427721244,-0.0000235 33.163696289352458,-12.598693847942569,-0.0000235 33.148315429913339,-12.594177245783101,-0.0000235 33.131713867601093,-12.597412108981473,-0.0000235 33.121704101163516,-12.604187011321358,-0.0000235 33.112915039397699,-12.614074707381688,-0.0000235 33.100708007968365,-12.610778808994667,-0.0000235 33.093078612987767,-12.597412108981473,-0.0000235 33.085327148529238,-12.593078613287219,-0.0000235 33.072082519792616,-12.603088378825476,-0.0000235 33.060913085670506,-12.609680175599465,-0.0000235 33.052124023005433,-12.61621093718486,-0.0000235 33.041503906480273,-12.609313964467731,-0.0000235 33.038696288702909,-12.606811523532826,-0.0000235 33.004699706626297,-12.585205078451452,-0.0000235 33.002319336068695,-12.583496094069345,-0.0000235 32.972473144120443,-12.561401367478993,-0.0000235 32.96289062490257,-12.53240966817151,-0.0000235 32.934875488613102,-12.492980957005386,-0.0000235 32.923278808170608,-12.476806641013525,-0.0000235 32.908508300617768,-12.455383300598667,-0.0000235 32.921081543178843,-12.39068603483247,-0.0000235 32.922119140486132,-12.384216308435725,-0.0000235 32.925109862930015,-12.344482422225838,-0.0000235 32.923889160056831,-12.322387695635483,-0.0000235 32.923522948925097,-12.318908691682623,-0.0000235 32.921691894165747,-12.309387206754023,-0.0000235 32.918884277287752,-12.296813965092269,-0.0000235 32.916870116962514,-12.291198730436918,-0.0000235 32.907897949630801,-12.265380859139157,-0.0000235 32.907287597744585,-12.240478515670816,-0.0000235 32.920104980160886,-12.213195800745439,-0.0000235 32.926330566702461,-12.200805663750202,-0.0000235 32.929321289146344,-12.195007324428332,-0.0000235 32.930480956830877,-12.191894531607204,-0.0000235 32.948120117349674,-12.200683593372956,-0.0000235 32.963684082354689,-12.211791992306416,-0.0000235 32.982482910558019,-12.225097656231696,-0.0000235 33.000122070177554,-12.239379883174934,-0.0000235 33.0167236324898,-12.261474609765287,-0.0000235 33.026672362839463,-12.285888671724649,-0.0000235 33.041076660159888,-12.313476562593108,-0.0000235 33.053283691589286,-12.327880859014272,-0.0000235 33.08972167941215,-12.366577148816191,-0.0000235 33.127319335818868,-12.394104003596738,-0.0000235 33.162719726334437,-12.414001465195327,-0.0000235 33.196472167656566,-12.422912597338325,-0.0000235 33.194091797098906,-12.42700195317741,-0.0000235 33.190673828334695,-12.43341064438556,-0.0000235 33.188293456877716,-12.436279296452199,-0.0000235 33.183715820428908,-12.440002441159548,-0.0000235 33.160888671575094,-12.458801269362935,-0.0000235 33.151123046791326,-12.47802734388665,-0.0000235 33.147094726140892,-12.485900878722417,-0.0000235 33.147888183592947,-12.500793456652559,-0.0000235 33.158508301017434,-12.528808593841347,-0.0000235 33.160095215022295,-12.532714844114592,-0.0000235 33.166687011796341,-12.54479980426737,-0.0000235 33.167907714669468,-12.548400878597533,-0.0000235 33.171875000131308,-12.564208984356981,-0.0000235 33.173889160456554,-12.580993652235122,-0.0000235</coordinates></LinearRing></outerBoundaryIs></Polygon>
  </Placemark>
  <Placemark>
	<name>Kazembe</name>
	<Style><LineStyle><color>ff0000ff</color></LineStyle><PolyStyle><fill>0</fill></PolyStyle></Style>
	<ExtendedData><SchemaData schemaUrl="#GDA_Areas">
		<SimpleData name="Name">Kazembe</SimpleData>
		<SimpleData name="OBJECTID">5</SimpleData>
		<SimpleData name="Id">0</SimpleData>
		<SimpleData name="Density">0</SimpleData>
		<SimpleData name="No_Of_Farm">1184</SimpleData>
		<SimpleData name="Snares">3848</SimpleData>
		<SimpleData name="Guns">350</SimpleData>
		<SimpleData name="Snare">3848</SimpleData>
		<SimpleData name="Pop_2010">10060</SimpleData>
		<SimpleData name="Values_">1437</SimpleData>
		<SimpleData name="pipo_05">0</SimpleData>
		<SimpleData name="pipo_06">0</SimpleData>
		<SimpleData name="pipo">0</SimpleData>
		<SimpleData name="pipo_08">0</SimpleData>
		<SimpleData name="pipo_09">0</SimpleData>
		<SimpleData name="pipo_10">0</SimpleData>
		<SimpleData name="pipo_11">0</SimpleData>
		<SimpleData name="Perimeter">253.54298298600</SimpleData>
		<SimpleData name="Area">2809.42040654000</SimpleData>
		<SimpleData name="Acres">694222.90125999996</SimpleData>
		<SimpleData name="Hectares">280942.04065400001</SimpleData>
		<SimpleData name="Shape_Leng">2.31481302166</SimpleData>
		<SimpleData name="Category">COMACO</SimpleData>
		<SimpleData name="RuleID">1</SimpleData>
		<SimpleData name="Shape_Le_1">2.31258900089</SimpleData>
		<SimpleData name="Support">RNE</SimpleData>
		<SimpleData name="Shape_Le_2">2.31258899748</SimpleData>
		<SimpleData name="Shape_Area">0.23345076476</SimpleData>
	</SchemaData></ExtendedData>
      <Polygon><outerBoundaryIs><LinearRing><coordinates>32.596679687417804,-12.031677246007915,-0.0000235 32.618530273253668,-12.045104980310441,-0.0000235 32.63531494113181,-12.055175781037292,-0.0000235 32.675476074561345,-12.072998047122041,-0.0000235 32.679077147992125,-12.086120605481426,-0.0000235 32.680297851764635,-12.090820312307414,-0.0000235 32.694519042619902,-12.090026855754616,-0.0000235 32.719299316610318,-12.104003905855393,-0.0000235 32.754699707125951,-12.111389160081501,-0.0000235 32.799499511293554,-12.139099121327206,-0.0000235 32.804687499628585,-12.142089843771089,-0.0000235 32.816284180071023,-12.144714355083238,-0.0000235 32.843322754241854,-12.151184082379359,-0.0000235 32.857482909908526,-12.154296875200487,-0.0000235 32.866699218893984,-12.156982421701228,-0.0000235 32.910888672074748,-12.168090820634688,-0.0000235 32.929321289146344,-12.195007324428332,-0.0000235 32.926330566702461,-12.200805663750202,-0.0000235 32.920104980160886,-12.213195800745439,-0.0000235 32.907287597744585,-12.240478515670816,-0.0000235 32.907897949630801,-12.265380859139157,-0.0000235 32.916870116962514,-12.291198730436918,-0.0000235 32.918884277287752,-12.296813965092269,-0.0000235 32.921691894165747,-12.309387206754023,-0.0000235 32.923522948925097,-12.318908691682623,-0.0000235 32.923889160056831,-12.322387695635483,-0.0000235 32.926086425947972,-12.333312988103785,-0.0000235 32.925109862930015,-12.344482422225838,-0.0000235 32.922119140486132,-12.384216308435725,-0.0000235 32.921081543178843,-12.39068603483247,-0.0000235 32.908508300617768,-12.455383300598667,-0.0000235 32.899291992531573,-12.460205077801959,-0.0000235 32.892272949437256,-12.46362304656617,-0.0000235 32.882873534885903,-12.46789550797115,-0.0000235 32.84112548835077,-12.505981444987526,-0.0000235 32.822875976845012,-12.522583008199092,-0.0000235 32.7896728513212,-12.553100586322842,-0.0000235 32.784118652753762,-12.560119628517896,-0.0000235 32.745117187908079,-12.520996094194231,-0.0000235 32.719299316610318,-12.503784179995762,-0.0000235 32.686279296652394,-12.481811523782653,-0.0000235 32.681274413883273,-12.478698730062206,-0.0000235 32.658874511349779,-12.462402343693043,-0.0000235 32.652526855330279,-12.445312499871818,-0.0000235 32.649291992131907,-12.43609619178568,-0.0000235 32.633117676139989,-12.405395508096033,-0.0000235 32.631286621380639,-12.402587890318728,-0.0000235 32.617919922266765,-12.387329101256851,-0.0000235 32.609130859601635,-12.383911132492583,-0.0000235 32.600280761747911,-12.381225585991842,-0.0000235 32.592102050969061,-12.379699707175575,-0.0000235 32.581909179864908,-12.378601073780372,-0.0000235 32.576477050775452,-12.37768554685033,-0.0000235 32.570922851308694,-12.376403808788607,-0.0000235 32.557128905874492,-12.37188720662914,-0.0000235 32.548095703354193,-12.368713378619359,-0.0000235 32.526489257373498,-12.366882323860009,-0.0000235 32.513488769391351,-12.365722656175478,-0.0000235 32.508911132942615,-12.365600585798234,-0.0000235 32.477905273309887,-12.367919922066562,-0.0000235 32.472290038654535,-12.368286133198353,-0.0000235 32.462707519436663,-12.369018554562501,-0.0000235 32.458129882987862,-12.368713378619359,-0.0000235 32.44647216825615,-12.367004394237256,-0.0000235 32.430297851364912,-12.364379882925107,-0.0000235 32.423522949025028,-12.363708495850233,-0.0000235 32.391723632839557,-12.364318847736456,-0.0000235 32.383911133192385,-12.361206054915328,-0.0000235 32.375122070527311,-12.357788086151116,-0.0000235 32.353271484691447,-12.351196289377071,-0.0000235 32.34167480424901,-12.348510741977009,-0.0000235 32.323303222366008,-12.351318359754316,-0.0000235 32.312072753954624,-12.353698730311976,-0.0000235 32.29632568338377,-12.354614258141339,-0.0000235 32.288513183736598,-12.354980468373753,-0.0000235 32.284484863086099,-12.354309082198199,-0.0000235 32.266296386769,-12.350891113433986,-0.0000235 32.249328613325019,-12.34350585920788,-0.0000235 32.245727538994913,-12.34167480444853,-0.0000235 32.226928710791526,-12.33081054716888,-0.0000235 32.225891113484238,-12.322875976245143,-0.0000235 32.218078612937802,-12.321777343749261,-0.0000235 32.219299316710249,-12.314086914479333,-0.0000235 32.239074707032273,-12.306213378744246,-0.0000235 32.255676269344519,-12.293029785196266,-0.0000235 32.262329101307159,-12.291809082323139,-0.0000235 32.261291503999871,-12.285278320737746,-0.0000235 32.262329101307159,-12.278686523064437,-0.0000235 32.268920898081142,-12.266479492534414,-0.0000235 32.273498535429212,-12.269775390921382,-0.0000235 32.277893066312117,-12.274291992181531,-0.0000235 32.280090332203258,-12.265380859139157,-0.0000235 32.278930663619406,-12.260986328256308,-0.0000235 32.275695800421033,-12.250976562718051,-0.0000235 32.28991699217562,-12.238891601665898,-0.0000235 32.286682128977247,-12.22998046862358,-0.0000235 32.285522461292715,-12.215698242579661,-0.0000235 32.28991699217562,-12.211181640420193,-0.0000235 32.294494628624363,-12.211181640420193,-0.0000235 32.306518554487866,-12.190185547225042,-0.0000235 32.303283691289494,-12.187988281333958,-0.0000235 32.298889160406588,-12.187988281333958,-0.0000235 32.294494628624363,-12.184692382946935,-0.0000235 32.295471191642314,-12.179199218668828,-0.0000235 32.296691894515504,-12.174804687785979,-0.0000235 32.292297363632599,-12.171386719021712,-0.0000235 32.28332519540163,-12.168090820634688,-0.0000235 32.282287598094342,-12.161499023860699,-0.0000235 32.28112792951049,-12.153808593691508,-0.0000235 32.275695800421033,-12.151489257423121,-0.0000235 32.273498535429212,-12.145996094044335,-0.0000235 32.284484863086099,-12.141601562262109,-0.0000235 32.28112792951049,-12.135009765488121,-0.0000235 32.28112792951049,-12.128295898336887,-0.0000235 32.280090332203258,-12.116210937284791,-0.0000235 32.27667236343899,-12.112915038897768,-0.0000235 32.27667236343899,-12.105102539250652,-0.0000235 32.296691894515504,-12.095214844089638,-0.0000235 32.305480957180578,-12.088500976938349,-0.0000235 32.311096191835922,-12.079711914273275,-0.0000235 32.315490722718835,-12.07531738249105,-0.0000235 32.322082519492824,-12.080810546769158,-0.0000235 32.332092285031081,-12.078613280878074,-0.0000235 32.336486816813306,-12.072021484104027,-0.0000235 32.33868408180507,-12.064208984456911,-0.0000235 32.341918945003499,-12.059814453574006,-0.0000235 32.3474731444702,-12.058715820178804,-0.0000235 32.353698730112455,-12.061401367578867,-0.0000235 32.351928710541699,-12.055419921791781,-0.0000235 32.351928710541699,-12.049804687136429,-0.0000235 32.35412597643284,-12.044311523757642,-0.0000235 32.349670410361334,-12.036621093588451,-0.0000235 32.353088379125552,-12.032226562705546,-0.0000235 32.356323242323924,-12.03442382769731,-0.0000235 32.365112304989054,-12.037719726983653,-0.0000235 32.36950683587196,-12.029907226437217,-0.0000235 32.37292480463617,-12.025512695554312,-0.0000235 32.383911133192385,-12.032226562705546,-0.0000235 32.385070800876917,-12.028808593941278,-0.0000235 32.382873534985826,-12.02227783235594,-0.0000235 32.378479004102928,-12.014526366998098,-0.0000235 32.376281738211787,-12.01110839823383,-0.0000235 32.375122070527311,-12.006774902539574,-0.0000235 32.378479004102928,-12.004577636648435,-0.0000235 32.378479004102928,-12.000183105765586,-0.0000235 32.375122070527311,-11.997924804685852,-0.0000235 32.375671386325564,-11.994628906298827,-0.0000235 32.380676269094693,-11.994628906298827,-0.0000235 32.380676269094693,-11.987976074336189,-0.0000235 32.381713867301301,-11.984680175949221,-0.0000235 32.385070800876917,-11.983581542553964,-0.0000235 32.389526366948417,-11.983581542553964,-0.0000235 32.389526366948417,-11.979125976482464,-0.0000235 32.386108398184206,-11.97692871059138,-0.0000235 32.386108398184206,-11.966979980241717,-0.0000235 32.391723632839557,-11.966979980241717,-0.0000235 32.398315429613547,-11.96148681596361,-0.0000235 32.398315429613547,-11.956909179514867,-0.0000235 32.400512695504631,-11.945983887046566,-0.0000235 32.413513183486771,-11.942810059036843,-0.0000235 32.416503905930654,-11.942810059036843,-0.0000235 32.424499512042985,-11.943603515589587,-0.0000235 32.431884765369773,-11.94879150392461,-0.0000235 32.437072753704797,-11.952575683820612,-0.0000235 32.440124511337274,-11.953186034807516,-0.0000235 32.460510253545522,-11.9572753906466,-0.0000235 32.478881836327844,-11.97619628922723,-0.0000235 32.497680663631911,-11.989501953152455,-0.0000235 32.51611328160282,-11.992797851539478,-0.0000235 32.529907226137766,-11.995910644360606,-0.0000235 32.537902832250097,-12.005798339521618,-0.0000235 32.554321288996448,-12.013183593747669,-0.0000235 32.570922851308694,-12.020385742407939,-0.0000235 32.596679687417804,-12.031677246007915,-0.0000235</coordinates></LinearRing></outerBoundaryIs></Polygon>
  </Placemark>
  <Placemark>
	<name>Chinunda</name>
	<Style><LineStyle><color>ff0000ff</color></LineStyle><PolyStyle><fill>0</fill></PolyStyle></Style>
	<ExtendedData><SchemaData schemaUrl="#GDA_Areas">
		<SimpleData name="Name">Chinunda</SimpleData>
		<SimpleData name="OBJECTID">6</SimpleData>
		<SimpleData name="Id">0</SimpleData>
		<SimpleData name="Density">0</SimpleData>
		<SimpleData name="No_Of_Farm">453</SimpleData>
		<SimpleData name="Snares">0</SimpleData>
		<SimpleData name="Guns">13</SimpleData>
		<SimpleData name="Snare">0</SimpleData>
		<SimpleData name="Pop_2010">36996</SimpleData>
		<SimpleData name="Values_">5285</SimpleData>
		<SimpleData name="pipo_05">0</SimpleData>
		<SimpleData name="pipo_06">0</SimpleData>
		<SimpleData name="pipo">0</SimpleData>
		<SimpleData name="pipo_08">0</SimpleData>
		<SimpleData name="pipo_09">0</SimpleData>
		<SimpleData name="pipo_10">0</SimpleData>
		<SimpleData name="pipo_11">0</SimpleData>
		<SimpleData name="Perimeter">201.12795240300</SimpleData>
		<SimpleData name="Area">1184.99468531000</SimpleData>
		<SimpleData name="Acres">292818.56374999997</SimpleData>
		<SimpleData name="Hectares">118499.46853100001</SimpleData>
		<SimpleData name="Shape_Leng">1.83765007480</SimpleData>
		<SimpleData name="Category">COMACO</SimpleData>
		<SimpleData name="RuleID">1</SimpleData>
		<SimpleData name="Shape_Le_1">1.82057400485</SimpleData>
		<SimpleData name="Support">GDA</SimpleData>
		<SimpleData name="Shape_Le_2">1.82057400697</SimpleData>
		<SimpleData name="Shape_Area">0.09886969067</SimpleData>
	</SchemaData></ExtendedData>
      <Polygon><outerBoundaryIs><LinearRing><coordinates>32.503295898287256,-13.090881347296204,-0.0000235 32.531677245708465,-13.110717773706142,-0.0000235 32.531311035476051,-13.119384765993969,-0.0000235 32.528930664019072,-13.127502441584227,-0.0000235 32.544494629024086,-13.136596679293177,-0.0000235 32.55328369168916,-13.149414062608741,-0.0000235 32.555297851115085,-13.161376953283593,-0.0000235 32.567321776978588,-13.161010742151859,-0.0000235 32.570495605887686,-13.168090820434827,-0.0000235 32.578918457421025,-13.176879883099955,-0.0000235 32.593872070539817,-13.176879883099955,-0.0000235 32.598876953308888,-13.178405761916224,-0.0000235 32.602722168393541,-13.185607910576437,-0.0000235 32.622680664281404,-13.186096191186095,-0.0000235 32.632324218687927,-13.184509277181233,-0.0000235 32.643310547244141,-13.187927245945502,-0.0000235 32.653686523014812,-13.193115234280469,-0.0000235 32.661926269881633,-13.198303222615493,-0.0000235 32.671875000231239,-13.20617675745126,-0.0000235 32.673889160556485,-13.208679199285484,-0.0000235 32.680725098084956,-13.210998535553813,-0.0000235 32.686279296652394,-13.21221923842694,-0.0000235 32.692687987860495,-13.210205078101694,-0.0000235 32.710327148379349,-13.222595215096929,-0.0000235 32.718688964724095,-13.229614258191305,-0.0000235 32.730712890587597,-13.235900879022211,-0.0000235 32.74670410191294,-13.243896484235222,-0.0000235 32.771911621324421,-13.250305175443314,-0.0000235 32.800903320631903,-13.263793944934434,-0.0000235 32.813720703048148,-13.269775390721518,-0.0000235 32.842895507921526,-13.285400390915127,-0.0000235 32.865478516020858,-13.29370117207128,-0.0000235 32.869079589451644,-13.294189452680939,-0.0000235 32.872314453549336,-13.297424316778631,-0.0000235 32.874694824106996,-13.300415039222514,-0.0000235 32.878112792871264,-13.30670166005342,-0.0000235 32.878295898437102,-13.312805176217751,-0.0000235 32.878295898437102,-13.319519043368985,-0.0000235 32.876525878866403,-13.32391357425189,-0.0000235 32.874084472220773,-13.330688476591773,-0.0000235 32.87329101566803,-13.336975097422622,-0.0000235 32.87268066378175,-13.346191406408138,-0.0000235 32.866516113328139,-13.351196289177267,-0.0000235 32.861694336124856,-13.355102539450456,-0.0000235 32.859497070233772,-13.357299804442277,-0.0000235 32.857299804342688,-13.361022949149628,-0.0000235 32.85571289033777,-13.36718749960329,-0.0000235 32.854919433785028,-13.377319335518735,-0.0000235 32.854492187464643,-13.383728027626205,-0.0000235 32.855285644916762,-13.392211914348195,-0.0000235 32.851318359454865,-13.404174805023047,-0.0000235 32.848083496256486,-13.413024901977506,-0.0000235 32.843078613487364,-13.41491699192545,-0.0000235 32.834289550822284,-13.41839599587837,-0.0000235 32.826904296596183,-13.429199218868689,-0.0000235 32.8239135741523,-13.435485839699595,-0.0000235 32.819885253501809,-13.442810058737052,-0.0000235 32.821289062840151,-13.445678710803689,-0.0000235 32.815124511487163,-13.441528320675275,-0.0000235 32.809509277731138,-13.437622070402085,-0.0000235 32.797485351867628,-13.42822265585073,-0.0000235 32.793273925651306,-13.424804687086462,-0.0000235 32.791076659760222,-13.422912598037783,-0.0000235 32.788085937316339,-13.420288085826314,-0.0000235 32.783874511999272,-13.416198730886549,-0.0000235 32.778076171778082,-13.408325195151463,-0.0000235 32.771728515758575,-13.39868164074494,-0.0000235 32.766479492234964,-13.384399413801759,-0.0000235 32.763305664225186,-13.369506835871618,-0.0000235 32.758911132442961,-13.364990234611469,-0.0000235 32.755310059012174,-13.361389160281362,-0.0000235 32.75250244123486,-13.359191894390277,-0.0000235 32.744506836021856,-13.354003906055254,-0.0000235 32.732299804592451,-13.351684570686245,-0.0000235 32.726684569937106,-13.350708007668231,-0.0000235 32.71887207028999,-13.349304199229264,-0.0000235 32.715881347846107,-13.348388672299222,-0.0000235 32.711730956818371,-13.345275878578775,-0.0000235 32.706481933294754,-13.341491699582093,-0.0000235 32.702514648732233,-13.339721680011337,-0.0000235 32.695678711203698,-13.337097167799868,-0.0000235 32.69128417942153,-13.34088134769587,-0.0000235 32.687072754104463,-13.344604492403221,-0.0000235 32.68408203166058,-13.34722900371537,-0.0000235 32.680480957330474,-13.350585937290987,-0.0000235 32.674499511543388,-13.356384277512234,-0.0000235 32.67108154277912,-13.36029052778548,-0.0000235 32.668884277787356,-13.362915039097629,-0.0000235 32.66528320345725,-13.369506835871618,-0.0000235 32.663330078320591,-13.373229980578968,-0.0000235 32.658325195551527,-13.383178710928632,-0.0000235 32.655273437918993,-13.389892578079866,-0.0000235 32.649719238452235,-13.403076171627845,-0.0000235 32.647094726240766,-13.408874511849092,-0.0000235 32.645080566814897,-13.412292480613301,-0.0000235 32.639099121027755,-13.420410156203557,-0.0000235 32.635498046697649,-13.424987792652358,-0.0000235 32.624694824606649,-13.424377441665456,-0.0000235 32.621276855842382,-13.423889160156477,-0.0000235 32.610900879172384,-13.421203613655676,-0.0000235 32.608093261395084,-13.419799804317336,-0.0000235 32.605285644517039,-13.41809081993523,-0.0000235 32.59991455061617,-13.41381835942957,-0.0000235 32.592529297289389,-13.407104492278336,-0.0000235 32.588684082204793,-13.403076171627845,-0.0000235 32.584289550422561,-13.398010253670122,-0.0000235 32.573486328331569,-13.384216308235864,-0.0000235 32.564697265666439,-13.368408203375736,-0.0000235 32.562316894209459,-13.364685058668384,-0.0000235 32.559875488463206,-13.360717773206488,-0.0000235 32.556518554887589,-13.354492187564233,-0.0000235 32.553527832443706,-13.349182128852021,-0.0000235 32.55151367211846,-13.345581054521915,-0.0000235 32.549926758113543,-13.341003418073115,-0.0000235 32.543701171571968,-13.338317870673052,-0.0000235 32.54089355469398,-13.339721680011337,-0.0000235 32.537719726684202,-13.340820312507276,-0.0000235 32.53631591824518,-13.343627929385262,-0.0000235 32.535278320038628,-13.347106933338123,-0.0000235 32.532470703160584,-13.358886718447138,-0.0000235 32.531677245708465,-13.364074706782105,-0.0000235 32.533325194901977,-13.380310058861994,-0.0000235 32.534729004240319,-13.39050292996609,-0.0000235 32.53210449202885,-13.398010253670122,-0.0000235 32.52972412147119,-13.404479980066867,-0.0000235 32.526489257373498,-13.407714844164559,-0.0000235 32.519897460599502,-13.414611815982369,-0.0000235 32.503112792721367,-13.401000976114005,-0.0000235 32.500671386975114,-13.398925781499429,-0.0000235 32.493530273503495,-13.390319824400194,-0.0000235 32.490722656625451,-13.386779785258739,-0.0000235 32.486877441540855,-13.382080078432693,-0.0000235 32.483276367210749,-13.382202148809938,-0.0000235 32.46551513631465,-13.382690429419597,-0.0000235 32.444519043119499,-13.374389648263501,-0.0000235 32.434326172015396,-13.370117187757842,-0.0000235 32.430725097685297,-13.361206054715467,-0.0000235 32.426513671468911,-13.346679687917115,-0.0000235 32.421325684033263,-13.332519531351123,-0.0000235 32.425903320482007,-13.323486327931505,-0.0000235 32.427673340052763,-13.315124511586758,-0.0000235 32.429321289246275,-13.306213378544442,-0.0000235 32.42492675746405,-13.298889160406247,-0.0000235 32.428894042925883,-13.298522949274512,-0.0000235 32.431701659803934,-13.296875000081002,-0.0000235 32.438293457477243,-13.291992187689175,-0.0000235 32.438476562143819,-13.288513183736256,-0.0000235 32.439270019595881,-13.281127929510205,-0.0000235 32.440124511337274,-13.277282714425553,-0.0000235 32.439086914030042,-13.271606445480927,-0.0000235 32.439880371482104,-13.266113281202818,-0.0000235 32.434509277581242,-13.266784668277637,-0.0000235 32.428527831794156,-13.262512206872714,-0.0000235 32.425109863029945,-13.260620116924711,-0.0000235 32.421081543278774,-13.261108398433691,-0.0000235 32.413696289052666,-13.26580810525968,-0.0000235 32.410522461042888,-13.257812500046667,-0.0000235 32.405700683839655,-13.251403808838575,-0.0000235 32.396911621174524,-13.254394531282458,-0.0000235 32.393310546844418,-13.249877930022308,-0.0000235 32.389709472514312,-13.245422363051432,-0.0000235 32.382324219187524,-13.245727538994572,-0.0000235 32.378295898537026,-13.244812012064529,-0.0000235 32.373291015767904,-13.239685058918155,-0.0000235 32.370483397990597,-13.236389160531189,-0.0000235 32.365112304989054,-13.235412597513232,-0.0000235 32.362121581645852,-13.235717773456315,-0.0000235 32.351928710541699,-13.24011230433922,-0.0000235 32.345520019333605,-13.242797851739283,-0.0000235 32.335510253795348,-13.227905273809199,-0.0000235 32.323913574252231,-13.219726562130971,-0.0000235 32.325683593822987,-13.215576172002557,-0.0000235 32.330078124705835,-13.211425780974876,-0.0000235 32.333129883237682,-13.208618164096832,-0.0000235 32.335693359361187,-13.203979492459437,-0.0000235 32.338073730818166,-13.199829101431703,-0.0000235 32.335327148229453,-13.193786621355343,-0.0000235 32.338317870673336,-13.190795898012141,-0.0000235 32.342102050569338,-13.185913085620255,-0.0000235 32.344482422026317,-13.182983398364968,-0.0000235 32.349487304795446,-13.18017578148698,-0.0000235 32.355285644117366,-13.179016112903128,-0.0000235 32.36230468721169,-13.180725097285233,-0.0000235 32.36627197267358,-13.169311523308009,-0.0000235 32.3734741213338,-13.164428710916127,-0.0000235 32.368286132998776,-13.15820312527387,-0.0000235 32.367492675546714,-13.154602050943707,-0.0000235 32.366088867107692,-13.151306152556742,-0.0000235 32.368530273753322,-13.14172363243955,-0.0000235 32.380493164428174,-13.135803222740378,-0.0000235 32.385681152763141,-13.13317871052891,-0.0000235 32.39227294953713,-13.124206543197259,-0.0000235 32.39471435528344,-13.119079590050887,-0.0000235 32.399291992631504,-13.113098144263802,-0.0000235 32.402709960496452,-13.108825683758139,-0.0000235 32.410888672174622,-13.104675292730406,-0.0000235 32.430725097685297,-13.08117675770103,-0.0000235 32.432495117255989,-13.078002929691309,-0.0000235 32.439270019595881,-13.066406250148191,-0.0000235 32.436279297151998,-13.057983398614795,-0.0000235 32.437316894459286,-13.051696777783889,-0.0000235 32.445312499672298,-13.05120849627491,-0.0000235 32.449096679568292,-13.048278809019678,-0.0000235 32.461730957317968,-13.04699707005858,-0.0000235 32.472900390540758,-13.059082031110677,-0.0000235 32.475280761997737,-13.062316894309049,-0.0000235 32.478881836327844,-13.065979003827806,-0.0000235 32.483703613531077,-13.070617675465201,-0.0000235 32.486511230409121,-13.073486328431159,-0.0000235 32.493713379069334,-13.080993652135191,-0.0000235 32.503295898287256,-13.090881347296204,-0.0000235</coordinates></LinearRing></outerBoundaryIs></Polygon>
  </Placemark>
  <Placemark>
	<name>Chanje</name>
	<Style><LineStyle><color>ff0000ff</color></LineStyle><PolyStyle><fill>0</fill></PolyStyle></Style>
	<ExtendedData><SchemaData schemaUrl="#GDA_Areas">
		<SimpleData name="Name">Chanje</SimpleData>
		<SimpleData name="OBJECTID">7</SimpleData>
		<SimpleData name="Id">0</SimpleData>
		<SimpleData name="Density">0</SimpleData>
		<SimpleData name="No_Of_Farm">0</SimpleData>
		<SimpleData name="Snares">0</SimpleData>
		<SimpleData name="Guns">0</SimpleData>
		<SimpleData name="Snare">0</SimpleData>
		<SimpleData name="Pop_2010">20815</SimpleData>
		<SimpleData name="Values_">2974</SimpleData>
		<SimpleData name="pipo_05">0</SimpleData>
		<SimpleData name="pipo_06">0</SimpleData>
		<SimpleData name="pipo">0</SimpleData>
		<SimpleData name="pipo_08">0</SimpleData>
		<SimpleData name="pipo_09">0</SimpleData>
		<SimpleData name="pipo_10">0</SimpleData>
		<SimpleData name="pipo_11">0</SimpleData>
		<SimpleData name="Perimeter">75.18532126030</SimpleData>
		<SimpleData name="Area">197.42958909700</SimpleData>
		<SimpleData name="Acres">48785.91392670000</SimpleData>
		<SimpleData name="Hectares">19742.95890970000</SimpleData>
		<SimpleData name="Shape_Leng">0.68487681622</SimpleData>
		<SimpleData name="Category">Non COMACO</SimpleData>
		<SimpleData name="RuleID">1</SimpleData>
		<SimpleData name="Shape_Le_1">0.68517149630</SimpleData>
		<SimpleData name="Support">GDA</SimpleData>
		<SimpleData name="Shape_Le_2">0.68517149646</SimpleData>
		<SimpleData name="Shape_Area">0.01647889616</SimpleData>
	</SchemaData></ExtendedData>
      <Polygon><outerBoundaryIs><LinearRing><coordinates>32.886718749970491,-13.454528808657415,-0.0000235 32.87988281244202,-13.461181640620055,-0.0000235 32.86572265587602,-13.460205078501417,-0.0000235 32.844482421926379,-13.458129882987578,-0.0000235 32.837097167700279,-13.455200195732287,-0.0000235 32.829895019939386,-13.452209472389086,-0.0000235 32.822875976845012,-13.449707031454182,-0.0000235 32.821289062840151,-13.445678710803689,-0.0000235 32.819885253501809,-13.442810058737052,-0.0000235 32.8239135741523,-13.435485839699595,-0.0000235 32.826904296596183,-13.429199218868689,-0.0000235 32.834289550822284,-13.41839599587837,-0.0000235 32.843078613487364,-13.41491699192545,-0.0000235 32.848083496256486,-13.413024901977506,-0.0000235 32.851318359454865,-13.404174805023047,-0.0000235 32.855285644916762,-13.392211914348195,-0.0000235 32.854492187464643,-13.383728027626205,-0.0000235 32.854919433785028,-13.377319335518735,-0.0000235 32.85571289033777,-13.36718749960329,-0.0000235 32.857299804342688,-13.361022949149628,-0.0000235 32.859497070233772,-13.357299804442277,-0.0000235 32.861694336124856,-13.355102539450456,-0.0000235 32.866516113328139,-13.351196289177267,-0.0000235 32.87268066378175,-13.346191406408138,-0.0000235 32.87329101566803,-13.336975097422622,-0.0000235 32.874084472220773,-13.330688476591773,-0.0000235 32.876525878866403,-13.32391357425189,-0.0000235 32.878295898437102,-13.319519043368985,-0.0000235 32.878295898437102,-13.312805176217751,-0.0000235 32.878112792871264,-13.30670166005342,-0.0000235 32.874694824106996,-13.300415039222514,-0.0000235 32.872314453549336,-13.297424316778631,-0.0000235 32.869079589451644,-13.294189452680939,-0.0000235 32.86291503899804,-13.28729248086313,-0.0000235 32.860107422119995,-13.283386230589883,-0.0000235 32.855285644916762,-13.277709960745938,-0.0000235 32.85150146502076,-13.273986816038585,-0.0000235 32.845886230365409,-13.240722656225444,-0.0000235 32.843322754241854,-13.204528808257747,-0.0000235 32.881286620881035,-13.218505859257846,-0.0000235 32.896118163622532,-13.220581054771683,-0.0000235 32.901916503843722,-13.228820800739186,-0.0000235 32.902709961295841,-13.23718261708393,-0.0000235 32.912109374947875,-13.245910644560409,-0.0000235 32.925720214816238,-13.250793456952294,-0.0000235 32.928894042825959,-13.25280761727754,-0.0000235 32.932495117156122,-13.253601073830339,-0.0000235 32.948486328481465,-13.26159667994267,-0.0000235 32.953125000118803,-13.263488769890669,-0.0000235 32.944702148585463,-13.272094726989906,-0.0000235 32.940917968689462,-13.288208007793173,-0.0000235 32.938903808364216,-13.298706054840407,-0.0000235 32.938903808364216,-13.307189941562399,-0.0000235 32.932312011590227,-13.320495605487622,-0.0000235 32.929504394712239,-13.332885742482858,-0.0000235 32.925720214816238,-13.347106933338123,-0.0000235 32.923706054490992,-13.358520508214724,-0.0000235 32.920898437612948,-13.383178710928632,-0.0000235 32.919921874594984,-13.396484374853854,-0.0000235 32.916076660409715,-13.406005859782452,-0.0000235 32.906677245858361,-13.421203613655676,-0.0000235 32.893310546744488,-13.44122314473219,-0.0000235 32.886718749970491,-13.454528808657415,-0.0000235</coordinates></LinearRing></outerBoundaryIs></Polygon>
  </Placemark>
  <Placemark>
	<name>Mafuta</name>
	<Style><LineStyle><color>ff0000ff</color></LineStyle><PolyStyle><fill>0</fill></PolyStyle></Style>
	<ExtendedData><SchemaData schemaUrl="#GDA_Areas">
		<SimpleData name="Name">Mafuta</SimpleData>
		<SimpleData name="OBJECTID">8</SimpleData>
		<SimpleData name="Id">0</SimpleData>
		<SimpleData name="Density">0</SimpleData>
		<SimpleData name="No_Of_Farm">0</SimpleData>
		<SimpleData name="Snares">0</SimpleData>
		<SimpleData name="Guns">0</SimpleData>
		<SimpleData name="Snare">0</SimpleData>
		<SimpleData name="Pop_2010">18664</SimpleData>
		<SimpleData name="Values_">2666</SimpleData>
		<SimpleData name="pipo_05">0</SimpleData>
		<SimpleData name="pipo_06">0</SimpleData>
		<SimpleData name="pipo">0</SimpleData>
		<SimpleData name="pipo_08">0</SimpleData>
		<SimpleData name="pipo_09">0</SimpleData>
		<SimpleData name="pipo_10">0</SimpleData>
		<SimpleData name="pipo_11">0</SimpleData>
		<SimpleData name="Perimeter">77.30350755230</SimpleData>
		<SimpleData name="Area">234.57901521400</SimpleData>
		<SimpleData name="Acres">57965.73703870000</SimpleData>
		<SimpleData name="Hectares">23457.90152140000</SimpleData>
		<SimpleData name="Shape_Leng">0.70657885044</SimpleData>
		<SimpleData name="Category">COMACO</SimpleData>
		<SimpleData name="RuleID">1</SimpleData>
		<SimpleData name="Shape_Le_1">0.70236897872</SimpleData>
		<SimpleData name="Support">GDA</SimpleData>
		<SimpleData name="Shape_Le_2">0.70236897975</SimpleData>
		<SimpleData name="Shape_Area">0.01957020535</SimpleData>
	</SchemaData></ExtendedData>
      <Polygon><outerBoundaryIs><LinearRing><coordinates>32.837097167700279,-13.455200195732287,-0.0000235 32.844482421926379,-13.458129882987578,-0.0000235 32.84271240235563,-13.472595214597334,-0.0000235 32.843688964474325,-13.485412597912898,-0.0000235 32.843688964474325,-13.491882324309643,-0.0000235 32.845886230365409,-13.502075195413795,-0.0000235 32.846923828572017,-13.506286620730805,-0.0000235 32.844116210794652,-13.512512207272378,-0.0000235 32.84088134759628,-13.508789062565029,-0.0000235 32.815490722618904,-13.492614745673791,-0.0000235 32.810302734283937,-13.489624023229906,-0.0000235 32.79632568328384,-13.482482909758344,-0.0000235 32.784912109306561,-13.476379394493279,-0.0000235 32.777526855080453,-13.4722290034656,-0.0000235 32.774902343768304,-13.470886230215172,-0.0000235 32.770690917551974,-13.46911621064447,-0.0000235 32.756530761885301,-13.462707519436321,-0.0000235 32.741088867257588,-13.458312988553416,-0.0000235 32.733093262044569,-13.456481933794066,-0.0000235 32.728271483942024,-13.456115722662332,-0.0000235 32.72467041051118,-13.456298828228171,-0.0000235 32.719482422176213,-13.456176757850926,-0.0000235 32.708496093619999,-13.464111327875344,-0.0000235 32.694274902764732,-13.478210449252686,-0.0000235 32.676513671868634,-13.494201660578028,-0.0000235 32.670471191792217,-13.500610351786122,-0.0000235 32.666076660009992,-13.50372314460725,-0.0000235 32.650085449583969,-13.511413573877178,-0.0000235 32.646301269688024,-13.509094238508169,-0.0000235 32.625122070027658,-13.498596191460933,-0.0000235 32.626098633045672,-13.487792968470558,-0.0000235 32.633728027126892,-13.473876953558372,-0.0000235 32.63928222659365,-13.460510253545181,-0.0000235 32.642272949037533,-13.453186035407041,-0.0000235 32.642700195357918,-13.448425293392404,-0.0000235 32.643310547244141,-13.442810058737052,-0.0000235 32.641113281353,-13.434326172015062,-0.0000235 32.639709472914035,-13.431091308816688,-0.0000235 32.637878418154628,-13.42840576141657,-0.0000235 32.635498046697649,-13.424987792652358,-0.0000235 32.639099121027755,-13.420410156203557,-0.0000235 32.645080566814897,-13.412292480613301,-0.0000235 32.647094726240766,-13.408874511849092,-0.0000235 32.649719238452235,-13.403076171627845,-0.0000235 32.655273437918993,-13.389892578079866,-0.0000235 32.658325195551527,-13.383178710928632,-0.0000235 32.663330078320591,-13.373229980578968,-0.0000235 32.66528320345725,-13.369506835871618,-0.0000235 32.668884277787356,-13.362915039097629,-0.0000235 32.67108154277912,-13.36029052778548,-0.0000235 32.674499511543388,-13.356384277512234,-0.0000235 32.680480957330474,-13.350585937290987,-0.0000235 32.68408203166058,-13.34722900371537,-0.0000235 32.687072754104463,-13.344604492403221,-0.0000235 32.69128417942153,-13.34088134769587,-0.0000235 32.695678711203698,-13.337097167799868,-0.0000235 32.702514648732233,-13.339721680011337,-0.0000235 32.706481933294754,-13.341491699582093,-0.0000235 32.711730956818371,-13.345275878578775,-0.0000235 32.715881347846107,-13.348388672299222,-0.0000235 32.71887207028999,-13.349304199229264,-0.0000235 32.726684569937106,-13.350708007668231,-0.0000235 32.732299804592451,-13.351684570686245,-0.0000235 32.744506836021856,-13.354003906055254,-0.0000235 32.75250244123486,-13.359191894390277,-0.0000235 32.755310059012174,-13.361389160281362,-0.0000235 32.758911132442961,-13.364990234611469,-0.0000235 32.763305664225186,-13.369506835871618,-0.0000235 32.766479492234964,-13.384399413801759,-0.0000235 32.771728515758575,-13.39868164074494,-0.0000235 32.778076171778082,-13.408325195151463,-0.0000235 32.783874511999272,-13.416198730886549,-0.0000235 32.788085937316339,-13.420288085826314,-0.0000235 32.791076659760222,-13.422912598037783,-0.0000235 32.793273925651306,-13.424804687086462,-0.0000235 32.797485351867628,-13.42822265585073,-0.0000235 32.809509277731138,-13.437622070402085,-0.0000235 32.815124511487163,-13.441528320675275,-0.0000235 32.821289062840151,-13.445678710803689,-0.0000235 32.829895019939386,-13.452209472389086,-0.0000235 32.837097167700279,-13.455200195732287,-0.0000235</coordinates></LinearRing></outerBoundaryIs></Polygon>
  </Placemark>
  <Placemark>
	<name>Mnukwa</name>
	<Style><LineStyle><color>ff0000ff</color></LineStyle><PolyStyle><fill>0</fill></PolyStyle></Style>
	<ExtendedData><SchemaData schemaUrl="#GDA_Areas">
		<SimpleData name="Name">Mnukwa</SimpleData>
		<SimpleData name="OBJECTID">9</SimpleData>
		<SimpleData name="Id">0</SimpleData>
		<SimpleData name="Density">0</SimpleData>
		<SimpleData name="No_Of_Farm">0</SimpleData>
		<SimpleData name="Snares">0</SimpleData>
		<SimpleData name="Guns">0</SimpleData>
		<SimpleData name="Snare">0</SimpleData>
		<SimpleData name="Pop_2010">10901</SimpleData>
		<SimpleData name="Values_">1557</SimpleData>
		<SimpleData name="pipo_05">0</SimpleData>
		<SimpleData name="pipo_06">0</SimpleData>
		<SimpleData name="pipo">0</SimpleData>
		<SimpleData name="pipo_08">0</SimpleData>
		<SimpleData name="pipo_09">0</SimpleData>
		<SimpleData name="pipo_10">0</SimpleData>
		<SimpleData name="pipo_11">0</SimpleData>
		<SimpleData name="Perimeter">59.63763399980</SimpleData>
		<SimpleData name="Area">179.70000033200</SimpleData>
		<SimpleData name="Acres">44404.83713170000</SimpleData>
		<SimpleData name="Hectares">17970.00003320000</SimpleData>
		<SimpleData name="Shape_Leng">0.54409294564</SimpleData>
		<SimpleData name="Category">COMACO</SimpleData>
		<SimpleData name="RuleID">1</SimpleData>
		<SimpleData name="Shape_Le_1">0.54479857701</SimpleData>
		<SimpleData name="Support">GDA</SimpleData>
		<SimpleData name="Shape_Le_2">0.54479857773</SimpleData>
		<SimpleData name="Shape_Area">0.01501001048</SimpleData>
	</SchemaData></ExtendedData>
      <Polygon><outerBoundaryIs><LinearRing><coordinates>32.635498046697649,-13.424987792652358,-0.0000235 32.637878418154628,-13.42840576141657,-0.0000235 32.639709472914035,-13.431091308816688,-0.0000235 32.641113281353,-13.434326172015062,-0.0000235 32.643310547244141,-13.442810058737052,-0.0000235 32.642700195357918,-13.448425293392404,-0.0000235 32.642272949037533,-13.453186035407041,-0.0000235 32.63928222659365,-13.460510253545181,-0.0000235 32.633728027126892,-13.473876953558372,-0.0000235 32.626098633045672,-13.487792968470558,-0.0000235 32.625122070027658,-13.498596191460933,-0.0000235 32.615905761941519,-13.505493164178006,-0.0000235 32.61267089874314,-13.506408691108048,-0.0000235 32.609497070733369,-13.507080078182923,-0.0000235 32.604919433385305,-13.507812500446391,-0.0000235 32.594909667847048,-13.509826659872315,-0.0000235 32.589721679512074,-13.518310546594305,-0.0000235 32.581909179864908,-13.530700683589544,-0.0000235 32.564880371232327,-13.528808593641543,-0.0000235 32.556091308567204,-13.522583007999286,-0.0000235 32.550476073911852,-13.497924804386059,-0.0000235 32.531494141041946,-13.491821289121047,-0.0000235 32.525695800820699,-13.490112304738886,-0.0000235 32.512695312838559,-13.486083984088452,-0.0000235 32.509094238508453,-13.484313964517694,-0.0000235 32.50610351606457,-13.481628418016896,-0.0000235 32.496093749626986,-13.472595214597334,-0.0000235 32.492309570630368,-13.466613769709568,-0.0000235 32.488281249979877,-13.459777832181032,-0.0000235 32.489501952853004,-13.452819824275309,-0.0000235 32.491088866857865,-13.443115234680192,-0.0000235 32.495910644960475,-13.439025878841049,-0.0000235 32.499084472970196,-13.435791015642677,-0.0000235 32.502502441734464,-13.432800293198795,-0.0000235 32.506713867051474,-13.431823730180838,-0.0000235 32.511474609066113,-13.42681884741171,-0.0000235 32.519897460599502,-13.414611815982369,-0.0000235 32.526489257373498,-13.407714844164559,-0.0000235 32.52972412147119,-13.404479980066867,-0.0000235 32.53210449202885,-13.398010253670122,-0.0000235 32.534729004240319,-13.39050292996609,-0.0000235 32.533325194901977,-13.380310058861994,-0.0000235 32.531677245708465,-13.364074706782105,-0.0000235 32.532470703160584,-13.358886718447138,-0.0000235 32.535278320038628,-13.347106933338123,-0.0000235 32.53631591824518,-13.343627929385262,-0.0000235 32.537719726684202,-13.340820312507276,-0.0000235 32.54089355469398,-13.339721680011337,-0.0000235 32.543701171571968,-13.338317870673052,-0.0000235 32.549926758113543,-13.341003418073115,-0.0000235 32.55151367211846,-13.345581054521915,-0.0000235 32.553527832443706,-13.349182128852021,-0.0000235 32.556518554887589,-13.354492187564233,-0.0000235 32.559875488463206,-13.360717773206488,-0.0000235 32.562316894209459,-13.364685058668384,-0.0000235 32.564697265666439,-13.368408203375736,-0.0000235 32.573486328331569,-13.384216308235864,-0.0000235 32.584289550422561,-13.398010253670122,-0.0000235 32.588684082204793,-13.403076171627845,-0.0000235 32.592529297289389,-13.407104492278336,-0.0000235 32.59991455061617,-13.41381835942957,-0.0000235 32.605285644517039,-13.41809081993523,-0.0000235 32.608093261395084,-13.419799804317336,-0.0000235 32.610900879172384,-13.421203613655676,-0.0000235 32.621276855842382,-13.423889160156477,-0.0000235 32.624694824606649,-13.424377441665456,-0.0000235 32.635498046697649,-13.424987792652358,-0.0000235</coordinates></LinearRing></outerBoundaryIs></Polygon>
  </Placemark>
  <Placemark>
	<name>Madzimawe</name>
	<Style><LineStyle><color>ff0000ff</color></LineStyle><PolyStyle><fill>0</fill></PolyStyle></Style>
	<ExtendedData><SchemaData schemaUrl="#GDA_Areas">
		<SimpleData name="Name">Madzimawe</SimpleData>
		<SimpleData name="OBJECTID">10</SimpleData>
		<SimpleData name="Id">0</SimpleData>
		<SimpleData name="Density">0</SimpleData>
		<SimpleData name="No_Of_Farm">0</SimpleData>
		<SimpleData name="Snares">0</SimpleData>
		<SimpleData name="Guns">0</SimpleData>
		<SimpleData name="Snare">0</SimpleData>
		<SimpleData name="Pop_2010">0</SimpleData>
		<SimpleData name="Values_">0</SimpleData>
		<SimpleData name="pipo_05">0</SimpleData>
		<SimpleData name="pipo_06">0</SimpleData>
		<SimpleData name="pipo">0</SimpleData>
		<SimpleData name="pipo_08">0</SimpleData>
		<SimpleData name="pipo_09">0</SimpleData>
		<SimpleData name="pipo_10">0</SimpleData>
		<SimpleData name="pipo_11">0</SimpleData>
		<SimpleData name="Perimeter">42.88287027260</SimpleData>
		<SimpleData name="Area">98.11797333730</SimpleData>
		<SimpleData name="Acres">24245.47923030000</SimpleData>
		<SimpleData name="Hectares">9811.79733373000</SimpleData>
		<SimpleData name="Shape_Leng">0.39321218304</SimpleData>
		<SimpleData name="Category">Non COMACO</SimpleData>
		<SimpleData name="RuleID">1</SimpleData>
		<SimpleData name="Shape_Le_1">0.39226676584</SimpleData>
		<SimpleData name="Support">Non COMACO</SimpleData>
		<SimpleData name="Shape_Le_2">0.39226676588</SimpleData>
		<SimpleData name="Shape_Area">0.00819076784</SimpleData>
	</SchemaData></ExtendedData>
      <Polygon><outerBoundaryIs><LinearRing><coordinates>32.509521483929518,-13.728698730262009,-0.0000235 32.519470215178444,-13.729492187714127,-0.0000235 32.530883789155716,-13.728698730262009,-0.0000235 32.538085937815936,-13.726623534748169,-0.0000235 32.55090332023218,-13.725891113384023,-0.0000235 32.567871093676217,-13.734375000106013,-0.0000235 32.583679199435664,-13.7473144528995,-0.0000235 32.597900390290931,-13.754394531182527,-0.0000235 32.59869384774305,-13.760803222390621,-0.0000235 32.592895507521803,-13.770812987928878,-0.0000235 32.590698242530038,-13.782226562805477,-0.0000235 32.587280273765771,-13.794982910033127,-0.0000235 32.580078125105558,-13.80859374990149,-0.0000235 32.577880859214474,-13.81072998060398,-0.0000235 32.570678710554205,-13.805725097834852,-0.0000235 32.555114746448567,-13.794982910033127,-0.0000235 32.549499511793215,-13.789978027263999,-0.0000235 32.523681640495454,-13.789978027263999,-0.0000235 32.498107909952239,-13.800720215065724,-0.0000235 32.493896484635229,-13.802185058693338,-0.0000235 32.487915038848143,-13.799926757613603,-0.0000235 32.485473633101833,-13.798278808420093,-0.0000235 32.480712890187874,-13.79339599602821,-0.0000235 32.476318359305026,-13.788024902127345,-0.0000235 32.472106933987959,-13.773376464951752,-0.0000235 32.471130370969995,-13.769287109112611,-0.0000235 32.467712402205734,-13.752075194914141,-0.0000235 32.466918945652992,-13.749023437281664,-0.0000235 32.457092284781311,-13.74011230423929,-0.0000235 32.45672607454884,-13.729492187714127,-0.0000235 32.473876953558715,-13.725219726309147,-0.0000235 32.491699218744088,-13.725891113384023,-0.0000235 32.509521483929518,-13.728698730262009,-0.0000235</coordinates></LinearRing></outerBoundaryIs></Polygon>
  </Placemark>
  <Placemark>
	<name>Mishoro</name>
	<Style><LineStyle><color>ff0000ff</color></LineStyle><PolyStyle><fill>0</fill></PolyStyle></Style>
	<ExtendedData><SchemaData schemaUrl="#GDA_Areas">
		<SimpleData name="Name">Mishoro</SimpleData>
		<SimpleData name="OBJECTID">11</SimpleData>
		<SimpleData name="Id">0</SimpleData>
		<SimpleData name="Density">0</SimpleData>
		<SimpleData name="No_Of_Farm">0</SimpleData>
		<SimpleData name="Snares">0</SimpleData>
		<SimpleData name="Guns">0</SimpleData>
		<SimpleData name="Snare">0</SimpleData>
		<SimpleData name="Pop_2010">0</SimpleData>
		<SimpleData name="Values_">0</SimpleData>
		<SimpleData name="pipo_05">0</SimpleData>
		<SimpleData name="pipo_06">0</SimpleData>
		<SimpleData name="pipo">0</SimpleData>
		<SimpleData name="pipo_08">0</SimpleData>
		<SimpleData name="pipo_09">0</SimpleData>
		<SimpleData name="pipo_10">0</SimpleData>
		<SimpleData name="pipo_11">0</SimpleData>
		<SimpleData name="Perimeter">120.34630539300</SimpleData>
		<SimpleData name="Area">365.19763068200</SimpleData>
		<SimpleData name="Acres">90242.29984060000</SimpleData>
		<SimpleData name="Hectares">36519.76306820000</SimpleData>
		<SimpleData name="Shape_Leng">1.10401792478</SimpleData>
		<SimpleData name="Category">Non COMACO</SimpleData>
		<SimpleData name="RuleID">1</SimpleData>
		<SimpleData name="Shape_Le_1">1.09648241875</SimpleData>
		<SimpleData name="Support">GDA</SimpleData>
		<SimpleData name="Shape_Le_2">1.09648241989</SimpleData>
		<SimpleData name="Shape_Area">0.03050614337</SimpleData>
	</SchemaData></ExtendedData>
      <Polygon><outerBoundaryIs><LinearRing><coordinates>32.251098632895776,-13.534179687542405,-0.0000235 32.251708984781999,-13.5388183591798,-0.0000235 32.252319335768895,-13.547729492222116,-0.0000235 32.259887695560849,-13.546508789348989,-0.0000235 32.270080566665001,-13.545288085576544,-0.0000235 32.282897949081246,-13.552307128670916,-0.0000235 32.288513183736598,-13.555297851114801,-0.0000235 32.294677734190259,-13.558105468892109,-0.0000235 32.305297851614739,-13.562683105340851,-0.0000235 32.318298339596879,-13.573486328331228,-0.0000235 32.323730468686335,-13.578491211100355,-0.0000235 32.33471679724255,-13.584716796742612,-0.0000235 32.335083007474957,-13.589294433191355,-0.0000235 32.335876464927082,-13.592895507521519,-0.0000235 32.339721680011678,-13.599914550615836,-0.0000235 32.341918945003499,-13.603088378625614,-0.0000235 32.344116210894583,-13.606018066780221,-0.0000235 32.360107422219926,-13.617004394437117,-0.0000235 32.364318847536936,-13.625183105215967,-0.0000235 32.36810302743293,-13.632019042744446,-0.0000235 32.379699706976055,-13.641906737905458,-0.0000235 32.38647460931594,-13.647705078126704,-0.0000235 32.387878417754962,-13.660095215121942,-0.0000235 32.393493652410314,-13.674377441165802,-0.0000235 32.377929687405299,-13.677185058943166,-0.0000235 32.365112304989054,-13.675781249604825,-0.0000235 32.360107422219926,-13.678588867382189,-0.0000235 32.350097656681669,-13.678588867382189,-0.0000235 32.310913086270091,-13.674377441165802,-0.0000235 32.273681640995108,-13.66931152320808,-0.0000235 32.260314940981914,-13.662902831999927,-0.0000235 32.255310058212785,-13.663696289452046,-0.0000235 32.243103027682764,-13.666503906330036,-0.0000235 32.228088378476059,-13.66931152320808,-0.0000235 32.211730956918302,-13.670776366835694,-0.0000235 32.202514648832157,-13.670104980660142,-0.0000235 32.183288574308442,-13.667175293404908,-0.0000235 32.151916503543987,-13.662109375447187,-0.0000235 32.141296387018826,-13.657226562155984,-0.0000235 32.149719238552166,-13.641601562861695,-0.0000235 32.156311035326212,-13.618896484385061,-0.0000235 32.160522460643222,-13.621276855842041,-0.0000235 32.171691894765274,-13.623718261588351,-0.0000235 32.174682617209157,-13.624206543097328,-0.0000235 32.188476562643416,-13.626708984032234,-0.0000235 32.195129394606056,-13.627197265541213,-0.0000235 32.204284668402863,-13.624816894084232,-0.0000235 32.207519531601292,-13.624206543097328,-0.0000235 32.213928222809386,-13.623413085645209,-0.0000235 32.217712402705388,-13.623107910601448,-0.0000235 32.222290039154132,-13.62390136715419,-0.0000235 32.239501953352658,-13.62847900360299,-0.0000235 32.249694824456753,-13.62872314435748,-0.0000235 32.249511718890851,-13.624206543097328,-0.0000235 32.244689941687625,-13.620422363201328,-0.0000235 32.238281249580155,-13.6154174804322,-0.0000235 32.242309570230645,-13.604492187064636,-0.0000235 32.224121093913539,-13.595825195676071,-0.0000235 32.221130371469656,-13.592712401955623,-0.0000235 32.212707519936252,-13.583923340189813,-0.0000235 32.193908691732929,-13.583984375378463,-0.0000235 32.191101073955565,-13.576110839643377,-0.0000235 32.182922363176658,-13.569091796549003,-0.0000235 32.181701660303531,-13.561828613599459,-0.0000235 32.171508789199436,-13.562683105340851,-0.0000235 32.163879394218839,-13.555908203001025,-0.0000235 32.164916992425447,-13.54858398396351,-0.0000235 32.159118652204199,-13.54858398396351,-0.0000235 32.158081054896911,-13.5424804686985,-0.0000235 32.147888183792816,-13.546386718971746,-0.0000235 32.146728515208963,-13.537902832249756,-0.0000235 32.138122559009048,-13.541625976957107,-0.0000235 32.131530761335739,-13.534790039428628,-0.0000235 32.133483886472334,-13.53192138646267,-0.0000235 32.131713866901578,-13.529174804773277,-0.0000235 32.122314453249601,-13.528808593641543,-0.0000235 32.121887206929216,-13.516601562212145,-0.0000235 32.125122070127588,-13.504821777103189,-0.0000235 32.119506836371556,-13.499511718390918,-0.0000235 32.122070312495111,-13.492187500252783,-0.0000235 32.11828613259911,-13.481628418016896,-0.0000235 32.11712646491457,-13.478515625195767,-0.0000235 32.112915038698247,-13.468994140267228,-0.0000235 32.120483398490194,-13.458190918176172,-0.0000235 32.124511719140685,-13.451416015836287,-0.0000235 32.134704590244837,-13.453308105784288,-0.0000235 32.150329589539062,-13.457885742233032,-0.0000235 32.159301757770095,-13.460083008124172,-0.0000235 32.176879883100298,-13.460327148878662,-0.0000235 32.180725097285574,-13.463317871322543,-0.0000235 32.18670654307266,-13.467590331828205,-0.0000235 32.196105956724693,-13.470214844039674,-0.0000235 32.206481933394684,-13.472412109031438,-0.0000235 32.209472655838567,-13.473327636860802,-0.0000235 32.212524414370364,-13.474182128602193,-0.0000235 32.239685058918496,-13.483398437587653,-0.0000235 32.243530273103772,-13.48498535159257,-0.0000235 32.248107910451893,-13.486999511917757,-0.0000235 32.258300781555988,-13.492614745673791,-0.0000235 32.264892578329977,-13.499389648013675,-0.0000235 32.264709472764139,-13.503417968664166,-0.0000235 32.263488769890955,-13.508789062565029,-0.0000235 32.261901855886094,-13.513610839768262,-0.0000235 32.260498046547752,-13.51678466777804,-0.0000235 32.258483887121884,-13.520507812485391,-0.0000235 32.251098632895776,-13.534179687542405,-0.0000235</coordinates></LinearRing></outerBoundaryIs></Polygon>
  </Placemark>
  <Placemark>
	<name>Mpezeni</name>
	<Style><LineStyle><color>ff0000ff</color></LineStyle><PolyStyle><fill>0</fill></PolyStyle></Style>
	<ExtendedData><SchemaData schemaUrl="#GDA_Areas">
		<SimpleData name="Name">Mpezeni</SimpleData>
		<SimpleData name="OBJECTID">12</SimpleData>
		<SimpleData name="Id">0</SimpleData>
		<SimpleData name="Density">0</SimpleData>
		<SimpleData name="No_Of_Farm">0</SimpleData>
		<SimpleData name="Snares">0</SimpleData>
		<SimpleData name="Guns">0</SimpleData>
		<SimpleData name="Snare">0</SimpleData>
		<SimpleData name="Pop_2010">0</SimpleData>
		<SimpleData name="Values_">0</SimpleData>
		<SimpleData name="pipo_05">0</SimpleData>
		<SimpleData name="pipo_06">0</SimpleData>
		<SimpleData name="pipo">0</SimpleData>
		<SimpleData name="pipo_08">0</SimpleData>
		<SimpleData name="pipo_09">0</SimpleData>
		<SimpleData name="pipo_10">0</SimpleData>
		<SimpleData name="pipo_11">0</SimpleData>
		<SimpleData name="Perimeter">128.56713033500</SimpleData>
		<SimpleData name="Area">502.84062942100</SimpleData>
		<SimpleData name="Acres">124254.62555000000</SimpleData>
		<SimpleData name="Hectares">50284.06294210000</SimpleData>
		<SimpleData name="Shape_Leng">1.18126738957</SimpleData>
		<SimpleData name="Category">COMACO</SimpleData>
		<SimpleData name="RuleID">1</SimpleData>
		<SimpleData name="Shape_Le_1">1.18036494633</SimpleData>
		<SimpleData name="Support">GDA</SimpleData>
		<SimpleData name="Shape_Le_2">1.18036494277</SimpleData>
		<SimpleData name="Shape_Area">0.04219642835</SimpleData>
	</SchemaData></ExtendedData>
      <Polygon><outerBoundaryIs><LinearRing><coordinates>32.768676758126048,-13.771789550946835,-0.0000235 32.773681640895177,-13.7760009762639,-0.0000235 32.783508300867538,-13.775085449333858,-0.0000235 32.768676758126048,-13.801574706807116,-0.0000235 32.748107910351962,-13.819824218312874,-0.0000235 32.721496581602139,-13.842102050469066,-0.0000235 32.700927734727308,-13.857788085851325,-0.0000235 32.72070312504934,-13.8767089844319,-0.0000235 32.743103027582833,-13.891723632739286,-0.0000235 32.771118163872302,-13.886779785158806,-0.0000235 32.789306640189466,-13.883483886771785,-0.0000235 32.822509765713278,-13.887390137045029,-0.0000235 32.823120117599501,-13.898315429513273,-0.0000235 32.824096679718139,-13.910217284999533,-0.0000235 32.827270507727917,-13.942016601185058,-0.0000235 32.829528808807652,-13.963195800845369,-0.0000235 32.847290038804424,-13.976806640713733,-0.0000235 32.809509277731138,-14.002990722243849,-0.0000235 32.802673340202659,-14.011108398733425,-0.0000235 32.795715332296936,-14.019287109512334,-0.0000235 32.712890625402217,-14.000122070177213,-0.0000235 32.650695800570929,-13.984680175549499,-0.0000235 32.53607177749069,-13.955017090066519,-0.0000235 32.52307128950855,-13.938781737986631,-0.0000235 32.533874511599606,-13.932189941212641,-0.0000235 32.553710937110225,-13.908203124674287,-0.0000235 32.559509277331472,-13.901611327900298,-0.0000235 32.586914062634037,-13.880981444937561,-0.0000235 32.610900879172384,-13.874389648163572,-0.0000235 32.651306152457146,-13.86187744169041,-0.0000235 32.673706054990589,-13.841308593916324,-0.0000235 32.689270019096284,-13.82312011759916,-0.0000235 32.686889648538624,-13.818176269119363,-0.0000235 32.6671142582166,-13.808227538769756,-0.0000235 32.646301269688024,-13.798278808420093,-0.0000235 32.641479492484734,-13.790893555093303,-0.0000235 32.662109375447471,-13.773498535328997,-0.0000235 32.674499511543388,-13.763610840167985,-0.0000235 32.687683105091367,-13.756896973016751,-0.0000235 32.715881347846107,-13.747802734408481,-0.0000235 32.737304687361586,-13.739624023629629,-0.0000235 32.750488280909622,-13.737121581795407,-0.0000235 32.76708984412118,-13.740478515371024,-0.0000235 32.782714843415476,-13.747009276956419,-0.0000235 32.778686523664305,-13.756896973016751,-0.0000235 32.779479980217104,-13.764404296720784,-0.0000235 32.768676758126048,-13.771789550946835,-0.0000235</coordinates></LinearRing></outerBoundaryIs></Polygon>
  </Placemark>
  <Placemark>
	<name>Nzamane</name>
	<Style><LineStyle><color>ff0000ff</color></LineStyle><PolyStyle><fill>0</fill></PolyStyle></Style>
	<ExtendedData><SchemaData schemaUrl="#GDA_Areas">
		<SimpleData name="Name">Nzamane</SimpleData>
		<SimpleData name="OBJECTID">13</SimpleData>
		<SimpleData name="Id">0</SimpleData>
		<SimpleData name="Density">0</SimpleData>
		<SimpleData name="No_Of_Farm">0</SimpleData>
		<SimpleData name="Snares">0</SimpleData>
		<SimpleData name="Guns">0</SimpleData>
		<SimpleData name="Snare">0</SimpleData>
		<SimpleData name="Pop_2010">49222</SimpleData>
		<SimpleData name="Values_">7032</SimpleData>
		<SimpleData name="pipo_05">0</SimpleData>
		<SimpleData name="pipo_06">0</SimpleData>
		<SimpleData name="pipo">0</SimpleData>
		<SimpleData name="pipo_08">0</SimpleData>
		<SimpleData name="pipo_09">0</SimpleData>
		<SimpleData name="pipo_10">0</SimpleData>
		<SimpleData name="pipo_11">0</SimpleData>
		<SimpleData name="Perimeter">142.15891802900</SimpleData>
		<SimpleData name="Area">561.22409582100</SimpleData>
		<SimpleData name="Acres">138681.49428600000</SimpleData>
		<SimpleData name="Hectares">56122.40958210000</SimpleData>
		<SimpleData name="Shape_Leng">1.29918420177</SimpleData>
		<SimpleData name="Category">COMACO</SimpleData>
		<SimpleData name="RuleID">1</SimpleData>
		<SimpleData name="Shape_Le_1">1.29727659954</SimpleData>
		<SimpleData name="Support">GDA</SimpleData>
		<SimpleData name="Shape_Le_2">1.29727660315</SimpleData>
		<SimpleData name="Shape_Area">0.04699976187</SimpleData>
	</SchemaData></ExtendedData>
      <Polygon><outerBoundaryIs><LinearRing><coordinates>32.346313476785667,-13.747680664031236,-0.0000235 32.362915039097913,-13.749389648413398,-0.0000235 32.37292480463617,-13.745300292574255,-0.0000235 32.388488769641185,-13.747680664031236,-0.0000235 32.400085449184303,-13.753479004252483,-0.0000235 32.409118652603922,-13.760009765837879,-0.0000235 32.424072265722657,-13.760986327956516,-0.0000235 32.443115234680477,-13.759277343574411,-0.0000235 32.457092284781311,-13.74011230423929,-0.0000235 32.466918945652992,-13.749023437281664,-0.0000235 32.467712402205734,-13.752075194914141,-0.0000235 32.471130370969995,-13.769287109112611,-0.0000235 32.472106933987959,-13.773376464951752,-0.0000235 32.476318359305026,-13.788024902127345,-0.0000235 32.480712890187874,-13.79339599602821,-0.0000235 32.485473633101833,-13.798278808420093,-0.0000235 32.487915038848143,-13.799926757613603,-0.0000235 32.488525390734367,-13.817993164452844,-0.0000235 32.477905273309887,-13.840209960521122,-0.0000235 32.462097167550382,-13.855224609727768,-0.0000235 32.457092284781311,-13.8767089844319,-0.0000235 32.440673828034903,-13.917175292905254,-0.0000235 32.422485351717796,-13.951904297245335,-0.0000235 32.425720214916169,-13.971801757944602,-0.0000235 32.422485351717796,-13.977478027788605,-0.0000235 32.413330077920932,-13.980712890986977,-0.0000235 32.407470703410411,-13.987487793326864,-0.0000235 32.404296875400632,-13.994079590100851,-0.0000235 32.395080566415174,-14.002380371256946,-0.0000235 32.379516601410216,-14.013916015611469,-0.0000235 32.376098632645949,-14.015502929616332,-0.0000235 32.37292480463617,-14.027099609159448,-0.0000235 32.36712646441498,-14.046081542928675,-0.0000235 32.36712646441498,-14.049499511692943,-0.0000235 32.369689941437798,-14.051391601640944,-0.0000235 32.358520508215065,-14.053710937909273,-0.0000235 32.333679199035998,-14.044006347414836,-0.0000235 32.325073241936707,-14.021911620824483,-0.0000235 32.332885742483199,-14.022705078276601,-0.0000235 32.336486816813306,-14.023010254219685,-0.0000235 32.342285156135233,-14.023803710772482,-0.0000235 32.348083496356423,-14.021301269837579,-0.0000235 32.357116698876723,-14.018188476117132,-0.0000235 32.364929199423159,-14.013122558159353,-0.0000235 32.382080078433034,-13.988525390634095,-0.0000235 32.385498047197295,-13.959594726515263,-0.0000235 32.386108398184206,-13.955688476242017,-0.0000235 32.388916015961513,-13.938903808363932,-0.0000235 32.390686035532269,-13.929809570654982,-0.0000235 32.392089843971291,-13.92401123043379,-0.0000235 32.394897460849272,-13.913696288952393,-0.0000235 32.354919433884959,-13.893310546744203,-0.0000235 32.351928710541699,-13.910400390565428,-0.0000235 32.345886230465339,-13.946716308910366,-0.0000235 32.321289062940082,-13.950317383240474,-0.0000235 32.315124511587101,-13.951477050925007,-0.0000235 32.295104980510587,-13.956420898505483,-0.0000235 32.291076659860153,-13.957092285580359,-0.0000235 32.281494140642224,-13.958679199585218,-0.0000235 32.25970458999501,-13.962219238726732,-0.0000235 32.248107910451893,-13.961791992406347,-0.0000235 32.242309570230645,-13.945312499572026,-0.0000235 32.203491210950794,-13.950012207297391,-0.0000235 32.1997070310548,-13.950805663850133,-0.0000235 32.178894042526224,-13.956604004071378,-0.0000235 32.184692382747414,-13.947326659897271,-0.0000235 32.190490722968661,-13.938415527754216,-0.0000235 32.193725586167034,-13.9332885746079,-0.0000235 32.198120117049939,-13.927001952877674,-0.0000235 32.214477539507008,-13.906677245858077,-0.0000235 32.217712402705388,-13.897583008149127,-0.0000235 32.221313476136174,-13.888916015861298,-0.0000235 32.222473144720027,-13.8767089844319,-0.0000235 32.228881835928178,-13.873229980479037,-0.0000235 32.232299804692389,-13.870422363601051,-0.0000235 32.234130859451795,-13.867492675446442,-0.0000235 32.240905761791623,-13.847229003615439,-0.0000235 32.244873047253513,-13.834777832330927,-0.0000235 32.247497558565613,-13.832397460873949,-0.0000235 32.255676269344519,-13.826599120652757,-0.0000235 32.257873535235603,-13.822082519392609,-0.0000235 32.256103515664904,-13.81707763662348,-0.0000235 32.250305175443657,-13.809875487963209,-0.0000235 32.271118163972233,-13.773498535328997,-0.0000235 32.289306640289396,-13.743713378569396,-0.0000235 32.299316405827653,-13.734497070483258,-0.0000235 32.309082031510684,-13.740295409805185,-0.0000235 32.329101562587198,-13.745300292574255,-0.0000235 32.346313476785667,-13.747680664031236,-0.0000235</coordinates></LinearRing></outerBoundaryIs></Polygon>
  </Placemark>
  <Placemark>
	<name>Nzamane</name>
	<Style><LineStyle><color>ff0000ff</color></LineStyle><PolyStyle><fill>0</fill></PolyStyle></Style>
	<ExtendedData><SchemaData schemaUrl="#GDA_Areas">
		<SimpleData name="Name">Nzamane</SimpleData>
		<SimpleData name="OBJECTID">14</SimpleData>
		<SimpleData name="Id">0</SimpleData>
		<SimpleData name="Density">0</SimpleData>
		<SimpleData name="No_Of_Farm">0</SimpleData>
		<SimpleData name="Snares">0</SimpleData>
		<SimpleData name="Guns">0</SimpleData>
		<SimpleData name="Snare">0</SimpleData>
		<SimpleData name="Pop_2010">0</SimpleData>
		<SimpleData name="Values_">0</SimpleData>
		<SimpleData name="pipo_05">0</SimpleData>
		<SimpleData name="pipo_06">0</SimpleData>
		<SimpleData name="pipo">0</SimpleData>
		<SimpleData name="pipo_08">0</SimpleData>
		<SimpleData name="pipo_09">0</SimpleData>
		<SimpleData name="pipo_10">0</SimpleData>
		<SimpleData name="pipo_11">0</SimpleData>
		<SimpleData name="Perimeter">84.40412795750</SimpleData>
		<SimpleData name="Area">217.33083887700</SimpleData>
		<SimpleData name="Acres">53703.61984530000</SimpleData>
		<SimpleData name="Hectares">21733.08388770000</SimpleData>
		<SimpleData name="Shape_Leng">0.77239673199</SimpleData>
		<SimpleData name="Category">COMACO</SimpleData>
		<SimpleData name="RuleID">1</SimpleData>
		<SimpleData name="Shape_Le_1">0.76504629663</SimpleData>
		<SimpleData name="Support">GDA</SimpleData>
		<SimpleData name="Shape_Le_2">0.76504629613</SimpleData>
		<SimpleData name="Shape_Area">0.01822416862</SimpleData>
	</SchemaData></ExtendedData>
      <Polygon><outerBoundaryIs><LinearRing><coordinates>32.153076172127783,-13.755676269244248,-0.0000235 32.170288086326309,-13.760498046447537,-0.0000235 32.187316894958883,-13.760498046447537,-0.0000235 32.195922851158798,-13.766113281102887,-0.0000235 32.203491210950794,-13.775695801220079,-0.0000235 32.205505371276047,-13.784301757419996,-0.0000235 32.216918945253269,-13.791015624571228,-0.0000235 32.233093262144507,-13.800476074311234,-0.0000235 32.250305175443657,-13.809875487963209,-0.0000235 32.256103515664904,-13.81707763662348,-0.0000235 32.257873535235603,-13.822082519392609,-0.0000235 32.255676269344519,-13.826599120652757,-0.0000235 32.247497558565613,-13.832397460873949,-0.0000235 32.244873047253513,-13.834777832330927,-0.0000235 32.240905761791623,-13.847229003615439,-0.0000235 32.234130859451795,-13.867492675446442,-0.0000235 32.232299804692389,-13.870422363601051,-0.0000235 32.228881835928178,-13.873229980479037,-0.0000235 32.222473144720027,-13.8767089844319,-0.0000235 32.221313476136174,-13.888916015861298,-0.0000235 32.217712402705388,-13.897583008149127,-0.0000235 32.214477539507008,-13.906677245858077,-0.0000235 32.198120117049939,-13.927001952877674,-0.0000235 32.193725586167034,-13.9332885746079,-0.0000235 32.190490722968661,-13.938415527754216,-0.0000235 32.184692382747414,-13.947326659897271,-0.0000235 32.178894042526224,-13.956604004071378,-0.0000235 32.174682617209157,-13.958618164396626,-0.0000235 32.167114257417211,-13.959411620949368,-0.0000235 32.163513183986424,-13.951110839793273,-0.0000235 32.162902832100201,-13.940795898311876,-0.0000235 32.161926269082244,-13.934997558990005,-0.0000235 32.159912109656318,-13.932312011589886,-0.0000235 32.163085937666033,-13.924926757363778,-0.0000235 32.161682129227074,-13.921325683932992,-0.0000235 32.157897949331073,-13.911682128627147,-0.0000235 32.155090332453028,-13.909729003490554,-0.0000235 32.151306152557083,-13.906188965248361,-0.0000235 32.149475097797676,-13.899108886965394,-0.0000235 32.149719238552166,-13.896179198810842,-0.0000235 32.151489258122922,-13.888610839918156,-0.0000235 32.156311035326212,-13.885009765588052,-0.0000235 32.157470703010688,-13.877624511361944,-0.0000235 32.155883789005827,-13.872314453549052,-0.0000235 32.157897949331073,-13.86608886700742,-0.0000235 32.159301757770095,-13.863098144563535,-0.0000235 32.165100097991285,-13.861511230558676,-0.0000235 32.16552734341235,-13.850097656581454,-0.0000235 32.165710448978189,-13.843627929285333,-0.0000235 32.164489746105062,-13.837219238077239,-0.0000235 32.161315918095283,-13.83001708941697,-0.0000235 32.15887451144971,-13.826293945608937,-0.0000235 32.149475097797676,-13.82342529264298,-0.0000235 32.145080566015451,-13.821716308260875,-0.0000235 32.139282226693581,-13.825622558534064,-0.0000235 32.13769531268872,-13.829101562486983,-0.0000235 32.134704590244837,-13.827819824425205,-0.0000235 32.12469482380726,-13.826599120652757,-0.0000235 32.116699218594249,-13.822387695335692,-0.0000235 32.110473632951937,-13.815979004127598,-0.0000235 32.10290527315999,-13.809509277730795,-0.0000235 32.109130859701565,-13.802429199447829,-0.0000235 32.100097656282003,-13.798095702854253,-0.0000235 32.099121094163308,-13.792602539475467,-0.0000235 32.098083495956757,-13.789916992075348,-0.0000235 32.096130370820106,-13.786376952933892,-0.0000235 32.091674804748607,-13.784790038928975,-0.0000235 32.088500976738828,-13.784729003740379,-0.0000235 32.083312988403861,-13.78710937519736,-0.0000235 32.080322265959978,-13.789306640189125,-0.0000235 32.072326659847647,-13.788085937315998,-0.0000235 32.065124512086754,-13.796691894415231,-0.0000235 32.061279297002102,-13.794921874844476,-0.0000235 32.058715819979284,-13.793029784896476,-0.0000235 32.053710937210148,-13.790283203207082,-0.0000235 32.045288085676759,-13.788024902127345,-0.0000235 32.03869628890277,-13.782226562805477,-0.0000235 32.033874511699537,-13.778503418098126,-0.0000235 32.031677245808389,-13.77227783245587,-0.0000235 32.030883789255654,-13.768676758125707,-0.0000235 32.049072265572754,-13.762329101206888,-0.0000235 32.09649658195184,-13.74859619096128,-0.0000235 32.115112304589331,-13.743713378569396,-0.0000235 32.121520995797482,-13.74621582040362,-0.0000235 32.129089355589421,-13.750976562418259,-0.0000235 32.153076172127783,-13.755676269244248,-0.0000235</coordinates></LinearRing></outerBoundaryIs></Polygon>
  </Placemark>
  <Placemark>
	<name>Chikuwe</name>
	<Style><LineStyle><color>ff0000ff</color></LineStyle><PolyStyle><fill>0</fill></PolyStyle></Style>
	<ExtendedData><SchemaData schemaUrl="#GDA_Areas">
		<SimpleData name="Name">Chikuwe</SimpleData>
		<SimpleData name="OBJECTID">15</SimpleData>
		<SimpleData name="Id">0</SimpleData>
		<SimpleData name="Density">0</SimpleData>
		<SimpleData name="No_Of_Farm">0</SimpleData>
		<SimpleData name="Snares">0</SimpleData>
		<SimpleData name="Guns">0</SimpleData>
		<SimpleData name="Snare">0</SimpleData>
		<SimpleData name="Pop_2010">0</SimpleData>
		<SimpleData name="Values_">0</SimpleData>
		<SimpleData name="pipo_05">0</SimpleData>
		<SimpleData name="pipo_06">0</SimpleData>
		<SimpleData name="pipo">0</SimpleData>
		<SimpleData name="pipo_08">0</SimpleData>
		<SimpleData name="pipo_09">0</SimpleData>
		<SimpleData name="pipo_10">0</SimpleData>
		<SimpleData name="pipo_11">0</SimpleData>
		<SimpleData name="Perimeter">162.87835765600</SimpleData>
		<SimpleData name="Area">676.16997916300</SimpleData>
		<SimpleData name="Acres">167085.24063799999</SimpleData>
		<SimpleData name="Hectares">67616.99791630000</SimpleData>
		<SimpleData name="Shape_Leng">1.49158264598</SimpleData>
		<SimpleData name="Category">COMACO</SimpleData>
		<SimpleData name="RuleID">1</SimpleData>
		<SimpleData name="Shape_Le_1">1.48283488185</SimpleData>
		<SimpleData name="Support">GDA</SimpleData>
		<SimpleData name="Shape_Le_2">1.48283488049</SimpleData>
		<SimpleData name="Shape_Area">0.05634464695</SimpleData>
	</SchemaData></ExtendedData>
      <Polygon><outerBoundaryIs><LinearRing><coordinates>32.272277831656766,-13.465087890893301,-0.0000235 32.279724121071467,-13.466003417823288,-0.0000235 32.292724609053607,-13.464111327875344,-0.0000235 32.317687988609975,-13.460510253545181,-0.0000235 32.348876952909215,-13.456787109737149,-0.0000235 32.353881835678351,-13.456115722662332,-0.0000235 32.354492187564574,-13.452209472389086,-0.0000235 32.355712890437701,-13.43939208997284,-0.0000235 32.355102539450797,-13.432800293198795,-0.0000235 32.355102539450797,-13.427795410429667,-0.0000235 32.348327637110913,-13.426391601990701,-0.0000235 32.348327637110913,-13.417724609702816,-0.0000235 32.36169433622478,-13.414611815982369,-0.0000235 32.36468505866867,-13.413208007543346,-0.0000235 32.375671386325564,-13.408691406283197,-0.0000235 32.381103515415077,-13.407104492278336,-0.0000235 32.394470214528951,-13.403625488325474,-0.0000235 32.399475097298073,-13.402709960496111,-0.0000235 32.408081054397314,-13.400695801070185,-0.0000235 32.411071777740517,-13.399597167674983,-0.0000235 32.415710449377912,-13.395996093344877,-0.0000235 32.423278808270538,-13.390808105909173,-0.0000235 32.428527831794156,-13.387695312188725,-0.0000235 32.430480956930808,-13.382812499796842,-0.0000235 32.434326172015396,-13.370117187757842,-0.0000235 32.444519043119499,-13.374389648263501,-0.0000235 32.46551513631465,-13.382690429419597,-0.0000235 32.483276367210749,-13.382202148809938,-0.0000235 32.486877441540855,-13.382080078432693,-0.0000235 32.490722656625451,-13.386779785258739,-0.0000235 32.493530273503495,-13.390319824400194,-0.0000235 32.500671386975114,-13.398925781499429,-0.0000235 32.503112792721367,-13.401000976114005,-0.0000235 32.519897460599502,-13.414611815982369,-0.0000235 32.511474609066113,-13.42681884741171,-0.0000235 32.506713867051474,-13.431823730180838,-0.0000235 32.502502441734464,-13.432800293198795,-0.0000235 32.499084472970196,-13.435791015642677,-0.0000235 32.495910644960475,-13.439025878841049,-0.0000235 32.491088866857865,-13.443115234680192,-0.0000235 32.489501952853004,-13.452819824275309,-0.0000235 32.488281249979877,-13.459777832181032,-0.0000235 32.492309570630368,-13.466613769709568,-0.0000235 32.496093749626986,-13.472595214597334,-0.0000235 32.50610351606457,-13.481628418016896,-0.0000235 32.509094238508453,-13.484313964517694,-0.0000235 32.512695312838559,-13.486083984088452,-0.0000235 32.525695800820699,-13.490112304738886,-0.0000235 32.531494141041946,-13.491821289121047,-0.0000235 32.550476073911852,-13.497924804386059,-0.0000235 32.556091308567204,-13.522583007999286,-0.0000235 32.540100097241861,-13.522094726490252,-0.0000235 32.528686523264582,-13.522094726490252,-0.0000235 32.516296386269403,-13.514526367597623,-0.0000235 32.507690430069431,-13.50402832055039,-0.0000235 32.500915527729603,-13.517395019664264,-0.0000235 32.494323730056237,-13.521179199560263,-0.0000235 32.483886719096972,-13.522094726490252,-0.0000235 32.48089599575377,-13.530700683589544,-0.0000235 32.497070312644951,-13.546020507840012,-0.0000235 32.507690430069431,-13.560302734783249,-0.0000235 32.51428222684347,-13.585998534804389,-0.0000235 32.516296386269403,-13.597412109680931,-0.0000235 32.524902343368638,-13.60510253895086,-0.0000235 32.515319824150701,-13.625122070027373,-0.0000235 32.485717773856322,-13.623229980079373,-0.0000235 32.460876464677256,-13.631774901989957,-0.0000235 32.434326172015396,-13.642211913848596,-0.0000235 32.425720214916169,-13.643188476866555,-0.0000235 32.416076660509646,-13.637512207022553,-0.0000235 32.395080566415174,-13.642211913848596,-0.0000235 32.38647460931594,-13.647705078126704,-0.0000235 32.379699706976055,-13.641906737905458,-0.0000235 32.36810302743293,-13.632019042744446,-0.0000235 32.364318847536936,-13.625183105215967,-0.0000235 32.360107422219926,-13.617004394437117,-0.0000235 32.344116210894583,-13.606018066780221,-0.0000235 32.341918945003499,-13.603088378625614,-0.0000235 32.339721680011678,-13.599914550615836,-0.0000235 32.335876464927082,-13.592895507521519,-0.0000235 32.335083007474957,-13.589294433191355,-0.0000235 32.33471679724255,-13.584716796742612,-0.0000235 32.323730468686335,-13.578491211100355,-0.0000235 32.318298339596879,-13.573486328331228,-0.0000235 32.305297851614739,-13.562683105340851,-0.0000235 32.294677734190259,-13.558105468892109,-0.0000235 32.288513183736598,-13.555297851114801,-0.0000235 32.282897949081246,-13.552307128670916,-0.0000235 32.270080566665001,-13.545288085576544,-0.0000235 32.259887695560849,-13.546508789348989,-0.0000235 32.252319335768895,-13.547729492222116,-0.0000235 32.251708984781999,-13.5388183591798,-0.0000235 32.251098632895776,-13.534179687542405,-0.0000235 32.258483887121884,-13.520507812485391,-0.0000235 32.260498046547752,-13.51678466777804,-0.0000235 32.261901855886094,-13.513610839768262,-0.0000235 32.263488769890955,-13.508789062565029,-0.0000235 32.264709472764139,-13.503417968664166,-0.0000235 32.264892578329977,-13.499389648013675,-0.0000235 32.258300781555988,-13.492614745673791,-0.0000235 32.248107910451893,-13.486999511917757,-0.0000235 32.243530273103772,-13.48498535159257,-0.0000235 32.239685058918496,-13.483398437587653,-0.0000235 32.212524414370364,-13.474182128602193,-0.0000235 32.209472655838567,-13.473327636860802,-0.0000235 32.206481933394684,-13.472412109031438,-0.0000235 32.196105956724693,-13.470214844039674,-0.0000235 32.18670654307266,-13.467590331828205,-0.0000235 32.180725097285574,-13.463317871322543,-0.0000235 32.176879883100298,-13.460327148878662,-0.0000235 32.159301757770095,-13.460083008124172,-0.0000235 32.150329589539062,-13.457885742233032,-0.0000235 32.134704590244837,-13.453308105784288,-0.0000235 32.124511719140685,-13.451416015836287,-0.0000235 32.155883789005827,-13.42681884741171,-0.0000235 32.16790771486933,-13.416503905930368,-0.0000235 32.175292969095437,-13.408996582226337,-0.0000235 32.1906738285345,-13.39050292996609,-0.0000235 32.192687987960426,-13.38812255850911,-0.0000235 32.198303222615777,-13.381408691357876,-0.0000235 32.217529297139492,-13.35998535184234,-0.0000235 32.230895996253366,-13.372375487938255,-0.0000235 32.234313965017634,-13.380676269094408,-0.0000235 32.234497070583529,-13.389221191004992,-0.0000235 32.241088867357519,-13.400390625127102,-0.0000235 32.244323730555891,-13.406799316335196,-0.0000235 32.250488281009545,-13.419311523707677,-0.0000235 32.253112793221014,-13.423889160156477,-0.0000235 32.25512695354621,-13.438415526954827,-0.0000235 32.252502441334741,-13.454406738280168,-0.0000235 32.25488281279172,-13.460388183167936,-0.0000235 32.256286621230743,-13.463684082454279,-0.0000235 32.264709472764139,-13.464477539007076,-0.0000235 32.272277831656766,-13.465087890893301,-0.0000235</coordinates></LinearRing></outerBoundaryIs></Polygon>
  </Placemark>
  <Placemark>
	<name>Jumbe</name>
	<Style><LineStyle><color>ff0000ff</color></LineStyle><PolyStyle><fill>0</fill></PolyStyle></Style>
	<ExtendedData><SchemaData schemaUrl="#GDA_Areas">
		<SimpleData name="Name">Jumbe</SimpleData>
		<SimpleData name="OBJECTID">16</SimpleData>
		<SimpleData name="Id">0</SimpleData>
		<SimpleData name="Density">0</SimpleData>
		<SimpleData name="No_Of_Farm">1012</SimpleData>
		<SimpleData name="Snares">0</SimpleData>
		<SimpleData name="Guns">0</SimpleData>
		<SimpleData name="Snare">0</SimpleData>
		<SimpleData name="Pop_2010">18881</SimpleData>
		<SimpleData name="Values_">2697</SimpleData>
		<SimpleData name="pipo_05">0</SimpleData>
		<SimpleData name="pipo_06">0</SimpleData>
		<SimpleData name="pipo">0</SimpleData>
		<SimpleData name="pipo_08">0</SimpleData>
		<SimpleData name="pipo_09">0</SimpleData>
		<SimpleData name="pipo_10">0</SimpleData>
		<SimpleData name="pipo_11">0</SimpleData>
		<SimpleData name="Perimeter">280.32636284500</SimpleData>
		<SimpleData name="Area">2018.68181599000</SimpleData>
		<SimpleData name="Acres">498827.14020099997</SimpleData>
		<SimpleData name="Hectares">201868.18159900000</SimpleData>
		<SimpleData name="Shape_Leng">2.56232251083</SimpleData>
		<SimpleData name="Category">COMACO</SimpleData>
		<SimpleData name="RuleID">1</SimpleData>
		<SimpleData name="Shape_Le_1">2.55268930243</SimpleData>
		<SimpleData name="Support">GDA</SimpleData>
		<SimpleData name="Shape_Le_2">2.55268930151</SimpleData>
		<SimpleData name="Shape_Area">0.16843523631</SimpleData>
	</SchemaData></ExtendedData>
      <Polygon><outerBoundaryIs><LinearRing><coordinates>32.36627197267358,-13.169311523308009,-0.0000235 32.36230468721169,-13.180725097285233,-0.0000235 32.355285644117366,-13.179016112903128,-0.0000235 32.349487304795446,-13.18017578148698,-0.0000235 32.344482422026317,-13.182983398364968,-0.0000235 32.342102050569338,-13.185913085620255,-0.0000235 32.338317870673336,-13.190795898012141,-0.0000235 32.335327148229453,-13.193786621355343,-0.0000235 32.338073730818166,-13.199829101431703,-0.0000235 32.335693359361187,-13.203979492459437,-0.0000235 32.333129883237682,-13.208618164096832,-0.0000235 32.330078124705835,-13.211425780974876,-0.0000235 32.325683593822987,-13.215576172002557,-0.0000235 32.323913574252231,-13.219726562130971,-0.0000235 32.335510253795348,-13.227905273809199,-0.0000235 32.345520019333605,-13.242797851739283,-0.0000235 32.351928710541699,-13.24011230433922,-0.0000235 32.362121581645852,-13.235717773456315,-0.0000235 32.365112304989054,-13.235412597513232,-0.0000235 32.370483397990597,-13.236389160531189,-0.0000235 32.373291015767904,-13.239685058918155,-0.0000235 32.378295898537026,-13.244812012064529,-0.0000235 32.382324219187524,-13.245727538994572,-0.0000235 32.389709472514312,-13.245422363051432,-0.0000235 32.393310546844418,-13.249877930022308,-0.0000235 32.396911621174524,-13.254394531282458,-0.0000235 32.405700683839655,-13.251403808838575,-0.0000235 32.410522461042888,-13.257812500046667,-0.0000235 32.413696289052666,-13.26580810525968,-0.0000235 32.421081543278774,-13.261108398433691,-0.0000235 32.425109863029945,-13.260620116924711,-0.0000235 32.428527831794156,-13.262512206872714,-0.0000235 32.434509277581242,-13.266784668277637,-0.0000235 32.439880371482104,-13.266113281202818,-0.0000235 32.439086914030042,-13.271606445480927,-0.0000235 32.440124511337274,-13.277282714425553,-0.0000235 32.439270019595881,-13.281127929510205,-0.0000235 32.438476562143819,-13.288513183736256,-0.0000235 32.438293457477243,-13.291992187689175,-0.0000235 32.431701659803934,-13.296875000081002,-0.0000235 32.428894042925883,-13.298522949274512,-0.0000235 32.42492675746405,-13.298889160406247,-0.0000235 32.429321289246275,-13.306213378544442,-0.0000235 32.427673340052763,-13.315124511586758,-0.0000235 32.425903320482007,-13.323486327931505,-0.0000235 32.421325684033263,-13.332519531351123,-0.0000235 32.426513671468911,-13.346679687917115,-0.0000235 32.430725097685297,-13.361206054715467,-0.0000235 32.434326172015396,-13.370117187757842,-0.0000235 32.430480956930808,-13.382812499796842,-0.0000235 32.428527831794156,-13.387695312188725,-0.0000235 32.423278808270538,-13.390808105909173,-0.0000235 32.415710449377912,-13.395996093344877,-0.0000235 32.411071777740517,-13.399597167674983,-0.0000235 32.408081054397314,-13.400695801070185,-0.0000235 32.399475097298073,-13.402709960496111,-0.0000235 32.394470214528951,-13.403625488325474,-0.0000235 32.381103515415077,-13.407104492278336,-0.0000235 32.375671386325564,-13.408691406283197,-0.0000235 32.36468505866867,-13.413208007543346,-0.0000235 32.36169433622478,-13.414611815982369,-0.0000235 32.348327637110913,-13.417724609702816,-0.0000235 32.348327637110913,-13.426391601990701,-0.0000235 32.355285644117366,-13.427795410429667,-0.0000235 32.355102539450797,-13.432800293198795,-0.0000235 32.355712890437701,-13.43939208997284,-0.0000235 32.354492187564574,-13.452209472389086,-0.0000235 32.353881835678351,-13.456115722662332,-0.0000235 32.348876952909215,-13.456787109737149,-0.0000235 32.317687988609975,-13.460510253545181,-0.0000235 32.292724609053607,-13.464111327875344,-0.0000235 32.279724121071467,-13.466003417823288,-0.0000235 32.272277831656766,-13.465087890893301,-0.0000235 32.264709472764139,-13.464477539007076,-0.0000235 32.256286621230743,-13.463684082454279,-0.0000235 32.25488281279172,-13.460388183167936,-0.0000235 32.252502441334741,-13.454406738280168,-0.0000235 32.25512695354621,-13.438415526954827,-0.0000235 32.250488281009545,-13.419311523707677,-0.0000235 32.244323730555891,-13.406799316335196,-0.0000235 32.241088867357519,-13.400390625127102,-0.0000235 32.234497070583529,-13.389221191004992,-0.0000235 32.234313965017634,-13.380676269094408,-0.0000235 32.230895996253366,-13.372375487938255,-0.0000235 32.217529297139492,-13.35998535184234,-0.0000235 32.198303222615777,-13.381408691357876,-0.0000235 32.192687987960426,-13.38812255850911,-0.0000235 32.1906738285345,-13.39050292996609,-0.0000235 32.175292969095437,-13.408996582226337,-0.0000235 32.16790771486933,-13.416503905930368,-0.0000235 32.160278319888732,-13.425415038972687,-0.0000235 32.124511719140685,-13.451416015836287,-0.0000235 32.120483398490194,-13.458190918176172,-0.0000235 32.112915038698247,-13.468994140267228,-0.0000235 32.11712646491457,-13.478515625195767,-0.0000235 32.11828613259911,-13.481628418016896,-0.0000235 32.122070312495111,-13.492187500252783,-0.0000235 32.119506836371556,-13.499511718390918,-0.0000235 32.125122070127588,-13.504821777103189,-0.0000235 32.121887206929216,-13.516601562212145,-0.0000235 32.122314453249601,-13.528808593641543,-0.0000235 32.131713866901578,-13.529174804773277,-0.0000235 32.133483886472334,-13.53192138646267,-0.0000235 32.131530761335739,-13.534790039428628,-0.0000235 32.138122559009048,-13.541625976957107,-0.0000235 32.146728515208963,-13.537902832249756,-0.0000235 32.147888183792816,-13.546386718971746,-0.0000235 32.158081054896911,-13.5424804686985,-0.0000235 32.159118652204199,-13.54858398396351,-0.0000235 32.164916992425447,-13.54858398396351,-0.0000235 32.163879394218839,-13.555908203001025,-0.0000235 32.171508789199436,-13.562683105340851,-0.0000235 32.181701660303531,-13.561828613599459,-0.0000235 32.182922363176658,-13.569091796549003,-0.0000235 32.191101073955565,-13.576110839643377,-0.0000235 32.193908691732929,-13.583984375378463,-0.0000235 32.212707519936252,-13.583923340189813,-0.0000235 32.221130371469656,-13.592712401955623,-0.0000235 32.224121093913539,-13.595825195676071,-0.0000235 32.242309570230645,-13.604492187064636,-0.0000235 32.238281249580155,-13.6154174804322,-0.0000235 32.244689941687625,-13.620422363201328,-0.0000235 32.249511718890851,-13.624206543097328,-0.0000235 32.249694824456753,-13.62872314435748,-0.0000235 32.239501953352658,-13.62847900360299,-0.0000235 32.226928710791526,-13.627502441484353,-0.0000235 32.222290039154132,-13.62390136715419,-0.0000235 32.217712402705388,-13.623107910601448,-0.0000235 32.213928222809386,-13.623413085645209,-0.0000235 32.207519531601292,-13.624206543097328,-0.0000235 32.204284668402863,-13.624816894084232,-0.0000235 32.195129394606056,-13.627197265541213,-0.0000235 32.188476562643416,-13.626708984032234,-0.0000235 32.174682617209157,-13.624206543097328,-0.0000235 32.171691894765274,-13.623718261588351,-0.0000235 32.160522460643222,-13.621276855842041,-0.0000235 32.156311035326212,-13.618896484385061,-0.0000235 32.151489258122922,-13.615112304489116,-0.0000235 32.129699707475709,-13.619812011315105,-0.0000235 32.117309570480472,-13.612182617233827,-0.0000235 32.076904297195711,-13.614501953502211,-0.0000235 32.071105956974513,-13.608825683658209,-0.0000235 32.055480956780912,-13.593322753841846,-0.0000235 32.049499511893146,-13.587585448809248,-0.0000235 32.046874999681677,-13.577880859214133,-0.0000235 32.042297363232876,-13.574523925638516,-0.0000235 32.012084961052267,-13.551574707306711,-0.0000235 31.996520996047309,-13.534179687542405,-0.0000235 31.979125976282944,-13.532104492028507,-0.0000235 31.97607421865041,-13.532104492028507,-0.0000235 31.981323242174025,-13.506713867051189,-0.0000235 31.982116699626143,-13.500610351786122,-0.0000235 31.982116699626143,-13.495910644960132,-0.0000235 31.980285644866793,-13.488220214790942,-0.0000235 31.978698730861879,-13.482910156078672,-0.0000235 31.969482421876421,-13.456604004171309,-0.0000235 31.966491699432535,-13.448425293392404,-0.0000235 31.953125000318664,-13.41809081993523,-0.0000235 31.950927734427577,-13.411926269481569,-0.0000235 31.948120117549532,-13.402221679886452,-0.0000235 31.945312499772225,-13.39208984397095,-0.0000235 31.942687988460079,-13.384704589744842,-0.0000235 31.942687988460079,-13.379089355089491,-0.0000235 31.943481445012818,-13.373229980578968,-0.0000235 31.947326660097474,-13.355102539450456,-0.0000235 31.949890137120288,-13.343811034951157,-0.0000235 31.966674804998434,-13.314208984656773,-0.0000235 31.971313476635828,-13.306579589676174,-0.0000235 31.9921264651644,-13.294677734189918,-0.0000235 32.006713867151404,-13.286010741902032,-0.0000235 32.023681640595385,-13.266906738654882,-0.0000235 32.026489257473429,-13.263610840267916,-0.0000235 32.02990722623764,-13.259399414051529,-0.0000235 32.03631591834511,-13.251892089448232,-0.0000235 32.039489746354889,-13.244201660178305,-0.0000235 32.041320801114239,-13.240722656225444,-0.0000235 32.068115234530637,-13.235412597513232,-0.0000235 32.078125000068837,-13.233520507565231,-0.0000235 32.082885742083477,-13.225219726409078,-0.0000235 32.082092285530727,-13.216125488700184,-0.0000235 32.078491211200628,-13.185485840199192,-0.0000235 32.082092285530727,-13.166625976807211,-0.0000235 32.083923340290077,-13.161315918094999,-0.0000235 32.09252929649,-13.146911620774517,-0.0000235 32.098510742277085,-13.137695312688379,-0.0000235 32.124511719140685,-13.12341308574514,-0.0000235 32.132690429919585,-13.119506836371215,-0.0000235 32.148071289358654,-13.11199951176792,-0.0000235 32.153320312882272,-13.109802245876779,-0.0000235 32.182922363176658,-13.097595214447438,-0.0000235 32.188293457077521,-13.095581055021512,-0.0000235 32.194274901965343,-13.093627929884915,-0.0000235 32.201721191380038,-13.092224121445893,-0.0000235 32.209716796593057,-13.079895019639309,-0.0000235 32.211730956918302,-13.07751464818233,-0.0000235 32.216308593367046,-13.069580078157912,-0.0000235 32.226501464471198,-13.054077148341548,-0.0000235 32.231323242573751,-13.039794922297686,-0.0000235 32.247680664131501,-12.992797851339615,-0.0000235 32.290527344061843,-13.002502441834054,-0.0000235 32.45251464833251,-13.039123535222814,-0.0000235 32.461914062883864,-13.041809081723555,-0.0000235 32.461730957317968,-13.04699707005858,-0.0000235 32.449096679568292,-13.048278809019678,-0.0000235 32.445312499672298,-13.05120849627491,-0.0000235 32.437316894459286,-13.051696777783889,-0.0000235 32.436279297151998,-13.057983398614795,-0.0000235 32.439270019595881,-13.066406250148191,-0.0000235 32.432495117255989,-13.078002929691309,-0.0000235 32.430725097685297,-13.08117675770103,-0.0000235 32.410888672174622,-13.104675292730406,-0.0000235 32.402709960496452,-13.108825683758139,-0.0000235 32.399291992631504,-13.113098144263802,-0.0000235 32.39471435528344,-13.119079590050887,-0.0000235 32.39227294953713,-13.124206543197259,-0.0000235 32.385681152763141,-13.13317871052891,-0.0000235 32.380493164428174,-13.135803222740378,-0.0000235 32.368530273753322,-13.14172363243955,-0.0000235 32.366088867107692,-13.151306152556742,-0.0000235 32.367492675546714,-13.154602050943707,-0.0000235 32.368286132998776,-13.15820312527387,-0.0000235 32.3734741213338,-13.164428710916127,-0.0000235 32.36627197267358,-13.169311523308009,-0.0000235</coordinates></LinearRing></outerBoundaryIs></Polygon>
  </Placemark>
  <Placemark>
	<name>Mbangombwe</name>
	<Style><LineStyle><color>ff0000ff</color></LineStyle><PolyStyle><fill>0</fill></PolyStyle></Style>
	<ExtendedData><SchemaData schemaUrl="#GDA_Areas">
		<SimpleData name="Name">Mbangombwe</SimpleData>
		<SimpleData name="OBJECTID">17</SimpleData>
		<SimpleData name="Id">0</SimpleData>
		<SimpleData name="Density">21</SimpleData>
		<SimpleData name="No_Of_Farm">0</SimpleData>
		<SimpleData name="Snares">0</SimpleData>
		<SimpleData name="Guns">0</SimpleData>
		<SimpleData name="Snare">0</SimpleData>
		<SimpleData name="Pop_2010">48638</SimpleData>
		<SimpleData name="Values_">6948</SimpleData>
		<SimpleData name="pipo_05">0</SimpleData>
		<SimpleData name="pipo_06">0</SimpleData>
		<SimpleData name="pipo">0</SimpleData>
		<SimpleData name="pipo_08">0</SimpleData>
		<SimpleData name="pipo_09">0</SimpleData>
		<SimpleData name="pipo_10">0</SimpleData>
		<SimpleData name="pipo_11">0</SimpleData>
		<SimpleData name="Perimeter">161.43884965600</SimpleData>
		<SimpleData name="Area">755.12167416900</SimpleData>
		<SimpleData name="Acres">186594.62935000000</SimpleData>
		<SimpleData name="Hectares">75512.16741690000</SimpleData>
		<SimpleData name="Shape_Leng">1.47879102798</SimpleData>
		<SimpleData name="Category">COMACO</SimpleData>
		<SimpleData name="RuleID">1</SimpleData>
		<SimpleData name="Shape_Le_1">1.40746141453</SimpleData>
		<SimpleData name="Support">GDA</SimpleData>
		<SimpleData name="Shape_Le_2">1.37841620293</SimpleData>
		<SimpleData name="Shape_Area">0.06776348449</SimpleData>
	</SchemaData></ExtendedData>
      <Polygon><outerBoundaryIs><LinearRing><coordinates>31.884704589845111,-13.823370451984601,20.9999765 31.885314941731334,-13.830084319135835,20.9999765 31.889282226293854,-13.828863616262709,20.9999765 31.893920898830572,-13.834356780540816,20.9999765 31.897705077827254,-13.837591643739188,20.9999765 31.902099609609476,-13.840765471748966,20.9999765 31.909484862936264,-13.846258636027073,20.9999765 31.911499023261452,-13.848761076961976,20.9999765 31.912292480713571,-13.85175180030518,20.9999765 31.912109375147732,-13.855474944113212,20.9999765 31.910888672274552,-13.85834359707917,20.9999765 31.909912109256595,-13.861090178768563,20.9999765 31.909484862936264,-13.865179534607648,20.9999765 31.909484862936264,-13.868048186674343,20.9999765 31.916076659710253,-13.87854623372152,20.9999765 31.918884277487564,-13.885260100872813,20.9999765 31.919677734040359,-13.889349455812578,20.9999765 31.919311523807945,-13.896368498906952,20.9999765 31.918701171921722,-13.899969573237057,20.9999765 31.915527343911947,-13.911566252780176,20.9999765 31.918701171921722,-13.920172209879411,20.9999765 31.919311523807945,-13.923773284209517,20.9999765 31.917907714469603,-13.927862640048659,20.9999765 31.91308593726637,-13.94147347991702,20.9999765 31.911682128827351,-13.945379729290892,20.9999765 31.910888672274552,-13.951483245455279,20.9999765 31.911071776941128,-13.958075042229266,20.9999765 31.911315917695614,-13.964056487117034,20.9999765 31.914672851271234,-13.969061369886163,20.9999765 31.920104980360748,-13.977789397362642,20.9999765 31.924316406577077,-13.983343596829343,20.9999765 31.930480957030678,-13.987860198089491,20.9999765 31.940124511437205,-13.994268889297643,20.9999765 31.944885254351163,-13.996954436697763,20.9999765 31.958312988653688,-14.003668303848997,20.9999765 31.966918945752923,-14.007757659688082,20.9999765 31.982910156178942,-14.014959807448973,20.9999765 31.98571777305693,-14.016058440844233,20.9999765 31.998291015618065,-14.018438811401893,20.9999765 32.004882812392054,-14.019781584652263,20.9999765 32.009887695161183,-14.020575042104326,20.9999765 32.018920898580745,-14.030157561322255,20.9999765 32.025085449034407,-14.038641448044244,20.9999765 32.025878906486525,-14.056158538185855,20.9999765 32.017272949387291,-14.071173186493183,20.9999765 31.996093749726921,-14.083746429054315,20.9999765 31.963317871422817,-14.096136565150173,20.9999765 31.957092284881188,-14.099676604291687,20.9999765 31.948120117549532,-14.098761077361644,20.9999765 31.940124511437205,-14.103277678621794,20.9999765 31.933105468342831,-14.109442229974775,20.9999765 31.926879882700572,-14.111273283834805,20.9999765 31.903686523614343,-14.114752287787665,20.9999765 31.878906249623867,-14.12366342083004,20.9999765 31.848693847443254,-14.129889006472297,20.9999765 31.82647705047566,-14.127142424782901,20.9999765 31.760925292968068,-14.125372405212147,20.9999765 31.727111816457356,-14.130743499113009,20.9999765 31.7169189453532,-14.135565276316299,20.9999765 31.709899902258822,-14.144537444547266,20.9999765 31.701904297045814,-14.147161955859417,20.9999765 31.694702148385602,-14.133856291934194,20.9999765 31.692077637073453,-14.125860686721181,20.9999765 31.6903076175027,-14.120550628008914,20.9999765 31.687683105291232,-14.115972991560168,20.9999765 31.678710937060256,-14.113470549725946,20.9999765 31.661926269182118,-14.114264007178008,20.9999765 31.646911620874789,-14.112555022795901,20.9999765 31.641479491785276,-14.110785003225146,20.9999765 31.637878418354493,-14.104559416683571,20.9999765 31.633483886572261,-14.086859221875443,20.9999765 31.63427734402438,-14.038885588798735,20.9999765 31.63427734402438,-14.012274260948232,20.9999765 31.631713767176787,-13.953423556152018,20.9999765 31.703075000311173,-13.952759053387465,20.9999765 31.704061999961482,-13.975787054129057,20.9999765 31.724734545862756,-13.97552400692723,20.9999765 31.740871858349752,-13.975318669221053,20.9999765 31.754899404484092,-13.975140176277932,20.9999765 31.768969526322731,-13.974961141043648,20.9999765 31.780955427950801,-13.974808627715845,20.9999765 31.79081500041212,-13.974683053579895,20.9999765 31.788813999866363,-13.97183105425961,20.9999765 31.788626000189936,-13.971563053591863,20.9999765 31.786761999666737,-13.969067053601464,20.9999765 31.787469999940697,-13.967009054024457,20.9999765 31.787807000193084,-13.964733053387533,20.9999765 31.787716000493216,-13.960871053356243,20.9999765 31.788977000188595,-13.955444053100392,20.9999765 31.792069999830797,-13.953878053729056,20.9999765 31.799872999939168,-13.951475053530714,20.9999765 31.801450999863903,-13.949449053630758,20.9999765 31.801302000187317,-13.944819053256538,20.9999765 31.80015200021478,-13.940672054471577,20.9999765 31.802401000505938,-13.937356054438226,20.9999765 31.805399000263833,-13.935473053938153,20.9999765 31.808695000274213,-13.931718054344572,20.9999765 31.811175999572868,-13.928666053895084,20.9999765 31.815061999811629,-13.928033053482466,20.9999765 31.813937999239442,-13.922477053573004,20.9999765 31.813554999563731,-13.917313053754242,20.9999765 31.814431999537302,-13.914252053789085,20.9999765 31.816728999344033,-13.911162053385908,20.9999765 31.818856999451157,-13.905621053268817,20.9999765 31.822175999622857,-13.89996905342889,20.9999765 31.824458999683255,-13.896791053464197,20.9999765 31.826302000137385,-13.892972054516518,20.9999765 31.827037999903951,-13.889739053814139,20.9999765 31.82419400005324,-13.885539054383685,20.9999765 31.825023999658011,-13.882389053911536,20.9999765 31.823046000172951,-13.877894053467628,20.9999765 31.825156999496073,-13.874758053641131,20.9999765 31.829191000264647,-13.871540053630383,20.9999765 31.830357000075647,-13.865841053421718,20.9999765 31.831426866856589,-13.862511086916982,20.9999765 31.832428000252147,-13.859395053838512,20.9999765 31.83461799962117,-13.855121053693495,20.9999765 31.83518799982647,-13.85316105323983,20.9999765 31.837494000048252,-13.850840053225738,20.9999765 31.840931000265641,-13.847583053215146,20.9999765 31.841819999893232,-13.845426054468703,20.9999765 31.842196000145464,-13.842517054318421,20.9999765 31.843607000462839,-13.83822005401214,20.9999765 31.846072999969124,-13.834365000344349,20.9999765 31.850019000276799,-13.835224000387143,20.9999765 31.852207000452893,-13.834403000298039,20.9999765 31.853930000769086,-13.829419999832963,20.9999765 31.854677000143624,-13.826945999957786,20.9999765 31.858397999967906,-13.8245039997596,20.9999765 31.857124000572355,-13.821496999586714,20.9999765 31.858043999830898,-13.818155000152956,20.9999765 31.859662999847725,-13.815857999446962,20.9999765 31.861192999357627,-13.813821999985123,20.9999765 31.856872558222168,-13.812567229893602,20.9999765 31.852905273659644,-13.795172210129238,20.9999765 31.852722168093749,-13.790838713535662,20.9999765 31.855529784971736,-13.78888558929833,20.9999765 31.861511230758875,-13.788153167034864,20.9999765 31.866271972773514,-13.788580413355248,20.9999765 31.869689941537732,-13.790472503303247,20.9999765 31.878112793071121,-13.797552580686897,20.9999765 31.880920409949109,-13.801886077280471,20.9999765 31.883483886971984,-13.805670257176471,20.9999765 31.883728027726473,-13.810492034379706,20.9999765 31.88427734352473,-13.817266936719591,20.9999765 31.884704589845111,-13.823370451984601,20.9999765</coordinates></LinearRing></outerBoundaryIs></Polygon>
  </Placemark>
  <Placemark>
	<name>Mbangombwe</name>
	<Style><LineStyle><color>ff0000ff</color></LineStyle><PolyStyle><fill>0</fill></PolyStyle></Style>
	<ExtendedData><SchemaData schemaUrl="#GDA_Areas">
		<SimpleData name="Name">Mbangombwe</SimpleData>
		<SimpleData name="OBJECTID">18</SimpleData>
		<SimpleData name="Id">0</SimpleData>
		<SimpleData name="Density">25</SimpleData>
		<SimpleData name="No_Of_Farm">0</SimpleData>
		<SimpleData name="Snares">0</SimpleData>
		<SimpleData name="Guns">0</SimpleData>
		<SimpleData name="Snare">0</SimpleData>
		<SimpleData name="Pop_2010">27448</SimpleData>
		<SimpleData name="Values_">3921</SimpleData>
		<SimpleData name="pipo_05">0</SimpleData>
		<SimpleData name="pipo_06">0</SimpleData>
		<SimpleData name="pipo">0</SimpleData>
		<SimpleData name="pipo_08">0</SimpleData>
		<SimpleData name="pipo_09">0</SimpleData>
		<SimpleData name="pipo_10">0</SimpleData>
		<SimpleData name="pipo_11">0</SimpleData>
		<SimpleData name="Perimeter">107.77662735200</SimpleData>
		<SimpleData name="Area">620.46854239500</SimpleData>
		<SimpleData name="Acres">153321.11585700000</SimpleData>
		<SimpleData name="Hectares">62046.85423950000</SimpleData>
		<SimpleData name="Shape_Leng">0.98659031512</SimpleData>
		<SimpleData name="Category">COMACO</SimpleData>
		<SimpleData name="RuleID">1</SimpleData>
		<SimpleData name="Shape_Le_1">0.97172021004</SimpleData>
		<SimpleData name="Support">GDA</SimpleData>
		<SimpleData name="Shape_Le_2">0.97172020996</SimpleData>
		<SimpleData name="Shape_Area">0.05185835435</SimpleData>
	</SchemaData></ExtendedData>
      <Polygon><outerBoundaryIs><LinearRing><coordinates>32.061279297002102,-13.794921874844476,24.9999765 32.065124512086754,-13.796691894415231,24.9999765 32.072326659847647,-13.788085937315998,24.9999765 32.080322265959978,-13.789306640189125,24.9999765 32.083312988403861,-13.78710937519736,24.9999765 32.088500976738828,-13.784729003740379,24.9999765 32.091674804748607,-13.784790038928975,24.9999765 32.096130370820106,-13.786376952933892,24.9999765 32.098083495956757,-13.789916992075348,24.9999765 32.099121094163308,-13.792602539475467,24.9999765 32.100097656282003,-13.798095702854253,24.9999765 32.109130859701565,-13.802429199447829,24.9999765 32.112304687711344,-13.804382324584479,24.9999765 32.10290527315999,-13.809509277730795,24.9999765 32.110473632951937,-13.815979004127598,24.9999765 32.116699218594249,-13.822387695335692,24.9999765 32.12469482380726,-13.826599120652757,24.9999765 32.134704590244837,-13.827819824425205,24.9999765 32.13769531268872,-13.829101562486983,24.9999765 32.139282226693581,-13.825622558534064,24.9999765 32.145080566015451,-13.821716308260875,24.9999765 32.149475097797676,-13.82342529264298,24.9999765 32.15887451144971,-13.826293945608937,24.9999765 32.161315918095283,-13.83001708941697,24.9999765 32.164489746105062,-13.837219238077239,24.9999765 32.165710448978189,-13.843627929285333,24.9999765 32.16552734341235,-13.850097656581454,24.9999765 32.165100097991285,-13.861511230558676,24.9999765 32.159301757770095,-13.863098144563535,24.9999765 32.157897949331073,-13.86608886700742,24.9999765 32.155883789005827,-13.872314453549052,24.9999765 32.157470703010688,-13.877624511361944,24.9999765 32.156311035326212,-13.885009765588052,24.9999765 32.151489258122922,-13.888610839918156,24.9999765 32.149719238552166,-13.896179198810842,24.9999765 32.149475097797676,-13.899108886965394,24.9999765 32.151306152557083,-13.906188965248361,24.9999765 32.155090332453028,-13.909729003490554,24.9999765 32.157897949331073,-13.911682128627147,24.9999765 32.161682129227074,-13.921325683932992,24.9999765 32.163085937666033,-13.924926757363778,24.9999765 32.159912109656318,-13.932312011589886,24.9999765 32.161926269082244,-13.934997558990005,24.9999765 32.162902832100201,-13.940795898311876,24.9999765 32.163513183986424,-13.951110839793273,24.9999765 32.167114257417211,-13.959411620949368,24.9999765 32.128723144457695,-13.981384277162476,24.9999765 32.125488281259322,-13.983276367110477,24.9999765 32.114685058269004,-13.991821289021116,24.9999765 32.080505371525817,-14.017028808432599,24.9999765 32.03051757812392,-14.051879883149923,24.9999765 32.025878906486525,-14.056396484410072,24.9999765 32.025085449034407,-14.038879394268463,24.9999765 32.018920898580745,-14.030395507546473,24.9999765 32.009887695161183,-14.020812988328601,24.9999765 32.004882812392054,-14.020019530876482,24.9999765 31.998291015618065,-14.01867675762611,24.9999765 31.98571777305693,-14.016296387068451,24.9999765 31.982910156178942,-14.015197753673249,24.9999765 31.966918945752923,-14.007995605912299,24.9999765 31.958312988653688,-14.003906250073214,24.9999765 31.944885254351163,-13.99719238292198,24.9999765 31.940124511437205,-13.994506835521861,24.9999765 31.930480957030678,-13.988098144313767,24.9999765 31.924316406577077,-13.983581543053617,24.9999765 31.920104980360748,-13.978027343586859,24.9999765 31.914672851271234,-13.96929931611038,24.9999765 31.911315917695614,-13.96429443334125,24.9999765 31.911071776941128,-13.958312988453486,24.9999765 31.910888672274552,-13.951721191679496,24.9999765 31.911682128827351,-13.945617675515166,24.9999765 31.91308593726637,-13.941711426141239,24.9999765 31.917907714469603,-13.928100586272874,24.9999765 31.919311523807945,-13.92401123043379,24.9999765 31.918701171921722,-13.920410156103685,24.9999765 31.915527343911947,-13.911804199004393,24.9999765 31.918701171921722,-13.900207519461276,24.9999765 31.919311523807945,-13.896606445131169,24.9999765 31.919677734040359,-13.889587402036796,24.9999765 31.918884277487564,-13.88549804709703,24.9999765 31.916076659710253,-13.878784179945796,24.9999765 31.909484862936264,-13.868286132898561,24.9999765 31.909484862936264,-13.865417480831923,24.9999765 31.909912109256595,-13.861328124992838,24.9999765 31.910888672274552,-13.858581543303444,24.9999765 31.912109375147732,-13.855712890337486,24.9999765 31.912292480713571,-13.851989746529396,24.9999765 31.911499023261452,-13.848999023186195,24.9999765 31.909484862936264,-13.846496582251291,24.9999765 31.902099609609476,-13.841003417973184,24.9999765 31.897705077827254,-13.837829589963462,24.9999765 31.893920898830572,-13.83459472676509,24.9999765 31.889282226293854,-13.829101562486983,24.9999765 31.932128906224193,-13.808715820278735,24.9999765 31.950927734427577,-13.801025391008807,24.9999765 31.98510742207003,-13.787292480763199,24.9999765 31.997070312744881,-13.78228759799407,24.9999765 32.019470215278375,-13.772888183442774,24.9999765 32.030883789255654,-13.768676758125707,24.9999765 32.031677245808389,-13.77227783245587,24.9999765 32.033874511699537,-13.778503418098126,24.9999765 32.03869628890277,-13.782226562805477,24.9999765 32.045288085676759,-13.788024902127345,24.9999765 32.053710937210148,-13.790283203207082,24.9999765 32.058715819979284,-13.793029784896476,24.9999765 32.061279297002102,-13.794921874844476,24.9999765</coordinates></LinearRing></outerBoundaryIs></Polygon>
  </Placemark>
  <Placemark>
	<name>Msoro</name>
	<Style><LineStyle><color>ff0000ff</color></LineStyle><PolyStyle><fill>0</fill></PolyStyle></Style>
	<ExtendedData><SchemaData schemaUrl="#GDA_Areas">
		<SimpleData name="Name">Msoro</SimpleData>
		<SimpleData name="OBJECTID">19</SimpleData>
		<SimpleData name="Id">0</SimpleData>
		<SimpleData name="Density">11</SimpleData>
		<SimpleData name="No_Of_Farm">1910</SimpleData>
		<SimpleData name="Snares">1755</SimpleData>
		<SimpleData name="Guns">3</SimpleData>
		<SimpleData name="Snare">1755</SimpleData>
		<SimpleData name="Pop_2010">9908</SimpleData>
		<SimpleData name="Values_">3415</SimpleData>
		<SimpleData name="pipo_05">0</SimpleData>
		<SimpleData name="pipo_06">0</SimpleData>
		<SimpleData name="pipo">0</SimpleData>
		<SimpleData name="pipo_08">0</SimpleData>
		<SimpleData name="pipo_09">0</SimpleData>
		<SimpleData name="pipo_10">0</SimpleData>
		<SimpleData name="pipo_11">0</SimpleData>
		<SimpleData name="Perimeter">143.55564060100</SimpleData>
		<SimpleData name="Area">1211.05443186000</SimpleData>
		<SimpleData name="Acres">299258.06736099999</SimpleData>
		<SimpleData name="Hectares">121105.44318600000</SimpleData>
		<SimpleData name="Shape_Leng">1.31542004772</SimpleData>
		<SimpleData name="Category">COMACO</SimpleData>
		<SimpleData name="RuleID">1</SimpleData>
		<SimpleData name="Shape_Le_1">1.31304256262</SimpleData>
		<SimpleData name="Support">GDA</SimpleData>
		<SimpleData name="Shape_Le_2">1.34038060394</SimpleData>
		<SimpleData name="Shape_Area">0.10021035254</SimpleData>
	</SchemaData></ExtendedData>
      <MultiGeometry><Polygon><outerBoundaryIs><LinearRing><coordinates>31.854359894693573,-13.798641712744711,10.9999765 31.867041000142194,-13.79848800062058,10.9999765 31.861192999357627,-13.813821999985123,10.9999765 31.854359894693573,-13.798641712744711,10.9999765</coordinates></LinearRing></outerBoundaryIs></Polygon><Polygon><outerBoundaryIs><LinearRing><coordinates>31.89312744137851,-13.531982421651264,10.9999765 31.97607421865041,-13.532104492028507,10.9999765 31.979125976282944,-13.532104492028507,10.9999765 31.996520996047309,-13.534179687542405,10.9999765 32.012084961052267,-13.551574707306711,10.9999765 32.042297363232876,-13.574523925638516,10.9999765 32.046874999681677,-13.577880859214133,10.9999765 32.049499511893146,-13.587585448809248,10.9999765 32.055480956780912,-13.593322753841846,10.9999765 32.071105956974513,-13.608825683658209,10.9999765 32.076904297195711,-13.614501953502211,10.9999765 32.08587646452736,-13.62451171904047,10.9999765 32.098510742277085,-13.645202636292481,10.9999765 32.107727050363223,-13.657897949230801,10.9999765 32.109680175499875,-13.668518066655281,10.9999765 32.11712646491457,-13.674499511543047,10.9999765 32.11828613259911,-13.707824707444159,10.9999765 32.115112304589331,-13.743713378569396,10.9999765 32.09649658195184,-13.74859619096128,10.9999765 32.07928466775337,-13.753601074629726,10.9999765 32.049072265572754,-13.762329101206888,10.9999765 32.030883789255654,-13.768676758125707,10.9999765 32.019470215278375,-13.772888183442774,10.9999765 31.997070312744881,-13.78228759799407,10.9999765 31.98510742207003,-13.787292480763199,10.9999765 31.950927734427577,-13.801025391008807,10.9999765 31.932128906224193,-13.808715820278735,10.9999765 31.889282226293854,-13.829101562486983,10.9999765 31.885314941731334,-13.83032226536011,10.9999765 31.884704589845111,-13.823608398208876,10.9999765 31.88427734352473,-13.817504882943808,10.9999765 31.883728027726473,-13.81072998060398,10.9999765 31.883483886971984,-13.805908203400691,10.9999765 31.880920409949109,-13.802124023504744,10.9999765 31.878112793071121,-13.797790526911115,10.9999765 31.869689941537732,-13.790710449527467,10.9999765 31.866271972773514,-13.788818359579464,10.9999765 31.861511230758875,-13.788391113259136,10.9999765 31.855529784971736,-13.789123535522606,10.9999765 31.852722168093749,-13.791076659759881,10.9999765 31.852905273659644,-13.795410156353455,10.9999765 31.854359894693573,-13.798641712744711,10.9999765 31.78965700007069,-13.799425999809898,10.9999765 31.758390000698114,-13.809340000140708,10.9999765 31.731689452906096,-13.760803222390621,10.9999765 31.699523925588835,-13.702087402411507,10.9999765 31.67669677763433,-13.659912109556046,10.9999765 31.662719726634236,-13.634216308635587,10.9999765 31.657897949431003,-13.625427245970455,10.9999765 31.663513183187035,-13.623291015267966,10.9999765 31.669921875294449,-13.621276855842041,10.9999765 31.67791748050746,-13.618713378819223,10.9999765 31.6826782225221,-13.615905761941178,10.9999765 31.685485839400144,-13.613098144163871,10.9999765 31.687927246045714,-13.607910155828847,10.9999765 31.687683105291232,-13.598693847742709,10.9999765 31.687683105291232,-13.589294433191355,10.9999765 31.688293457177451,-13.5794067380304,10.9999765 31.688293457177451,-13.575988769266132,10.9999765 31.687683105291232,-13.57220459026945,10.9999765 31.687316894159494,-13.569213866926248,10.9999765 31.689514160050631,-13.560913085770153,10.9999765 31.691101074055496,-13.54730224590179,10.9999765 31.695495605837721,-13.541625976957107,10.9999765 31.698486328281604,-13.537414550740777,10.9999765 31.702514648032714,-13.530700683589544,10.9999765 31.722473144819961,-13.530822753966788,10.9999765 31.756713866751735,-13.53112792990987,10.9999765 31.813903808813901,-13.53161621051953,10.9999765 31.89312744137851,-13.531982421651264,10.9999765</coordinates></LinearRing></outerBoundaryIs></Polygon></MultiGeometry>
  </Placemark>
  <Placemark>
	<name>Nyampande</name>
	<Style><LineStyle><color>ff0000ff</color></LineStyle><PolyStyle><fill>0</fill></PolyStyle></Style>
	<ExtendedData><SchemaData schemaUrl="#GDA_Areas">
		<SimpleData name="Name">Nyampande</SimpleData>
		<SimpleData name="OBJECTID">20</SimpleData>
		<SimpleData name="Id">0</SimpleData>
		<SimpleData name="Density">29</SimpleData>
		<SimpleData name="No_Of_Farm">0</SimpleData>
		<SimpleData name="Snares">0</SimpleData>
		<SimpleData name="Guns">0</SimpleData>
		<SimpleData name="Snare">0</SimpleData>
		<SimpleData name="Pop_2010">9582</SimpleData>
		<SimpleData name="Values_">1369</SimpleData>
		<SimpleData name="pipo_05">0</SimpleData>
		<SimpleData name="pipo_06">0</SimpleData>
		<SimpleData name="pipo">0</SimpleData>
		<SimpleData name="pipo_08">0</SimpleData>
		<SimpleData name="pipo_09">0</SimpleData>
		<SimpleData name="pipo_10">0</SimpleData>
		<SimpleData name="pipo_11">0</SimpleData>
		<SimpleData name="Perimeter">89.32032656520</SimpleData>
		<SimpleData name="Area">378.13145280600</SimpleData>
		<SimpleData name="Acres">93438.31689030000</SimpleData>
		<SimpleData name="Hectares">37813.14528060000</SimpleData>
		<SimpleData name="Shape_Leng">0.81543553616</SimpleData>
		<SimpleData name="Category">COMACO</SimpleData>
		<SimpleData name="RuleID">1</SimpleData>
		<SimpleData name="Shape_Le_1">0.80821340428</SimpleData>
		<SimpleData name="Support">GDA</SimpleData>
		<SimpleData name="Shape_Le_2">0.80821340398</SimpleData>
		<SimpleData name="Shape_Area">0.03147541917</SimpleData>
	</SchemaData></ExtendedData>
      <Polygon><outerBoundaryIs><LinearRing><coordinates>31.162109374847944,-14.012390136795204,28.9999765 31.167480468748803,-14.015991211125311,28.9999765 31.173522948825166,-14.015014648107353,28.9999765 31.178283691739122,-14.017211913998494,28.9999765 31.185302733934179,-14.020324706819622,28.9999765 31.192687988160287,-14.019897460499237,28.9999765 31.197692870929412,-14.019592285455472,28.9999765 31.203125000018925,-14.018127441827801,28.9999765 31.209899902358757,-14.016601562112214,28.9999765 31.21289062480264,-14.015991211125311,28.9999765 31.216308593566904,-14.019409179889577,28.9999765 31.220275879028748,-14.023315429263505,28.9999765 31.224304198779915,-14.030212401980634,28.9999765 31.223876953358854,-14.035522460692846,28.9999765 31.227905273110029,-14.046203613305977,28.9999765 31.228698730562144,-14.050781249754721,28.9999765 31.214904785127885,-14.071289062340213,28.9999765 31.216125488001008,-14.09558105482165,28.9999765 31.209472656038432,-14.109375000255909,28.9999765 31.196899414376613,-14.120605468667293,28.9999765 31.177124023155329,-14.129089355389281,28.9999765 31.165527343612151,-14.14520263709187,28.9999765 31.16351318328697,-14.147888183592613,28.9999765 31.161682128527559,-14.153808594191103,28.9999765 31.157104492078812,-14.167785644291882,28.9999765 31.154113769634932,-14.199096679867694,28.9999765 31.145507812535698,-14.205810547018983,28.9999765 31.141906738205591,-14.208679199085623,28.9999765 31.120727539444545,-14.22479248078821,28.9999765 31.113281250029843,-14.241088867157316,28.9999765 31.109924316454226,-14.256713867350925,28.9999765 31.097900390590723,-14.261474609365562,28.9999765 31.075317382491388,-14.275085449233927,28.9999765 31.061523437057136,-14.273498535229066,28.9999765 31.057922363626343,-14.271484374903821,28.9999765 31.052917480857218,-14.267700195007819,28.9999765 31.056518554288004,-14.24310302748256,28.9999765 31.061279297201963,-14.219909668396326,-0.0000235 31.06488037153207,-14.162109375347255,-0.0000235 31.061096191636125,-14.154724121121149,28.9999765 31.050109863079911,-14.131774902789344,-0.0000235 31.051330566852354,-14.124084472620154,-0.0000235 31.050109863079911,-14.11041259756314,-0.0000235 31.046325683183909,-14.103820800789149,28.9999765 31.042480468998633,-14.097778320712791,28.9999765 31.035095214772522,-14.088012695029704,28.9999765 31.028930664318864,-14.081115722312573,-0.0000235 31.023498535229407,-14.080322265759774,28.9999765 31.018920898780607,-14.079284667553225,-0.0000235 31.017883300574056,-14.070983886397071,28.9999765 31.020507812785524,-14.062499999675081,28.9999765 31.024902343668369,-14.060485840249155,28.9999765 31.032287597894477,-14.057495116905955,-0.0000235 31.04492187474489,-14.051086425697804,-0.0000235 31.053894042975855,-14.047302245801857,-0.0000235 31.056091308866993,-14.042480468598567,28.9999765 31.063293456627889,-14.028015136988813,28.9999765 31.068298339397014,-14.023803710772482,28.9999765 31.084899902608583,-14.010375976469959,28.9999765 31.087890625052466,-14.007507324403321,28.9999765 31.098693848042842,-13.998596191361003,28.9999765 31.104492187364713,-14.004699706626013,28.9999765 31.134887695111217,-14.006774902139853,28.9999765 31.155883789205689,-14.00830078095612,28.9999765 31.162109374847944,-14.012390136795204,28.9999765</coordinates></LinearRing></outerBoundaryIs></Polygon>
  </Placemark>
  <Placemark>
	<name>Luembe</name>
	<Style><LineStyle><color>ff0000ff</color></LineStyle><PolyStyle><fill>0</fill></PolyStyle></Style>
	<ExtendedData><SchemaData schemaUrl="#GDA_Areas">
		<SimpleData name="Name">Luembe</SimpleData>
		<SimpleData name="OBJECTID">21</SimpleData>
		<SimpleData name="Id">0</SimpleData>
		<SimpleData name="Density">10</SimpleData>
		<SimpleData name="No_Of_Farm">684</SimpleData>
		<SimpleData name="Snares">0</SimpleData>
		<SimpleData name="Guns">0</SimpleData>
		<SimpleData name="Snare">0</SimpleData>
		<SimpleData name="Pop_2010">0</SimpleData>
		<SimpleData name="Values_">0</SimpleData>
		<SimpleData name="pipo_05">0</SimpleData>
		<SimpleData name="pipo_06">0</SimpleData>
		<SimpleData name="pipo">0</SimpleData>
		<SimpleData name="pipo_08">0</SimpleData>
		<SimpleData name="pipo_09">0</SimpleData>
		<SimpleData name="pipo_10">0</SimpleData>
		<SimpleData name="pipo_11">0</SimpleData>
		<SimpleData name="Perimeter">450651.04231699998</SimpleData>
		<SimpleData name="Area">4939783631.59000020000</SimpleData>
		<SimpleData name="Acres">0.00000000000</SimpleData>
		<SimpleData name="Hectares">493978.00000000000</SimpleData>
		<SimpleData name="Shape_Leng">0.00000000000</SimpleData>
		<SimpleData name="Category">COMACO</SimpleData>
		<SimpleData name="RuleID">0</SimpleData>
		<SimpleData name="Shape_Le_1">4.12082418805</SimpleData>
		<SimpleData name="Support">GDA</SimpleData>
		<SimpleData name="Shape_Le_2">4.12082419006</SimpleData>
		<SimpleData name="Shape_Area">0.41339248799</SimpleData>
	</SchemaData></ExtendedData>
      <MultiGeometry><Polygon><outerBoundaryIs><LinearRing><coordinates>30.074523926138454,-14.697875976894634,-0.0000235 30.086730956668475,-14.702819824475171,-0.0000235 30.081909179465242,-14.70330810508483,-0.0000235 30.074523926138454,-14.697875976894634,-0.0000235</coordinates></LinearRing></outerBoundaryIs></Polygon><Polygon><outerBoundaryIs><LinearRing><coordinates>30.074523926138454,-14.697875976894634,-0.0000235 30.069519043369322,-14.696777343499434,-0.0000235 30.06390380871397,-14.697692871328798,-0.0000235 30.056274413733377,-14.696777343499434,-0.0000235 30.053527832043983,-14.691101074554808,-0.0000235 30.055297851614739,-14.680725097884817,-0.0000235 30.051513671718737,-14.674011230733525,-0.0000235 30.049682616959387,-14.66461181618223,-0.0000235 30.038330078170755,-14.66461181618223,-0.0000235 30.020507812086009,-14.657104492478197,-0.0000235 30.008117675990093,-14.650512695704206,-0.0000235 30.003479004352755,-14.643920898030842,-0.0000235 30.009887695560849,-14.637207030879608,-0.0000235 30.014709472764139,-14.625915527279572,-0.0000235 30.009094238108787,-14.615478515420989,-0.0000235 30.004272460905494,-14.614624023679594,-0.0000235 29.996704101113554,-14.616516113627595,-0.0000235 29.991088867357515,-14.613586425472988,-0.0000235 29.989318847786759,-14.608886718647,-0.0000235 29.988281249580155,-14.604187011820953,-0.0000235 29.97967529338024,-14.593811035150964,-0.0000235 29.977905273809483,-14.583312988103785,-0.0000235 29.980712890687528,-14.579589843396377,-0.0000235 29.985900879022491,-14.568786621305376,-0.0000235 29.984924316004534,-14.553588867432152,-0.0000235 29.990722656225785,-14.544189452880801,-0.0000235 30.002075195014413,-14.539489746054755,-0.0000235 30.009521484429118,-14.525207519111573,-0.0000235 30.003906249773763,-14.521484375303544,-0.0000235 29.997314452999774,-14.522399902233529,-0.0000235 29.99450683612173,-14.516784667578179,-0.0000235 30.002075195014413,-14.509216308685552,-0.0000235 30.006713867551124,-14.507324218737551,-0.0000235 30.013305664325113,-14.504516601859507,-0.0000235 30.017089843321795,-14.497802734708275,-0.0000235 30.02087402321774,-14.493103026982965,-0.0000235 30.02087402321774,-14.488403320156918,-0.0000235 30.018127441528346,-14.48559570327893,-0.0000235 30.015075683895869,-14.479919433434929,-0.0000235 30.016113281203101,-14.468505859457705,-0.0000235 30.022705077977147,-14.456298828028309,-0.0000235 30.028503418198341,-14.454406738080365,-0.0000235 30.032287598094342,-14.449707031254318,-0.0000235 30.030273437769097,-14.440185547225042,-0.0000235 30.033081054647141,-14.432678222621687,-0.0000235 30.038879394868335,-14.425109863729062,-0.0000235 30.04351806650573,-14.422302245951755,-0.0000235 30.050109863279712,-14.420410156003754,-0.0000235 30.054870605294351,-14.421325683833061,-0.0000235 30.064270019845708,-14.415588378800464,-0.0000235 30.066284179271634,-14.404296875200487,-0.0000235 30.061523437256994,-14.396789550597132,-0.0000235 30.061523437256994,-14.387329101756507,-0.0000235 30.069091797048941,-14.374084473019877,-0.0000235 30.074707030804973,-14.363708496349885,-0.0000235 30.080505371026216,-14.362609862954628,-0.0000235 30.091674804249006,-14.358886719146597,-0.0000235 30.098327637110913,-14.359924316453887,-0.0000235 30.106872559021557,-14.366516113227872,-0.0000235 30.116271972673584,-14.374084473019877,-0.0000235 30.124877929772822,-14.369384765294511,-0.0000235 30.133300781306161,-14.363708496349885,-0.0000235 30.135314941631407,-14.352294921473286,-0.0000235 30.1419067384054,-14.344787597769253,-0.0000235 30.151306152057426,-14.340087890943268,-0.0000235 30.15411376983479,-14.338195800995265,-0.0000235 30.149902343618407,-14.334899902608242,-0.0000235 30.144287108963056,-14.336608886990403,-0.0000235 30.14227294953713,-14.333923339590283,-0.0000235 30.146118163722463,-14.326293945509008,-0.0000235 30.151672363189164,-14.324401855561007,-0.0000235 30.159301758169764,-14.321594238683019,-0.0000235 30.158325195151804,-14.31500244100971,-0.0000235 30.164916991925796,-14.305603027357675,-0.0000235 30.172729492472286,-14.30169677708443,-0.0000235 30.173522949025024,-14.29321289036244,-0.0000235 30.182922363576381,-14.285705566658407,-0.0000235 30.194274902365009,-14.277221679936417,-0.0000235 30.198120117449601,-14.272521972211109,-0.0000235 30.205688476342285,-14.265808105059818,-0.0000235 30.212280273116278,-14.260192871303786,-0.0000235 30.218872069890267,-14.248901366804487,-0.0000235 30.233886719096969,-14.232788086001221,-0.0000235 30.247070312644947,-14.219604492453184,-0.0000235 30.257690430069434,-14.210998535353951,-0.0000235 30.262329101706829,-14.2072753906466,-0.0000235 30.26788330117358,-14.2053833006986,-0.0000235 30.27368164049545,-14.197814941805973,-0.0000235 30.281311035476051,-14.195007324028609,-0.0000235 30.283081055046807,-14.191223144132664,-0.0000235 30.284118652354096,-14.181701660103384,-0.0000235 30.288879394368735,-14.182678222222023,-0.0000235 30.295288085576829,-14.184509276981373,-0.0000235 30.29632568378344,-14.187377929947331,-0.0000235 30.301086425798072,-14.181701660103384,-0.0000235 30.309509277331468,-14.182678222222023,-0.0000235 30.315307617552662,-14.18548583999933,-0.0000235 30.318115234430707,-14.179809570155385,-0.0000235 30.3162841796713,-14.165710448778041,-0.0000235 30.309509277331468,-14.162902831899997,-0.0000235 30.304870605694074,-14.163818359729362,-0.0000235 30.302917480557422,-14.159118652004054,-0.0000235 30.306701660453424,-14.15338134787072,-0.0000235 30.309509277331468,-14.149597167974775,-0.0000235 30.305297851115085,-14.143493652709765,-0.0000235 30.305297851115085,-14.138793944984398,-0.0000235 30.30151367211846,-14.135009765987775,-0.0000235 30.303527832443649,-14.125427245870526,-0.0000235 30.296874999581746,-14.121704101163175,-0.0000235 30.291076660259815,-14.109497070633154,-0.0000235 30.287475585929709,-14.105712890737152,-0.0000235 30.288330078570421,-14.099975585704556,-0.0000235 30.285522460793114,-14.092407226811929,-0.0000235 30.280700683589828,-14.097229004015162,-0.0000235 30.274108886815839,-14.093383788930566,-0.0000235 30.27307128950855,-14.090576172052522,-0.0000235 30.270324706919837,-14.092407226811929,-0.0000235 30.262878418404455,-14.086791992156577,-0.0000235 30.264709472264485,-14.081115722312573,-0.0000235 30.256286620731142,-14.075378418179298,-0.0000235 30.248718261838459,-14.076416015486584,-0.0000235 30.244873046753867,-14.074523925538585,-0.0000235 30.23248290975863,-14.076416015486584,-0.0000235 30.225097656431842,-14.07067871135331,-0.0000235 30.209899902558622,-14.065002441509307,-0.0000235 30.202270507578021,-14.063110351561305,-0.0000235 30.198486327682019,-14.066894531457308,-0.0000235 30.195678710804032,-14.065002441509307,-0.0000235 30.194702148685394,-14.060302734683319,-0.0000235 30.183288573808795,-14.060302734683319,-0.0000235 30.177673340052763,-14.053710937909273,-0.0000235 30.173889160156762,-14.047119140235962,-0.0000235 30.162719726934029,-14.036682129276699,-0.0000235 30.163513183486771,-14.026306152606708,-0.0000235 30.165527343812016,-14.012084960852119,-0.0000235 30.162719726934029,-14.000793457252087,-0.0000235 30.158874511849433,-13.993225097460138,-0.0000235 30.155090331953428,-13.987487793326864,-0.0000235 30.157897948831415,-13.982788085601499,-0.0000235 30.157897948831415,-13.97808837877551,-0.0000235 30.150329589938789,-13.968688965123476,-0.0000235 30.1419067384054,-13.964904785227475,-0.0000235 30.132324219187524,-13.957275390246878,-0.0000235 30.124877929772822,-13.953491211250252,-0.0000235 30.11352539098419,-13.952575683420887,-0.0000235 30.111694336224783,-13.943176269768855,-0.0000235 30.098327637110913,-13.93267822272162,-0.0000235 30.143676757976152,-13.934509277481027,-0.0000235 30.781677246507911,-13.935607909976909,-0.0000235 30.87567138662536,-13.934204101537887,-0.0000235 30.859680176199333,-13.94781494140625,-0.0000235 30.861694335625259,-13.960327148778731,-0.0000235 30.860107421620402,-13.96429443334125,-0.0000235 30.857299804742357,-13.971191406058379,-0.0000235 30.846130371519624,-13.977600097266532,-0.0000235 30.842529297189461,-13.979492187214532,-0.0000235 30.832275390896712,-13.984985351492639,-0.0000235 30.828491211000767,-13.98712158219513,-0.0000235 30.824279784784384,-13.989501952752732,-0.0000235 30.818908691782834,-13.992675781661829,-0.0000235 30.816711425891754,-14.002319336068354,-0.0000235 30.815124511886889,-14.009094238408238,-0.0000235 30.809326171665646,-14.01861572243746,-0.0000235 30.805908202901431,-14.022094726390378,-0.0000235 30.803100586023387,-14.024902344167685,-0.0000235 30.796508789249401,-14.031311035375834,-0.0000235 30.791687012046111,-14.039916992475071,-0.0000235 30.787719726584267,-14.046203613305977,-0.0000235 30.784118652254161,-14.052185058193743,-0.0000235 30.777526855480172,-14.056213378844177,-0.0000235 30.768676757626451,-14.061828613499529,-0.0000235 30.74951171919065,-14.06347656269304,-0.0000235 30.734497069983941,-14.063598633070285,-0.0000235 30.724487304445688,-14.063598633070285,-0.0000235 30.696105957024486,-14.081604003821553,-0.0000235 30.684875488613102,-14.093078612987425,-0.0000235 30.674499511943107,-14.104187011920885,-0.0000235 30.667297363282838,-14.118713378719292,-0.0000235 30.669311523608087,-14.124206542997399,-0.0000235 30.671325683933333,-14.128906249823386,-0.0000235 30.678283691839052,-14.14520263709187,-0.0000235 30.715087890793711,-14.167114258116385,-0.0000235 30.738891601766166,-14.181213378594407,-0.0000235 30.782287597494815,-14.210021972335994,-0.0000235 30.806884765919389,-14.226379394793071,-0.0000235 30.859924316054503,-14.262023926063193,-0.0000235 30.859924316054503,-14.268615722837183,-0.0000235 30.859924316054503,-14.283081054446939,-0.0000235 30.855895996303332,-14.289611816032332,-0.0000235 30.864501953402566,-14.313415527004793,-0.0000235 30.860107421620402,-14.335510253595146,-0.0000235 30.858703613181376,-14.349975586104279,-0.0000235 30.857727051062739,-14.360412597962862,-0.0000235 30.849487305095238,-14.37329101556776,-0.0000235 30.84210205086913,-14.385009765488121,-0.0000235 30.830871582457743,-14.39849853497924,-0.0000235 30.828674316566605,-14.405212402130472,-0.0000235 30.828674316566605,-14.411987304470356,-0.0000235 30.826293945109622,-14.416381836252583,-0.0000235 30.814880371132404,-14.425476073961475,-0.0000235 30.804077148142024,-14.434326171815201,-0.0000235 30.77911376948504,-14.445800780981074,-0.0000235 30.770507812385802,-14.450012207197462,-0.0000235 30.75250244163453,-14.458984375428429,-0.0000235 30.743530273403561,-14.483581542953686,-0.0000235 30.745300292974317,-14.487182617283793,-0.0000235 30.7476806644313,-14.492187500052921,-0.0000235 30.756713866951543,-14.502685547100157,-0.0000235 30.761291504299663,-14.508483886422086,-0.0000235 30.754699706626294,-14.515075683196072,-0.0000235 30.75250244163453,-14.517211913898565,-0.0000235 30.760070800527156,-14.519775390921382,-0.0000235 30.763488769291428,-14.516296386968518,-0.0000235 30.767089843621534,-14.513610839568456,-0.0000235 30.773681640395576,-14.514709472963659,-0.0000235 30.775878906286664,-14.524108886615691,-0.0000235 30.781494140942016,-14.528625487875786,-0.0000235 30.791503906480273,-14.529602050893798,-0.0000235 30.795104980810379,-14.535583495781566,-0.0000235 30.799072265372899,-14.544982910332863,-0.0000235 30.797302245802143,-14.547790527210907,-0.0000235 30.790100098041254,-14.559020996521609,-0.0000235 30.778320312932234,-14.578918457220878,-0.0000235 30.775329589589035,-14.584106445555847,-0.0000235 30.770874023517532,-14.586975097622485,-0.0000235 30.755676269644312,-14.596984863160742,-0.0000235 30.743286132649079,-14.608398437138019,-0.0000235 30.740478515771034,-14.617919922066561,-0.0000235 30.720703125449063,-14.625976562468225,-0.0000235 30.704528808557825,-14.644714355482959,-0.0000235 30.702087401912248,-14.65161132820009,-0.0000235 30.681274414282939,-14.639709472713832,-0.0000235 30.672729492372351,-14.636718750269948,-0.0000235 30.660705566508849,-14.63250732405362,-0.0000235 30.654296875300698,-14.630004883118715,-0.0000235 30.605895995903666,-14.600891113433986,-0.0000235 30.551513671618803,-14.562683105141048,-0.0000235 30.549072265872553,-14.560791015193047,-0.0000235 30.545898437862775,-14.560791015193047,-0.0000235 30.542114257966769,-14.563110351461376,-0.0000235 30.537109375197645,-14.564514159900398,-0.0000235 30.532470703560307,-14.563293457027269,-0.0000235 30.530700683989551,-14.554504394362139,-0.0000235 30.527099609659448,-14.559204101188184,-0.0000235 30.523925781649666,-14.561584472645109,-0.0000235 30.519714355433337,-14.562499999575151,-0.0000235 30.514709472664208,-14.564208983957256,-0.0000235 30.505310059012171,-14.578308105334656,-0.0000235 30.499084472470599,-14.584106445555847,-0.0000235 30.496276855592551,-14.577575683970451,-0.0000235 30.494323730455957,-14.575012206947633,-0.0000235 30.489318847686832,-14.571411132617527,-0.0000235 30.48248291015835,-14.578796386843633,-0.0000235 30.478088379275448,-14.578308105334656,-0.0000235 30.474304199379446,-14.578918457220878,-0.0000235 30.473510741927385,-14.568725586116726,-0.0000235 30.471496581602135,-14.566101073905257,-0.0000235 30.468688964724091,-14.567993163853258,-0.0000235 30.467895508171353,-14.572998046622386,-0.0000235 30.466308594166435,-14.576904296895634,-0.0000235 30.457092285180977,-14.578491210900493,-0.0000235 30.442871093426387,-14.58050537122574,-0.0000235 30.436706542972729,-14.580993652734719,-0.0000235 30.432678222322291,-14.585388183617622,-0.0000235 30.42828369143939,-14.586181641069741,-0.0000235 30.426086425548252,-14.583312988103785,-0.0000235 30.422485351218139,-14.578796386843633,-0.0000235 30.421875000231239,-14.573791504074505,-0.0000235 30.422912597538527,-14.567626952721525,-0.0000235 30.42169189466534,-14.561096191136128,-0.0000235 30.418701172221457,-14.558898926144366,-0.0000235 30.413879394118908,-14.559082030810943,-0.0000235 30.412719726434375,-14.562377930097227,-0.0000235 30.411682129127144,-14.566894531357375,-0.0000235 30.407897949231138,-14.568298339796398,-0.0000235 30.403686523014812,-14.572021484503749,-0.0000235 30.395324706670067,-14.571411132617527,-0.0000235 30.395080566814897,-14.556579589876037,-0.0000235 30.394287109362779,-14.466125488000728,-0.0000235 30.357910155829188,-14.444519042919355,-0.0000235 30.304321288996448,-14.478698730561801,-0.0000235 30.236694335975013,-14.520690917851425,-0.0000235 30.154907226387532,-14.587707519885953,-0.0000235 30.09808349635642,-14.655212402530195,-0.0000235 30.07232666024731,-14.68322753881972,-0.0000235 30.074096679818066,-14.692993164502752,-0.0000235 30.074523926138454,-14.697875976894634,-0.0000235</coordinates></LinearRing></outerBoundaryIs></Polygon></MultiGeometry>
  </Placemark>
  <Placemark>
	<name>Mwape</name>
	<Style><LineStyle><color>ff0000ff</color></LineStyle><PolyStyle><fill>0</fill></PolyStyle></Style>
	<ExtendedData><SchemaData schemaUrl="#GDA_Areas">
		<SimpleData name="Name">Mwape</SimpleData>
		<SimpleData name="OBJECTID">22</SimpleData>
		<SimpleData name="Id">0</SimpleData>
		<SimpleData name="Density">12</SimpleData>
		<SimpleData name="No_Of_Farm">487</SimpleData>
		<SimpleData name="Snares">0</SimpleData>
		<SimpleData name="Guns">0</SimpleData>
		<SimpleData name="Snare">0</SimpleData>
		<SimpleData name="Pop_2010">0</SimpleData>
		<SimpleData name="Values_">0</SimpleData>
		<SimpleData name="pipo_05">0</SimpleData>
		<SimpleData name="pipo_06">0</SimpleData>
		<SimpleData name="pipo">0</SimpleData>
		<SimpleData name="pipo_08">0</SimpleData>
		<SimpleData name="pipo_09">0</SimpleData>
		<SimpleData name="pipo_10">0</SimpleData>
		<SimpleData name="pipo_11">0</SimpleData>
		<SimpleData name="Perimeter">183614.58940800000</SimpleData>
		<SimpleData name="Area">1403392677.70000000000</SimpleData>
		<SimpleData name="Acres">0.00000000000</SimpleData>
		<SimpleData name="Hectares">140339.00000000000</SimpleData>
		<SimpleData name="Shape_Leng">0.00000000000</SimpleData>
		<SimpleData name="Category">COMACO</SimpleData>
		<SimpleData name="RuleID">0</SimpleData>
		<SimpleData name="Shape_Le_1">1.66602904011</SimpleData>
		<SimpleData name="Support">GDA</SimpleData>
		<SimpleData name="Shape_Le_2">1.66602903798</SimpleData>
		<SimpleData name="Shape_Area">0.11755852405</SimpleData>
	</SchemaData></ExtendedData>
      <Polygon><outerBoundaryIs><LinearRing><coordinates>31.02368164079525,-13.785827637135583,-0.0000235 31.025085449234268,-13.790100097641243,-0.0000235 31.033325195201769,-13.800598144688479,-0.0000235 31.037109375097771,-13.802612305013724,-0.0000235 31.041320800414777,-13.801818847561606,-0.0000235 31.042907714419641,-13.807006835896573,-0.0000235 31.04370117187176,-13.813598632670619,-0.0000235 31.043884277437598,-13.817993164452844,-0.0000235 31.046508788749748,-13.822875976844671,-0.0000235 31.049682616759522,-13.825378417779575,-0.0000235 31.044677733990397,-13.829895019939045,-0.0000235 31.048889160206723,-13.83850097613896,-0.0000235 31.053283691089629,-13.843627929285333,-0.0000235 31.05889892574498,-13.845703124799229,-0.0000235 31.065673828084869,-13.84942626950658,-0.0000235 31.066284179971088,-13.85369873091156,-0.0000235 31.06549072251897,-13.859619140610675,-0.0000235 31.073913574052369,-13.872192383171805,-0.0000235 31.082885742283334,-13.88360595714903,-0.0000235 31.082885742283334,-13.889892577979936,-0.0000235 31.083679198836133,-13.893615722687287,-0.0000235 31.090087890943547,-13.893920898630427,-0.0000235 31.092895507821591,-13.894897460749064,-0.0000235 31.092895507821591,-13.905029296664566,-0.0000235 31.095275879278574,-13.920104980160545,-0.0000235 31.097900390590723,-13.922607421994767,-0.0000235 31.097473144270335,-13.927429199198002,-0.0000235 31.106079101369573,-13.934326171915131,-0.0000235 31.114929199223351,-13.941589355763995,-0.0000235 31.119079590251033,-13.945190430094101,-0.0000235 31.124694824007065,-13.949890136920146,-0.0000235 31.121887207129078,-13.954101562237156,-0.0000235 31.124694824007065,-13.962402343393251,-0.0000235 31.126892089898202,-13.965515137113753,-0.0000235 31.131896972667334,-13.968017578048602,-0.0000235 31.130676269794204,-13.973022460817729,-0.0000235 31.120483398690052,-13.984374999606358,-0.0000235 31.115478515920927,-13.985595703378863,-0.0000235 31.098693848042842,-13.998596191361003,-0.0000235 31.087890625052466,-14.007507324403321,-0.0000235 31.084899902608583,-14.010375976469959,-0.0000235 31.068298339397014,-14.023803710772482,-0.0000235 31.063293456627889,-14.028015136988813,-0.0000235 31.056091308866993,-14.042480468598567,-0.0000235 31.053894042975855,-14.047302245801857,-0.0000235 31.04492187474489,-14.051086425697804,-0.0000235 31.032287597894477,-14.057495116905955,-0.0000235 31.024902343668369,-14.060485840249155,-0.0000235 31.020507812785524,-14.062499999675081,-0.0000235 31.017883300574056,-14.070983886397071,-0.0000235 31.018920898780607,-14.079284667553225,-0.0000235 31.023498535229407,-14.080322265759774,-0.0000235 31.028930664318864,-14.081115722312573,-0.0000235 31.035095214772522,-14.088012695029704,-0.0000235 31.042480468998633,-14.097778320712791,-0.0000235 31.046325683183909,-14.103820800789149,-0.0000235 31.050109863079911,-14.11041259756314,-0.0000235 31.051330566852354,-14.124084472620154,-0.0000235 31.050109863079911,-14.131774902789344,-0.0000235 31.061096191636125,-14.154724121121149,-0.0000235 31.06488037153207,-14.162109375347255,-0.0000235 31.061279297201963,-14.219909668396326,-0.0000235 31.056518554288004,-14.24310302748256,-0.0000235 31.052917480857218,-14.267700195007819,-0.0000235 31.033508300767608,-14.269104004346161,-0.0000235 31.021728515658651,-14.26989746089896,-0.0000235 31.015686035582231,-14.270324707219288,-0.0000235 31.009521484229253,-14.271423339715168,-0.0000235 31.00347900415289,-14.277893066111972,-0.0000235 30.999694824256892,-14.277587891068151,-0.0000235 30.994323730356033,-14.277099609559171,-0.0000235 30.99011230503902,-14.276611328050194,-0.0000235 30.98590087882269,-14.278808593941278,-0.0000235 30.977111816157556,-14.284179687842139,-0.0000235 30.966918945053461,-14.288085937216067,-0.0000235 30.961914062284336,-14.29431152375764,-0.0000235 30.96051025384531,-14.290710449427536,-0.0000235 30.958129882388334,-14.284179687842139,-0.0000235 30.952697754198141,-14.282409668271441,-0.0000235 30.946105957424152,-14.279418944928182,-0.0000235 30.941711425641927,-14.273681640794903,-0.0000235 30.937683105890812,-14.269104004346161,-0.0000235 30.931518554537831,-14.269104004346161,-0.0000235 30.926879882900437,-14.274597167724949,-0.0000235 30.924072266022449,-14.278015136489216,-0.0000235 30.916687011796341,-14.276000976163971,-0.0000235 30.910278320588191,-14.27410888711529,-0.0000235 30.89172363313935,-14.273986816738045,-0.0000235 30.87689208949848,-14.273986816738045,-0.0000235 30.859924316054503,-14.262023926063193,-0.0000235 30.806884765919389,-14.226379394793071,-0.0000235 30.782287597494815,-14.210021972335994,-0.0000235 30.738891601766166,-14.181213378594407,-0.0000235 30.715087890793711,-14.167114258116385,-0.0000235 30.678283691839052,-14.14520263709187,-0.0000235 30.671325683933333,-14.128906249823386,-0.0000235 30.669311523608087,-14.124206542997399,-0.0000235 30.667297363282838,-14.118713378719292,-0.0000235 30.674499511943107,-14.104187011920885,-0.0000235 30.684875488613102,-14.093078612987425,-0.0000235 30.696105957024486,-14.081604003821553,-0.0000235 30.724487304445688,-14.063598633070285,-0.0000235 30.734497069983941,-14.063598633070285,-0.0000235 30.74951171919065,-14.06347656269304,-0.0000235 30.768676757626451,-14.061828613499529,-0.0000235 30.777526855480172,-14.056213378844177,-0.0000235 30.784118652254161,-14.052185058193743,-0.0000235 30.787719726584267,-14.046203613305977,-0.0000235 30.791687012046111,-14.039916992475071,-0.0000235 30.796508789249401,-14.031311035375834,-0.0000235 30.803100586023387,-14.024902344167685,-0.0000235 30.805908202901431,-14.022094726390378,-0.0000235 30.809326171665646,-14.01861572243746,-0.0000235 30.815124511886889,-14.009094238408238,-0.0000235 30.816711425891754,-14.002319336068354,-0.0000235 30.818908691782834,-13.992675781661829,-0.0000235 30.824279784784384,-13.989501952752732,-0.0000235 30.828491211000767,-13.98712158219513,-0.0000235 30.832275390896712,-13.984985351492639,-0.0000235 30.842529297189461,-13.979492187214532,-0.0000235 30.846130371519624,-13.977600097266532,-0.0000235 30.857299804742357,-13.971191406058379,-0.0000235 30.860107421620402,-13.96429443334125,-0.0000235 30.861694335625259,-13.960327148778731,-0.0000235 30.859680176199333,-13.94781494140625,-0.0000235 30.87567138662536,-13.934204101537887,-0.0000235 30.892517089692088,-13.931396484659899,-0.0000235 30.892517089692088,-13.915100097391415,-0.0000235 30.903930663669371,-13.906188965248361,-0.0000235 30.911499023461317,-13.894897460749064,-0.0000235 30.916503906230442,-13.884826660022156,-0.0000235 30.937927245745982,-13.884826660022156,-0.0000235 30.941711425641927,-13.88360595714903,-0.0000235 30.946716308411052,-13.879821777253085,-0.0000235 30.939086914329781,-13.87091064421071,-0.0000235 30.9404907227688,-13.863403320506677,-0.0000235 30.947875976994908,-13.853210449402582,-0.0000235 30.965698242180281,-13.853210449402582,-0.0000235 30.976928710591668,-13.850708007568356,-0.0000235 30.979492187614539,-13.835693359260972,-0.0000235 30.975708007718538,-13.819274902514564,-0.0000235 30.975708007718538,-13.805480957080363,-0.0000235 30.979492187614539,-13.797912597288358,-0.0000235 30.990905761591758,-13.797912597288358,-0.0000235 31.005920409899147,-13.801696777184361,-0.0000235 31.0161132810033,-13.796508788849394,-0.0000235 31.019897460899244,-13.782775878603729,-0.0000235 31.02368164079525,-13.785827637135583,-0.0000235</coordinates></LinearRing></outerBoundaryIs></Polygon>
  </Placemark>
  <Placemark>
	<name>Ndake</name>
	<Style><LineStyle><color>ff0000ff</color></LineStyle><PolyStyle><fill>0</fill></PolyStyle></Style>
	<ExtendedData><SchemaData schemaUrl="#GDA_Areas">
		<SimpleData name="Name">Ndake</SimpleData>
		<SimpleData name="OBJECTID">23</SimpleData>
		<SimpleData name="Id">0</SimpleData>
		<SimpleData name="Density">33</SimpleData>
		<SimpleData name="No_Of_Farm">457</SimpleData>
		<SimpleData name="Snares">0</SimpleData>
		<SimpleData name="Guns">0</SimpleData>
		<SimpleData name="Snare">0</SimpleData>
		<SimpleData name="Pop_2010">0</SimpleData>
		<SimpleData name="Values_">0</SimpleData>
		<SimpleData name="pipo_05">0</SimpleData>
		<SimpleData name="pipo_06">0</SimpleData>
		<SimpleData name="pipo">0</SimpleData>
		<SimpleData name="pipo_08">0</SimpleData>
		<SimpleData name="pipo_09">0</SimpleData>
		<SimpleData name="pipo_10">0</SimpleData>
		<SimpleData name="pipo_11">0</SimpleData>
		<SimpleData name="Perimeter">199876.66377799999</SimpleData>
		<SimpleData name="Area">1365523866.44000010000</SimpleData>
		<SimpleData name="Acres">0.00000000000</SimpleData>
		<SimpleData name="Hectares">136552.00000000000</SimpleData>
		<SimpleData name="Shape_Leng">0.00000000000</SimpleData>
		<SimpleData name="Category">COMACO</SimpleData>
		<SimpleData name="RuleID">0</SimpleData>
		<SimpleData name="Shape_Le_1">1.81966830788</SimpleData>
		<SimpleData name="Support">GDA</SimpleData>
		<SimpleData name="Shape_Le_2">1.81966830655</SimpleData>
		<SimpleData name="Shape_Area">0.11451316619</SimpleData>
	</SchemaData></ExtendedData>
      <Polygon><outerBoundaryIs><LinearRing><coordinates>30.916687011796341,-14.276000976163971,-0.0000235 30.924072266022449,-14.278015136489216,-0.0000235 30.926879882900437,-14.274597167724949,-0.0000235 30.931518554537831,-14.269104004346161,-0.0000235 30.937683105890812,-14.269104004346161,-0.0000235 30.941711425641927,-14.273681640794903,-0.0000235 30.946105957424152,-14.279418944928182,-0.0000235 30.952697754198141,-14.282409668271441,-0.0000235 30.958129882388334,-14.284179687842139,-0.0000235 30.96051025384531,-14.290710449427536,-0.0000235 30.961914062284336,-14.29431152375764,-0.0000235 30.966918945053461,-14.288085937216067,-0.0000235 30.977111816157556,-14.284179687842139,-0.0000235 30.98590087882269,-14.278808593941278,-0.0000235 30.99011230503902,-14.276611328050194,-0.0000235 30.994323730356033,-14.277099609559171,-0.0000235 30.999694824256892,-14.277587891068151,-0.0000235 31.00347900415289,-14.277893066111972,-0.0000235 31.009521484229253,-14.271423339715168,-0.0000235 31.015686035582231,-14.270324707219288,-0.0000235 31.021728515658651,-14.26989746089896,-0.0000235 31.024719238102531,-14.27227783235594,-0.0000235 31.027099609559514,-14.27410888711529,-0.0000235 31.048522949074993,-14.315795898461772,-0.0000235 31.07373046848647,-14.376281738011642,-0.0000235 31.081909179265377,-14.39428710966223,-0.0000235 31.09912109346385,-14.431823730880296,-0.0000235 31.10150146492083,-14.437988281333958,-0.0000235 31.096496582151698,-14.444274902164862,-0.0000235 31.092712402255703,-14.453125000018588,-0.0000235 31.092712402255703,-14.456909179914588,-0.0000235 31.075073242636222,-14.465698242579661,-0.0000235 31.068298339397014,-14.46722412139593,-0.0000235 31.063720702948274,-14.468200683514567,-0.0000235 31.057312011740123,-14.468200683514567,-0.0000235 31.042297363432734,-14.479492187114602,-0.0000235 31.036499023211491,-14.486694335774814,-0.0000235 31.035888672224583,-14.495910644760272,-0.0000235 31.039306640988858,-14.500305175643176,-0.0000235 31.043273925551372,-14.505310058412304,-0.0000235 31.043518066305865,-14.512207031129433,-0.0000235 31.046691894315643,-14.511413574576636,-0.0000235 31.050109863079911,-14.514526367397762,-0.0000235 31.05187988265061,-14.51898193346932,-0.0000235 31.057678222871861,-14.526916503493682,-0.0000235 31.060913086070229,-14.532226562205949,-0.0000235 31.069885254301195,-14.529907226836883,-0.0000235 31.07788085951421,-14.534423828097033,-0.0000235 31.082275390397115,-14.543212890762163,-0.0000235 31.083923339590626,-14.547729492022254,-0.0000235 31.08428955072236,-14.553405761866259,-0.0000235 31.093872069940229,-14.56347656259311,-0.0000235 31.084472656288195,-14.568420410173644,-0.0000235 31.082092284831216,-14.564880371032132,-0.0000235 31.078491210501113,-14.566894531357375,-0.0000235 31.069885254301195,-14.561523437456515,-0.0000235 31.066528320725581,-14.565490722918353,-0.0000235 31.063903808514112,-14.56958007785812,-0.0000235 31.066284179971088,-14.575500488456612,-0.0000235 31.056884765419742,-14.576477050575249,-0.0000235 31.05072021496613,-14.581115722212644,-0.0000235 31.047302246201866,-14.590576171952591,-0.0000235 31.042297363432734,-14.592102050768858,-0.0000235 31.035278320338364,-14.589904784877772,-0.0000235 31.032104492328639,-14.589111328324975,-0.0000235 31.023925781549732,-14.59191894520302,-0.0000235 31.019470214578913,-14.594116211094102,-0.0000235 31.021301269338263,-14.599792480038786,-0.0000235 31.022888183343131,-14.606323242523446,-0.0000235 31.025329589988758,-14.607910156528362,-0.0000235 31.033325195201769,-14.612609863354351,-0.0000235 31.034484862886302,-14.616516113627595,-0.0000235 31.037475586229501,-14.622619628892606,-0.0000235 31.037902831650509,-14.629699707175575,-0.0000235 31.039672851221265,-14.634277343624376,-0.0000235 31.041687011546514,-14.640624999643874,-0.0000235 31.04589843776284,-14.646301269487822,-0.0000235 31.05187988265061,-14.647521972360947,-0.0000235 31.061706542623025,-14.648498535378963,-0.0000235 31.061889648188867,-14.652099609709069,-0.0000235 31.062072753754762,-14.658691406483058,-0.0000235 31.060302734184006,-14.663208007743208,-0.0000235 31.055480956980773,-14.671508788899303,-0.0000235 31.052673340102729,-14.686584472395337,-0.0000235 31.051513671518872,-14.689697265216465,-0.0000235 31.046874999881478,-14.694824218362838,-0.0000235 31.045104980310779,-14.697082519442572,-0.0000235 31.040710449427877,-14.705993652484892,-0.0000235 31.040893554993715,-14.709106445306018,-0.0000235 31.042297363432734,-14.718505858958054,-0.0000235 31.037292480663609,-14.727111816057288,-0.0000235 31.022705077777289,-14.728393555018386,-0.0000235 30.896118164022194,-14.760681152712891,-0.0000235 30.893493652710049,-14.738403320556641,-0.0000235 30.890319823801008,-14.711181640819914,-0.0000235 30.886474609615732,-14.697814941706044,-0.0000235 30.881713867601093,-14.679809570055454,-0.0000235 30.861877441191098,-14.666076659809846,-0.0000235 30.858093261295153,-14.663391113309046,-0.0000235 30.847473144769989,-14.651184081879704,-0.0000235 30.83367919933573,-14.658874512048952,-0.0000235 30.826110839543784,-14.663024902177311,-0.0000235 30.817077637023484,-14.660583496431057,-0.0000235 30.793701171472037,-14.654418945078076,-0.0000235 30.782104491928916,-14.641418457095936,-0.0000235 30.720275879128682,-14.662109375247324,-0.0000235 30.717712402105857,-14.660400390865163,-0.0000235 30.713073730468462,-14.656311035026079,-0.0000235 30.714111327775694,-14.652221680086313,-0.0000235 30.710510254344911,-14.652404784752832,-0.0000235 30.706726074448962,-14.653076171827706,-0.0000235 30.702087401912248,-14.65161132820009,-0.0000235 30.704528808557825,-14.644714355482959,-0.0000235 30.720703125449063,-14.625976562468225,-0.0000235 30.740478515771034,-14.617919922066561,-0.0000235 30.743286132649079,-14.608398437138019,-0.0000235 30.755676269644312,-14.596984863160742,-0.0000235 30.770874023517532,-14.586975097622485,-0.0000235 30.775329589589035,-14.584106445555847,-0.0000235 30.778320312932234,-14.578918457220878,-0.0000235 30.790100098041254,-14.559020996521609,-0.0000235 30.797302245802143,-14.547790527210907,-0.0000235 30.799072265372899,-14.544982910332863,-0.0000235 30.795104980810379,-14.535583495781566,-0.0000235 30.791503906480273,-14.529602050893798,-0.0000235 30.781494140942016,-14.528625487875786,-0.0000235 30.775878906286664,-14.524108886615691,-0.0000235 30.773681640395576,-14.514709472963659,-0.0000235 30.767089843621534,-14.513610839568456,-0.0000235 30.763488769291428,-14.516296386968518,-0.0000235 30.760070800527156,-14.519775390921382,-0.0000235 30.75250244163453,-14.517211913898565,-0.0000235 30.754699706626294,-14.515075683196072,-0.0000235 30.761291504299663,-14.508483886422086,-0.0000235 30.756713866951543,-14.502685547100157,-0.0000235 30.7476806644313,-14.492187500052921,-0.0000235 30.745300292974317,-14.487182617283793,-0.0000235 30.743530273403561,-14.483581542953686,-0.0000235 30.75250244163453,-14.458984375428429,-0.0000235 30.770507812385802,-14.450012207197462,-0.0000235 30.77911376948504,-14.445800780981074,-0.0000235 30.804077148142024,-14.434326171815201,-0.0000235 30.814880371132404,-14.425476073961475,-0.0000235 30.826293945109622,-14.416381836252583,-0.0000235 30.828674316566605,-14.411987304470356,-0.0000235 30.828674316566605,-14.405212402130472,-0.0000235 30.830871582457743,-14.39849853497924,-0.0000235 30.84210205086913,-14.385009765488121,-0.0000235 30.849487305095238,-14.37329101556776,-0.0000235 30.857727051062739,-14.360412597962862,-0.0000235 30.858703613181376,-14.349975586104279,-0.0000235 30.860107421620402,-14.335510253595146,-0.0000235 30.864501953402566,-14.313415527004793,-0.0000235 30.855895996303332,-14.289611816032332,-0.0000235 30.859924316054503,-14.283081054446939,-0.0000235 30.859924316054503,-14.268615722837183,-0.0000235 30.859924316054503,-14.262023926063193,-0.0000235 30.87689208949848,-14.273986816738045,-0.0000235 30.89172363313935,-14.273986816738045,-0.0000235 30.910278320588191,-14.27410888711529,-0.0000235 30.916687011796341,-14.276000976163971,-0.0000235</coordinates></LinearRing></outerBoundaryIs></Polygon>
  </Placemark>
  <Placemark>
	<name>Nyalugwe</name>
	<Style><LineStyle><color>ff0000ff</color></LineStyle><PolyStyle><fill>0</fill></PolyStyle></Style>
	<ExtendedData><SchemaData schemaUrl="#GDA_Areas">
		<SimpleData name="Name">Nyalugwe</SimpleData>
		<SimpleData name="OBJECTID">24</SimpleData>
		<SimpleData name="Id">0</SimpleData>
		<SimpleData name="Density">13</SimpleData>
		<SimpleData name="No_Of_Farm">405</SimpleData>
		<SimpleData name="Snares">0</SimpleData>
		<SimpleData name="Guns">0</SimpleData>
		<SimpleData name="Snare">0</SimpleData>
		<SimpleData name="Pop_2010">0</SimpleData>
		<SimpleData name="Values_">0</SimpleData>
		<SimpleData name="pipo_05">0</SimpleData>
		<SimpleData name="pipo_06">0</SimpleData>
		<SimpleData name="pipo">0</SimpleData>
		<SimpleData name="pipo_08">0</SimpleData>
		<SimpleData name="pipo_09">0</SimpleData>
		<SimpleData name="pipo_10">0</SimpleData>
		<SimpleData name="pipo_11">0</SimpleData>
		<SimpleData name="Perimeter">256390.40074700001</SimpleData>
		<SimpleData name="Area">2689121552.51000020000</SimpleData>
		<SimpleData name="Acres">0.00000000000</SimpleData>
		<SimpleData name="Hectares">268912.00000000000</SimpleData>
		<SimpleData name="Shape_Leng">0.00000000000</SimpleData>
		<SimpleData name="Category">COMACO</SimpleData>
		<SimpleData name="RuleID">0</SimpleData>
		<SimpleData name="Shape_Le_1">2.33368554928</SimpleData>
		<SimpleData name="Support">GDA</SimpleData>
		<SimpleData name="Shape_Le_2">2.33368555316</SimpleData>
		<SimpleData name="Shape_Area">0.22543923737</SimpleData>
	</SchemaData></ExtendedData>
      <Polygon><outerBoundaryIs><LinearRing><coordinates>30.395324706670067,-14.571411132617527,-0.0000235 30.403686523014812,-14.572021484503749,-0.0000235 30.407897949231138,-14.568298339796398,-0.0000235 30.411682129127144,-14.566894531357375,-0.0000235 30.412719726434375,-14.562377930097227,-0.0000235 30.413879394118908,-14.559082030810943,-0.0000235 30.418701172221457,-14.558898926144366,-0.0000235 30.42169189466534,-14.561096191136128,-0.0000235 30.422912597538527,-14.567626952721525,-0.0000235 30.421875000231239,-14.573791504074505,-0.0000235 30.422485351218139,-14.578796386843633,-0.0000235 30.426086425548252,-14.583312988103785,-0.0000235 30.42828369143939,-14.586181641069741,-0.0000235 30.432678222322291,-14.585388183617622,-0.0000235 30.436706542972729,-14.580993652734719,-0.0000235 30.442871093426387,-14.58050537122574,-0.0000235 30.457092285180977,-14.578491210900493,-0.0000235 30.466308594166435,-14.576904296895634,-0.0000235 30.467895508171353,-14.572998046622386,-0.0000235 30.468688964724091,-14.567993163853258,-0.0000235 30.471496581602135,-14.566101073905257,-0.0000235 30.473510741927385,-14.568725586116726,-0.0000235 30.474304199379446,-14.578918457220878,-0.0000235 30.478088379275448,-14.578308105334656,-0.0000235 30.48248291015835,-14.578796386843633,-0.0000235 30.489318847686832,-14.571411132617527,-0.0000235 30.494323730455957,-14.575012206947633,-0.0000235 30.496276855592551,-14.577575683970451,-0.0000235 30.499084472470599,-14.584106445555847,-0.0000235 30.505310059012171,-14.578308105334656,-0.0000235 30.514709472664208,-14.564208983957256,-0.0000235 30.519714355433337,-14.562499999575151,-0.0000235 30.523925781649666,-14.561584472645109,-0.0000235 30.527099609659448,-14.559204101188184,-0.0000235 30.530700683989551,-14.554504394362139,-0.0000235 30.532470703560307,-14.563293457027269,-0.0000235 30.537109375197645,-14.564514159900398,-0.0000235 30.542114257966769,-14.563110351461376,-0.0000235 30.545898437862775,-14.560791015193047,-0.0000235 30.549072265872553,-14.560791015193047,-0.0000235 30.551513671618803,-14.562683105141048,-0.0000235 30.605895995903666,-14.600891113433986,-0.0000235 30.654296875300698,-14.630004883118715,-0.0000235 30.660705566508849,-14.63250732405362,-0.0000235 30.672729492372351,-14.636718750269948,-0.0000235 30.681274414282939,-14.639709472713832,-0.0000235 30.702087401912248,-14.65161132820009,-0.0000235 30.706726074448962,-14.653076171827706,-0.0000235 30.710510254344911,-14.652404784752832,-0.0000235 30.714111327775694,-14.652221680086313,-0.0000235 30.713073730468462,-14.656311035026079,-0.0000235 30.717712402105857,-14.660400390865163,-0.0000235 30.720275879128682,-14.662109375247324,-0.0000235 30.782104491928916,-14.641418457095936,-0.0000235 30.793701171472037,-14.654418945078076,-0.0000235 30.817077637023484,-14.660583496431057,-0.0000235 30.826110839543784,-14.663024902177311,-0.0000235 30.83367919933573,-14.658874512048952,-0.0000235 30.847473144769989,-14.651184081879704,-0.0000235 30.858093261295153,-14.663391113309046,-0.0000235 30.861877441191098,-14.666076659809846,-0.0000235 30.881713867601093,-14.679809570055454,-0.0000235 30.886474609615732,-14.697814941706044,-0.0000235 30.890319823801008,-14.711181640819914,-0.0000235 30.893493652710049,-14.738403320556641,-0.0000235 30.896118164022194,-14.760681152712891,-0.0000235 30.798522949574643,-14.783813476610476,-0.0000235 30.774902344168027,-14.793212890262508,-0.0000235 30.455078124855731,-14.917175292705451,-0.0000235 30.433288574208518,-14.927612304564036,-0.0000235 30.375915527479776,-14.955200195432496,-0.0000235 30.342895507521803,-14.963989258097627,-0.0000235 30.333923340190154,-14.966308593466636,-0.0000235 30.298889159906992,-14.975708008017987,-0.0000235 30.21789550777163,-14.996887206779034,-0.0000235 30.217285155885406,-14.993896484335096,-0.0000235 30.216125488200873,-14.985595703179001,-0.0000235 30.214477539007362,-14.983215331722022,-0.0000235 30.212524413870767,-14.979187011970851,-0.0000235 30.218078613337525,-14.972106933687883,-0.0000235 30.212707519436666,-14.960693359710604,-0.0000235 30.211730957317972,-14.957702636367401,-0.0000235 30.210510253545522,-14.95428466760319,-0.0000235 30.209289550672391,-14.950317383040611,-0.0000235 30.207275390347153,-14.944885253951155,-0.0000235 30.207092284781311,-14.940185547125166,-0.0000235 30.205688476342285,-14.934020995772187,-0.0000235 30.205078125355385,-14.929199218568899,-0.0000235 30.199096679568296,-14.921203613355885,-0.0000235 30.207885742233373,-14.904113769534661,-0.0000235 30.209289550672391,-14.89062500004354,-0.0000235 30.206909180114735,-14.880981445637017,-0.0000235 30.210876464677256,-14.870300293023943,-0.0000235 30.207519531101635,-14.854309081698601,-0.0000235 30.209289550672391,-14.843811035550686,-0.0000235 30.209106445106503,-14.840393066786417,-0.0000235 30.206481933794347,-14.834106445056248,-0.0000235 30.20251464833251,-14.824096679517993,-0.0000235 30.201477051025222,-14.819274902314705,-0.0000235 30.199279785134134,-14.815917968739086,-0.0000235 30.195922851558521,-14.813293457426935,-0.0000235 30.184509277581238,-14.801208496374841,-0.0000235 30.179870605044524,-14.794494629223605,-0.0000235 30.172729492472286,-14.786010742501617,-0.0000235 30.158325195151804,-14.777893066012041,-0.0000235 30.155700683839651,-14.776000976963358,-0.0000235 30.149475097298076,-14.770812988628336,-0.0000235 30.145080566415174,-14.764587402086761,-0.0000235 30.131286620980916,-14.753906250373005,-0.0000235 30.125915527080053,-14.749694824156677,-0.0000235 30.103088379125552,-14.72137451192401,-0.0000235 30.091674804249006,-14.705078124655586,-0.0000235 30.086730956668475,-14.702819824475171,-0.0000235 30.074523926138454,-14.697875976894634,-0.0000235 30.074096679818066,-14.692993164502752,-0.0000235 30.07232666024731,-14.68322753881972,-0.0000235 30.09808349635642,-14.655212402530195,-0.0000235 30.154907226387532,-14.587707519885953,-0.0000235 30.236694335975013,-14.520690917851425,-0.0000235 30.304321288996448,-14.478698730561801,-0.0000235 30.357910155829188,-14.444519042919355,-0.0000235 30.394287109362779,-14.466125488000728,-0.0000235 30.395080566814897,-14.556579589876037,-0.0000235 30.395324706670067,-14.571411132617527,-0.0000235</coordinates></LinearRing></outerBoundaryIs></Polygon>
  </Placemark>
  <Placemark>
	<name>Mwasemphangwe</name>
	<Style><LineStyle><color>ff0000ff</color></LineStyle><PolyStyle><fill>0</fill></PolyStyle></Style>
	<ExtendedData><SchemaData schemaUrl="#GDA_Areas">
		<SimpleData name="Name">Mwasemphangwe</SimpleData>
		<SimpleData name="OBJECTID">25</SimpleData>
		<SimpleData name="Id">0</SimpleData>
		<SimpleData name="Density">0</SimpleData>
		<SimpleData name="No_Of_Farm">0</SimpleData>
		<SimpleData name="Snares">0</SimpleData>
		<SimpleData name="Guns">0</SimpleData>
		<SimpleData name="Snare">0</SimpleData>
		<SimpleData name="Pop_2010">0</SimpleData>
		<SimpleData name="Values_">0</SimpleData>
		<SimpleData name="pipo_05">0</SimpleData>
		<SimpleData name="pipo_06">0</SimpleData>
		<SimpleData name="pipo">0</SimpleData>
		<SimpleData name="pipo_08">0</SimpleData>
		<SimpleData name="pipo_09">0</SimpleData>
		<SimpleData name="pipo_10">0</SimpleData>
		<SimpleData name="pipo_11">0</SimpleData>
		<SimpleData name="Perimeter">0.00000000000</SimpleData>
		<SimpleData name="Area">0.00000000000</SimpleData>
		<SimpleData name="Acres">0.00000000000</SimpleData>
		<SimpleData name="Hectares">0.00000000000</SimpleData>
		<SimpleData name="Shape_Leng">0.00000000000</SimpleData>
		<SimpleData name="Category">COMACO</SimpleData>
		<SimpleData name="RuleID">0</SimpleData>
		<SimpleData name="Shape_Le_1">1.49387785786</SimpleData>
		<SimpleData name="Support">GDA</SimpleData>
		<SimpleData name="Shape_Le_2">1.49387785383</SimpleData>
		<SimpleData name="Shape_Area">0.11186423705</SimpleData>
	</SchemaData></ExtendedData>
      <Polygon><outerBoundaryIs><LinearRing><coordinates>32.807678222971788,-12.816711425691608,-0.0000235 32.817077636623821,-12.819519042569594,-0.0000235 32.822875976845012,-12.819213867525832,-0.0000235 32.829284668053162,-12.822875976145212,-0.0000235 32.839111328025524,-12.825195312413596,-0.0000235 32.843078613487364,-12.826416015286723,-0.0000235 32.847290038804424,-12.827087402361542,-0.0000235 32.853698730911844,-12.828613281177809,-0.0000235 32.856506347789889,-12.829406738629928,-0.0000235 32.861083984238626,-12.828308105234726,-0.0000235 32.864318847437005,-12.825622558733924,-0.0000235 32.867919921767168,-12.823425292842842,-0.0000235 32.870300293224091,-12.821777343649329,-0.0000235 32.874084472220773,-12.82171630846068,-0.0000235 32.876281738111913,-12.82391357435182,-0.0000235 32.879516601310286,-12.827087402361542,-0.0000235 32.882873534885903,-12.829284668252681,-0.0000235 32.884887695211141,-12.831909179564832,-0.0000235 32.88812255840952,-12.832885742582789,-0.0000235 32.8905029298665,-12.83502197238596,-0.0000235 32.896911621074587,-12.831176758200684,-0.0000235 32.901672363089233,-12.827087402361542,-0.0000235 32.904479980866597,-12.828613281177809,-0.0000235 32.907714844064969,-12.828979492309543,-0.0000235 32.911071777640586,-12.829406738629928,-0.0000235 32.915710449277981,-12.829223633064032,-0.0000235 32.922119140486132,-12.830627441503054,-0.0000235 32.931884765269835,-12.829711913673691,-0.0000235 32.937683105491089,-12.83050537112581,-0.0000235 32.942077636373995,-12.829284668252681,-0.0000235 32.950317383240815,-12.830200195182726,-0.0000235 32.956726074448966,-12.831298827678609,-0.0000235 32.9570922855807,-12.839782714400599,-0.0000235 32.957275390247219,-12.844909667546972,-0.0000235 32.966308593666838,-12.853515624646205,-0.0000235 32.965515137114039,-12.857299804542208,-0.0000235 32.982910155979084,-12.863403320706539,-0.0000235 32.996887206979181,-12.867309570080407,-0.0000235 33.021728515258928,-12.872985839924409,-0.0000235 33.026123047041153,-12.878601074579763,-0.0000235 33.036682129276983,-12.89050293006602,-0.0000235 33.03369140593378,-12.903381347670916,-0.0000235 33.022705078276886,-12.919982909983162,-0.0000235 33.020080566065417,-12.929687499578279,-0.0000235 33.017883301073653,-12.936218262062994,-0.0000235 33.011108398733768,-12.94750976566297,-0.0000235 33.010070800527153,-12.959228515583391,-0.0000235 33.012695312738678,-12.977111815957358,-0.0000235 33.005493164078416,-12.984008788674487,-0.0000235 33.007690429969557,-12.991210937334756,-0.0000235 32.9976806644313,-13.00219726589097,-0.0000235 32.996887206979181,-13.015075683495809,-0.0000235 32.992919921517341,-13.024780273090981,-0.0000235 32.983703613431203,-13.033203124624322,-0.0000235 32.99072265652552,-13.036376953533418,-0.0000235 32.995483398540159,-13.043884277237453,-0.0000235 32.996704101413343,-13.057983398614795,-0.0000235 32.984130859751524,-13.075012207247424,-0.0000235 32.980285644666935,-13.088317871172649,-0.0000235 32.97772216764406,-13.109008789324035,-0.0000235 32.979309081648978,-13.120300292924014,-0.0000235 32.981872558671796,-13.127807617527367,-0.0000235 32.979919433535201,-13.14349365201025,-0.0000235 32.985717773756392,-13.156311035325871,-0.0000235 32.987487793327148,-13.172302245751894,-0.0000235 33.004516601959779,-13.19708251974231,-0.0000235 33.004699706626297,-13.201782226568355,-0.0000235 33.002929687055598,-13.208312988153693,-0.0000235 33.000122070177554,-13.213012694979739,-0.0000235 32.996704101413343,-13.216613769309845,-0.0000235 32.99310302708318,-13.219421387087209,-0.0000235 32.989685058318969,-13.223815917970056,-0.0000235 32.982299804992174,-13.229675293379898,-0.0000235 32.976318359205095,-13.235412597513232,-0.0000235 32.968688965123818,-13.245422363051432,-0.0000235 32.959289550572464,-13.247314452999431,-0.0000235 32.953918456671595,-13.250122069877477,-0.0000235 32.947326659897612,-13.251403808838575,-0.0000235 32.950683593473229,-13.257995605612562,-0.0000235 32.932495117156122,-13.253601073830339,-0.0000235 32.928894042825959,-13.25280761727754,-0.0000235 32.925720214816238,-13.250793456952294,-0.0000235 32.912109374947875,-13.245910644560409,-0.0000235 32.902709961295841,-13.23718261708393,-0.0000235 32.901916503843722,-13.228820800739186,-0.0000235 32.896118163622532,-13.220581054771683,-0.0000235 32.881286620881035,-13.218505859257846,-0.0000235 32.843322754241854,-13.204528808257747,-0.0000235 32.729309082148575,-13.088012695229565,-0.0000235 32.672729491972632,-13.026794433416226,-0.0000235 32.663513183886494,-13.027526855679696,-0.0000235 32.659484863236003,-13.027526855679696,-0.0000235 32.650329589439139,-13.035400390515463,-0.0000235 32.643676757476555,-13.038696288902429,-0.0000235 32.637084960702566,-13.044616699500921,-0.0000235 32.625915527479776,-13.045288085676475,-0.0000235 32.621887206829285,-13.036010742401686,-0.0000235 32.60931396516753,-13.036010742401686,-0.0000235 32.618530273253668,-13.030700683689416,-0.0000235 32.625671386725287,-13.025817871297589,-0.0000235 32.637512207022894,-13.013610839868193,-0.0000235 32.64990234401813,-12.992980956905456,-0.0000235 32.652893066462013,-12.987976074136325,-0.0000235 32.654907226787259,-12.984680175749361,-0.0000235 32.666076660009992,-12.966796875375337,-0.0000235 32.679321288746621,-12.929382324534515,-0.0000235 32.682312012089824,-12.921325683233533,-0.0000235 32.685729980854092,-12.912414551090478,-0.0000235 32.692077636873591,-12.897705077826913,-0.0000235 32.701904296846003,-12.874023437231699,-0.0000235 32.722290039054201,-12.831176758200684,-0.0000235 32.729309082148575,-12.81750488314367,-0.0000235 32.736328125242949,-12.817687988709565,-0.0000235 32.740112304239631,-12.814208984756704,-0.0000235 32.743713378569737,-12.81329345692734,-0.0000235 32.751281738361683,-12.8093261714655,-0.0000235 32.75787353513573,-12.809509277031339,-0.0000235 32.765930175537335,-12.810485840049296,-0.0000235 32.76849365256021,-12.812927245795606,-0.0000235 32.77612304664143,-12.813720703247725,-0.0000235 32.780273437669166,-12.814086914379457,-0.0000235 32.786315917745583,-12.814392089423222,-0.0000235 32.792114257966773,-12.814575194989118,-0.0000235 32.802917480057829,-12.81512451168669,-0.0000235 32.807678222971788,-12.816711425691608,-0.0000235</coordinates></LinearRing></outerBoundaryIs></Polygon>
  </Placemark>
  <Placemark>
	<name>Chikomeni</name>
	<Style><LineStyle><color>ff0000ff</color></LineStyle><PolyStyle><fill>0</fill></PolyStyle></Style>
	<ExtendedData><SchemaData schemaUrl="#GDA_Areas">
		<SimpleData name="Name">Chikomeni</SimpleData>
		<SimpleData name="OBJECTID">26</SimpleData>
		<SimpleData name="Id">0</SimpleData>
		<SimpleData name="Density">0</SimpleData>
		<SimpleData name="No_Of_Farm">0</SimpleData>
		<SimpleData name="Snares">0</SimpleData>
		<SimpleData name="Guns">0</SimpleData>
		<SimpleData name="Snare">0</SimpleData>
		<SimpleData name="Pop_2010">0</SimpleData>
		<SimpleData name="Values_">0</SimpleData>
		<SimpleData name="pipo_05">0</SimpleData>
		<SimpleData name="pipo_06">0</SimpleData>
		<SimpleData name="pipo">0</SimpleData>
		<SimpleData name="pipo_08">0</SimpleData>
		<SimpleData name="pipo_09">0</SimpleData>
		<SimpleData name="pipo_10">0</SimpleData>
		<SimpleData name="pipo_11">0</SimpleData>
		<SimpleData name="Perimeter">0.00000000000</SimpleData>
		<SimpleData name="Area">0.00000000000</SimpleData>
		<SimpleData name="Acres">0.00000000000</SimpleData>
		<SimpleData name="Hectares">0.00000000000</SimpleData>
		<SimpleData name="Shape_Leng">0.00000000000</SimpleData>
		<SimpleData name="Category">COMACO</SimpleData>
		<SimpleData name="RuleID">0</SimpleData>
		<SimpleData name="Shape_Le_1">1.14916334024</SimpleData>
		<SimpleData name="Support">GDA</SimpleData>
		<SimpleData name="Shape_Le_2">1.14916333859</SimpleData>
		<SimpleData name="Shape_Area">0.07854141475</SimpleData>
	</SchemaData></ExtendedData>
      <Polygon><outerBoundaryIs><LinearRing><coordinates>33.041503906480273,-12.609313964467731,-0.0000235 33.031921386363081,-12.627990722293816,-0.0000235 33.023925781150069,-12.657287597544439,-0.0000235 33.014709473063874,-12.656127929859906,-0.0000235 33.018493652060556,-12.66931152340794,-0.0000235 33.009094238408515,-12.700012207097529,-0.0000235 33.001708984182414,-12.71032714857887,-0.0000235 32.991516113078319,-12.728698730461872,-0.0000235 32.985717773756392,-12.731689452905753,-0.0000235 32.970275879128678,-12.742614746273373,-0.0000235 32.960083008024583,-12.752807617377471,-0.0000235 32.956726074448966,-12.765075683995462,-0.0000235 32.960083008024583,-12.788879394967921,-0.0000235 32.958312988453827,-12.816284179371221,-0.0000235 32.956726074448966,-12.831298827678609,-0.0000235 32.950317383240815,-12.830200195182726,-0.0000235 32.942077636373995,-12.829284668252681,-0.0000235 32.937683105491089,-12.83050537112581,-0.0000235 32.931884765269835,-12.829711913673691,-0.0000235 32.922119140486132,-12.830627441503054,-0.0000235 32.915710449277981,-12.829223633064032,-0.0000235 32.911071777640586,-12.829406738629928,-0.0000235 32.907714844064969,-12.828979492309543,-0.0000235 32.904479980866597,-12.828613281177809,-0.0000235 32.901672363089233,-12.827087402361542,-0.0000235 32.896911621074587,-12.831176758200684,-0.0000235 32.8905029298665,-12.83502197238596,-0.0000235 32.88812255840952,-12.832885742582789,-0.0000235 32.884887695211141,-12.831909179564832,-0.0000235 32.882873534885903,-12.829284668252681,-0.0000235 32.879516601310286,-12.827087402361542,-0.0000235 32.876281738111913,-12.82391357435182,-0.0000235 32.874084472220773,-12.82171630846068,-0.0000235 32.870300293224091,-12.821777343649329,-0.0000235 32.867919921767168,-12.823425292842842,-0.0000235 32.864318847437005,-12.825622558733924,-0.0000235 32.861083984238626,-12.828308105234726,-0.0000235 32.856506347789889,-12.829406738629928,-0.0000235 32.853698730911844,-12.828613281177809,-0.0000235 32.847290038804424,-12.827087402361542,-0.0000235 32.843078613487364,-12.826416015286723,-0.0000235 32.839111328025524,-12.825195312413596,-0.0000235 32.829284668053162,-12.822875976145212,-0.0000235 32.822875976845012,-12.819213867525832,-0.0000235 32.817077636623821,-12.819519042569594,-0.0000235 32.807678222971788,-12.816711425691608,-0.0000235 32.802917480057829,-12.81512451168669,-0.0000235 32.792114257966773,-12.814575194989118,-0.0000235 32.786315917745583,-12.814392089423222,-0.0000235 32.780273437669166,-12.814086914379457,-0.0000235 32.77612304664143,-12.813720703247725,-0.0000235 32.76849365256021,-12.812927245795606,-0.0000235 32.765930175537335,-12.810485840049296,-0.0000235 32.75787353513573,-12.809509277031339,-0.0000235 32.751281738361683,-12.8093261714655,-0.0000235 32.743713378569737,-12.81329345692734,-0.0000235 32.740112304239631,-12.814208984756704,-0.0000235 32.736328125242949,-12.817687988709565,-0.0000235 32.729309082148575,-12.81750488314367,-0.0000235 32.723876953059118,-12.801391601441082,-0.0000235 32.716125488600596,-12.775329590288209,-0.0000235 32.716125488600596,-12.768676757426249,-0.0000235 32.715881347846107,-12.742309570330235,-0.0000235 32.716125488600596,-12.737792969070084,-0.0000235 32.717712402605457,-12.730285644466731,-0.0000235 32.724121093813608,-12.697509765263305,-0.0000235 32.72491455036635,-12.694519042819422,-0.0000235 32.784118652753762,-12.560119628517896,-0.0000235 32.7896728513212,-12.553100586322842,-0.0000235 32.822875976845012,-12.522583008199092,-0.0000235 32.84112548835077,-12.505981444987526,-0.0000235 32.882873534885903,-12.46789550797115,-0.0000235 32.892272949437256,-12.46362304656617,-0.0000235 32.899291992531573,-12.460205077801959,-0.0000235 32.908508300617768,-12.455383300598667,-0.0000235 32.923278808170608,-12.476806641013525,-0.0000235 32.934875488613102,-12.492980957005386,-0.0000235 32.96289062490257,-12.53240966817151,-0.0000235 32.972473144120443,-12.561401367478993,-0.0000235 33.002319336068695,-12.583496094069345,-0.0000235 33.004699706626297,-12.585205078451452,-0.0000235 33.038696288702909,-12.606811523532826,-0.0000235 33.041503906480273,-12.609313964467731,-0.0000235</coordinates></LinearRing></outerBoundaryIs></Polygon>
  </Placemark>
</Folder></Document></kml>
