<?xml version="1.0" encoding="utf-8" ?>
<kml xmlns="http://www.opengis.net/kml/2.2">
<Document><Folder><name>Luangwa_river</name>
<Schema name="Luangwa_river" id="Luangwa_river">
	<SimpleField name="Name" type="string"></SimpleField>
	<SimpleField name="Description" type="string"></SimpleField>
	<SimpleField name="OBJECTID" type="int"></SimpleField>
	<SimpleField name="ID" type="int"></SimpleField>
	<SimpleField name="RIVERCODE" type="int"></SimpleField>
	<SimpleField name="NAME" type="string"></SimpleField>
	<SimpleField name="Corridors" type="int"></SimpleField>
	<SimpleField name="Shape_Leng" type="float"></SimpleField>
</Schema>
  <Placemark>
	<Style><LineStyle><color>ff0000ff</color></LineStyle><PolyStyle><fill>0</fill></PolyStyle></Style>
	<ExtendedData><SchemaData schemaUrl="#Luangwa_river">
		<SimpleData name="OBJECTID">1</SimpleData>
		<SimpleData name="ID">0</SimpleData>
		<SimpleData name="RIVERCODE">0</SimpleData>
		<SimpleData name="Corridors">0</SimpleData>
		<SimpleData name="Shape_Leng">1260.37614349000</SimpleData>
	</SchemaData></ExtendedData>
      <LineString><coordinates>33.520665238911839,-12.360870632760209 33.51901863788536,-12.362534567122806 33.517489712839463,-12.364138976470921 33.515370184120748,-12.364498231260646 33.512897392009421,-12.364917341719742 33.511013406701785,-12.365276205897944 33.510601259439952,-12.365336163762938</coordinates></LineString>
  </Placemark>
  <Placemark>
	<Style><LineStyle><color>ff0000ff</color></LineStyle><PolyStyle><fill>0</fill></PolyStyle></Style>
	<ExtendedData><SchemaData schemaUrl="#Luangwa_river">
		<SimpleData name="OBJECTID">2</SimpleData>
		<SimpleData name="ID">0</SimpleData>
		<SimpleData name="RIVERCODE">0</SimpleData>
		<SimpleData name="Corridors">0</SimpleData>
		<SimpleData name="Shape_Leng">4462.69048938000</SimpleData>
	</SchemaData></ExtendedData>
      <LineString><coordinates>33.54264254475445,-12.369024084545316 33.540935854792941,-12.369798214602513 33.538228358743901,-12.370811289435078 33.5360498355316,-12.371111466842965 33.533400773173739,-12.371827723581745 33.52939804026569,-12.373139449416243 33.52668987993745,-12.373737065010515 33.523982530288791,-12.374928007885432 33.520686809710533,-12.376535183517264 33.518627054395424,-12.3776064014427 33.516508713717428,-12.378915036053987 33.513860074513865,-12.380046455409319 33.511210454813863,-12.380465824689795 33.50950232216006,-12.380290396564586 33.507263366807763,-12.379522396627994 33.505084099737445,-12.379347645334121 33.504083079725412,-12.379467805779898</coordinates></LineString>
  </Placemark>
  <Placemark>
	<Style><LineStyle><color>ff0000ff</color></LineStyle><PolyStyle><fill>0</fill></PolyStyle></Style>
	<ExtendedData><SchemaData schemaUrl="#Luangwa_river">
		<SimpleData name="OBJECTID">3</SimpleData>
		<SimpleData name="ID">0</SimpleData>
		<SimpleData name="RIVERCODE">0</SimpleData>
		<SimpleData name="Corridors">0</SimpleData>
		<SimpleData name="Shape_Leng">10303.22963350000</SimpleData>
	</SchemaData></ExtendedData>
      <LineString><coordinates>32.510512165676339,-11.808035858469983 32.511793631318113,-11.808619728448246 32.512554687892681,-11.808394358251016 32.5138404013802,-11.808345043754992 32.514774029239057,-11.808523721657201 32.515411684647859,-11.809276140265235 32.515930568044396,-11.810315615898693 32.516162339311158,-11.81060491981169 32.517037552177925,-11.810783217121331 32.517974269305192,-11.810501392891402 32.51861155304978,-11.811311366012273 32.519841162508868,-11.810916281435075 32.520301641089581,-11.811955376094319 32.52029472293377,-11.812991483821889 32.521463223665954,-11.812998949800642 32.522284246704039,-11.812543680957317 32.524148859654957,-11.813303910752563 32.525132120289499,-11.814806844173363 32.525765219318032,-11.816249979496209 32.526046234861155,-11.817921125460558 32.526267677424244,-11.819764583558239 32.52614469239937,-11.820684823385218 32.52654601714687,-11.821838659846701 32.527709578966238,-11.822594401410768 32.529221798345461,-11.823640176983448 32.529453977539227,-11.823871909422593 32.529740759710108,-11.824679629391049 32.529910305398545,-11.825544167080828 32.530019129224542,-11.82675370274268 32.530772576893874,-11.827679516422753 32.531411847938628,-11.828201655269906 32.531929297752882,-11.829471350198039 32.531690996689861,-11.830160603529055 32.531978173775016,-11.830910760053927 32.533666887166667,-11.831784941729323 32.534772463319435,-11.832482723834699 32.535994903817276,-11.83318124280575 32.53704282410817,-11.833763523215429 32.538145369448479,-11.834921785403028 32.538314185380344,-11.835901442302971 32.538014416748794,-11.83705082362505 32.537951034929357,-11.837798754696072 32.538293619276708,-11.839009767170211 32.538461675352714,-11.840104546500459 32.538451773935549,-11.841601146801729 32.539145334937182,-11.842756816064229 32.540013436630488,-11.844028716629145 32.540764681435107,-11.845299874637451 32.541634699373986,-11.846283962043838 32.542329425473909,-11.847266939115459 32.542322963638384,-11.848245486555143 32.542317261602534,-11.849108909431715 32.542953563982529,-11.850091516711394 32.543878999356863,-11.851536459510486 32.544805203294366,-11.852866275893199 32.545611891514987,-11.854598283398001 32.546071777156826,-11.855752463045125 32.547232502409905,-11.856968622686612 32.548102200304619,-11.858010252980778 32.54826916836565,-11.859277711858615 32.548551870512036,-11.860718590880889 32.548544292764177,-11.861869822372615 32.54865244858032,-11.86319447494154 32.549403783271835,-11.864465611700242 32.550216590863464,-11.865276621842304 32.551556088696572,-11.865975814465605 32.55225430236333,-11.866440714897854 32.552596603792438,-11.86770927350134 32.552999992168537,-11.86857526674263 32.553580205837854,-11.869212114583855 32.554632078157624,-11.86921871935842 32.555798182174577,-11.869628984171287 32.556844019516042,-11.870556565643659 32.557716812757278,-11.871137675345606 32.558596017311892,-11.870740235101493 32.559413391166473,-11.87086048055135 32.560638701207033,-11.871155968982599 32.561690204605597,-11.871220108294322</coordinates></LineString>
  </Placemark>
  <Placemark>
	<Style><LineStyle><color>ff0000ff</color></LineStyle><PolyStyle><fill>0</fill></PolyStyle></Style>
	<ExtendedData><SchemaData schemaUrl="#Luangwa_river">
		<SimpleData name="OBJECTID">4</SimpleData>
		<SimpleData name="ID">0</SimpleData>
		<SimpleData name="RIVERCODE">0</SimpleData>
		<SimpleData name="Corridors">0</SimpleData>
		<SimpleData name="Shape_Leng">3795.02980063000</SimpleData>
	</SchemaData></ExtendedData>
      <LineString><coordinates>32.511254596009223,-11.806322559149491 32.51257552833016,-11.805286039609745 32.513689043032578,-11.804775108081058 32.515039714387854,-11.803747616180292 32.516739373249123,-11.802952607992697 32.517623798973005,-11.801749425940834 32.518096950960569,-11.800888993411709 32.51804776157438,-11.799507142434669 32.517764884595145,-11.79812379652514 32.517365168249562,-11.796739703195273 32.517488167629054,-11.795819465429627 32.51732059963868,-11.794667113154143 32.51732637216282,-11.79380368949891 32.517391719583131,-11.792767955755062 32.517746475742051,-11.792137021009566 32.518277261045277,-11.791392084449466 32.519040571640538,-11.790821324553979 32.52009521136997,-11.790367552415182 32.521267072073783,-11.789856961183768 32.521914300012767,-11.789170324875448 32.522446602599878,-11.78819513228348 32.5225691971293,-11.787332453279957 32.522867816522734,-11.786355768878632 32.523634937543711,-11.785209379438312 32.524517740921475,-11.784236417759686 32.524876301299145,-11.783029856368792 32.524943148227209,-11.781763872168185 32.524892008809587,-11.78066982753985 32.524896606285765,-11.779979087252977 32.524901586169328,-11.779230785461648 32.524905416635725,-11.77865516804521</coordinates></LineString>
  </Placemark>
  <Placemark>
	<Style><LineStyle><color>ff0000ff</color></LineStyle><PolyStyle><fill>0</fill></PolyStyle></Style>
	<ExtendedData><SchemaData schemaUrl="#Luangwa_river">
		<SimpleData name="OBJECTID">5</SimpleData>
		<SimpleData name="ID">0</SimpleData>
		<SimpleData name="RIVERCODE">0</SimpleData>
		<SimpleData name="Corridors">0</SimpleData>
		<SimpleData name="Shape_Leng">1150.02567709000</SimpleData>
	</SchemaData></ExtendedData>
      <LineString><coordinates>32.517389795849866,-11.793055763369585 32.516811361487363,-11.792188601024304 32.515763641382776,-11.791606251996441 32.514656734280976,-11.791138648286442 32.513841933433525,-11.790672913129232 32.512792297260418,-11.790378361031046 32.511858346513598,-11.790257240169762 32.511100042087193,-11.790079679891525 32.510635384233552,-11.789673748452968 32.510525109632475,-11.788694452166068 32.51041290400471,-11.788002963182663 32.510300699785716,-11.787311475049627 32.510244211317342,-11.787023292259557</coordinates></LineString>
  </Placemark>
  <Placemark>
	<Style><LineStyle><color>ff0000ff</color></LineStyle><PolyStyle><fill>0</fill></PolyStyle></Style>
	<ExtendedData><SchemaData schemaUrl="#Luangwa_river">
		<SimpleData name="OBJECTID">6</SimpleData>
		<SimpleData name="ID">0</SimpleData>
		<SimpleData name="RIVERCODE">0</SimpleData>
		<SimpleData name="Corridors">0</SimpleData>
		<SimpleData name="Shape_Leng">1775.24795583000</SimpleData>
	</SchemaData></ExtendedData>
      <LineString><coordinates>32.544440507393738,-11.77520997702231 32.544442781429481,-11.774864605216678 32.544795179955067,-11.77457900459873 32.545150607331642,-11.7738329082894 32.544805789087242,-11.772967271379009 32.544810335055175,-11.772276528512075 32.545047789937136,-11.771702381652103 32.545751818764863,-11.771246301367233 32.546454708746261,-11.770962905250274 32.547216392234375,-11.77062231333093 32.548153323194015,-11.770282820941249 32.549032968986936,-11.769770272883928 32.55020469304705,-11.769259555662783 32.551028558554172,-11.768343700017708 32.551619511869056,-11.767311252150478 32.551858080351153,-11.766564412538429 32.552037100235474,-11.765989892199181 32.552099288154359,-11.765414638417107 32.551928193391376,-11.764780357085966 32.551640646436979,-11.764087780428806 32.55152683495718,-11.763626550919952 32.551761627010457,-11.763455331603991</coordinates></LineString>
  </Placemark>
  <Placemark>
	<Style><LineStyle><color>ff0000ff</color></LineStyle><PolyStyle><fill>0</fill></PolyStyle></Style>
	<ExtendedData><SchemaData schemaUrl="#Luangwa_river">
		<SimpleData name="OBJECTID">7</SimpleData>
		<SimpleData name="ID">0</SimpleData>
		<SimpleData name="RIVERCODE">0</SimpleData>
		<SimpleData name="Corridors">0</SimpleData>
		<SimpleData name="Shape_Leng">12382.00633310000</SimpleData>
	</SchemaData></ExtendedData>
      <LineString><coordinates>32.724772101358667,-11.59120101958918 32.727440755970896,-11.592670474772611 32.728433902604081,-11.592560951804673 32.729019404451073,-11.592276427932797 32.729837408616191,-11.592165911186484 32.730415784277326,-11.593090227444357 32.730116756901758,-11.594297425287886 32.730812238865063,-11.595164835762796 32.731099735996423,-11.595914813736854 32.730512193043893,-11.596544726033539 32.730332978348734,-11.597234505838445 32.729978277981076,-11.597980861835937 32.729797024568377,-11.599016025514089 32.730260007613872,-11.599709427934183 32.7295539939024,-11.600626499595862 32.729720994290133,-11.602009022523784 32.73023693457916,-11.603623777871027 32.730056696149553,-11.604486249148868 32.730457573583436,-11.605812524554054 32.731212824466773,-11.606450007600865 32.731729120336816,-11.608007195527511 32.732423285255578,-11.609104857971161 32.733941266913973,-11.609113404625068 32.735225374276986,-11.609178194268695 32.73615376876419,-11.610162033334653 32.737379835881185,-11.610168921495932 32.738313644300874,-11.610231730139104 32.739009528258052,-11.611041556686875 32.738651794373574,-11.612305999200595 32.739578860981275,-11.613520082517853 32.739863024792577,-11.614845691002927 32.740499865002839,-11.615770315797285 32.740849839350098,-11.615829842869571 32.743292259265438,-11.617512930440091 32.74399288759615,-11.617516849982533 32.746438702795253,-11.618624271108791 32.747136982063417,-11.619031131262908 32.748069144241555,-11.619381728746609 32.748585557439796,-11.620938888551382 32.749047614847484,-11.621804952870745 32.750387490385506,-11.622330514006421 32.751727705489436,-11.622798504321613 32.75207032239156,-11.624124426497412 32.752181737582433,-11.625046100663701 32.752354890404334,-11.625392459395167 32.753635397198543,-11.626090372958815 32.754627650717694,-11.626153453820251 32.75602928657716,-11.626103673261239 32.757024213249665,-11.625706234649844 32.75796041491796,-11.625366032429175 32.758896615285238,-11.62502582711735 32.761051284780542,-11.626016380821948 32.762503318431669,-11.627348429094853 32.763485933174962,-11.629080837517519 32.765110170052829,-11.630931917457612 32.765920635473449,-11.632145274041937 32.766730443205454,-11.633473756006916 32.768006048094769,-11.635035066714948 32.769345360132348,-11.635675669778006 32.770861503732519,-11.636029408973576 32.773192792654562,-11.636790581404579 32.774472414301783,-11.637661095396322 32.775342980931889,-11.638586926596913 32.776797128750736,-11.639573519410014 32.7784314022892,-11.639697603261528 32.780181471261557,-11.639995009304727 32.782046681805816,-11.640580863205448 32.783035050425632,-11.641334617288562 32.784314723996239,-11.642205088228058 32.785540935662482,-11.642211774428672 32.787409778402186,-11.642164388623817 32.789973422241133,-11.643156953310575 32.790902449073222,-11.644083055857683 32.791944343261179,-11.64570055815925 32.792988210452322,-11.646972672496187 32.794095374453505,-11.647381637844589 32.795203521382938,-11.64761790639384 32.796135515721168,-11.648025914552724 32.796598417217858,-11.648776776795993 32.797001624884075,-11.64975757868674 32.797579688397605,-11.650796891892984 32.798099363188925,-11.651835888057315 32.798503558041318,-11.652643996132101 32.799025843121527,-11.653222477694817</coordinates></LineString>
  </Placemark>
  <Placemark>
	<Style><LineStyle><color>ff0000ff</color></LineStyle><PolyStyle><fill>0</fill></PolyStyle></Style>
	<ExtendedData><SchemaData schemaUrl="#Luangwa_river">
		<SimpleData name="OBJECTID">8</SimpleData>
		<SimpleData name="ID">0</SimpleData>
		<SimpleData name="RIVERCODE">0</SimpleData>
		<SimpleData name="Corridors">0</SimpleData>
		<SimpleData name="Shape_Leng">4606.62843459000</SimpleData>
	</SchemaData></ExtendedData>
      <LineString><coordinates>32.77262079828408,-11.655035806914983 32.771111836138999,-11.653415667491895 32.769421744824989,-11.652830707295051 32.767966892319308,-11.651959204838985 32.766572435413522,-11.650742634076067 32.764768245017933,-11.649696490651387 32.763018466026082,-11.649341426586174 32.762211961351206,-11.647437295071356 32.761576977586969,-11.646167334020355 32.760881275785771,-11.645299996133522 32.759715444848204,-11.644948145072542 32.759017081950184,-11.644541314433084 32.758323728144831,-11.643271022586768 32.757043465947234,-11.642515565142068 32.755181642779057,-11.641353911180801 32.754781604028906,-11.639854977777308 32.755254746388395,-11.638821421796399 32.755557396115123,-11.636980997423857 32.754982526899632,-11.635423526796634 32.753705990871239,-11.634034851123905 32.752489195365357,-11.63241623910568 32.752557966023517,-11.63063208166756 32.753379756396228,-11.629888296691114 32.753912947067811,-11.628567247080852 32.753511928793635,-11.627241003302005 32.752937425005328,-11.625625963497763 32.752417630906542,-11.624644452684606 32.752359579063068,-11.624586562966371</coordinates></LineString>
  </Placemark>
  <Placemark>
	<Style><LineStyle><color>ff0000ff</color></LineStyle><PolyStyle><fill>0</fill></PolyStyle></Style>
	<ExtendedData><SchemaData schemaUrl="#Luangwa_river">
		<SimpleData name="OBJECTID">9</SimpleData>
		<SimpleData name="ID">0</SimpleData>
		<SimpleData name="RIVERCODE">0</SimpleData>
		<SimpleData name="Corridors">0</SimpleData>
		<SimpleData name="Shape_Leng">2026.59161991000</SimpleData>
	</SchemaData></ExtendedData>
      <LineString><coordinates>32.844747360176186,-11.434850879005797 32.845566030051572,-11.434624518533617 32.846675602551862,-11.434572383565994 32.847845555539493,-11.434174951003397 32.848902744176748,-11.433085780463065 32.849085550791408,-11.431761918980419 32.849735730218185,-11.430382754248486 32.850675138125922,-11.429465793112483 32.851725977162985,-11.429470947887195 32.852425871017694,-11.429589575899927 32.853126430744524,-11.429593008956246 32.854240300748124,-11.428792087704094 32.855182013170698,-11.427471936064638 32.856222883055231,-11.426869438396942 32.857082769964819,-11.426881525226976 32.857286992323807,-11.42690624355861 32.858162020791262,-11.4270257126689 32.858486723015609,-11.426672029816345 32.858738470694746,-11.426225502823916</coordinates></LineString>
  </Placemark>
  <Placemark>
	<Style><LineStyle><color>ff0000ff</color></LineStyle><PolyStyle><fill>0</fill></PolyStyle></Style>
	<ExtendedData><SchemaData schemaUrl="#Luangwa_river">
		<SimpleData name="OBJECTID">10</SimpleData>
		<SimpleData name="ID">0</SimpleData>
		<SimpleData name="RIVERCODE">0</SimpleData>
		<SimpleData name="Corridors">0</SimpleData>
		<SimpleData name="Shape_Leng">1618.12682449000</SimpleData>
	</SchemaData></ExtendedData>
      <LineString><coordinates>32.792024057762355,-11.484235829384676 32.792907162963964,-11.483030784216464 32.793322792823226,-11.48188094720687 32.7932692288692,-11.481074302338873 32.793801634082882,-11.479925061682438 32.794505070687102,-11.479467866427685 32.795201618293937,-11.480162594480873 32.795665640932206,-11.480683342415267 32.79601150726031,-11.48143387826337 32.796415766232712,-11.482184711270582 32.796468651553241,-11.483106548055927 32.795995330063107,-11.484140899594863 32.795293261458283,-11.484367712478626 32.794418774844367,-11.484132860286985 32.793778197955632,-11.483841601822425 32.792902335907797,-11.483837130757902 32.792726473144,-11.483951428225053 32.792492910219472,-11.483950235777222</coordinates></LineString>
  </Placemark>
  <Placemark>
	<Style><LineStyle><color>ff0000ff</color></LineStyle><PolyStyle><fill>0</fill></PolyStyle></Style>
	<ExtendedData><SchemaData schemaUrl="#Luangwa_river">
		<SimpleData name="OBJECTID">11</SimpleData>
		<SimpleData name="ID">0</SimpleData>
		<SimpleData name="RIVERCODE">0</SimpleData>
		<SimpleData name="Corridors">0</SimpleData>
		<SimpleData name="Shape_Leng">1727.39075148000</SimpleData>
	</SchemaData></ExtendedData>
      <LineString><coordinates>32.789463488731165,-11.492516833556035 32.790515937558474,-11.492291828192675 32.791097791928827,-11.492640391394948 32.792203456663103,-11.493279619779869 32.792549674157847,-11.493972563050745 32.793421085683896,-11.49472578644116 32.79429491517913,-11.49507583337887 32.795521860284602,-11.494966895538582 32.796286477869842,-11.49404922651836 32.796760504095062,-11.492899684057971 32.796473702127116,-11.492034253786173 32.796128854986414,-11.491110930296484 32.795431590447116,-11.49053139681307 32.794789964504986,-11.490412928923408 32.79373924991355,-11.490349969134199 32.7932116508536,-11.49069286328047 32.792916930947854,-11.491152142044806 32.792798421423832,-11.491439526165049 32.792738994695497,-11.491612016277912</coordinates></LineString>
  </Placemark>
  <Placemark>
	<Style><LineStyle><color>ff0000ff</color></LineStyle><PolyStyle><fill>0</fill></PolyStyle></Style>
	<ExtendedData><SchemaData schemaUrl="#Luangwa_river">
		<SimpleData name="OBJECTID">12</SimpleData>
		<SimpleData name="ID">0</SimpleData>
		<SimpleData name="RIVERCODE">0</SimpleData>
		<SimpleData name="Corridors">0</SimpleData>
		<SimpleData name="Shape_Leng">1503.52410751000</SimpleData>
	</SchemaData></ExtendedData>
      <LineString><coordinates>32.873894074502346,-10.98309831772451 32.873065950687348,-10.984009865700667 32.87287394631646,-10.985390683697506 32.873034127637652,-10.986603117998364 32.872726139382912,-10.987924809059667 32.873175922854841,-10.989313875975423 32.873741693651098,-10.990762069368614 32.873901881166596,-10.991974502853642 32.873244525554902,-10.993234066726188 32.873117226284236,-10.994096984370319 32.873337879592718,-10.995137284169397 32.873796868618427,-10.995777188997115 32.873798282006149,-10.99574691297493</coordinates></LineString>
  </Placemark>
  <Placemark>
	<Style><LineStyle><color>ff0000ff</color></LineStyle><PolyStyle><fill>0</fill></PolyStyle></Style>
	<ExtendedData><SchemaData schemaUrl="#Luangwa_river">
		<SimpleData name="OBJECTID">13</SimpleData>
		<SimpleData name="ID">0</SimpleData>
		<SimpleData name="RIVERCODE">0</SimpleData>
		<SimpleData name="Corridors">0</SimpleData>
		<SimpleData name="Shape_Leng">1796.19947452000</SimpleData>
	</SchemaData></ExtendedData>
      <LineString><coordinates>32.882977007940603,-10.975203368165925 32.881872742803552,-10.974843386169631 32.880419839648177,-10.974363654594125 32.878722984990347,-10.974745339540952 32.877374765371655,-10.975246765352518 32.876666889976434,-10.975871682452171 32.875670128652779,-10.976262339558421 32.874562334007912,-10.976190471109584 32.872934411335535,-10.975708454911327 32.872062816436056,-10.975409065121871 32.871071710469096,-10.975338684567538 32.87025492280258,-10.975328179536392 32.868908810431243,-10.975656684121631 32.868262799730253,-10.975994192979586 32.867388953234133,-10.976122419657118</coordinates></LineString>
  </Placemark>
  <Placemark>
	<Style><LineStyle><color>ff0000ff</color></LineStyle><PolyStyle><fill>0</fill></PolyStyle></Style>
	<ExtendedData><SchemaData schemaUrl="#Luangwa_river">
		<SimpleData name="OBJECTID">14</SimpleData>
		<SimpleData name="ID">0</SimpleData>
		<SimpleData name="RIVERCODE">0</SimpleData>
		<SimpleData name="Corridors">0</SimpleData>
		<SimpleData name="Shape_Leng">1037.51373715000</SimpleData>
	</SchemaData></ExtendedData>
      <LineString><coordinates>32.882750886387939,-10.969840230910265 32.881120162208177,-10.969588769588784 32.880136129668472,-10.968942139137283 32.879090937493352,-10.968525268138233 32.877688642857244,-10.968680179879232 32.876870460654409,-10.968784948297822 32.875761280684998,-10.968828340890354 32.874592346184329,-10.96898623470487 32.873949183397748,-10.969093245022524 32.873602680785417,-10.969001422302084</coordinates></LineString>
  </Placemark>
  <Placemark>
	<Style><LineStyle><color>ff0000ff</color></LineStyle><PolyStyle><fill>0</fill></PolyStyle></Style>
	<ExtendedData><SchemaData schemaUrl="#Luangwa_river">
		<SimpleData name="OBJECTID">15</SimpleData>
		<SimpleData name="ID">0</SimpleData>
		<SimpleData name="RIVERCODE">0</SimpleData>
		<SimpleData name="Corridors">0</SimpleData>
		<SimpleData name="Shape_Leng">3755.56509379000</SimpleData>
	</SchemaData></ExtendedData>
      <LineString><coordinates>32.856726328935885,-10.865700875962865 32.856656652678524,-10.86662217417852 32.857513012419254,-10.8681317983459 32.857614752756277,-10.869343496208529 32.856545095970922,-10.870943537378766 32.855942002730764,-10.872549598035246 32.856100639918949,-10.873877304704651 32.857429983410832,-10.874874297661192 32.858415787113856,-10.875348116423439 32.859157663059818,-10.876683345691729 32.859553155161151,-10.877725918951118 32.859248772738361,-10.878759465061965 32.859472844222189,-10.879511640643889 32.860051111762957,-10.879922559572091 32.861204816407763,-10.880974908088556 32.862128777762699,-10.88173610393458 32.862175051921447,-10.882716534988505 32.8619887391717,-10.883636330497714 32.861626743562432,-10.88461149767072 32.860392716124068,-10.885344872098752 32.858935317020396,-10.885268438374714 32.857123004539275,-10.885590877636899 32.8567666691103,-10.886105014872642 32.857805155552292,-10.887040613904954 32.858617444083279,-10.887396918175629 32.859833043226459,-10.888161882537007 32.85993976274974,-10.888970180990777 32.860106227323051,-10.889663975330558 32.860441336796249,-10.889969942891899 32.860864883717092,-10.890269249453073</coordinates></LineString>
  </Placemark>
  <Placemark>
	<Style><LineStyle><color>ff0000ff</color></LineStyle><PolyStyle><fill>0</fill></PolyStyle></Style>
	<ExtendedData><SchemaData schemaUrl="#Luangwa_river">
		<SimpleData name="OBJECTID">16</SimpleData>
		<SimpleData name="ID">0</SimpleData>
		<SimpleData name="RIVERCODE">0</SimpleData>
		<SimpleData name="Corridors">0</SimpleData>
		<SimpleData name="Shape_Leng">713.75134115600</SimpleData>
	</SchemaData></ExtendedData>
      <LineString><coordinates>32.857642125496788,-10.92149524595248 32.857562087510658,-10.920985808484467 32.856587497687379,-10.919589938178193 32.855549614062156,-10.918596707330464 32.854735113985946,-10.918413278632428 32.853742780301204,-10.918458100512334 32.852812330850462,-10.918215531094509 32.852811620709382,-10.918273159387473</coordinates></LineString>
  </Placemark>
  <Placemark>
	<Style><LineStyle><color>ff0000ff</color></LineStyle><PolyStyle><fill>0</fill></PolyStyle></Style>
	<ExtendedData><SchemaData schemaUrl="#Luangwa_river">
		<SimpleData name="OBJECTID">17</SimpleData>
		<SimpleData name="ID">0</SimpleData>
		<SimpleData name="RIVERCODE">0</SimpleData>
		<SimpleData name="Corridors">0</SimpleData>
		<SimpleData name="Shape_Leng">2221.59700020000</SimpleData>
	</SchemaData></ExtendedData>
      <LineString><coordinates>32.853276022808288,-10.908999570024898 32.852503531187544,-10.910142334071468 32.852138628926248,-10.911348000820979 32.85224035896821,-10.912559696037059 32.85281015089226,-10.913662165421936 32.853264708264589,-10.914647870561639 32.852899803321328,-10.915853536925219 32.852133690101184,-10.916477647316128 32.85212800249402,-10.916938670964587 32.852643025706229,-10.917752246379358 32.853098298650089,-10.91868032328337 32.852854314096874,-10.919541728816551 32.851618698883698,-10.920390320705684 32.85108945251752,-10.920729302896444 32.850439985189539,-10.921354916943871 32.850025264244259,-10.921868289686824 32.849667450279249,-10.922497671441967 32.849891528883461,-10.923249851979374 32.850232271864186,-10.92400354102368 32.850456352973353,-10.92475572110679 32.850804990220752,-10.926274051351418</coordinates></LineString>
  </Placemark>
  <Placemark>
	<Style><LineStyle><color>ff0000ff</color></LineStyle><PolyStyle><fill>0</fill></PolyStyle></Style>
	<ExtendedData><SchemaData schemaUrl="#Luangwa_river">
		<SimpleData name="OBJECTID">18</SimpleData>
		<SimpleData name="ID">0</SimpleData>
		<SimpleData name="RIVERCODE">0</SimpleData>
		<SimpleData name="Corridors">0</SimpleData>
		<SimpleData name="Shape_Leng">3080.60100834000</SimpleData>
	</SchemaData></ExtendedData>
      <LineString><coordinates>32.852156194461593,-10.886276022008516 32.851445637335765,-10.887131399002861 32.850552991154537,-10.888560793453918 32.849661047927157,-10.889932556677085 32.849528037800155,-10.891256494398823 32.849629041830426,-10.89252582022516 32.849963349635516,-10.893798162348608 32.849424900946502,-10.894886308923496 32.848828834309025,-10.895916071087333 32.848879334936477,-10.896550734380304 32.849100547260868,-10.897533428097777 32.848971088406188,-10.898569224905115 32.848729243525007,-10.899257744218266 32.84795604844183,-10.900458125975547 32.847714199653367,-10.901146644350954 32.846885515256545,-10.902115755519588 32.846402521082446,-10.903435161774201 32.847378435405659,-10.904715808925806 32.847775345036858,-10.905643139671382 32.847645877714861,-10.90667893435489 32.846932411041671,-10.907764811251322 32.846805075370078,-10.908627721387832 32.846913902678068,-10.90926313893927 32.846844895625537,-10.910126804376983 32.846837093434182,-10.911683868286792</coordinates></LineString>
  </Placemark>
  <Placemark>
	<Style><LineStyle><color>ff0000ff</color></LineStyle><PolyStyle><fill>0</fill></PolyStyle></Style>
	<ExtendedData><SchemaData schemaUrl="#Luangwa_river">
		<SimpleData name="OBJECTID">19</SimpleData>
		<SimpleData name="ID">0</SimpleData>
		<SimpleData name="RIVERCODE">0</SimpleData>
		<SimpleData name="Corridors">0</SimpleData>
		<SimpleData name="Shape_Leng">879.95157141500</SimpleData>
	</SchemaData></ExtendedData>
      <LineString><coordinates>32.87936172518765,-10.836827663257791 32.878378836260488,-10.83612339839606 32.877277204014071,-10.835590516796945 32.876234597714969,-10.83500075312579 32.87512873700112,-10.834813634387537 32.874261081041837,-10.834226111791839 32.873392720862164,-10.833696213670782 32.872934684173465,-10.832998676412666 32.87264593893903,-10.832764414631885</coordinates></LineString>
  </Placemark>
  <Placemark>
	<Style><LineStyle><color>ff0000ff</color></LineStyle><PolyStyle><fill>0</fill></PolyStyle></Style>
	<ExtendedData><SchemaData schemaUrl="#Luangwa_river">
		<SimpleData name="OBJECTID">20</SimpleData>
		<SimpleData name="ID">0</SimpleData>
		<SimpleData name="RIVERCODE">0</SimpleData>
		<SimpleData name="Corridors">0</SimpleData>
		<SimpleData name="Shape_Leng">1802.23149783000</SimpleData>
	</SchemaData></ExtendedData>
      <LineString><coordinates>32.87972158842431,-10.802653217630679 32.878421874642321,-10.804019838260494 32.877650458058511,-10.805105049686567 32.87699706550589,-10.806076498489061 32.875754928099802,-10.80750148466452 32.874353385698321,-10.807656391015078 32.872952548602598,-10.807753661283337 32.871669035994294,-10.807794797315545 32.870504969116453,-10.807606914197306 32.868755688457647,-10.807584408160306 32.867702583902606,-10.807859043156892 32.865829241919492,-10.808677662047588</coordinates></LineString>
  </Placemark>
  <Placemark>
	<Style><LineStyle><color>ff0000ff</color></LineStyle><PolyStyle><fill>0</fill></PolyStyle></Style>
	<ExtendedData><SchemaData schemaUrl="#Luangwa_river">
		<SimpleData name="OBJECTID">21</SimpleData>
		<SimpleData name="ID">0</SimpleData>
		<SimpleData name="RIVERCODE">0</SimpleData>
		<SimpleData name="Corridors">0</SimpleData>
		<SimpleData name="Shape_Leng">2434.36262736000</SimpleData>
	</SchemaData></ExtendedData>
      <LineString><coordinates>32.882205944168803,-10.795019285835764 32.880330958063411,-10.795744522898506 32.87846230952956,-10.795951091320511 32.87734036445017,-10.79708943927049 32.876392627507833,-10.798287658690088 32.875741363310134,-10.799086219736918 32.874561794463155,-10.800166180429661 32.873040137876174,-10.800607724757171 32.871399740341808,-10.801220647961156 32.86958794720141,-10.801543168568159 32.868528499847933,-10.802336463316159 32.867581419283312,-10.803477025942827 32.866814210622358,-10.804216438093471 32.865753330588639,-10.805124979665472 32.864377884234486,-10.80670286461198</coordinates></LineString>
  </Placemark>
  <Placemark>
	<Style><LineStyle><color>ff0000ff</color></LineStyle><PolyStyle><fill>0</fill></PolyStyle></Style>
	<ExtendedData><SchemaData schemaUrl="#Luangwa_river">
		<SimpleData name="OBJECTID">22</SimpleData>
		<SimpleData name="ID">0</SimpleData>
		<SimpleData name="RIVERCODE">0</SimpleData>
		<SimpleData name="Corridors">0</SimpleData>
		<SimpleData name="Shape_Leng">2629.76812210000</SimpleData>
	</SchemaData></ExtendedData>
      <LineString><coordinates>32.875474380029537,-10.787555260915152 32.874064457294892,-10.7884017102317 32.872700823665092,-10.790228587715163 32.872166886067859,-10.790971013293866 32.871339294229792,-10.791882574022491 32.870048072951576,-10.792557617921952 32.86881727404311,-10.793060520773135 32.867462784467477,-10.794138202793334 32.867162053823129,-10.794883621376826 32.866677910687912,-10.796318328726384 32.866491668349113,-10.797238132955799 32.866535116652983,-10.79844908312171 32.866525918221335,-10.799198254040615 32.865993364506757,-10.79982541056116 32.865106714241236,-10.800793830880385 32.864748371710768,-10.801480866174501 32.864503103314419,-10.802457546732487 32.864493899604398,-10.803206716429164 32.864542296441762,-10.804014266661369 32.864766327935776,-10.804766441543995 32.864823928759819,-10.80482482115943 32.863893994452802,-10.806283889667506</coordinates></LineString>
  </Placemark>
  <Placemark>
	<Style><LineStyle><color>ff0000ff</color></LineStyle><PolyStyle><fill>0</fill></PolyStyle></Style>
	<ExtendedData><SchemaData schemaUrl="#Luangwa_river">
		<SimpleData name="OBJECTID">23</SimpleData>
		<SimpleData name="ID">0</SimpleData>
		<SimpleData name="RIVERCODE">0</SimpleData>
		<SimpleData name="Corridors">0</SimpleData>
		<SimpleData name="Shape_Leng">712.82713086300</SimpleData>
	</SchemaData></ExtendedData>
      <LineString><coordinates>32.848229140907115,-10.694003660228034 32.848747334633771,-10.694529104031867 32.849554126458258,-10.695288831650064 32.850011194629552,-10.696044035506134 32.850059539615195,-10.696851591979883 32.849874732124974,-10.69765613498871 32.849685662069497,-10.698806450673413 32.849560562305484,-10.699496488568062 32.849557720841744,-10.699727004079039</coordinates></LineString>
  </Placemark>
  <Placemark>
	<Style><LineStyle><color>ff0000ff</color></LineStyle><PolyStyle><fill>0</fill></PolyStyle></Style>
	<ExtendedData><SchemaData schemaUrl="#Luangwa_river">
		<SimpleData name="OBJECTID">24</SimpleData>
		<SimpleData name="ID">0</SimpleData>
		<SimpleData name="RIVERCODE">0</SimpleData>
		<SimpleData name="Corridors">0</SimpleData>
		<SimpleData name="Shape_Leng">2143.90065999000</SimpleData>
	</SchemaData></ExtendedData>
      <LineString><coordinates>32.875257934387243,-10.625676694867586 32.874783303785243,-10.624949678049067 32.873865020266408,-10.623785111379265 32.872530358532465,-10.623306847929483 32.871084800991177,-10.622366047140122 32.870864411624986,-10.621325722785675 32.870526065403524,-10.620399158538671 32.869835256521284,-10.619698611597329 32.869143037727937,-10.619113322135023 32.868221967968012,-10.618179256081234 32.867008832709189,-10.617299065176322 32.865733189364263,-10.616763894528011 32.864338884103766,-10.616400105332588 32.862889140003162,-10.615805041317888 32.861841647161398,-10.615676263378088 32.861151576766545,-10.614918068943815 32.860692474927625,-10.614335766151415 32.860634202309392,-10.6143350149855</coordinates></LineString>
  </Placemark>
  <Placemark>
	<Style><LineStyle><color>ff0000ff</color></LineStyle><PolyStyle><fill>0</fill></PolyStyle></Style>
	<ExtendedData><SchemaData schemaUrl="#Luangwa_river">
		<SimpleData name="OBJECTID">25</SimpleData>
		<SimpleData name="ID">0</SimpleData>
		<SimpleData name="RIVERCODE">0</SimpleData>
		<SimpleData name="Corridors">0</SimpleData>
		<SimpleData name="Shape_Leng">2713.45757558000</SimpleData>
	</SchemaData></ExtendedData>
      <LineString><coordinates>32.843773904671416,-10.672389369416793 32.842778108539981,-10.672779940094038 32.842068034296027,-10.673635313945626 32.841888914226885,-10.673978821851655 32.841994807184072,-10.674844765236976 32.842746803525429,-10.675315610747676 32.843141985628748,-10.676358214304853 32.843069472743238,-10.677510036532015 32.842413403633778,-10.678711938440317 32.84117305815176,-10.680021545377191 32.839882250561537,-10.680696474265662 32.839118849813133,-10.681147683351712 32.838056185590737,-10.682229028700707 32.837048236004073,-10.683599269690992 32.836268431622024,-10.685375934430731 32.836139743195389,-10.686354111727544 32.837056640369099,-10.687634042136992 32.839213940823718,-10.687604377094603 32.840856631787545,-10.686761097482202 32.841501336551978,-10.686481261120459 32.841618620121885,-10.686425141804062</coordinates></LineString>
  </Placemark>
  <Placemark>
	<Style><LineStyle><color>ff0000ff</color></LineStyle><PolyStyle><fill>0</fill></PolyStyle></Style>
	<ExtendedData><SchemaData schemaUrl="#Luangwa_river">
		<SimpleData name="OBJECTID">26</SimpleData>
		<SimpleData name="ID">0</SimpleData>
		<SimpleData name="RIVERCODE">0</SimpleData>
		<SimpleData name="Corridors">0</SimpleData>
		<SimpleData name="Shape_Leng">4490.34768360000</SimpleData>
	</SchemaData></ExtendedData>
      <LineString><coordinates>32.868709344513192,-10.625966696381786 32.867251773550628,-10.626005573612671 32.865963370546538,-10.626507728580664 32.865363655679829,-10.627883322741475 32.864825039470603,-10.629029150059013 32.864059682617778,-10.629653311026395 32.863300689906062,-10.629758807921935 32.862366162141932,-10.629919678885374 32.861602214120296,-10.630428574896948 32.861065702773161,-10.631401508012084 32.860529895290867,-10.632316810699486 32.85905812949386,-10.633508232101851 32.858642406160222,-10.634136889169067 32.859453314511939,-10.6345508179067 32.860439761967356,-10.634909368986367 32.861184612824374,-10.635956461764643 32.861703439287467,-10.636424256592241 32.861051779821459,-10.637280428321624 32.860050454862971,-10.638132089880814 32.859632603778856,-10.638933635254148 32.85961773268869,-10.640143845821274 32.860360469261956,-10.641363827539651 32.860929794130179,-10.642466295236106 32.860278826874548,-10.64326483547206 32.859517674855198,-10.643543209871307 32.858296673081838,-10.643296905143508 32.857361393663531,-10.64351538986107 32.857065752293074,-10.64385740296021 32.857167427445134,-10.645069117591845 32.857448898512459,-10.645879684995903 32.857141208063496,-10.647201392317633 32.856374372856877,-10.647940790798774 32.855729053707449,-10.648278289113833 32.854620338914124,-10.648379249277866 32.853574867780495,-10.648077555588989 32.853110057115387,-10.647956275208672 32.852296283988181,-10.647772846419185 32.851773905344729,-10.64759318104953 32.850900435928004,-10.647524253465305 32.850084535544617,-10.647513706873534 32.849965847964022,-10.647685086523751</coordinates></LineString>
  </Placemark>
  <Placemark>
	<Style><LineStyle><color>ff0000ff</color></LineStyle><PolyStyle><fill>0</fill></PolyStyle></Style>
	<ExtendedData><SchemaData schemaUrl="#Luangwa_river">
		<SimpleData name="OBJECTID">27</SimpleData>
		<SimpleData name="ID">0</SimpleData>
		<SimpleData name="RIVERCODE">0</SimpleData>
		<SimpleData name="Corridors">0</SimpleData>
		<SimpleData name="Shape_Leng">1484.68304368000</SimpleData>
	</SchemaData></ExtendedData>
      <LineString><coordinates>32.865962266552287,-10.631349327735872 32.864493355111925,-10.632310257298782 32.863962507268646,-10.632822162661046 32.864067743405379,-10.633745730030402 32.864347807778209,-10.634671549859743 32.8643968905413,-10.635421480064124 32.864149639589328,-10.636571058856553 32.863323156453056,-10.637424982703742 32.863138421644287,-10.638229537536198 32.863362332902142,-10.638981719945839 32.862997813149953,-10.640187424498004 32.86211162431529,-10.641155852761873 32.861281127640602,-10.641942910601434 32.860857571235314,-10.642421313500767</coordinates></LineString>
  </Placemark>
  <Placemark>
	<Style><LineStyle><color>ff0000ff</color></LineStyle><PolyStyle><fill>0</fill></PolyStyle></Style>
	<ExtendedData><SchemaData schemaUrl="#Luangwa_river">
		<SimpleData name="OBJECTID">28</SimpleData>
		<SimpleData name="ID">0</SimpleData>
		<SimpleData name="RIVERCODE">0</SimpleData>
		<SimpleData name="Corridors">0</SimpleData>
		<SimpleData name="Shape_Leng">3430.87626704000</SimpleData>
	</SchemaData></ExtendedData>
      <LineString><coordinates>32.90617416439283,-10.57889498155814 32.90524191013489,-10.578883093714316 32.903950267804909,-10.579673555495461 32.903248277338605,-10.579895153158422 32.902433952199154,-10.579769484749738 32.901565562368909,-10.57929729295239 32.899526256364375,-10.579271253776163 32.898005737616813,-10.579712938549751 32.896188976602268,-10.580554297214452 32.894664239178255,-10.581341742420747 32.893721457237859,-10.58219426115496 32.893192147566999,-10.58259096038941 32.892200213966362,-10.582693546471786 32.89127286387388,-10.582278210954742 32.889701074588054,-10.582142814486778 32.888407271982899,-10.583106101096032 32.88769542589008,-10.58413447530935 32.887161889013846,-10.584876939762035 32.886747695620116,-10.585390378853276 32.886041462646993,-10.585957714245275 32.884463328304868,-10.586340956012879 32.883362583339043,-10.585808097806032 32.881851861464206,-10.58544289118009 32.88056435623642,-10.585887480679954 32.879917081790879,-10.586397919953042 32.879087961059049,-10.587482407779682 32.879028285269655,-10.587596918484707</coordinates></LineString>
  </Placemark>
  <Placemark>
	<Style><LineStyle><color>ff0000ff</color></LineStyle><PolyStyle><fill>0</fill></PolyStyle></Style>
	<ExtendedData><SchemaData schemaUrl="#Luangwa_river">
		<SimpleData name="OBJECTID">29</SimpleData>
		<SimpleData name="ID">0</SimpleData>
		<SimpleData name="RIVERCODE">0</SimpleData>
		<SimpleData name="Corridors">0</SimpleData>
		<SimpleData name="Shape_Leng">1224.74489354000</SimpleData>
	</SchemaData></ExtendedData>
      <LineString><coordinates>32.886410112734069,-10.579622212093058 32.884827792590151,-10.580351232644004 32.883723551913015,-10.580106522437621 32.882374990684404,-10.580780889903371 32.881664537216267,-10.581693992025231 32.881362649721375,-10.582554694804397 32.880529319968353,-10.583984963116135 32.879938204406933,-10.584669038974742 32.879467140165005,-10.58506646150645 32.878878132933963,-10.585577647194977 32.878347391116264,-10.586089578677377</coordinates></LineString>
  </Placemark>
  <Placemark>
	<Style><LineStyle><color>ff0000ff</color></LineStyle><PolyStyle><fill>0</fill></PolyStyle></Style>
	<ExtendedData><SchemaData schemaUrl="#Luangwa_river">
		<SimpleData name="OBJECTID">30</SimpleData>
		<SimpleData name="ID">0</SimpleData>
		<SimpleData name="RIVERCODE">0</SimpleData>
		<SimpleData name="Corridors">0</SimpleData>
		<SimpleData name="Shape_Leng">644.79982606900</SimpleData>
	</SchemaData></ExtendedData>
      <LineString><coordinates>32.891000482068186,-10.571150506806084 32.889960851814052,-10.570387898839634 32.888975979809956,-10.569914181220527 32.888347718163523,-10.568868643347907 32.887657685310067,-10.568110505145096 32.88690658095971,-10.567582137374716 32.886597826953874,-10.567489443294509</coordinates></LineString>
  </Placemark>
  <Placemark>
	<Style><LineStyle><color>ff0000ff</color></LineStyle><PolyStyle><fill>0</fill></PolyStyle></Style>
	<ExtendedData><SchemaData schemaUrl="#Luangwa_river">
		<SimpleData name="OBJECTID">31</SimpleData>
		<SimpleData name="ID">0</SimpleData>
		<SimpleData name="RIVERCODE">0</SimpleData>
		<SimpleData name="Corridors">0</SimpleData>
		<SimpleData name="Shape_Leng">550.20883170800</SimpleData>
	</SchemaData></ExtendedData>
      <LineString><coordinates>32.89289149752387,-10.528390576972528 32.892296409079052,-10.529419895893993 32.890964678014008,-10.528826131072101 32.88944895163403,-10.528978996966014 32.88909047707272,-10.529262665881223 32.888788116043749,-10.529501857119591</coordinates></LineString>
  </Placemark>
  <Placemark>
	<Style><LineStyle><color>ff0000ff</color></LineStyle><PolyStyle><fill>0</fill></PolyStyle></Style>
	<ExtendedData><SchemaData schemaUrl="#Luangwa_river">
		<SimpleData name="OBJECTID">32</SimpleData>
		<SimpleData name="ID">0</SimpleData>
		<SimpleData name="RIVERCODE">0</SimpleData>
		<SimpleData name="Corridors">0</SimpleData>
		<SimpleData name="Shape_Leng">632.82253631400</SimpleData>
	</SchemaData></ExtendedData>
      <LineString><coordinates>32.890990434952769,-10.536086621893988 32.890113604082899,-10.536363156970877 32.888774647195717,-10.536345490954117 32.888135717697722,-10.536221818770493 32.887445775680938,-10.535521268724583 32.886814051560116,-10.534821486851172 32.886527298381303,-10.534471979399038 32.886307792725667,-10.534047620064754</coordinates></LineString>
  </Placemark>
  <Placemark>
	<Style><LineStyle><color>ff0000ff</color></LineStyle><PolyStyle><fill>0</fill></PolyStyle></Style>
	<ExtendedData><SchemaData schemaUrl="#Luangwa_river">
		<SimpleData name="OBJECTID">33</SimpleData>
		<SimpleData name="ID">0</SimpleData>
		<SimpleData name="RIVERCODE">0</SimpleData>
		<SimpleData name="Corridors">0</SimpleData>
		<SimpleData name="Shape_Leng">3641.51219263000</SimpleData>
	</SchemaData></ExtendedData>
      <LineString><coordinates>32.901925796784404,-10.546314195938436 32.90111576663795,-10.546303540196211 32.900631982820954,-10.546136935997342 32.900567384606333,-10.545716288194578 32.900544373045193,-10.545028377023739 32.900903007518991,-10.544284033512039 32.901152385034813,-10.542962050867654 32.900404899048858,-10.542203152773709 32.899070225589291,-10.541839864587057 32.898080543766071,-10.541826835744484 32.897507717907864,-10.541070230011607 32.896526662680223,-10.540365867282571 32.894781611681914,-10.540227637317374 32.89401473302884,-10.541024213882819 32.893479278732634,-10.541939079674021 32.892948136850521,-10.5425082800938 32.892358775746779,-10.543076712731347 32.891653698008191,-10.543585997595461 32.890835783350241,-10.543805691350627 32.889675045046893,-10.543502278568432 32.888624981514099,-10.543661283534773 32.888388513159136,-10.54394626394482 32.887272306316952,-10.544738214381256 32.886508279469602,-10.545304329745338 32.886391845061667,-10.54530279204193 32.885520749936695,-10.545118428997004 32.885062940927583,-10.544478560850502 32.885065824183414,-10.544248117482955 32.885718462262631,-10.543277193490484 32.886253221328374,-10.542419952015367 32.886258985992484,-10.541959066080246 32.885796856512279,-10.541664863135297 32.884693626690321,-10.541419811085692 32.883646452105175,-10.541348357112076 32.883117456171249,-10.541744709254063 32.882586295779106,-10.542313892100944 32.882055854572485,-10.542825463180117 32.881469359006758,-10.543163431988138 32.881225826597749,-10.54361763078939</coordinates></LineString>
  </Placemark>
  <Placemark>
	<Style><LineStyle><color>ff0000ff</color></LineStyle><PolyStyle><fill>0</fill></PolyStyle></Style>
	<ExtendedData><SchemaData schemaUrl="#Luangwa_river">
		<SimpleData name="OBJECTID">34</SimpleData>
		<SimpleData name="ID">0</SimpleData>
		<SimpleData name="RIVERCODE">0</SimpleData>
		<SimpleData name="Corridors">0</SimpleData>
		<SimpleData name="Shape_Leng">4366.49335914000</SimpleData>
	</SchemaData></ExtendedData>
      <LineString><coordinates>32.906258843771504,-10.497566794972123 32.905603500594523,-10.498768209959147 32.905176685620091,-10.500318349589135 32.90505309913631,-10.500892927928497 32.904460972438315,-10.501691828914828 32.903993148002598,-10.501858538954686 32.902938211795252,-10.502420869752989 32.902578913378996,-10.503222829090834 32.90239782907102,-10.503739030258499 32.902041397704217,-10.504310545563404 32.901278215064224,-10.504819088147096 32.900404352830172,-10.504865209855412 32.899525464371806,-10.505314605572734 32.899117996498951,-10.505309241562472 32.89871483688777,-10.504958212583528 32.898315268898692,-10.504319127876865 32.897736046379713,-10.50408101989737 32.896625755405502,-10.504412119517218 32.896441786393957,-10.505158760384164 32.896133492871201,-10.506537587526648 32.895482403465351,-10.507393315192054 32.895417005962429,-10.507968656452757 32.895347296137842,-10.508889663771381 32.895342265526047,-10.509292939967727 32.895222969426399,-10.509521848787459 32.894228358822019,-10.509912085037749 32.893235902518718,-10.510129485132707 32.892464060654596,-10.511329336232116 32.892160777985048,-10.5123048827235 32.892266410630896,-10.513170580298315 32.892489185650092,-10.513980201297381 32.892950560719036,-10.514332006536483 32.893470867682247,-10.514626966727468 32.893986861898483,-10.515267591085928 32.894448241495773,-10.515619393249922 32.89438212146311,-10.51625234585088 32.89355852795584,-10.516932934689052 32.893079168358085,-10.518021401104406 32.89301088797685,-10.518827185295201 32.892771565675659,-10.519342612620832 32.892126914267962,-10.519679834594085 32.891370153283091,-10.519669855512042 32.889153763439147,-10.519986339634572 32.888102339538506,-10.520260565808909 32.887634478524305,-10.520427251190043 32.887048032443026,-10.520765231319828 32.886735656718137,-10.521245379595987</coordinates></LineString>
  </Placemark>
  <Placemark>
	<Style><LineStyle><color>ff0000ff</color></LineStyle><PolyStyle><fill>0</fill></PolyStyle></Style>
	<ExtendedData><SchemaData schemaUrl="#Luangwa_river">
		<SimpleData name="OBJECTID">35</SimpleData>
		<SimpleData name="ID">0</SimpleData>
		<SimpleData name="RIVERCODE">0</SimpleData>
		<SimpleData name="Corridors">0</SimpleData>
		<SimpleData name="Shape_Leng">2916.06147460000</SimpleData>
	</SchemaData></ExtendedData>
      <LineString><coordinates>32.902124224364123,-10.478958665303015 32.901605402842918,-10.478548496794421 32.90002741499255,-10.479046316082478 32.89977449855958,-10.480656359313139 32.899881577677604,-10.481406834829011 32.899814041443491,-10.482155011464235 32.898992704782117,-10.482662783447042 32.898114595200767,-10.483054565336534 32.897924179508912,-10.484319707373515 32.89715601197517,-10.485231517974528 32.896628566583232,-10.485512672973448 32.895465165005412,-10.485439725848492 32.895182758660937,-10.48474455976554 32.894728610870622,-10.483816649190073 32.894740111081227,-10.482894874201648 32.89510227949205,-10.481862479111889 32.895583730197089,-10.480601173180862 32.89606230387195,-10.4795703099834 32.896420872018162,-10.478825967839851 32.897076208679962,-10.477624570196214 32.897139441094097,-10.477222059910794 32.897262313393178,-10.476705094973992 32.896747094557092,-10.476006863779029 32.895933672223187,-10.475880907449076 32.89546660059959,-10.475989994398947 32.894541083442419,-10.475516835349371 32.894025153132887,-10.474876210911406 32.893340951971688,-10.47494358602961 32.892675959468555,-10.475242485190629</coordinates></LineString>
  </Placemark>
  <Placemark>
	<Style><LineStyle><color>ff0000ff</color></LineStyle><PolyStyle><fill>0</fill></PolyStyle></Style>
	<ExtendedData><SchemaData schemaUrl="#Luangwa_river">
		<SimpleData name="OBJECTID">36</SimpleData>
		<SimpleData name="ID">0</SimpleData>
		<SimpleData name="RIVERCODE">0</SimpleData>
		<SimpleData name="Corridors">0</SimpleData>
		<SimpleData name="Shape_Leng">8574.84557954000</SimpleData>
	</SchemaData></ExtendedData>
      <LineString><coordinates>32.927689245981554,-10.40651381775227 32.928632713652298,-10.406646778755324 32.930206731735097,-10.406436869357629 32.93120595047948,-10.405643236495338 32.931799248260162,-10.404729056088799 32.931930574298242,-10.403520738175715 32.932469944222447,-10.402260128602864 32.932949697395671,-10.401113980056044 32.934415836920749,-10.4002111935181 32.936689523690632,-10.399895144733012 32.938728312849634,-10.399748878246115 32.940125589155031,-10.399709477214264 32.941240431195261,-10.398974940784926 32.942128896262595,-10.397718865025404 32.942605768735334,-10.396803147840549 32.943374295049075,-10.395833608711866 32.944602658476441,-10.39533102227896 32.945545034503425,-10.394421363424948 32.946138270268492,-10.393507155486562 32.946966384223877,-10.392423142844322 32.947964098466905,-10.391744678929538 32.949072519266643,-10.391528618471606 32.950481795776938,-10.390509776980457 32.950961465269437,-10.389363601102808 32.951436175100518,-10.388620704175448 32.952548121253905,-10.388116574239493 32.953540149941823,-10.387898985067311 32.954591072078763,-10.387624537360725 32.955412069326265,-10.387116617207532 32.955829992689161,-10.386257735119694 32.955611384835798,-10.385102481234828 32.955392778569973,-10.3839472271241 32.955807869048876,-10.383318791615377 32.955930606827309,-10.382801799275345 32.955999400832788,-10.381938381697644 32.955312472686927,-10.381007528026311 32.954506345633803,-10.380305606315735 32.954225315472428,-10.379495264146644 32.954698588365908,-10.378867586136183 32.954599898824455,-10.377425784879209 32.954492722366282,-10.376675323038762 32.954802749565282,-10.375123591435885 32.955692506754986,-10.373752252246817 32.957628176901906,-10.372509732597164 32.958332052928249,-10.372057904752189 32.959605768910016,-10.3725930236652 32.960585031503314,-10.373412420816768 32.961684200563305,-10.373945267024322 32.962383133114955,-10.37389671069282 32.963029526040316,-10.373386506062394 32.964427388059825,-10.373289387823661 32.965645754820045,-10.373593281421236 32.965992752753621,-10.373770640710044 32.966455416360759,-10.374007117670436 32.967090521646846,-10.374418691043319 32.967554597488395,-10.374539943823715 32.968543048393236,-10.374610365788211 32.969415129208883,-10.374679278624511 32.97063984681769,-10.374464649306731 32.971455854627948,-10.374359968037716 32.972738050071534,-10.374203695608974 32.973556168452262,-10.373926174607071 32.974429655531964,-10.373879850300463 32.976115630087058,-10.374016889377705 32.977220453526179,-10.374088788322887 32.978557316432862,-10.374221302744902 32.979371915812237,-10.37423182493192 32.980302885689561,-10.374243848148243 32.980476739857551,-10.37430371359074</coordinates></LineString>
  </Placemark>
  <Placemark>
	<Style><LineStyle><color>ff0000ff</color></LineStyle><PolyStyle><fill>0</fill></PolyStyle></Style>
	<ExtendedData><SchemaData schemaUrl="#Luangwa_river">
		<SimpleData name="OBJECTID">37</SimpleData>
		<SimpleData name="ID">0</SimpleData>
		<SimpleData name="RIVERCODE">0</SimpleData>
		<SimpleData name="Corridors">0</SimpleData>
		<SimpleData name="Shape_Leng">1740.94206363000</SimpleData>
	</SchemaData></ExtendedData>
      <LineString><coordinates>32.980805355219722,-10.38076147361422 32.980298537263295,-10.379372033254459 32.979092082059019,-10.378088797009124 32.978335659553011,-10.378079025994598 32.977226602877046,-10.37835279963976 32.976470882954501,-10.378285412471904 32.975488046233416,-10.377754121705426 32.973862349576443,-10.377444997665808 32.972930665817621,-10.377490567528623 32.971940092014407,-10.377592994298737 32.970890626661102,-10.377752275619841 32.970427249959826,-10.377573415916885 32.969687034519268,-10.376238557930483 32.969058263569657,-10.375308485766746 32.968653782342827,-10.375072765307003 32.968362754631414,-10.374573922739771</coordinates></LineString>
  </Placemark>
  <Placemark>
	<Style><LineStyle><color>ff0000ff</color></LineStyle><PolyStyle><fill>0</fill></PolyStyle></Style>
	<ExtendedData><SchemaData schemaUrl="#Luangwa_river">
		<SimpleData name="OBJECTID">38</SimpleData>
		<SimpleData name="ID">0</SimpleData>
		<SimpleData name="RIVERCODE">0</SimpleData>
		<SimpleData name="Corridors">0</SimpleData>
		<SimpleData name="Shape_Leng">1295.87434716000</SimpleData>
	</SchemaData></ExtendedData>
      <LineString><coordinates>32.967102546981607,-10.382946711127266 32.966001926259743,-10.382529107958497 32.964738036234138,-10.381187452323077 32.963817630466913,-10.38031121091355 32.963533754226226,-10.379731323682011 32.963310182699402,-10.378979355636588 32.963090141135766,-10.377939329682906 32.962581993635887,-10.376665084811512 32.961777979792181,-10.375790346846001 32.96137703294135,-10.375266559501469 32.961155588434991,-10.374341754576097 32.960985974685556,-10.373936209196776 32.96087384041379,-10.37358903051244</coordinates></LineString>
  </Placemark>
  <Placemark>
	<Style><LineStyle><color>ff0000ff</color></LineStyle><PolyStyle><fill>0</fill></PolyStyle></Style>
	<ExtendedData><SchemaData schemaUrl="#Luangwa_river">
		<SimpleData name="OBJECTID">39</SimpleData>
		<SimpleData name="ID">0</SimpleData>
		<SimpleData name="RIVERCODE">0</SimpleData>
		<SimpleData name="Corridors">0</SimpleData>
		<SimpleData name="Shape_Leng">1891.18386731000</SimpleData>
	</SchemaData></ExtendedData>
      <LineString><coordinates>32.978078434532591,-10.356237446081828 32.977090741066206,-10.356109441634292 32.976042052976723,-10.356211128316341 32.97511043318125,-10.356256705608509 32.974297288289343,-10.356130949050307 32.973136457698885,-10.355885451814315 32.972212582843476,-10.355297291461399 32.971055982333617,-10.354706116627826 32.970125070544135,-10.354694066773437 32.968370448249239,-10.355420418272315 32.967199756173095,-10.355981463318205 32.966026944034446,-10.356715338602843 32.965256466826879,-10.357857769492325 32.964722242444552,-10.358715156921686 32.964246197620923,-10.359573297848586 32.963831155383396,-10.360201746271377 32.963712673011379,-10.360373072603991</coordinates></LineString>
  </Placemark>
  <Placemark>
	<Style><LineStyle><color>ff0000ff</color></LineStyle><PolyStyle><fill>0</fill></PolyStyle></Style>
	<ExtendedData><SchemaData schemaUrl="#Luangwa_river">
		<SimpleData name="OBJECTID">40</SimpleData>
		<SimpleData name="ID">0</SimpleData>
		<SimpleData name="RIVERCODE">0</SimpleData>
		<SimpleData name="Corridors">0</SimpleData>
		<SimpleData name="Shape_Leng">1456.40172023000</SimpleData>
	</SchemaData></ExtendedData>
      <LineString><coordinates>32.970949361824808,-10.368187995598758 32.969369220709673,-10.368916610453097 32.968550407114463,-10.369251732685171 32.967499557427367,-10.369526226633564 32.966452232540846,-10.369512659217358 32.965814316751157,-10.369331531549824 32.9652374066509,-10.36892070982816 32.963785614532483,-10.368671408408682 32.962680107634618,-10.368657074187794 32.961629961635147,-10.368873937198906 32.960575576190045,-10.369436466366887 32.95993060065129,-10.369831442713252 32.95957654650222,-10.370230193405135 32.958634811633296,-10.370624370851791</coordinates></LineString>
  </Placemark>
  <Placemark>
	<Style><LineStyle><color>ff0000ff</color></LineStyle><PolyStyle><fill>0</fill></PolyStyle></Style>
	<ExtendedData><SchemaData schemaUrl="#Luangwa_river">
		<SimpleData name="OBJECTID">41</SimpleData>
		<SimpleData name="ID">0</SimpleData>
		<SimpleData name="RIVERCODE">0</SimpleData>
		<SimpleData name="Corridors">0</SimpleData>
		<SimpleData name="Shape_Leng">1956.52433874000</SimpleData>
	</SchemaData></ExtendedData>
      <LineString><coordinates>32.370413731686902,-12.035639655433531 32.371292917846922,-12.036389369313593 32.372464988545829,-12.037715309078227 32.372874431625355,-12.039558589114904 32.372991028992196,-12.040768054116455 32.373752693159901,-12.041978310978868 32.374397176761711,-12.043015662149955 32.374983054697772,-12.043995354462931 32.37562744981647,-12.045205463385452 32.37603743849305,-12.046127351327765 32.376916673774737,-12.046877049393087 32.377619983804273,-12.047626531415046 32.378909736090556,-12.048376721565711 32.379965107334229,-12.048781102634942 32.3806099418671,-12.049242572997127</coordinates></LineString>
  </Placemark>
  <Placemark>
	<Style><LineStyle><color>ff0000ff</color></LineStyle><PolyStyle><fill>0</fill></PolyStyle></Style>
	<ExtendedData><SchemaData schemaUrl="#Luangwa_river">
		<SimpleData name="OBJECTID">42</SimpleData>
		<SimpleData name="ID">0</SimpleData>
		<SimpleData name="RIVERCODE">0</SimpleData>
		<SimpleData name="Corridors">0</SimpleData>
		<SimpleData name="Shape_Leng">3552.45157515000</SimpleData>
	</SchemaData></ExtendedData>
      <LineString><coordinates>32.386663560691751,-12.023566014677755 32.388539616984694,-12.02431684601728 32.390357044656298,-12.025067596967563 32.392467736104393,-12.025703501803669 32.394636936674864,-12.026627393695154 32.396629711346236,-12.028645221547119 32.39762598682529,-12.02991327275023 32.398563332334398,-12.03181471172805 32.398973192939131,-12.033139679035818 32.399500150438215,-12.034867888066568 32.400144639335529,-12.036077945436116 32.400847882191563,-12.037057719463164 32.402196112262324,-12.038210977943841 32.403485527410965,-12.039767275113693 32.403895292150338,-12.041380171498648 32.404246600560469,-12.042589892343621 32.404832613785885,-12.043511940115906 32.405125518688379,-12.044203310960807 32.405711564717926,-12.045067769113123 32.406239022014603,-12.045816987779844 32.406590500073321,-12.046681183621969</coordinates></LineString>
  </Placemark>
  <Placemark>
	<Style><LineStyle><color>ff0000ff</color></LineStyle><PolyStyle><fill>0</fill></PolyStyle></Style>
	<ExtendedData><SchemaData schemaUrl="#Luangwa_river">
		<SimpleData name="OBJECTID">43</SimpleData>
		<SimpleData name="ID">0</SimpleData>
		<SimpleData name="RIVERCODE">0</SimpleData>
		<SimpleData name="Corridors">0</SimpleData>
		<SimpleData name="Shape_Leng">2701.09529692000</SimpleData>
	</SchemaData></ExtendedData>
      <LineString><coordinates>32.404376501859289,-12.014545100562071 32.402500358138234,-12.014024723895565 32.401093368243288,-12.013389689073213 32.399275929994332,-12.012754183915096 32.397517055798957,-12.012291495324748 32.395934426768939,-12.011137950644223 32.394351783797134,-12.010041985564435 32.392710292310653,-12.009406641151246 32.390892675059504,-12.009231780109321 32.389661213050744,-12.009460698854353 32.38837105526148,-12.009804717638493 32.387257095434421,-12.009573066366018 32.386260733370278,-12.008708091471259 32.384912626866793,-12.007727525055365 32.38368146931424,-12.007380547611794 32.382508828507675,-12.007263982569397 32.381805207594418,-12.007263145944423 32.381629302610968,-12.007262936286146</coordinates></LineString>
  </Placemark>
  <Placemark>
	<name>Chamansenga</name>
	<Style><LineStyle><color>ff0000ff</color></LineStyle><PolyStyle><fill>0</fill></PolyStyle></Style>
	<ExtendedData><SchemaData schemaUrl="#Luangwa_river">
		<SimpleData name="Name">Chamansenga</SimpleData>
		<SimpleData name="OBJECTID">44</SimpleData>
		<SimpleData name="ID">0</SimpleData>
		<SimpleData name="RIVERCODE">0</SimpleData>
		<SimpleData name="Corridors">0</SimpleData>
		<SimpleData name="Shape_Leng">19048.41629880000</SimpleData>
	</SchemaData></ExtendedData>
      <LineString><coordinates>32.264718478477576,-12.274364456518612 32.265478842178339,-12.274888384447189 32.26817354333653,-12.276001884037775 32.269340390974229,-12.277335490157069 32.270450475923788,-12.278322884369809 32.272028676031766,-12.279601646958263 32.274020803459429,-12.280364486256889 32.275840018764015,-12.280549766206438 32.27737145319626,-12.279695616680721 32.278198616065282,-12.278779041874168 32.279319348417161,-12.277864454552395 32.280204250069247,-12.277121175339435 32.280913324092722,-12.276319064593572 32.281681428045069,-12.275459714213392 32.28291635768813,-12.27512225515159 32.284497806782127,-12.275824599767695 32.285252774344166,-12.277328267847148 32.286007751026901,-12.278831933254915 32.286414279833032,-12.279641598995983 32.287759303960193,-12.280630514388557 32.288579408029769,-12.28098187325061 32.289635336764043,-12.281161909503169 32.290869646662671,-12.280939685155403 32.291926851858861,-12.280889172659583 32.293741633628898,-12.281881224408634 32.294442408741652,-12.282577585814249 32.296138189632622,-12.283857006833536 32.297486449018983,-12.284269527225076 32.298132968390469,-12.284158595628602 32.29931015723249,-12.283647764752887 32.300719989747854,-12.283541948137385 32.302832838883546,-12.283729020269025 32.303884680318163,-12.284658258350248 32.305231378898583,-12.285358916995836 32.306287023350613,-12.285596526393448 32.309107651810308,-12.285211909918001 32.310167077662264,-12.284757881918239 32.312167542901982,-12.284021936661787 32.313227274247126,-12.283510262119362 32.314987521944907,-12.283752529239841 32.31633174047581,-12.284914216130817 32.316734926370351,-12.286357828712987 32.31660996866583,-12.287740293439638 32.317011592166985,-12.289472081829201 32.31800291133689,-12.290746690705854 32.318764059907274,-12.29115520737205 32.32022889630008,-12.291741305253112 32.321399208264324,-12.292498354199854 32.322455523082823,-12.292620632273911 32.323396898064892,-12.292281046698522 32.324159619884675,-12.29240137239962 32.325504857468111,-12.293390112501339 32.326436890096865,-12.294779574802574 32.327194951729815,-12.295764422615457 32.328130111875794,-12.296577527231442 32.329245478750273,-12.296642533227947 32.329954156277957,-12.295897925727076 32.33042826086136,-12.295094131511927 32.33096139291834,-12.294233088781173 32.331553551517736,-12.293314796227127 32.332495848938777,-12.292802272269908 32.333902938594207,-12.29321500581584 32.334605711406518,-12.293565457661884 32.336014974351698,-12.293574732857312 32.337013511061542,-12.293523662804121 32.337418675513,-12.294621437920403 32.338409806187045,-12.295953613814788 32.339112592662865,-12.296304055600103 32.33999524208442,-12.295964026596955 32.340643319102107,-12.295564817711393 32.341642171354451,-12.295456095773183 32.342988725609061,-12.296214211558086 32.344104712796408,-12.296163885448905 32.344865613358202,-12.296629968522073 32.346092899989671,-12.297733113403002 32.34685135248624,-12.298660275338666 32.34767129247097,-12.299069099177052 32.34890810488276,-12.298385531009263 32.349967831812684,-12.297873714048738 32.35149303251459,-12.298171854365746 32.352373228824618,-12.298292869563499 32.353486169399773,-12.298818862057447 32.354897603146206,-12.298424592128827 32.355665242253494,-12.297622661795208 32.356845746529835,-12.296477588795049 32.358902476269591,-12.296202767914155 32.360016030667467,-12.296613462114413 32.361543061463955,-12.296565733188054 32.362663603060405,-12.295650795609035 32.363021385591338,-12.294615635600769 32.363385230983212,-12.292427759926303 32.363565635148959,-12.291622000680976 32.364628338372192,-12.290533765755553 32.365862648530381,-12.290311202496305 32.366801849089356,-12.290374913985133 32.367275835229158,-12.289571049474215 32.368157523771977,-12.289403834497749 32.369101554237453,-12.288545365010776 32.370330722791081,-12.289302589844091 32.370919116821895,-12.289075834820487 32.371685173270656,-12.288562034824226 32.372213942406191,-12.288507806067319 32.373033593718048,-12.288974190340079 32.373144707255072,-12.290185300881536 32.372726143128986,-12.291623548997457 32.372720719656861,-12.292660994794744 32.373128744925602,-12.293240001999107 32.37395292736592,-12.292841846305114 32.374426897206277,-12.292037968711519 32.375488056721281,-12.291237869272413 32.376778078573821,-12.291591993299663 32.377245130099709,-12.292113736831737 32.377771204825251,-12.292578220607453 32.378300881341389,-12.292351072160791 32.379068734100976,-12.291491435673191 32.380071457854392,-12.290633304472729 32.380953743651247,-12.290350775511032 32.381716493501784,-12.290470942764445 32.382474757255373,-12.291455647406419 32.382586811839772,-12.292493847604597 32.382875924086498,-12.293360269049227 32.38346162800454,-12.293652210560928 32.384051515794852,-12.293137247132625 32.38517405941753,-12.291818760669088 32.386698977905276,-12.292174341900978 32.387812266556871,-12.292642560273148 32.388987851927851,-12.292419517694661 32.389638233012661,-12.291559099421589 32.389820937073893,-12.290292230581764 32.389650135661945,-12.289253656813768 32.389419723331066,-12.28838761653636 32.389837598124565,-12.287064609859641 32.390426864309646,-12.286664903970971 32.391306155431977,-12.286958700945817 32.392239414784029,-12.288175047917575 32.393117229534532,-12.288757020158139 32.394052876604952,-12.289512272723595 32.394696118224843,-12.290035108529278 32.394813557239011,-12.290035856490331</coordinates></LineString>
  </Placemark>
  <Placemark>
	<Style><LineStyle><color>ff0000ff</color></LineStyle><PolyStyle><fill>0</fill></PolyStyle></Style>
	<ExtendedData><SchemaData schemaUrl="#Luangwa_river">
		<SimpleData name="OBJECTID">45</SimpleData>
		<SimpleData name="ID">0</SimpleData>
		<SimpleData name="RIVERCODE">0</SimpleData>
		<SimpleData name="Corridors">0</SimpleData>
		<SimpleData name="Shape_Leng">5141.77862471000</SimpleData>
	</SchemaData></ExtendedData>
      <LineString><coordinates>32.264967538198434,-12.292694649812578 32.266030305876328,-12.291664454017528 32.266619106628312,-12.291380292957999 32.267561186052205,-12.290925633372566 32.26873780952949,-12.290530208001503 32.269560505019378,-12.290420547511301 32.27084841293869,-12.291120970748532 32.271253294318093,-12.292218829893521 32.272189876315444,-12.292743942681302 32.273186149015125,-12.293096548227929 32.274001749906205,-12.294254836031184 32.274114667962522,-12.295062520363912 32.275047394787059,-12.296279238863731 32.275868171777681,-12.296515368180566 32.276808644340825,-12.296348850498937 32.278273082357686,-12.296992803789278 32.278792544880524,-12.298610162354954 32.279609152542228,-12.299595531717522 32.280311218376212,-12.300061389891383 32.280428337497391,-12.300119820793721 32.281309780036253,-12.300010525066165 32.28336915098734,-12.299275200209911 32.284310592784756,-12.29893575236798 32.285132990505254,-12.298883680830766 32.286482905253543,-12.299008084223766 32.287302423160462,-12.299474719661239 32.288409469718239,-12.301038395695544 32.288875395798058,-12.301733186394925 32.28986757452828,-12.302834986379601 32.291273680816801,-12.303420842197184 32.292861057976054,-12.303085720521894 32.294213229879688,-12.302806644149348 32.295851685184957,-12.303855137461879 32.296901669348415,-12.305130213344594 32.297663139955347,-12.305481154024383 32.2989543772376,-12.305605103873736 32.299601582510824,-12.305378901335622 32.301132144291792,-12.304697529352223 32.301720625570638,-12.304470927328447 32.302368142690725,-12.304187084039437 32.30283886244721,-12.304017328163287</coordinates></LineString>
  </Placemark>
  <Placemark>
	<Style><LineStyle><color>ff0000ff</color></LineStyle><PolyStyle><fill>0</fill></PolyStyle></Style>
	<ExtendedData><SchemaData schemaUrl="#Luangwa_river">
		<SimpleData name="OBJECTID">46</SimpleData>
		<SimpleData name="ID">0</SimpleData>
		<SimpleData name="RIVERCODE">0</SimpleData>
		<SimpleData name="Corridors">0</SimpleData>
		<SimpleData name="Shape_Leng">33090.07948570000</SimpleData>
	</SchemaData></ExtendedData>
      <LineString><coordinates>32.447235581867275,-12.305177493473794 32.445229853833993,-12.307009531010761 32.444051379908025,-12.307809180597463 32.441758576516385,-12.308313732862914 32.440235198530168,-12.307612632091557 32.43905929099936,-12.307893530884666 32.437879933022437,-12.308866062883421 32.436231061719518,-12.309778032988945 32.434411767359158,-12.309536167057864 32.432417747557174,-12.309005010245748 32.431420019379651,-12.308883516835332 32.429536231177181,-12.309793982041125 32.428646981509559,-12.311459940899695 32.428112962252769,-12.312551732505392 32.426584674199972,-12.312830375281671 32.425762818745547,-12.312767598136418 32.425172091320555,-12.31345556210518 32.424224366689771,-12.31506350044109 32.423225748593744,-12.315114885818184 32.422464066294076,-12.314764284741713 32.419231567181136,-12.315262754501132 32.418047439332284,-12.317157375671519 32.417808452738903,-12.317962807950206 32.417038304834996,-12.319283643661493 32.416036749751505,-12.319911363873144 32.415619236570421,-12.321176774980941 32.414673472310049,-12.322381222003838 32.413910026512262,-12.322376415032378 32.41361288067278,-12.323066199317173 32.413252907173003,-12.324562521138796 32.411425915057137,-12.3258190391133 32.409254177614756,-12.325574778991475 32.408136301830282,-12.325971182473326 32.406545953953191,-12.326883334354521 32.405487385379118,-12.327164825525745 32.404140189266428,-12.326464639059639 32.402853497774956,-12.325419002378023 32.400978069184184,-12.32465781385323 32.39927232426507,-12.325165724488256 32.39821642057575,-12.324928463639948 32.397044547764033,-12.324402271785928 32.394397087665268,-12.325307625681315 32.3930407178838,-12.326394101086548 32.391104205454511,-12.326093558334264 32.387698029851769,-12.326071798015899 32.385699214559025,-12.326462472961829 32.383880167340571,-12.3261626319144 32.382707123039751,-12.325866922453701 32.381419625075409,-12.324994095892112 32.38077782871953,-12.324183048074261 32.379255439589812,-12.323308703377903 32.377374690663913,-12.323584800953174 32.376374535435673,-12.323924192158778 32.375729446532581,-12.323747127009218 32.374617559244619,-12.32299067534853 32.372092932664202,-12.322859124046033 32.370506417505723,-12.3230217969832 32.369392735434474,-12.322611139144215 32.367516223399306,-12.322080269219635 32.365634868839592,-12.322471556817458 32.364688273372565,-12.323791090609893 32.363039378626134,-12.324644967290906 32.361630549870682,-12.324520552152526 32.359572991966978,-12.324910653079812 32.359329861419226,-12.326465287270798 32.360026058847559,-12.328083662048117 32.359490507229893,-12.329405844894346 32.358547818283675,-12.329976092911703 32.356495403426649,-12.329386364042525 32.356145175468356,-12.328980621397328 32.353622038707215,-12.32856071932088 32.352739599433015,-12.328843151581268 32.351264062190715,-12.330216821378196 32.350021887360278,-12.331880193163624 32.34766938908097,-12.332498823798899 32.346316798104041,-12.332835795332262 32.345140080342986,-12.333231549663218 32.343676189475893,-12.332415031541142 32.342151728326193,-12.331943931403806 32.341267106354813,-12.332629773371504 32.339620249859827,-12.333080053546125 32.338387268975843,-12.333014309845183 32.337746829140741,-12.331972625443029 32.337165740523211,-12.330816055342659 32.336936711973955,-12.329719439605419 32.336237248837278,-12.328735000421224 32.334889315299556,-12.328207387063708 32.332885459716671,-12.329519833811259 32.330995929560778,-12.331409392434464 32.329228809900236,-12.332377551141613 32.326639173560707,-12.333397890294775 32.324288178833378,-12.333728140025471 32.3215254571532,-12.334170909784168 32.320526452375418,-12.33427954985982 32.317707189667914,-12.334318445718143 32.315885989759593,-12.334421597666363 32.313715253012887,-12.334003673775847 32.311666076749056,-12.332837262435536 32.308911558517039,-12.33178139696933 32.306330082816899,-12.331303032587275 32.303685137667848,-12.331688773657904 32.302445521402419,-12.332833199594429 32.302085543110216,-12.334214071411902 32.301377000479704,-12.3349009593638 32.300787814783156,-12.335242824875273 32.298795194323553,-12.334480157526109 32.297506044620448,-12.333952757201409 32.295978485593132,-12.334057750819731 32.294862020724771,-12.334165505864384 32.293280520443211,-12.333405568000815 32.291048872826444,-12.333390512525261 32.289579085212793,-12.333668771558067 32.288466142993386,-12.333142519018633 32.287237993689722,-12.332212025632275 32.286189561786095,-12.330648738453144 32.285081452401734,-12.329257954114922 32.28356162828829,-12.32797964970206 32.282331270994241,-12.327452577314567 32.280684043664998,-12.327960133670494 32.278915170609345,-12.329216130114869 32.277379251228353,-12.330819518047635 32.275317353551451,-12.331958222676899 32.273784631524862,-12.332985243933198 32.27260749796428,-12.333438313866949 32.271371633409913,-12.333890978404106 32.269196774428352,-12.334221951378368 32.267025809547782,-12.333861294326338 32.265677682866155,-12.333390979542679 32.26385909443708,-12.333032708194462 32.26286138498542,-12.332910599399698 32.260980816035165,-12.333128250558277 32.257979853424203,-12.334145102032776 32.256622256001741,-12.33534613595452 32.255030719349293,-12.336372642141402 32.253620926835339,-12.336420570928075 32.251391901753017,-12.33594411686118 32.250631399847734,-12.335420144506829 32.249170776737593,-12.334084427123029 32.247885361410553,-12.332922821744479 32.246186565788058,-12.332161807707992 32.243893918675276,-12.332549400028848 32.242478533675666,-12.33357705101945 32.240356098535862,-12.33500324515329 32.238591303234372,-12.335509723511016 32.236354030305513,-12.336473996814661 32.234408056238401,-12.337843732059 32.232871827780109,-12.339446849940536 32.231336912287283,-12.340819423116288 32.230385604089477,-12.342830054904015 32.229730925587646,-12.344324027260042 32.229431614300296,-12.345301752279322 32.228661798193166,-12.346391465323469 32.226242532076839,-12.348334189896716 32.225124992246101,-12.348614555798322 32.223065426685608,-12.349291773482355 32.221887139884593,-12.349917515154541 32.221295481234634,-12.35066263704541 32.220761544044393,-12.351581070008125 32.220226260867364,-12.352730035561814 32.219575189202907,-12.353590007579513 32.218574411713412,-12.353986435516438 32.217575310938166,-12.354094691498352 32.216045948218316,-12.354487396482885 32.214339715049633,-12.354994120608566 32.212874466530373,-12.354465084109721 32.211820679790584,-12.35388130372027 32.210705803632216,-12.353700539494495 32.209179813709859,-12.353516871372571 32.208240458435803,-12.353452606805378 32.206829565943373,-12.35367318834542 32.205533762215381,-12.354298027039285 32.204706108024837,-12.355214348031071 32.204463728706841,-12.356480621207586 32.20457407468453,-12.357691752302586 32.205039185894876,-12.358501942698847 32.204856213668123,-12.359653364078898 32.203856071772385,-12.359934468577864 32.202208175791668,-12.36049916105789 32.200737830553209,-12.360834559289517 32.199088903132647,-12.361572131505513 32.198145779962559,-12.362141797583936 32.197319096491306,-12.362885192281208</coordinates></LineString>
  </Placemark>
  <Placemark>
	<Style><LineStyle><color>ff0000ff</color></LineStyle><PolyStyle><fill>0</fill></PolyStyle></Style>
	<ExtendedData><SchemaData schemaUrl="#Luangwa_river">
		<SimpleData name="OBJECTID">47</SimpleData>
		<SimpleData name="ID">0</SimpleData>
		<SimpleData name="RIVERCODE">0</SimpleData>
		<SimpleData name="Corridors">0</SimpleData>
		<SimpleData name="Shape_Leng">6798.83954211000</SimpleData>
	</SchemaData></ExtendedData>
      <LineString><coordinates>32.145377717720066,-12.47167175543732 32.145620522283089,-12.470405570610453 32.146272141322633,-12.469545816960922 32.1468657060447,-12.468570367901748 32.148163273245977,-12.467772963605183 32.149813011108314,-12.467035757361575 32.15146027486248,-12.466701965923498 32.152993192423629,-12.465848617741512 32.154117628557167,-12.464531209375693 32.155066491782115,-12.463097247804154 32.156367869551438,-12.461665846888414 32.156847029425002,-12.460170827044941 32.15703030942786,-12.45901946421399 32.157159044611426,-12.457176086855345 32.157166061844478,-12.456023442320273 32.157466842347894,-12.454872932255428 32.15770921726952,-12.453664362304721 32.157834085556786,-12.452454938556889 32.158369865978642,-12.451306134178008 32.159200449656197,-12.44998656423158 32.160441935003121,-12.44872760640456 32.162861227177416,-12.447016098889979 32.164159337203969,-12.446103341992705 32.165871483056435,-12.444732493678055 32.167643754289308,-12.443131527972616 32.168590024715087,-12.442100935065257 32.170656010129441,-12.44050206827349 32.172718152057861,-12.439537142184612 32.174069045181007,-12.439604509413837 32.17565736298581,-12.439270133406344 32.17713060131863,-12.438531474117388 32.17807889377719,-12.437155048397036 32.178614206317036,-12.43606382749492 32.180618574039151,-12.434925516841666 32.181619716518767,-12.434529253638836 32.183034853716862,-12.433674872351279 32.183571171841294,-12.432410741833033 32.183990332703452,-12.431088134924059 32.184056315171361,-12.429878267548867 32.184057692837662,-12.429647736173635 32.184117474265015,-12.429475258521199</coordinates></LineString>
  </Placemark>
  <Placemark>
	<Style><LineStyle><color>ff0000ff</color></LineStyle><PolyStyle><fill>0</fill></PolyStyle></Style>
	<ExtendedData><SchemaData schemaUrl="#Luangwa_river">
		<SimpleData name="OBJECTID">48</SimpleData>
		<SimpleData name="ID">0</SimpleData>
		<SimpleData name="RIVERCODE">0</SimpleData>
		<SimpleData name="Corridors">0</SimpleData>
		<SimpleData name="Shape_Leng">2731.46851052000</SimpleData>
	</SchemaData></ExtendedData>
      <LineString><coordinates>32.155123840841803,-12.463328204710926 32.156123371067395,-12.463220206328939 32.158713132159818,-12.462489778354289 32.160247403734957,-12.461405857156437 32.161957924390386,-12.46032320453474 32.162844829968215,-12.459407476432542 32.164083900849498,-12.458551931622845 32.165321916838593,-12.457869276292124 32.166260229453037,-12.458164241457728 32.167196103351102,-12.458862629150998 32.168542564049872,-12.459679251231377 32.169890773548907,-12.460207704828472 32.171123219452404,-12.460447142788603 32.172296565460293,-12.460743783471399 32.173060371746118,-12.460749291247014 32.174999611732559,-12.460705631112411 32.176118370878747,-12.460310242759117 32.177295188144406,-12.460030536428579 32.177648060478035,-12.459975440057207 32.177766261072904,-12.459861020204491</coordinates></LineString>
  </Placemark>
  <Placemark>
	<Style><LineStyle><color>ff0000ff</color></LineStyle><PolyStyle><fill>0</fill></PolyStyle></Style>
	<ExtendedData><SchemaData schemaUrl="#Luangwa_river">
		<SimpleData name="OBJECTID">49</SimpleData>
		<SimpleData name="ID">0</SimpleData>
		<SimpleData name="RIVERCODE">0</SimpleData>
		<SimpleData name="Corridors">0</SimpleData>
		<SimpleData name="Shape_Leng">8228.89044635000</SimpleData>
	</SchemaData></ExtendedData>
      <LineString><coordinates>32.147621586295607,-12.560312413859259 32.146607612576162,-12.560575594618731 32.146313975022757,-12.560862885564701 32.145668116644593,-12.56120727293016 32.144846249134758,-12.561378849866879 32.143613789799744,-12.560974612540635 32.141970264679721,-12.56091503929178 32.140737568961988,-12.560971031166629 32.13938766059524,-12.560681688050686 32.138565946653351,-12.560565595396762 32.137568450883364,-12.55987397474483 32.137451645971367,-12.558780752066406 32.138274187883425,-12.557343531663383 32.139683662323456,-12.555964574452238 32.141151605859477,-12.554988394629856 32.141914997743541,-12.554356511659895 32.142854804165992,-12.553092011723997 32.144029534263929,-12.551540145662489 32.145438565730103,-12.550909049190798 32.14690648997189,-12.549875302971456 32.148256896420321,-12.549071527659763 32.149607436315158,-12.547980091901342 32.150312933065543,-12.545622196573795 32.149902884711835,-12.543953315081229 32.14943411723354,-12.542341892509599 32.149082403900316,-12.541420976982131 32.148906774184972,-12.540500275452068 32.148672339679038,-12.539809624483214 32.148438104215217,-12.5387162601701 32.148438529597783,-12.537853302405162 32.149378324279169,-12.536416180723482 32.151257246157996,-12.534865126883657 32.152548729662158,-12.534348904426226 32.153664077162105,-12.533947526583001 32.154545110035187,-12.53256784332601 32.154487279296312,-12.530726794307755 32.154253132262866,-12.529403310967389 32.15478199887243,-12.528023205444557 32.156719148113822,-12.52727760486399 32.158773176535945,-12.527625210463954 32.16018166043051,-12.527856984966075 32.161296867452407,-12.527685695462843 32.163234198412333,-12.526479800823482 32.16393905780069,-12.525157408486736 32.163646472710049,-12.523143492660108 32.162884223288472,-12.521474218018792 32.16241523078731,-12.520265527999074 32.161183307787205,-12.518998419133316 32.160127362314626,-12.517961634143461 32.159423581935378,-12.516867726863023 32.159306614280013,-12.515947097644133 32.159365661525705,-12.515141736195092 32.159424528999715,-12.514739089672126 32.159542263279072,-12.513933796516715 32.159542237313289,-12.513991327235349</coordinates></LineString>
  </Placemark>
  <Placemark>
	<Style><LineStyle><color>ff0000ff</color></LineStyle><PolyStyle><fill>0</fill></PolyStyle></Style>
	<ExtendedData><SchemaData schemaUrl="#Luangwa_river">
		<SimpleData name="OBJECTID">50</SimpleData>
		<SimpleData name="ID">0</SimpleData>
		<SimpleData name="RIVERCODE">0</SimpleData>
		<SimpleData name="Corridors">0</SimpleData>
		<SimpleData name="Shape_Leng">1696.34053887000</SimpleData>
	</SchemaData></ExtendedData>
      <LineString><coordinates>32.101748289073491,-12.718852172534627 32.102160597361575,-12.717412092925883 32.103571063189591,-12.717298961915894 32.104981601340334,-12.717070567175345 32.106157404700021,-12.716323161288177 32.10668725220394,-12.714825619406914 32.10745204480228,-12.713501310670903 32.108804048279012,-12.712869409875912 32.110156008776691,-12.71229512852252 32.110803174950846,-12.711085890853324 32.111802852037592,-12.709992427329956 32.112390852280782,-12.709417008156597</coordinates></LineString>
  </Placemark>
  <Placemark>
	<Style><LineStyle><color>ff0000ff</color></LineStyle><PolyStyle><fill>0</fill></PolyStyle></Style>
	<ExtendedData><SchemaData schemaUrl="#Luangwa_river">
		<SimpleData name="OBJECTID">51</SimpleData>
		<SimpleData name="ID">0</SimpleData>
		<SimpleData name="RIVERCODE">0</SimpleData>
		<SimpleData name="Corridors">0</SimpleData>
		<SimpleData name="Shape_Leng">2185.14707822000</SimpleData>
	</SchemaData></ExtendedData>
      <LineString><coordinates>32.099984985228488,-12.719310526096407 32.099809641563986,-12.717869558353794 32.098811344785972,-12.716773107612129 32.097460074245959,-12.716252396028132 32.095932238329006,-12.716134802895345 32.094697643722021,-12.716882071153687 32.093580375388228,-12.717917655184358 32.092286998998667,-12.71866482043904 32.091111149013024,-12.719412162124726 32.089759316029046,-12.719698201074934 32.088348958249007,-12.719638373401985 32.087056628988918,-12.718887189047788 32.08623468489575,-12.717790970564353 32.086882058046257,-12.716466544742367 32.087940047446153,-12.716180061350904</coordinates></LineString>
  </Placemark>
  <Placemark>
	<Style><LineStyle><color>ff0000ff</color></LineStyle><PolyStyle><fill>0</fill></PolyStyle></Style>
	<ExtendedData><SchemaData schemaUrl="#Luangwa_river">
		<SimpleData name="OBJECTID">52</SimpleData>
		<SimpleData name="ID">0</SimpleData>
		<SimpleData name="RIVERCODE">0</SimpleData>
		<SimpleData name="Corridors">0</SimpleData>
		<SimpleData name="Shape_Leng">4395.79119206000</SimpleData>
	</SchemaData></ExtendedData>
      <LineString><coordinates>32.096984071345048,-12.724953497781145 32.095984350033341,-12.725931641159729 32.095513261027264,-12.72731398832121 32.095277162980473,-12.728811952517244 32.095041060644739,-12.730309915240753 32.09398254128547,-12.731287958257704 32.093452620000214,-12.732727837321139 32.0935690818906,-12.734283970721123 32.093744316127719,-12.735840194848199 32.093978401538429,-12.737281254024806 32.094153757474665,-12.738664594857346 32.094328955766677,-12.740278445880918 32.094562967374607,-12.741834760164799 32.094209380196538,-12.743217283314491 32.093738162475994,-12.744714878281856 32.092503418029722,-12.745462125857404 32.091092389057415,-12.746151464205198 32.089857466030431,-12.747129209185823 32.088563968033732,-12.747818716633262 32.087035618655221,-12.748162081230769 32.085625064719622,-12.74815985662687 32.084038233495498,-12.748099717793233 32.08245127690153,-12.748212451805779 32.080864189850736,-12.748498058431071 32.079394733273439,-12.748668589625161 32.0778667635958,-12.748493251950034 32.076690687429263,-12.749298142709057 32.075985144917929,-12.749642768436519</coordinates></LineString>
  </Placemark>
  <Placemark>
	<Style><LineStyle><color>ff0000ff</color></LineStyle><PolyStyle><fill>0</fill></PolyStyle></Style>
	<ExtendedData><SchemaData schemaUrl="#Luangwa_river">
		<SimpleData name="OBJECTID">53</SimpleData>
		<SimpleData name="ID">0</SimpleData>
		<SimpleData name="RIVERCODE">0</SimpleData>
		<SimpleData name="Corridors">0</SimpleData>
		<SimpleData name="Shape_Leng">1285.77898468000</SimpleData>
	</SchemaData></ExtendedData>
      <LineString><coordinates>32.196557957036092,-12.854349316161471 32.197557871947978,-12.853313180020011 32.198969139301013,-12.853026697798319 32.200380265823256,-12.853201239475473 32.201497690171998,-12.852395739121372 32.203085329134744,-12.852167069037073 32.204672852030257,-12.852341791990444 32.206260408828754,-12.852401247610157 32.207612771364253,-12.852460424237378</coordinates></LineString>
  </Placemark>
  <Placemark>
	<Style><LineStyle><color>ff0000ff</color></LineStyle><PolyStyle><fill>0</fill></PolyStyle></Style>
	<ExtendedData><SchemaData schemaUrl="#Luangwa_river">
		<SimpleData name="OBJECTID">54</SimpleData>
		<SimpleData name="ID">0</SimpleData>
		<SimpleData name="RIVERCODE">0</SimpleData>
		<SimpleData name="Corridors">0</SimpleData>
		<SimpleData name="Shape_Leng">5210.70954060000</SimpleData>
	</SchemaData></ExtendedData>
      <LineString><coordinates>32.178324142006645,-12.869771532086297 32.179911792991497,-12.86983115232969 32.181440509721483,-12.870236461724179 32.182910580818969,-12.870238289373237 32.184204500451735,-12.869548348262986 32.18549837129811,-12.868973657454767 32.186850935015471,-12.86868717444011 32.188262135061585,-12.868861785790116 32.189555531765144,-12.869612532195601 32.190613604152844,-12.870708760605698 32.191965839887423,-12.871401939921133 32.193553450959833,-12.871634364813927 32.195082413523686,-12.871405680487984 32.196376309778294,-12.870715677735911 32.197964141280828,-12.87025653016838 32.19943437972394,-12.869739606792104 32.200963256655136,-12.869741402266142 32.202315640218515,-12.870031127588447 32.203903391509421,-12.869802459324225 32.205197223894579,-12.869227667824756 32.206784839417132,-12.869460012541275 32.207843006218887,-12.870498547378778 32.208842393616123,-12.871479381902295 32.20995939687559,-12.872460346831707 32.211017604586964,-12.873441240757872 32.212134610099689,-12.874479825724448 32.213486990988699,-12.874942381859572 32.21483926025207,-12.875865962808493 32.216015154322179,-12.876674083536548 32.217426345548759,-12.877194315375267 32.218484616451406,-12.878117552190579 32.219954640351013,-12.878580206733842 32.22101295269195,-12.879388176093249</coordinates></LineString>
  </Placemark>
  <Placemark>
	<Style><LineStyle><color>ff0000ff</color></LineStyle><PolyStyle><fill>0</fill></PolyStyle></Style>
	<ExtendedData><SchemaData schemaUrl="#Luangwa_river">
		<SimpleData name="OBJECTID">55</SimpleData>
		<SimpleData name="ID">0</SimpleData>
		<SimpleData name="RIVERCODE">0</SimpleData>
		<SimpleData name="Corridors">0</SimpleData>
		<SimpleData name="Shape_Leng">2041.38524707000</SimpleData>
	</SchemaData></ExtendedData>
      <LineString><coordinates>32.191643736504076,-12.884667664926654 32.192785026171485,-12.88338969166467 32.19407901074343,-12.88264207581236 32.195549235118982,-12.882413322266617 32.197136919519252,-12.882645729551466 32.198606922904283,-12.883108502986028 32.200194633437562,-12.883283263888215 32.201782364234482,-12.883400386108098 32.203017553867987,-12.882537398139338 32.204311557291128,-12.881616843773624 32.205370345372771,-12.880638381074728 32.206429109819901,-12.87971754281021 32.207958210808478,-12.879143012693625 32.208075837948641,-12.879085518269255</coordinates></LineString>
  </Placemark>
  <Placemark>
	<Style><LineStyle><color>ff0000ff</color></LineStyle><PolyStyle><fill>0</fill></PolyStyle></Style>
	<ExtendedData><SchemaData schemaUrl="#Luangwa_river">
		<SimpleData name="OBJECTID">56</SimpleData>
		<SimpleData name="ID">0</SimpleData>
		<SimpleData name="RIVERCODE">0</SimpleData>
		<SimpleData name="Corridors">0</SimpleData>
		<SimpleData name="Shape_Leng">2449.21429059000</SimpleData>
	</SchemaData></ExtendedData>
      <LineString><coordinates>32.227474214877539,-12.915125192286373 32.227532871839628,-12.915874432395837 32.228061935748187,-12.917142840261493 32.229120325521691,-12.918469446079508 32.230237644846234,-12.919277450089799 32.231766733460404,-12.919797744086903 32.233354708940993,-12.919972317834208 32.234766263330108,-12.920031437301329 32.236177878535429,-12.919744775928178 32.237824742815533,-12.919515980514493 32.239471585080231,-12.919402432684606 32.240883130611209,-12.919519148542641 32.242471079245242,-12.91992418355615 32.243882629098316,-12.920040883439121 32.24547067554208,-12.919811979630779 32.246823388466368,-12.920101491136743 32.247176242707241,-12.920389992667962</coordinates></LineString>
  </Placemark>
  <Placemark>
	<Style><LineStyle><color>ff0000ff</color></LineStyle><PolyStyle><fill>0</fill></PolyStyle></Style>
	<ExtendedData><SchemaData schemaUrl="#Luangwa_river">
		<SimpleData name="OBJECTID">57</SimpleData>
		<SimpleData name="ID">0</SimpleData>
		<SimpleData name="RIVERCODE">0</SimpleData>
		<SimpleData name="Corridors">0</SimpleData>
		<SimpleData name="Shape_Leng">1552.11304172000</SimpleData>
	</SchemaData></ExtendedData>
      <LineString><coordinates>32.238961811852569,-12.952415843626145 32.24046602066803,-12.952655414695339 32.242054211817944,-12.952829946085858 32.243524858301967,-12.952370428837744 32.244172093201087,-12.951160883361856 32.245348724441023,-12.949951876974614 32.246466488499415,-12.948973320055725 32.247819460621088,-12.948513657326915 32.249290034359895,-12.948342250307615 32.250642898420772,-12.948689379615855 32.251289899236582,-12.949035800577809</coordinates></LineString>
  </Placemark>
  <Placemark>
	<Style><LineStyle><color>ff0000ff</color></LineStyle><PolyStyle><fill>0</fill></PolyStyle></Style>
	<ExtendedData><SchemaData schemaUrl="#Luangwa_river">
		<SimpleData name="OBJECTID">58</SimpleData>
		<SimpleData name="ID">0</SimpleData>
		<SimpleData name="RIVERCODE">0</SimpleData>
		<SimpleData name="Corridors">0</SimpleData>
		<SimpleData name="Shape_Leng">752.40044121800</SimpleData>
	</SchemaData></ExtendedData>
      <LineString><coordinates>32.283465776201275,-12.95091002171044 32.282465782656729,-12.949929444974336 32.281348153591772,-12.948660614252434 32.280348178886136,-12.947391883308658 32.279054102067555,-12.946411034303662 32.278642353336373,-12.946064891118098</coordinates></LineString>
  </Placemark>
  <Placemark>
	<Style><LineStyle><color>ff0000ff</color></LineStyle><PolyStyle><fill>0</fill></PolyStyle></Style>
	<ExtendedData><SchemaData schemaUrl="#Luangwa_river">
		<SimpleData name="OBJECTID">59</SimpleData>
		<SimpleData name="ID">0</SimpleData>
		<SimpleData name="RIVERCODE">0</SimpleData>
		<SimpleData name="Corridors">0</SimpleData>
		<SimpleData name="Shape_Leng">1555.08481272000</SimpleData>
	</SchemaData></ExtendedData>
      <LineString><coordinates>32.302466149622489,-12.956977044815762 32.302524845846328,-12.955363460034373 32.302936497924087,-12.953923046882307 32.303524630674481,-12.952655662924514 32.304171580935112,-12.95138832302834 32.304818525321473,-12.950120981977882 32.305583096447442,-12.948738471214062 32.305935896461115,-12.94729800480137 32.305935763811291,-12.945914890519056 32.305700327454346,-12.944358701303138 32.305523796996646,-12.943667005177206</coordinates></LineString>
  </Placemark>
  <Placemark>
	<Style><LineStyle><color>ff0000ff</color></LineStyle><PolyStyle><fill>0</fill></PolyStyle></Style>
	<ExtendedData><SchemaData schemaUrl="#Luangwa_river">
		<SimpleData name="OBJECTID">60</SimpleData>
		<SimpleData name="ID">0</SimpleData>
		<SimpleData name="RIVERCODE">0</SimpleData>
		<SimpleData name="Corridors">0</SimpleData>
		<SimpleData name="Shape_Leng">1593.36491834000</SimpleData>
	</SchemaData></ExtendedData>
      <LineString><coordinates>32.337437588295579,-12.961282449874004 32.337555355108606,-12.95978348708188 32.338261110313461,-12.958573239227158 32.338672878454567,-12.957074492870664 32.338143801638381,-12.955748016828514 32.337144288523469,-12.954709469160383 32.336438834564653,-12.953267546221678 32.33661540731547,-12.951710971117789 32.336850759591805,-12.950327406852177 32.336321698137368,-12.949058583398001 32.336145425378731,-12.947905334380213</coordinates></LineString>
  </Placemark>
  <Placemark>
	<Style><LineStyle><color>ff0000ff</color></LineStyle><PolyStyle><fill>0</fill></PolyStyle></Style>
	<ExtendedData><SchemaData schemaUrl="#Luangwa_river">
		<SimpleData name="OBJECTID">61</SimpleData>
		<SimpleData name="ID">0</SimpleData>
		<SimpleData name="RIVERCODE">0</SimpleData>
		<SimpleData name="Corridors">0</SimpleData>
		<SimpleData name="Shape_Leng">2049.41720013000</SimpleData>
	</SchemaData></ExtendedData>
      <LineString><coordinates>32.354902016533153,-12.961640823756284 32.355901707574695,-12.96048838038258 32.356136971995589,-12.95887417097406 32.355549000860464,-12.957374718376837 32.355431454520478,-12.955760270283106 32.355372701661786,-12.95437648658681 32.355901960540223,-12.952935442581008 32.356842806521485,-12.951898265532213 32.357724845521176,-12.950803389517414 32.358254083490763,-12.949362339354346 32.359253705691863,-12.948325191162629 32.360253319603032,-12.947288038668827 32.361488120240843,-12.94653931614552 32.361958520447644,-12.946078372325784</coordinates></LineString>
  </Placemark>
  <Placemark>
	<Style><LineStyle><color>ff0000ff</color></LineStyle><PolyStyle><fill>0</fill></PolyStyle></Style>
	<ExtendedData><SchemaData schemaUrl="#Luangwa_river">
		<SimpleData name="OBJECTID">62</SimpleData>
		<SimpleData name="ID">0</SimpleData>
		<SimpleData name="RIVERCODE">0</SimpleData>
		<SimpleData name="Corridors">0</SimpleData>
		<SimpleData name="Shape_Leng">1920.54852690000</SimpleData>
	</SchemaData></ExtendedData>
      <LineString><coordinates>32.355982885825938,-12.959931402309453 32.357371804249212,-12.959509216022717 32.358371481338729,-12.958126137971503 32.358783130821692,-12.956569697998681 32.358900769471965,-12.954955406764139 32.359136004481961,-12.953514160962721 32.359782837695633,-12.952303809656392 32.361076469551818,-12.951324504895378 32.362428889754504,-12.950575854677009 32.363663701108941,-12.94965415414628 32.364898504678244,-12.948847758640234 32.365839298160914,-12.947695234051398 32.366309693023474,-12.947291939207684</coordinates></LineString>
  </Placemark>
  <Placemark>
	<Style><LineStyle><color>ff0000ff</color></LineStyle><PolyStyle><fill>0</fill></PolyStyle></Style>
	<ExtendedData><SchemaData schemaUrl="#Luangwa_river">
		<SimpleData name="OBJECTID">63</SimpleData>
		<SimpleData name="ID">0</SimpleData>
		<SimpleData name="RIVERCODE">0</SimpleData>
		<SimpleData name="Corridors">0</SimpleData>
		<SimpleData name="Shape_Leng">2910.46190883000</SimpleData>
	</SchemaData></ExtendedData>
      <LineString><coordinates>32.388422173657418,-12.986741900222112 32.389127771849331,-12.985531509057219 32.389539297308488,-12.984090329519679 32.39018606800731,-12.982822247075299 32.391656241591072,-12.982477109507297 32.392891285519006,-12.983111994296095 32.394361557206061,-12.983631685641281 32.395772956485537,-12.983574775111014 32.397007850492045,-12.982883544934481 32.398183914962082,-12.982076966532466 32.398536581688347,-12.980693395891187 32.398889220863893,-12.979136855405777 32.399300678579088,-12.977695656771434 32.400300265254899,-12.976716007085447 32.401241028895853,-12.975678667240226 32.402534649412651,-12.974814469236478 32.403651798358737,-12.973661894533702 32.404180857256222,-12.972393713140395 32.404945124838562,-12.971067989429786 32.40506272715141,-12.971010390229242</coordinates></LineString>
  </Placemark>
  <Placemark>
	<Style><LineStyle><color>ff0000ff</color></LineStyle><PolyStyle><fill>0</fill></PolyStyle></Style>
	<ExtendedData><SchemaData schemaUrl="#Luangwa_river">
		<SimpleData name="OBJECTID">64</SimpleData>
		<SimpleData name="ID">0</SimpleData>
		<SimpleData name="RIVERCODE">0</SimpleData>
		<SimpleData name="Corridors">0</SimpleData>
		<SimpleData name="Shape_Leng">1637.38050583000</SimpleData>
	</SchemaData></ExtendedData>
      <LineString><coordinates>32.424884929769391,-12.990507238066698 32.423532407513065,-12.991025582174537 32.422238767643819,-12.991889883068945 32.421592130417686,-12.993158051285224 32.421298381321449,-12.994541681779978 32.420886990829878,-12.995867604626291 32.420710857633239,-12.99725128443113 32.420358309588664,-12.998750200612424 32.420123382873683,-13.000249166985784 32.419947290303448,-13.00186347132666 32.419947611256951,-13.00336254002343 32.419947623026147,-13.003420196472268</coordinates></LineString>
  </Placemark>
  <Placemark>
	<Style><LineStyle><color>ff0000ff</color></LineStyle><PolyStyle><fill>0</fill></PolyStyle></Style>
	<ExtendedData><SchemaData schemaUrl="#Luangwa_river">
		<SimpleData name="OBJECTID">65</SimpleData>
		<SimpleData name="ID">0</SimpleData>
		<SimpleData name="RIVERCODE">0</SimpleData>
		<SimpleData name="Corridors">0</SimpleData>
		<SimpleData name="Shape_Leng">2252.96130413000</SimpleData>
	</SchemaData></ExtendedData>
      <LineString><coordinates>32.17415602330518,-12.868171256191292 32.173097278419263,-12.869149945274204 32.172919872000101,-12.870591059135123 32.173095099178695,-12.872090305527919 32.171977553369466,-12.873068908912172 32.170448927866687,-12.873528058204405 32.169272759929051,-12.874275951641682 32.168096540711005,-12.87508149424956 32.168036574165804,-12.87663807175236 32.168094255137234,-12.878079503584626 32.168093023272533,-12.879693815532205 32.167269199185483,-12.880845761101602 32.16679779360306,-12.882344115470207 32.166267598879301,-12.883842387166995 32.166149276619628,-12.884822341603476</coordinates></LineString>
  </Placemark>
  <Placemark>
	<Style><LineStyle><color>ff0000ff</color></LineStyle><PolyStyle><fill>0</fill></PolyStyle></Style>
	<ExtendedData><SchemaData schemaUrl="#Luangwa_river">
		<SimpleData name="OBJECTID">66</SimpleData>
		<SimpleData name="ID">0</SimpleData>
		<SimpleData name="RIVERCODE">0</SimpleData>
		<SimpleData name="Corridors">0</SimpleData>
		<SimpleData name="Shape_Leng">1969.36165809000</SimpleData>
	</SchemaData></ExtendedData>
      <LineString><coordinates>32.181613473036727,-12.878731957304247 32.180319911531925,-12.879249128251088 32.178732644433111,-12.879477629613392 32.177145459118819,-12.879590812937771 32.17573453300696,-12.879819532216585 32.174382174143098,-12.880336593590849 32.173382115196219,-12.881373013387439 32.172675829383792,-12.882582791274713 32.172439666756475,-12.883966168698395 32.1723797641232,-12.885465093620962 32.172143596188278,-12.886848470212117 32.171437244639485,-12.888115896064443 32.17073084251539,-12.889440974351459 32.170671753868334,-12.889844471864093</coordinates></LineString>
  </Placemark>
  <Placemark>
	<Style><LineStyle><color>ff0000ff</color></LineStyle><PolyStyle><fill>0</fill></PolyStyle></Style>
	<ExtendedData><SchemaData schemaUrl="#Luangwa_river">
		<SimpleData name="OBJECTID">67</SimpleData>
		<SimpleData name="ID">0</SimpleData>
		<SimpleData name="RIVERCODE">0</SimpleData>
		<SimpleData name="Corridors">0</SimpleData>
		<SimpleData name="Shape_Leng">1102.48613538000</SimpleData>
	</SchemaData></ExtendedData>
      <LineString><coordinates>32.177373495286112,-12.88933467441089 32.176727927809615,-12.887892452891986 32.176670282215319,-12.886335712723534 32.177023948258061,-12.885010142416188 32.177789045220401,-12.883742777698375 32.178319047735854,-12.882417440873487 32.178907784757897,-12.881149835996982 32.179143742322537,-12.879997066732535</coordinates></LineString>
  </Placemark>
  <Placemark>
	<Style><LineStyle><color>ff0000ff</color></LineStyle><PolyStyle><fill>0</fill></PolyStyle></Style>
	<ExtendedData><SchemaData schemaUrl="#Luangwa_river">
		<SimpleData name="OBJECTID">68</SimpleData>
		<SimpleData name="ID">0</SimpleData>
		<SimpleData name="RIVERCODE">0</SimpleData>
		<SimpleData name="Corridors">0</SimpleData>
		<SimpleData name="Shape_Leng">1285.44714352000</SimpleData>
	</SchemaData></ExtendedData>
      <LineString><coordinates>32.002999940012728,-12.842700465790408 32.004615811123792,-12.844480835931883 32.004848875280565,-12.84592259444873 32.005728748184751,-12.847135031118412 32.00637346321777,-12.84840465068609 32.006652194571807,-12.849194390861847 32.006841787756173,-12.849731572060099 32.007839548266745,-12.850713629516001 32.00913165673829,-12.851350355036573 32.009799890432681,-12.851442000165957</coordinates></LineString>
  </Placemark>
  <Placemark>
	<Style><LineStyle><color>ff0000ff</color></LineStyle><PolyStyle><fill>0</fill></PolyStyle></Style>
	<ExtendedData><SchemaData schemaUrl="#Luangwa_river">
		<SimpleData name="OBJECTID">69</SimpleData>
		<SimpleData name="ID">0</SimpleData>
		<SimpleData name="RIVERCODE">0</SimpleData>
		<SimpleData name="Corridors">0</SimpleData>
		<SimpleData name="Shape_Leng">1431.39016236000</SimpleData>
	</SchemaData></ExtendedData>
      <LineString><coordinates>32.012206232499075,-12.837923518089479 32.011911517339122,-12.838557111620842 32.011615852340071,-12.839882525574223 32.011790105263891,-12.841381817462956 32.011259432947924,-12.842649116564704 32.010258827841078,-12.843742534200857 32.009492979794452,-12.845067018392282 32.008727122449528,-12.846391498724792 32.008020107553655,-12.847658441585608 32.007019629600251,-12.848636539849759 32.006652194571807,-12.849194390861847</coordinates></LineString>
  </Placemark>
  <Placemark>
	<Style><LineStyle><color>ff0000ff</color></LineStyle><PolyStyle><fill>0</fill></PolyStyle></Style>
	<ExtendedData><SchemaData schemaUrl="#Luangwa_river">
		<SimpleData name="OBJECTID">70</SimpleData>
		<SimpleData name="ID">0</SimpleData>
		<SimpleData name="RIVERCODE">0</SimpleData>
		<SimpleData name="Corridors">0</SimpleData>
		<SimpleData name="Shape_Leng">4237.96103172000</SimpleData>
	</SchemaData></ExtendedData>
      <LineString><coordinates>31.998306088790684,-12.901404288648697 31.997539655749737,-12.901829933256598 31.996069389443903,-12.902288150581773 31.995068635748417,-12.903266179871647 31.99430267348648,-12.904475292278581 31.993536536475144,-12.905799703175619 31.992242171849686,-12.906546513525944 31.990772635701386,-12.906485836537268 31.990010306622999,-12.905215936539198 31.989013020186817,-12.903830246054993 31.987720796632402,-12.903135756720713 31.98636928062917,-12.902787045681537 31.9848998571881,-12.902668687302569 31.983430001595735,-12.902838575669266 31.982077017163622,-12.903469909263045 31.980665503361507,-12.903928160124613 31.97925407313809,-12.904328751164204 31.977666638713021,-12.904498358788436 31.976315751801248,-12.903746039454713 31.975317930299006,-12.902763859429918 31.973730593544349,-12.902875792909564 31.972142721037265,-12.903333621335449 31.970615149394085,-12.902811501531401 31.969382042141529,-12.90194409904551 31.967795161849928,-12.901767743144278 31.966501114864698,-12.902283818495857 31.965265573961517,-12.902972966675446 31.964971292804147,-12.903202935311734</coordinates></LineString>
  </Placemark>
  <Placemark>
	<Style><LineStyle><color>ff0000ff</color></LineStyle><PolyStyle><fill>0</fill></PolyStyle></Style>
	<ExtendedData><SchemaData schemaUrl="#Luangwa_river">
		<SimpleData name="OBJECTID">71</SimpleData>
		<SimpleData name="ID">0</SimpleData>
		<SimpleData name="RIVERCODE">0</SimpleData>
		<SimpleData name="Corridors">0</SimpleData>
		<SimpleData name="Shape_Leng">476.34211627000</SimpleData>
	</SchemaData></ExtendedData>
      <LineString><coordinates>31.985905376845832,-12.898519890890947 31.985256611327362,-12.899959823263327 31.985019235680838,-12.901458260728948 31.9848998571881,-12.902668687302569</coordinates></LineString>
  </Placemark>
  <Placemark>
	<Style><LineStyle><color>ff0000ff</color></LineStyle><PolyStyle><fill>0</fill></PolyStyle></Style>
	<ExtendedData><SchemaData schemaUrl="#Luangwa_river">
		<SimpleData name="OBJECTID">72</SimpleData>
		<SimpleData name="ID">0</SimpleData>
		<SimpleData name="RIVERCODE">0</SimpleData>
		<SimpleData name="Corridors">0</SimpleData>
		<SimpleData name="Shape_Leng">2563.23798507000</SimpleData>
	</SchemaData></ExtendedData>
      <LineString><coordinates>31.990772635701386,-12.906485836537268 31.989654530324785,-12.907290647495254 31.988888615585296,-12.908442088892704 31.988710035649667,-12.9099406522349 31.988531624370058,-12.911323912161599 31.988529226331792,-12.912938140944995 31.988115749829323,-12.914263261998794 31.987584779880603,-12.915530487037531 31.986290434340649,-12.916219610474194 31.985230798025164,-12.917197472763982 31.984288381446316,-12.918406179311376 31.983933399065588,-12.919904366386588 31.984284130628165,-12.921231075326036 31.98498750922289,-12.922616171121936 31.984691311611144,-12.924114481308406 31.984924300038507,-12.925556245911499 31.985333918021677,-12.926825425692233</coordinates></LineString>
  </Placemark>
  <Placemark>
	<Style><LineStyle><color>ff0000ff</color></LineStyle><PolyStyle><fill>0</fill></PolyStyle></Style>
	<ExtendedData><SchemaData schemaUrl="#Luangwa_river">
		<SimpleData name="OBJECTID">73</SimpleData>
		<SimpleData name="ID">0</SimpleData>
		<SimpleData name="RIVERCODE">0</SimpleData>
		<SimpleData name="Corridors">0</SimpleData>
		<SimpleData name="Shape_Leng">7188.82229213000</SimpleData>
	</SchemaData></ExtendedData>
      <LineString><coordinates>31.982031941603861,-12.927788025335792 31.981452238609833,-12.927855011380831 31.980570042952898,-12.928083758876951 31.979510332563706,-12.929061591693763 31.97933158532555,-12.930617790919731 31.979623511456683,-12.931944380230313 31.979915177227717,-12.933443921670454 31.980089350497625,-12.934885563232347 31.979734576744214,-12.936210786820364 31.978498363109605,-12.937245890480748 31.977087005100952,-12.937473502398884 31.975558239393983,-12.937585555013101 31.973912158139587,-12.937524394844896 31.972383122876472,-12.937809380624781 31.97108880236771,-12.9383831155242 31.970087713303151,-12.939418679960221 31.96926263045933,-12.940685221753251 31.968613917249549,-12.941952140344435 31.968082783499028,-12.94321931132105 31.96755155235758,-12.944544131206003 31.967020315144275,-12.945868948548199 31.966253805353091,-12.947250906452172 31.965018125234572,-12.947882382964993 31.963488743907359,-12.948340262139768 31.96213592437277,-12.948683215994338 31.960430522705877,-12.948910090016822 31.959252964045387,-12.949945219404489 31.958545380161851,-12.951211977432283 31.958425365195353,-12.952710628461169 31.958717102608095,-12.954094881977637 31.959891336772099,-12.955135170151198 31.961183822272353,-12.955772158485948 31.962476220804547,-12.956466791245994 31.963709647323057,-12.95727659082579 31.9646485479341,-12.958431648330841 31.964881343784178,-12.95993107124834 31.964173754975626,-12.961197843623578 31.963642551074532,-12.962464998928604 31.962523919122479,-12.963384965718312 31.961581486895366,-12.96442061377093 31.961108687970796,-12.965918491123491 31.961988806890844,-12.967073430161809 31.962986623855961,-12.96817097329847 31.963395996724824,-12.969555481019224 31.96362888217822,-12.97099725276777 31.963156358170124,-12.972322183032038 31.963096817189104,-12.972783257086025</coordinates></LineString>
  </Placemark>
  <Placemark>
	<Style><LineStyle><color>ff0000ff</color></LineStyle><PolyStyle><fill>0</fill></PolyStyle></Style>
	<ExtendedData><SchemaData schemaUrl="#Luangwa_river">
		<SimpleData name="OBJECTID">74</SimpleData>
		<SimpleData name="ID">0</SimpleData>
		<SimpleData name="RIVERCODE">0</SimpleData>
		<SimpleData name="Corridors">0</SimpleData>
		<SimpleData name="Shape_Leng">10410.91213790000</SimpleData>
	</SchemaData></ExtendedData>
      <LineString><coordinates>31.921478338335646,-12.966174500847623 31.921712508160585,-12.966751548659646 31.922181768483551,-12.96738679656022 31.923532899318115,-12.96808175590907 31.924827469518814,-12.967508278689737 31.925770055738365,-12.966472776547647 31.927181905642922,-12.966072510052134 31.928709338219097,-12.96682550227321 31.929059616825267,-12.968267562930748 31.929468897822495,-12.969594459868498 31.930702466592162,-12.97028911228729 31.932289632948258,-12.970523374856693 31.933818797788845,-12.970296293622635 31.935052482257049,-12.970933276773845 31.936521665382664,-12.971397842998746 31.938050048153872,-12.971631936000266 31.939403310114045,-12.97111617017841 31.940639360039487,-12.970369529252903 31.941933813130362,-12.969853615770271 31.943228453882899,-12.969222394557878 31.94469735685929,-12.969859865986635 31.945400527404697,-12.971302707266531 31.945986395541471,-12.972572332397243 31.947101853326831,-12.973612546995634 31.948689447092178,-12.973616111168093 31.949514462451951,-12.972522604056714 31.950339757703912,-12.971256143408938 31.951164758591329,-12.970162629726047 31.952517896178868,-12.969704443101994 31.953869703591398,-12.970053351349705 31.95516215045998,-12.970748023724333 31.956572768153791,-12.97109704886215 31.958042939222981,-12.970984994398389 31.959571535730177,-12.971103661829956 31.961158655615275,-12.971395400163184 31.962510395215837,-12.971801915400166 31.963156358170124,-12.972322183032038 31.963743985572702,-12.972554069266097 31.963682874172726,-12.973995199010371 31.963268772906133,-12.975550858391946 31.962854666704171,-12.97710651654533 31.962852347953547,-12.978547774668762 31.962967538673634,-12.980046939329085 31.962964941019738,-12.981661148002207 31.96290372633462,-12.983159926327653 31.962960114944384,-12.984658962804094 31.963958092819574,-12.98569885519035 31.965191846251457,-12.98639335660563 31.96642560592403,-12.987087852641141 31.967541491003914,-12.987955038810876 31.967833030142867,-12.98951223720008 31.968889852333096,-12.990552241884101 31.970182356390485,-12.99130450003949 31.971121404121398,-12.992459542148168 31.9721194470109,-12.993499408372857 31.972764304536692,-12.994769112071426 31.973173855122432,-12.996095958545895 31.97387752944185,-12.997365787672493 31.974463326725129,-12.998808312880291 31.975637918035297,-12.999790896731973 31.977166256763709,-13.000197726515719 31.978754212428658,-13.000085818876888 31.979811124851164,-13.001125785024579 31.98110371825479,-13.001877994761012 31.982515176219589,-13.001823340492214 31.984102260418446,-13.002287906306139 31.985159293108488,-13.003270202278877</coordinates></LineString>
  </Placemark>
  <Placemark>
	<Style><LineStyle><color>ff0000ff</color></LineStyle><PolyStyle><fill>0</fill></PolyStyle></Style>
	<ExtendedData><SchemaData schemaUrl="#Luangwa_river">
		<SimpleData name="OBJECTID">75</SimpleData>
		<SimpleData name="ID">0</SimpleData>
		<SimpleData name="RIVERCODE">0</SimpleData>
		<SimpleData name="Corridors">0</SimpleData>
		<SimpleData name="Shape_Leng">5644.51730098000</SimpleData>
	</SchemaData></ExtendedData>
      <LineString><coordinates>31.936581056772393,-12.971052078392381 31.936521665382664,-12.971397842998746 31.935521092647498,-12.97197205243717 31.934813322769116,-12.973238729857876 31.933577441862813,-12.973870040041211 31.932165554373423,-12.974270339268408 31.931164260805083,-12.975248077360231 31.930397759201895,-12.976456955433585 31.930865857496155,-12.977783986909127 31.931628164626272,-12.978996397102772 31.931978471725749,-12.98043845513825 31.931564463385637,-12.981821098219864 31.930973945766397,-12.983260982080299 31.931088844339019,-12.98481779551477 31.932617000124438,-12.985224876207072 31.933850751634413,-12.985861868912819 31.93384816239384,-12.987360762729965 31.934374899722169,-12.988803224638261 31.935137054132497,-12.990130927830638 31.935663704752709,-12.991631037592233 31.935132184208832,-12.992955764558801 31.933778494342697,-12.99364444745331 31.932483800897121,-12.994217958241167 31.931482422270228,-12.995195690867368 31.930011604821665,-12.995595831163476 31.928482483958415,-12.995707578082863 31.927245966351098,-12.996627095918543 31.926244253922,-12.997777754443209 31.925712771537231,-12.999044807094441 31.924711246040037,-13.00008015918621 31.923299401586931,-13.000365096951796 31.921829466872548,-13.000246342341795 31.920359431627062,-13.0001852289406 31.918889190971679,-13.000239406057268 31.917359522586914,-13.000639331646463 31.916769183758952,-13.00190622324067 31.916590376906129,-13.003231739485761</coordinates></LineString>
  </Placemark>
  <Placemark>
	<name>Mulungwizi</name>
	<Style><LineStyle><color>ff0000ff</color></LineStyle><PolyStyle><fill>0</fill></PolyStyle></Style>
	<ExtendedData><SchemaData schemaUrl="#Luangwa_river">
		<SimpleData name="Name">Mulungwizi</SimpleData>
		<SimpleData name="OBJECTID">76</SimpleData>
		<SimpleData name="ID">0</SimpleData>
		<SimpleData name="RIVERCODE">1</SimpleData>
		<SimpleData name="Corridors">0</SimpleData>
		<SimpleData name="Shape_Leng">21772.85737560000</SimpleData>
	</SchemaData></ExtendedData>
      <LineString><coordinates>33.096287969594464,-9.954769067075608 33.094586308285315,-9.954664162285319 33.093250364884902,-9.954383981932818 33.090981025169704,-9.953246495969474 33.089640173483581,-9.9521614416362 33.088121097544835,-9.950387446516253 33.087474948647795,-9.949068641329756 33.086589764159768,-9.946601295059011 33.083736235426962,-9.944777026090096 33.082166566683632,-9.944210607154927 33.080644071572003,-9.941861676276728 33.078665588333898,-9.940837516613014 33.076752798976266,-9.941077812975676 33.075653132353132,-9.941486189905605 33.074309591218935,-9.939941151602413 33.074239040405438,-9.937871822394758 33.075447034862336,-9.936198043439639 33.076018014577322,-9.934700172949329 33.075893286040802,-9.933263547069268 33.07704499621196,-9.931877525888387 33.077912961658015,-9.931527888004046 33.078015702567384,-9.929342638641789 33.077657907377144,-9.927734796325225 33.078522020580451,-9.926752765668647 33.079974544325118,-9.927147359533542 33.081602830970731,-9.927828456133556 33.08311091679893,-9.927820291905189 33.083624543983291,-9.92643770236195 33.082858955481065,-9.924544614419096 33.08116953307443,-9.923346426404349 33.079423169249338,-9.922321013671979 33.078316236525765,-9.921522106854262 33.077557670750835,-9.920778807349523 33.076969275785373,-9.919402176555611 33.076961250779767,-9.918079903163175 33.077060854232691,-9.915377241282476 33.075663596792857,-9.91452240088976 33.073858251226525,-9.913324800529793 33.072917355658994,-9.911202663658154 33.073895001600256,-9.909817588701181 33.074292291640973,-9.908378146679008 33.072945410908673,-9.906258197972951 33.07148672394883,-9.904828748613019 33.071238724254343,-9.902185449207618 33.07122307016899,-9.89959839026119 33.070749693149175,-9.898048650933282 33.070628480303178,-9.89718692181027 33.071548792457094,-9.89591714509006 33.071831126017592,-9.894650799437411 33.071881468351322,-9.893385703347237 33.070481883043925,-9.89212840664341 33.068675983793256,-9.890815795904027 33.067624054690789,-9.889499127257778 33.066738835174597,-9.88697422703804 33.066266191031382,-9.885539459947504 33.0661974395193,-9.883757573216286 33.066480129830062,-9.882548721516852 33.066816648899142,-9.880649675841784 33.066750671739527,-9.879327710623874 33.063250195851815,-9.875896950648775 33.061675351842496,-9.874410585913067 33.061434376447046,-9.872917079268781 33.061776107760856,-9.871880392231354 33.062230707500895,-9.87032567011358 33.062917620594938,-9.868827195244515 33.062442249424599,-9.866932499558983 33.060692090892452,-9.865217099165477 33.059987536047679,-9.863783562926088 33.059859102587957,-9.861714530242269 33.059557387622085,-9.859761408125268 33.059607426449659,-9.858438820410475 33.059656427010353,-9.856943760919265 33.058775157726423,-9.855051227449271 33.05749211186783,-9.853850743273073 33.056093094012702,-9.852650873933628 33.054754836171689,-9.851910611839555 33.052777661703345,-9.851001270577388 33.051206080802885,-9.85003226828762 33.049753241156623,-9.849522564865859 33.047899978946326,-9.849934858274159 33.046568276553252,-9.850286882250291 33.044601427941259,-9.851102205629447 33.042924176945888,-9.851858491522949 33.041186530588618,-9.852212643106327 33.039040553323233,-9.852166498833347 33.037878357321645,-9.851770193239634 33.036307157839978,-9.850858611209684 33.035085272223192,-9.850175149344322 33.033745704956935,-9.849204842945341 33.033108160532102,-9.849265693478138 33.032472321190724,-9.849613995057407 33.031257605199166,-9.850137818890726 33.030094063066301,-9.849511524781903 33.029746805654668,-9.849628334949879 33.028880364638852,-9.850207811073986 33.027890794875667,-9.849580594502992 33.027138290193136,-9.849814514902665 33.027199000779554,-9.850274134145348 33.026972482626448,-9.851195198605296 33.025988692920528,-9.85154531456266 33.025472560519482,-9.852525389479688 33.02489605601999,-9.853103334624379 33.024554228393463,-9.854139986774488 33.024326341823361,-9.854831087681436 33.024270049475923,-9.855118843449242 33.022820282893029,-9.855126438968647 33.021489211486994,-9.855593344443927 33.020503368749054,-9.855598501523231 33.01957822709447,-9.856063276199633 33.019119381870354,-9.856928057204009 33.01895048993714,-9.857791322687888 33.017740799606962,-9.859177454334718 33.016525349208187,-9.859586243772107 33.016004778865195,-9.859818928522383 33.015659197447171,-9.860223176349125 33.015025008153017,-9.860858897111646 33.014391155474236,-9.861552107276426 33.013522967493465,-9.861844091533618 33.011839853939328,-9.861622886014111 33.010562010112523,-9.861284580930516 33.008588268504951,-9.860949885588246 33.007425740917661,-9.860495984724647 33.00632120805092,-9.860041779381509 33.005914593922725,-9.859928903844772</coordinates></LineString>
  </Placemark>
  <Placemark>
	<name>Isalala</name>
	<Style><LineStyle><color>ff0000ff</color></LineStyle><PolyStyle><fill>0</fill></PolyStyle></Style>
	<ExtendedData><SchemaData schemaUrl="#Luangwa_river">
		<SimpleData name="Name">Isalala</SimpleData>
		<SimpleData name="OBJECTID">77</SimpleData>
		<SimpleData name="ID">0</SimpleData>
		<SimpleData name="RIVERCODE">0</SimpleData>
		<SimpleData name="Corridors">0</SimpleData>
		<SimpleData name="Shape_Leng">28168.74445100000</SimpleData>
	</SchemaData></ExtendedData>
      <LineString><coordinates>33.060610429795858,-9.629900377473279 33.05998504864715,-9.631915975637716 33.059769125182385,-9.63456180669851 33.058980227515221,-9.63830306537653 33.058066088747616,-9.640492681268498 33.057038099976161,-9.643027859318035 33.0566448353186,-9.645099704559957 33.056946333017507,-9.647052855248022 33.057539679432928,-9.649349404235196 33.057664904496058,-9.650901044790009 33.057148480526891,-9.651766195058576 33.055882421985714,-9.653267767003177 33.055602983589473,-9.654994044824468 33.055961406006446,-9.656774412746643 33.056433332279319,-9.658151723670521 33.05597691962533,-9.659361509519338 33.054886421654295,-9.661149605200482 33.054202647878967,-9.663108008021323 33.053458842303435,-9.664721771267026 33.052771266548042,-9.66604776932931 33.05237657342866,-9.667889643247273 33.052268228359921,-9.669155062697623 33.052798803789429,-9.67064705180757 33.052919540601152,-9.671451308440069 33.052345114445508,-9.672316759904021 33.052236767019195,-9.673582179024333 33.051834148982842,-9.674101757778503 33.051144140806151,-9.675025315463412 33.051037507799947,-9.676578189066994 33.051218954866165,-9.677842065692103 33.051863739456216,-9.679045983483581 33.052043813755226,-9.680079895677917 33.051416226418851,-9.681750527970477 33.051250256020673,-9.683073745333813 33.051552789439434,-9.685199368958815 33.051332640866171,-9.687155295949182 33.050766438121997,-9.689400527126121 33.05007880212716,-9.690726518197321 33.049564017115507,-9.69187911117786 33.048990234614017,-9.69285953758207 33.048593085936197,-9.694298967507578 33.048132818564113,-9.694876340161754 33.047732915985037,-9.695855840837293 33.047280198055851,-9.697698013435447 33.047518919254223,-9.698846600845931 33.04804608713853,-9.699763685239098 33.048347241930038,-9.701659346107737 33.047949393032766,-9.702983792400669 33.047722687425725,-9.703847387924526 33.04686042940974,-9.705059313552324 33.045824957283642,-9.706387140592922 33.045600988240466,-9.707710661508362 33.045609908513264,-9.709205425313327 33.045678165790243,-9.710929844395109 33.045459339175778,-9.713115728295787 33.045408234272323,-9.714265853193748 33.045360216318052,-9.715933395788422 33.045425729675181,-9.717197887570128 33.045783823805301,-9.718920768501349 33.046485606104902,-9.71995191382417 33.047246390774475,-9.721155221565635 33.047258064817392,-9.723109910601517 33.046746997775962,-9.724894896082219 33.046520274610749,-9.725758489780427 33.046876322563442,-9.727136423393461 33.046592316604688,-9.72811530639764 33.04706224558366,-9.729147679832941 33.047764053260188,-9.730178820887987 33.048522116273986,-9.730922198678609 33.049110743959076,-9.732413879147845 33.048603452177943,-9.734831265584257 33.047913998216821,-9.735869795211805 33.047232781682993,-9.738288102588486 33.047185457085739,-9.740070625011661 33.047194728615345,-9.741622876862778 33.046740917762847,-9.743292571181804 33.046055215513945,-9.744963495455993 33.045309477730427,-9.746289780440243 33.045027165627594,-9.747556115018305 33.044747252828344,-9.749224884142357 33.043829296415538,-9.75083954218324 33.043896182699129,-9.752333994522283 33.044022758015132,-9.754115593638565 33.044152762982762,-9.756472099101831 33.044458749586724,-9.759172627107169 33.044757195072776,-9.760608358847616 33.045001098516195,-9.762619304502868 33.045414812400992,-9.763939438545304 33.045595600344228,-9.76508833063402 33.046068324298489,-9.766580628290065 33.04515375825369,-9.768770195472463 33.044407964397891,-9.770096476873238 33.044767482070199,-9.772049316762512 33.045528722879318,-9.773310114987551 33.046345884996981,-9.774225659838081 33.047276944821299,-9.774795642641703 33.048498578431662,-9.77547906467502 33.048278011806751,-9.777377487915842 33.047586409472316,-9.778071071414685 33.047593280445533,-9.77922088474476 33.048463972521105,-9.779388737447748 33.04899127041859,-9.780305815400247 33.049689752656555,-9.780762042276209 33.049060936314049,-9.782260188842399 33.04813157088627,-9.78197766456003 33.048310659773058,-9.782839099733051 33.04923968372357,-9.783064133574463 33.049993742992299,-9.783117617050253 33.050748834429079,-9.78334357132985 33.050813694800041,-9.784493076142212 33.049081908192846,-9.785767117492654 33.04827605132693,-9.786748771700532 33.048222539980792,-9.787496457222275 33.047704509879381,-9.788131626062437 33.047594392042328,-9.789109582193385 33.047078075664935,-9.79003220227367 33.046674967506327,-9.790494282207272 33.04679813767013,-9.791700969909408 33.046743935967726,-9.792333674298549 33.045417953646677,-9.793605543088615 33.04536923944282,-9.795158096327773 33.045723298874741,-9.796191082238273 33.046426273580494,-9.797394693684671 33.046314433160916,-9.798085195885665 33.045275928385585,-9.798953090858992 33.045107818999618,-9.799931353617879 33.045459480737101,-9.80056190496339 33.046159030318144,-9.801190610694665 33.046451684205039,-9.801648996801909 33.046283576945662,-9.802627259977076 33.045592260980392,-9.803378328503168 33.045422435150343,-9.804069138251876 33.045428612818114,-9.805103968363326 33.045666032938364,-9.806022587332567 33.046077400172265,-9.806940283453402 33.046951255951612,-9.807625554375331 33.047302928424536,-9.808256103469089 33.047251473149622,-9.80934873237236 33.046217742930558,-9.811021497439391 33.045764178212131,-9.812748674785228 33.045484558562002,-9.814474929028823 33.045435842979572,-9.816027481270192 33.045556272727239,-9.816774242714221 33.045795760795563,-9.818037804313374 33.045339781489631,-9.819362547254867 33.04505775246318,-9.820686366455428 33.045120199250114,-9.821433435835431 33.045588539620432,-9.822178352413902 33.046573595392225,-9.822058141125131 33.047212459211245,-9.822227227226739 33.047388475638762,-9.822571246273096 33.046928718583352,-9.823263595164178 33.046467585135098,-9.823725981536159 33.046241481771354,-9.82470455078907 33.046535873824595,-9.825450388633751 33.047237539494787,-9.826424034171605 33.047239943987663,-9.826826467151019 33.047650311814621,-9.827571688047792 33.04794917644822,-9.829064901488538 33.048477239134854,-9.830096957600329 33.048366767257619,-9.831017421836805 33.048256293869521,-9.831937885085388 33.048261107294202,-9.832742751648082 33.048266262877604,-9.833605108830577 33.048330437408644,-9.834639629370759 33.048856103638805,-9.835269251750493 33.04990228124187,-9.835666136973192 33.050771056481288,-9.835489040390096 33.05152351285458,-9.835255067374204 33.052279757448268,-9.835653487970127 33.051876946273211,-9.836173062810193 33.050607075826001,-9.837157188762147 33.049797659639161,-9.837563938681232 33.049340981621441,-9.838773704248393 33.049344421260429,-9.83934860881477 33.049871817173681,-9.840265681656428 33.050803066905139,-9.840835651626327 33.052023573540183,-9.8412890954547 33.052549945805623,-9.842033692095406 33.052552701639037,-9.842493616154838 33.052330048603963,-9.844047092704315 33.052100505381773,-9.844450760354631 33.052457050746767,-9.845886168299124 33.052923719191227,-9.846343621266945 33.0538567159034,-9.847201034610421 33.053921255619386,-9.848293043747086 33.054041026475019,-9.848924820300091 33.054392757274002,-9.849555360190839 33.054857708855067,-9.849725358298347 33.05544036641863,-9.850182189121496 33.055965034842387,-9.850639328814907 33.056259125632053,-9.851327666233203 33.056671960387206,-9.852475307978155 33.056907373965643,-9.85304897359941 33.057433775906723,-9.853793562853648 33.057608782938438,-9.853965104985425</coordinates></LineString>
  </Placemark>
  <Placemark>
	<Style><LineStyle><color>ff0000ff</color></LineStyle><PolyStyle><fill>0</fill></PolyStyle></Style>
	<ExtendedData><SchemaData schemaUrl="#Luangwa_river">
		<SimpleData name="OBJECTID">78</SimpleData>
		<SimpleData name="ID">0</SimpleData>
		<SimpleData name="RIVERCODE">0</SimpleData>
		<SimpleData name="Corridors">0</SimpleData>
		<SimpleData name="Shape_Leng">2768.88374434000</SimpleData>
	</SchemaData></ExtendedData>
      <LineString><coordinates>33.03246590806684,-9.652989434425184 33.033682637185983,-9.652925531989427 33.034842092804155,-9.652976912192415 33.036175415036048,-9.653027371221478 33.03780398394445,-9.653996152586702 33.039315964918153,-9.65485055652044 33.04094112957717,-9.655244411905702 33.041867742101317,-9.655124522309484 33.042969250285843,-9.655176182437669 33.043956560128528,-9.655515908979425 33.045350593785464,-9.656025953989444 33.046277550113508,-9.655963542891078 33.047840994576397,-9.655725271599492 33.049116030304866,-9.655718497534064 33.050860216562917,-9.656629109297553 33.052139728444963,-9.657369707589339 33.053418902315869,-9.658052809818605 33.053942233358768,-9.658337486643651 33.054874017992084,-9.659079927049696 33.055340083794732,-9.659479891904756 33.055632625882041,-9.659938275450964</coordinates></LineString>
  </Placemark>
  <Placemark>
	<Style><LineStyle><color>ff0000ff</color></LineStyle><PolyStyle><fill>0</fill></PolyStyle></Style>
	<ExtendedData><SchemaData schemaUrl="#Luangwa_river">
		<SimpleData name="OBJECTID">79</SimpleData>
		<SimpleData name="ID">0</SimpleData>
		<SimpleData name="RIVERCODE">0</SimpleData>
		<SimpleData name="Corridors">0</SimpleData>
		<SimpleData name="Shape_Leng">2057.79077381000</SimpleData>
	</SchemaData></ExtendedData>
      <LineString><coordinates>33.07058685520439,-9.650486846116833 33.069947612138535,-9.650202818593822 33.068900949557779,-9.649633513427874 33.067972281225408,-9.649408529995704 33.066986351737157,-9.649298836294056 33.066232243856916,-9.649187896847669 33.065015188416709,-9.64919442382014 33.06432145885573,-9.649485606818994 33.064092407048555,-9.649946777564777 33.063518391863113,-9.650869739634603 33.062595602615929,-9.651622089346988 33.061669698136036,-9.651857016243593 33.060975614463061,-9.652090702167069 33.060054198673853,-9.65307300916273 33.059767528444631,-9.653591977718509 33.059249379322281,-9.654169675667918 33.058557015121401,-9.65469081205211 33.057924675474752,-9.655556582674617 33.05729371229684,-9.656652317082651 33.056834545015498,-9.657402175132638 33.056805375131297,-9.657436213623221 33.056645821248793,-9.657700185415463 33.056379894633523,-9.658122540419329</coordinates></LineString>
  </Placemark>
  <Placemark>
	<Style><LineStyle><color>ff0000ff</color></LineStyle><PolyStyle><fill>0</fill></PolyStyle></Style>
	<ExtendedData><SchemaData schemaUrl="#Luangwa_river">
		<SimpleData name="OBJECTID">80</SimpleData>
		<SimpleData name="ID">0</SimpleData>
		<SimpleData name="RIVERCODE">0</SimpleData>
		<SimpleData name="Corridors">0</SimpleData>
		<SimpleData name="Shape_Leng">2896.56969079000</SimpleData>
	</SchemaData></ExtendedData>
      <LineString><coordinates>33.082212474553252,-9.665659751644439 33.080934959540762,-9.665264212250065 33.079481133752779,-9.664467170079657 33.077622309712702,-9.663787294179825 33.076056413268155,-9.663623264307519 33.07419899090835,-9.66317333361698 33.072395709393426,-9.662090679079602 33.07082565548032,-9.66123673367083 33.069951092547576,-9.66037904233419 33.068670490406575,-9.659466037964688 33.067680717161409,-9.658723944995248 33.065645307577789,-9.657585009012045 33.064598282868054,-9.656958200800309 33.063783779499346,-9.656445129610608 33.063026542522934,-9.655816763105133 33.062445251727361,-9.655532411775555 33.061921572943859,-9.655190257511695 33.060933555710996,-9.654735600081846 33.05994554020257,-9.654280940693393 33.059411601014496,-9.654321222779291 33.05893282889793,-9.65442688290079</coordinates></LineString>
  </Placemark>
  <Placemark>
	<Style><LineStyle><color>ff0000ff</color></LineStyle><PolyStyle><fill>0</fill></PolyStyle></Style>
	<ExtendedData><SchemaData schemaUrl="#Luangwa_river">
		<SimpleData name="OBJECTID">81</SimpleData>
		<SimpleData name="ID">0</SimpleData>
		<SimpleData name="RIVERCODE">0</SimpleData>
		<SimpleData name="Corridors">0</SimpleData>
		<SimpleData name="Shape_Leng">4352.96583481000</SimpleData>
	</SchemaData></ExtendedData>
      <LineString><coordinates>33.027936202165769,-9.671066022289219 33.027355254421927,-9.670839102255171 33.026190982899983,-9.669982821380359 33.026126230207325,-9.668833304638302 33.026580045319406,-9.667163630304755 33.027208067837954,-9.665550532821859 33.028071315971303,-9.664511126749611 33.030622136124464,-9.664612702646979 33.03213210300374,-9.665122190854088 33.033929476336041,-9.665227708247711 33.035372620804878,-9.664242720072368 33.036234133456986,-9.662915838134985 33.036574024643123,-9.661591708757095 33.036913912279175,-9.660267578046238 33.038007919549543,-9.659054450587325 33.039049431750136,-9.658761482261731 33.041252812821455,-9.658922308174237 33.042411604737026,-9.658858681162933 33.043336514481894,-9.658451331284475 33.044843730241141,-9.658500835654328 33.04571445183872,-9.658726189270848 33.048210366306279,-9.659345361527754 33.050007370626417,-9.65939330383201 33.051110269322031,-9.6596749019069 33.052039299172009,-9.659957422721789 33.053260869199285,-9.660698324763063 33.053724525288942,-9.660695854925406 33.054476932368651,-9.660519366289822 33.054766028712862,-9.660402839108892 33.055345943118454,-9.660457240189743</coordinates></LineString>
  </Placemark>
  <Placemark>
	<Style><LineStyle><color>ff0000ff</color></LineStyle><PolyStyle><fill>0</fill></PolyStyle></Style>
	<ExtendedData><SchemaData schemaUrl="#Luangwa_river">
		<SimpleData name="OBJECTID">82</SimpleData>
		<SimpleData name="ID">0</SimpleData>
		<SimpleData name="RIVERCODE">0</SimpleData>
		<SimpleData name="Corridors">0</SimpleData>
		<SimpleData name="Shape_Leng">5717.57670157000</SimpleData>
	</SchemaData></ExtendedData>
      <LineString><coordinates>33.087608830529298,-9.685695504013893 33.086104288619715,-9.686106115805741 33.085184252415033,-9.687318451731832 33.084673789329116,-9.689160986913839 33.084566956547107,-9.690656377544867 33.084401111942412,-9.691979610286223 33.084005513674413,-9.693649043587906 33.082741167459744,-9.69543816450869 33.081187340208686,-9.697286340104876 33.080384927926126,-9.698785489970833 33.079351003491311,-9.700343382012575 33.077732897703619,-9.701157019364223 33.076172399647362,-9.701912844887485 33.075131135859081,-9.702263415770076 33.073277327793804,-9.702445882476297 33.072408213672908,-9.702508054471315 33.071127791262725,-9.701652552858612 33.070429792756784,-9.701253857957594 33.069502022542963,-9.701201352629608 33.068226469105277,-9.701150712285486 33.06781794723927,-9.70069296442945 33.067466003266816,-9.700004940983996 33.066244258988526,-9.699264091310996 33.064619893193381,-9.699042831169379 33.063863944209665,-9.698644432146047 33.062702252091675,-9.698248205163194 33.061424636863528,-9.697852594671874 33.060784619963059,-9.69745356924221 33.060315731015884,-9.696593685105327 33.058862162562697,-9.695854048834525 33.05729302078862,-9.695172516497236 33.056016802571442,-9.695006849233701 33.05451149035521,-9.695302340609818 33.053816623436859,-9.695421028888333 33.053063793951644,-9.695540025019657 33.052135354067822,-9.695372490326202 33.051437389878444,-9.694973756396362 33.049871360854105,-9.694809608301206 33.048597895658325,-9.695103840623544 33.048250461850223,-9.695163178952926 33.04813453599693,-9.695163794909469</coordinates></LineString>
  </Placemark>
  <Placemark>
	<name>Yalamanga</name>
	<Style><LineStyle><color>ff0000ff</color></LineStyle><PolyStyle><fill>0</fill></PolyStyle></Style>
	<ExtendedData><SchemaData schemaUrl="#Luangwa_river">
		<SimpleData name="Name">Yalamanga</SimpleData>
		<SimpleData name="OBJECTID">83</SimpleData>
		<SimpleData name="ID">0</SimpleData>
		<SimpleData name="RIVERCODE">0</SimpleData>
		<SimpleData name="Corridors">0</SimpleData>
		<SimpleData name="Shape_Leng">5169.11463202000</SimpleData>
	</SchemaData></ExtendedData>
      <LineString><coordinates>33.005470558167943,-9.684924084588555 33.006225399298792,-9.685150138362914 33.008080833431649,-9.68525549019318 33.00987662169787,-9.685073676945919 33.011206022074163,-9.684434340470659 33.012476442727149,-9.683622827559431 33.013691935611433,-9.683329030814035 33.015429750589206,-9.683147491109994 33.017112307952935,-9.683426173730444 33.018388125276928,-9.683534495709086 33.020009001181656,-9.683181065041548 33.021457006636787,-9.683001011226493 33.022969077256057,-9.683855485316673 33.024191689238059,-9.684768962246475 33.025356345577492,-9.685682740234029 33.026402367404437,-9.686137194152705 33.027855143061508,-9.686761986468016 33.029073014794506,-9.686870572761125 33.030233267266929,-9.687036950409159 33.03162809125476,-9.687662032077718 33.032673787480299,-9.688058975608461 33.033369328258928,-9.688055311587215 33.033949968375602,-9.688224729939268 33.034589936267011,-9.688623805884831 33.035634272799008,-9.68879077656125 33.036212867352098,-9.688615244937909 33.037315508307529,-9.688839396164278 33.038303935935339,-9.68935161049181 33.039696048344133,-9.689516730788265 33.040855972589888,-9.689625581285908 33.042253224479602,-9.690653055860192 33.043243035260019,-9.691395220465488 33.044346718011383,-9.691791820645385 33.044813502900979,-9.692306781139161 33.045455891936925,-9.693108273737659 33.046270113896576,-9.693563895790563 33.046852829654611,-9.694078238106469 33.047378957604039,-9.694822851332768 33.047554219580327,-9.695051891842059 33.047614243061048,-9.695396529394277 33.047732229692677,-9.695740859484635</coordinates></LineString>
  </Placemark>
  <Placemark>
	<Style><LineStyle><color>ff0000ff</color></LineStyle><PolyStyle><fill>0</fill></PolyStyle></Style>
	<ExtendedData><SchemaData schemaUrl="#Luangwa_river">
		<SimpleData name="OBJECTID">84</SimpleData>
		<SimpleData name="ID">0</SimpleData>
		<SimpleData name="RIVERCODE">0</SimpleData>
		<SimpleData name="Corridors">0</SimpleData>
		<SimpleData name="Shape_Leng">3091.47952198000</SimpleData>
	</SchemaData></ExtendedData>
      <LineString><coordinates>33.005548967591082,-9.718154472154129 33.006357477290415,-9.717632843957404 33.007342576912485,-9.71757023730742 33.009139548728385,-9.717560901460784 33.010300907935623,-9.717899818528048 33.011000556330096,-9.718586091268085 33.012856850298661,-9.718806398164157 33.01349381305819,-9.718688093691215 33.014483643246358,-9.719430340099853 33.015703656906204,-9.719883918228659 33.017269110344522,-9.719933240667768 33.017845399021887,-9.719355304354862 33.018248461854398,-9.718893257614196 33.019633913337444,-9.717908640477395 33.019979682084887,-9.717561876566391 33.021490209140403,-9.718128900544681 33.0235817685397,-9.718922844393855 33.025262812888514,-9.718914031504045 33.025894335517748,-9.717875850159347 33.02687671328227,-9.717353260372725 33.02786248866903,-9.717405576839733 33.028853026587193,-9.718262762943754 33.029202870123683,-9.718605880032003 33.029611021969096,-9.71900618253666 33.029902899025267,-9.719349604186974 33.030078161980036,-9.719578653303511</coordinates></LineString>
  </Placemark>
  <Placemark>
	<Style><LineStyle><color>ff0000ff</color></LineStyle><PolyStyle><fill>0</fill></PolyStyle></Style>
	<ExtendedData><SchemaData schemaUrl="#Luangwa_river">
		<SimpleData name="OBJECTID">85</SimpleData>
		<SimpleData name="ID">0</SimpleData>
		<SimpleData name="RIVERCODE">0</SimpleData>
		<SimpleData name="Corridors">0</SimpleData>
		<SimpleData name="Shape_Leng">5298.85066067000</SimpleData>
	</SchemaData></ExtendedData>
      <LineString><coordinates>33.013732893197577,-9.700174197148023 33.014781984532881,-9.701146104710611 33.016470379187083,-9.702402137010722 33.017461859407831,-9.703431829533223 33.018161830864258,-9.704175578490689 33.018977395982049,-9.704861229673385 33.0202556674463,-9.705371980596775 33.021301404398791,-9.705768958283684 33.022408839186568,-9.706798029344569 33.023456280506004,-9.707482455148293 33.024790835264163,-9.707705430952867 33.026189472407985,-9.708962933396542 33.026832868466045,-9.709936932599312 33.027767117242711,-9.711081880860125 33.027889509658699,-9.712173599199613 33.028068849019292,-9.713092540892312 33.028711237243876,-9.713894062995115 33.029471604280118,-9.715039920783644 33.029591961340572,-9.715786692601474 33.029830635382545,-9.716935291298899 33.029779136007569,-9.718027923628627 33.029667287129946,-9.718718423636421 33.029672732473045,-9.71963827819307 33.029850378667419,-9.720269763147275 33.031013130180206,-9.720838574090575 33.031947422562105,-9.721983510074777 33.032237601383443,-9.722039475234121 33.032817618209208,-9.722093912843778 33.033519026335092,-9.723067593643988 33.033989249477386,-9.724157475694964 33.035035743836325,-9.7246693928833 33.035731018479943,-9.724608232763476 33.037590095982303,-9.725288331823192 33.038806058945511,-9.72505193832837 33.039324009081838,-9.724416780991136 33.039958919965862,-9.723953482802482 33.041174191345846,-9.723602098800514 33.04192948550034,-9.723885564184249 33.042910484398647,-9.723132965290668 33.043604041461485,-9.7227843348587 33.044531866569876,-9.722836909978597 33.04551697493099,-9.722774194312159 33.045922405333293,-9.722714550652036 33.046967540017263,-9.72299646716445</coordinates></LineString>
  </Placemark>
  <Placemark>
	<Style><LineStyle><color>ff0000ff</color></LineStyle><PolyStyle><fill>0</fill></PolyStyle></Style>
	<ExtendedData><SchemaData schemaUrl="#Luangwa_river">
		<SimpleData name="OBJECTID">86</SimpleData>
		<SimpleData name="ID">0</SimpleData>
		<SimpleData name="RIVERCODE">0</SimpleData>
		<SimpleData name="Corridors">0</SimpleData>
		<SimpleData name="Shape_Leng">4224.24244216000</SimpleData>
	</SchemaData></ExtendedData>
      <LineString><coordinates>33.065109693654222,-9.722612216494365 33.064134285874289,-9.72428473211624 33.062979426399529,-9.725038323627347 33.062235874344104,-9.726709591585227 33.061431925221875,-9.727978732474565 33.060219769928608,-9.728847606393446 33.060231520746839,-9.730802293691331 33.060187376286571,-9.733102235326072 33.059441028251669,-9.73431357062155 33.058579771743815,-9.735697995812675 33.058011811315232,-9.737655778815011 33.057855852072294,-9.740646228347929 33.056766829100269,-9.742721775849935 33.055557023016078,-9.743993067688511 33.054870674384233,-9.745549027497194 33.054352376537224,-9.746126716684179 33.053256081304056,-9.746994947284369 33.051925138006453,-9.747404482395201 33.05059487981449,-9.747928994214576 33.04961382612607,-9.748681614331789 33.048635860004225,-9.749951648304167 33.04753919378377,-9.750762369535391 33.046030879369908,-9.750597898189138 33.045391809830619,-9.750371317567938 33.044810370346561,-9.750086937801807</coordinates></LineString>
  </Placemark>
  <Placemark>
	<Style><LineStyle><color>ff0000ff</color></LineStyle><PolyStyle><fill>0</fill></PolyStyle></Style>
	<ExtendedData><SchemaData schemaUrl="#Luangwa_river">
		<SimpleData name="OBJECTID">87</SimpleData>
		<SimpleData name="ID">0</SimpleData>
		<SimpleData name="RIVERCODE">0</SimpleData>
		<SimpleData name="Corridors">0</SimpleData>
		<SimpleData name="Shape_Leng">6516.83696815000</SimpleData>
	</SchemaData></ExtendedData>
      <LineString><coordinates>33.005939913049325,-9.745346455297499 33.00662312351897,-9.743215684730441 33.007196105572909,-9.742062858600292 33.007707745379335,-9.740335423582396 33.008511253142935,-9.738951427154154 33.009494729984773,-9.738601360936883 33.011355518573801,-9.739569056383237 33.01286781680448,-9.740423571846234 33.014082501276455,-9.739957302235135 33.015005639847907,-9.739205085617989 33.015809790367648,-9.737936054034828 33.016153217484259,-9.737186858007135 33.016612244866174,-9.736379565279334 33.017188562793649,-9.735801630583373 33.018756121917384,-9.736195891369187 33.020734557636551,-9.737450384036823 33.021961426871776,-9.739053756120713 33.023128301086103,-9.74031248264173 33.024405694469699,-9.740650744540448 33.025618664167325,-9.739896979750983 33.026185798164782,-9.737766777915915 33.026763462339233,-9.737418790328871 33.028096437291694,-9.737354297425322 33.028729005987707,-9.736488584971593 33.029535481180488,-9.7356219563681 33.030693176597296,-9.735328405097922 33.031679686158242,-9.735495691487509 33.032669606781909,-9.736237883393397 33.03314120955342,-9.737557729762891 33.033498920757275,-9.739223131556292 33.033912219842186,-9.740485790666115 33.034442145895497,-9.741862820723222 33.035146330602558,-9.74329642210245 33.035499962405964,-9.744271931176767 33.035852229632837,-9.745017476799113 33.036145502550369,-9.745590855511711 33.036440484371532,-9.74645168792838 33.036792072338848,-9.747082250521491 33.037781696438401,-9.747766935968167 33.039347281744305,-9.747816156795921 33.039812084816838,-9.747986177231736 33.041094658803438,-9.749186737178963 33.04185206572452,-9.749815147809979 33.042782364276491,-9.750270162147441 33.043248200365852,-9.750612650709932 33.043714036492688,-9.750955137720835 33.044180217577022,-9.751355115030849</coordinates></LineString>
  </Placemark>
  <Placemark>
	<Style><LineStyle><color>ff0000ff</color></LineStyle><PolyStyle><fill>0</fill></PolyStyle></Style>
	<ExtendedData><SchemaData schemaUrl="#Luangwa_river">
		<SimpleData name="OBJECTID">88</SimpleData>
		<SimpleData name="ID">0</SimpleData>
		<SimpleData name="RIVERCODE">0</SimpleData>
		<SimpleData name="Corridors">0</SimpleData>
		<SimpleData name="Shape_Leng">3869.35385632000</SimpleData>
	</SchemaData></ExtendedData>
      <LineString><coordinates>33.070771265831965,-9.757767293159402 33.06955624917542,-9.75817627319101 33.06764589180316,-9.758646476551624 33.065499819863618,-9.75848551443622 33.064167461984013,-9.758665133704747 33.062542464150148,-9.758386375422532 33.060801521478204,-9.758108229739298 33.059290748867042,-9.757541381975097 33.058014292981483,-9.757375723245646 33.05674335885071,-9.758129912341579 33.05552728920776,-9.758366370675315 33.054489620934078,-9.759349276877337 33.054147635386251,-9.760328472073162 33.053467449225984,-9.762919261098773 33.052782430118938,-9.76470517876545 33.051340628642826,-9.765977688787279 33.050591768393922,-9.766786568591929 33.04984324862837,-9.767652936705723 33.049557842349117,-9.768401856447774 33.049159232574198,-9.769611318453226 33.048816878096268,-9.770533017868532 33.04835822574028,-9.771397842184921 33.047783274834401,-9.772205791848569 33.047614842140256,-9.773126565531841 33.047506790106837,-9.774449466751179 33.047278662262329,-9.775083096040262 33.047221715626549,-9.775255876050533</coordinates></LineString>
  </Placemark>
  <Placemark>
	<Style><LineStyle><color>ff0000ff</color></LineStyle><PolyStyle><fill>0</fill></PolyStyle></Style>
	<ExtendedData><SchemaData schemaUrl="#Luangwa_river">
		<SimpleData name="OBJECTID">89</SimpleData>
		<SimpleData name="ID">0</SimpleData>
		<SimpleData name="RIVERCODE">0</SimpleData>
		<SimpleData name="Corridors">0</SimpleData>
		<SimpleData name="Shape_Leng">7840.60861047000</SimpleData>
	</SchemaData></ExtendedData>
      <LineString><coordinates>33.013107217528521,-9.751575885236978 33.013752683923414,-9.752894851553366 33.014521196462411,-9.755420517997976 33.015918303709135,-9.756390604658833 33.017545284344607,-9.757014530341468 33.019182429341313,-9.759363171619475 33.020182217507603,-9.761772630782749 33.021065392042608,-9.764067712521749 33.021599372103914,-9.766134649144586 33.022011641919669,-9.767224848824641 33.022600554715112,-9.768774062952238 33.023307121640563,-9.770610121991508 33.02354513448411,-9.771643740404789 33.023494964173729,-9.772966330148586 33.023560068409964,-9.774173332116007 33.023565159645166,-9.775035691996983 33.02328341971819,-9.776416987651604 33.02271077485797,-9.777627329384364 33.022077095240732,-9.77832055703723 33.021907233326452,-9.779011356177172 33.021969279986344,-9.77970094097614 33.022785376926713,-9.780444070494374 33.024291437468499,-9.780206209720131 33.025624922931456,-9.780199217080011 33.02649798660736,-9.780769561265874 33.02690825030696,-9.781514809662957 33.027317836240819,-9.782145076694404 33.027788462990991,-9.78329245416465 33.028719856270023,-9.783919978343079 33.029011449435011,-9.784205908417027 33.02924846880417,-9.785067049367976 33.029309851456226,-9.78564165173519 33.029665553540809,-9.786962108528723 33.03019008689779,-9.78741928951681 33.031179135144534,-9.78798901137691 33.03170571737563,-9.788791134126262 33.03246558281176,-9.789821997947906 33.032877235844907,-9.790797201995309 33.033635062247328,-9.791483118991577 33.034680742818232,-9.791822562038247 33.035147310948616,-9.792280041393768 33.035269416189045,-9.793314261763879 33.035452575487867,-9.794865591208295 33.036211783629923,-9.795781464574619 33.037199157909853,-9.796063715379876 33.037321612922426,-9.79715542464986 33.037210778775879,-9.798018396338005 33.037678726377024,-9.798705834287601 33.038321987417419,-9.799622315187566 33.038847920656039,-9.800309445512337 33.039891922804124,-9.800361419181103 33.040584272205678,-9.799782833562714 33.041625874662941,-9.799432368202876 33.04203482473109,-9.799947635081558 33.042736424221282,-9.800921291706798 33.043207472607925,-9.802126137033476 33.043905307377912,-9.802467394395897 33.044601084915136,-9.802463706589466 33.045298578422646,-9.802747470300846 33.045824187450023,-9.803377098840159 33.045997789709624,-9.803318684592247</coordinates></LineString>
  </Placemark>
  <Placemark>
	<Style><LineStyle><color>ff0000ff</color></LineStyle><PolyStyle><fill>0</fill></PolyStyle></Style>
	<ExtendedData><SchemaData schemaUrl="#Luangwa_river">
		<SimpleData name="OBJECTID">90</SimpleData>
		<SimpleData name="ID">0</SimpleData>
		<SimpleData name="RIVERCODE">0</SimpleData>
		<SimpleData name="Corridors">0</SimpleData>
		<SimpleData name="Shape_Leng">3242.44357032000</SimpleData>
	</SchemaData></ExtendedData>
      <LineString><coordinates>33.010978472274765,-9.774124035610951 33.011741276835252,-9.775672363256495 33.011813761527712,-9.778144162745788 33.011820508694903,-9.7792939762464 33.012292091324639,-9.780613848152235 33.012877944705259,-9.78164566171726 33.013520429150638,-9.782447209885126 33.013932016948353,-9.783422436546374 33.013877416386002,-9.783997646209096 33.013880794037142,-9.784572553196947 33.013883833751912,-9.785089969288334 33.014121151905073,-9.786008611696746 33.014355769839476,-9.786467327825093 33.01464937965126,-9.787098214512744 33.014711075699665,-9.787730309463317 33.014423546372733,-9.788134255757916 33.013962078177642,-9.788539108035479 33.013444319099413,-9.789231714771308 33.013563316786701,-9.78974852645147 33.013509389443264,-9.790438716655768 33.012992301184624,-9.791246304343432 33.012709154847094,-9.792397627504315 33.012945124707805,-9.793086307835258 33.013874829565509,-9.793426418997065 33.014514636344799,-9.793768038824579 33.014866232992134,-9.794398622274898 33.014929620615625,-9.795318171116014 33.014877384970156,-9.796295813687371 33.014768859006026,-9.797561213174127 33.014831232587206,-9.798308288464826 33.014950911971908,-9.798940081030295 33.015009906432532,-9.799112250671689 33.015014637959737,-9.799917119526771 33.015016666025552,-9.800262063568416 33.015135331913086,-9.800721384432913</coordinates></LineString>
  </Placemark>
  <Placemark>
	<name>Pondo</name>
	<Style><LineStyle><color>ff0000ff</color></LineStyle><PolyStyle><fill>0</fill></PolyStyle></Style>
	<ExtendedData><SchemaData schemaUrl="#Luangwa_river">
		<SimpleData name="Name">Pondo</SimpleData>
		<SimpleData name="OBJECTID">91</SimpleData>
		<SimpleData name="ID">0</SimpleData>
		<SimpleData name="RIVERCODE">0</SimpleData>
		<SimpleData name="Corridors">0</SimpleData>
		<SimpleData name="Shape_Leng">8417.23498836000</SimpleData>
	</SchemaData></ExtendedData>
      <LineString><coordinates>33.005365902384476,-9.795885331949268 33.005948734554181,-9.79639974070467 33.006649547194378,-9.797258490690981 33.007697239096892,-9.797942960867424 33.008743249885043,-9.798339974497489 33.00990522579216,-9.798736381865815 33.011300138911217,-9.799304050772838 33.012404140173402,-9.799700751767693 33.013334875608521,-9.800213335828312 33.013975031918662,-9.800612447342429 33.014962064621415,-9.800837271927739 33.0154259143807,-9.800834853413162 33.016008093088921,-9.801234263987151 33.016593655732386,-9.802208578998439 33.016946619208269,-9.80306912230369 33.017589493278905,-9.803928151583474 33.018287643615018,-9.804326952465106 33.018870171580197,-9.804783847929475 33.019395057171643,-9.805298536782898 33.020035569503946,-9.805755126610132 33.020211549188417,-9.806099161131156 33.020626236181712,-9.807591793553634 33.020689981388358,-9.808568830449763 33.0209866736664,-9.809717126028792 33.021802502549058,-9.810402765649922 33.022212452925459,-9.811090527569693 33.022850265839075,-9.811087188395996 33.023255128896793,-9.81091259100746 33.024237443371355,-9.81033252023896 33.025224850711616,-9.810614805542111 33.025575466293745,-9.811072904872111 33.025928462337944,-9.811933439213583 33.026278060827387,-9.812219066376372 33.026340122842718,-9.812908648981471 33.026231974278424,-9.81423154066465 33.025600272775272,-9.81526971718078 33.025026550327766,-9.816307587904834 33.024746141508771,-9.817918844461572 33.024517601222918,-9.818494965430507 33.024171393472614,-9.818784242254512 33.023884866261824,-9.819360667186512 33.023543070807591,-9.82039731941825 33.023319617439846,-9.821835798798105 33.022802843973395,-9.822700889811232 33.022573957567701,-9.823219519490126 33.022580064884963,-9.824254349075893 33.022297263289843,-9.825463168702465 33.02218400594149,-9.825923699992405 33.02230777999165,-9.8272453757493 33.022601441763889,-9.82787625302713 33.022783204356706,-9.829197624290817 33.022785240695534,-9.829542567670107 33.024526864868214,-9.82987839631874 33.025338671569614,-9.829874139781683 33.026384124086832,-9.830156117504767 33.026909401555855,-9.830728283624003 33.026973169769676,-9.831705317939461 33.027091182827952,-9.832049652303738 33.027617485650588,-9.832794289336432 33.028026794774831,-9.833367062723612 33.028496135481618,-9.834284473662153 33.028961733815585,-9.8345694890582 33.029078048592332,-9.834626370134275 33.029716246298662,-9.834680507701011 33.030413454820852,-9.834906810623833 33.031051994253133,-9.835018436350726 33.031633229104102,-9.835245347038558 33.031809577511829,-9.835646864634839 33.031005252759101,-9.836915927133845 33.030894730340414,-9.837836385488995 33.031248449799492,-9.838811893230393 33.031601831172487,-9.839729909873228 33.031258674941547,-9.840536607790234 33.031264468701032,-9.841513945419221 33.031445251021289,-9.842662839780466 33.031275375201027,-9.843353640103453 33.030989181170931,-9.843987560883317 33.030705370762924,-9.845023914137189 33.030591437556062,-9.84536946730203 33.031117427446496,-9.846056607568105 33.031815001005143,-9.846340398015162 33.03280149860008,-9.84645018836723 33.033212198997411,-9.847252916580947 33.033216975473138,-9.84805778276856 33.03322209335407,-9.848920139548907 33.033516476998059,-9.849665988585302</coordinates></LineString>
  </Placemark>
  <Placemark>
	<Style><LineStyle><color>ff0000ff</color></LineStyle><PolyStyle><fill>0</fill></PolyStyle></Style>
	<ExtendedData><SchemaData schemaUrl="#Luangwa_river">
		<SimpleData name="OBJECTID">92</SimpleData>
		<SimpleData name="ID">0</SimpleData>
		<SimpleData name="RIVERCODE">0</SimpleData>
		<SimpleData name="Corridors">0</SimpleData>
		<SimpleData name="Shape_Leng">3244.34223287000</SimpleData>
	</SchemaData></ExtendedData>
      <LineString><coordinates>33.005367377258075,-9.835785006381061 33.005833294557469,-9.836127543422476 33.006823118610235,-9.836812315917996 33.008101537617001,-9.837265617139673 33.009089011237855,-9.837547948930217 33.010655351687724,-9.837654790546381 33.012167417659107,-9.83839432224427 33.013156248721451,-9.838906604913762 33.014147785508463,-9.839878807479741 33.014563502074068,-9.84154391635227 33.014399674974584,-9.843269537826835 33.014114462080435,-9.844075915513443 33.013888587881553,-9.845111952949818 33.013719012312563,-9.845860235100407 33.01441995004695,-9.846718966357162 33.015178204258135,-9.847462412808046 33.015593258874162,-9.849012539231234 33.015833671917619,-9.850448590934592 33.016246027630629,-9.851538792002911 33.016599380306459,-9.852456823702857 33.016837432211091,-9.853490441723016 33.016960856921543,-9.854754625748219 33.016908280547177,-9.855674775453498 33.017088343876466,-9.856708695371184 33.017613985210318,-9.857338365600278 33.018021276726792,-9.857566207401868 33.018427553231255,-9.857621577744261</coordinates></LineString>
  </Placemark>
  <Placemark>
	<Style><LineStyle><color>ff0000ff</color></LineStyle><PolyStyle><fill>0</fill></PolyStyle></Style>
	<ExtendedData><SchemaData schemaUrl="#Luangwa_river">
		<SimpleData name="OBJECTID">93</SimpleData>
		<SimpleData name="ID">0</SimpleData>
		<SimpleData name="RIVERCODE">0</SimpleData>
		<SimpleData name="Corridors">0</SimpleData>
		<SimpleData name="Shape_Leng">2670.08124457000</SimpleData>
	</SchemaData></ExtendedData>
      <LineString><coordinates>33.079874629764056,-9.862986740045574 33.079417329303361,-9.864081562989878 33.078551286455181,-9.864718656331055 33.077747421151507,-9.866045317827879 33.078043664986829,-9.867078577223598 33.07839929957008,-9.86834148442304 33.078348287676597,-9.86949160313185 33.077713853248014,-9.870069951364821 33.076619654858675,-9.871340684831266 33.076798866877304,-9.872202099593984 33.076921830202551,-9.873351279139197 33.075708492798888,-9.874105223291114 33.074204831207062,-9.874803236201966 33.073282149737175,-9.875670588972064 33.072535883182951,-9.876939435071718 33.07201984861647,-9.877919579246141 33.071503115787543,-9.878784742588366 33.070461992123853,-9.879250280449833 33.069246186415917,-9.879601769039269 33.068550942224142,-9.879720489374099 33.067799439752292,-9.880126970725904 33.06750772897518,-9.879841076277284</coordinates></LineString>
  </Placemark>
  <Placemark>
	<Style><LineStyle><color>ff0000ff</color></LineStyle><PolyStyle><fill>0</fill></PolyStyle></Style>
	<ExtendedData><SchemaData schemaUrl="#Luangwa_river">
		<SimpleData name="OBJECTID">94</SimpleData>
		<SimpleData name="ID">0</SimpleData>
		<SimpleData name="RIVERCODE">0</SimpleData>
		<SimpleData name="Corridors">0</SimpleData>
		<SimpleData name="Shape_Leng">2940.54809020000</SimpleData>
	</SchemaData></ExtendedData>
      <LineString><coordinates>33.029864147316189,-9.849857686685741 33.029812628893033,-9.850950310473781 33.029238518613177,-9.85193069564013 33.028605392931233,-9.852738914012662 33.028841438637919,-9.853427580638634 33.028908280985078,-9.854922026996436 33.028158826779332,-9.855673362459209 33.027699664039012,-9.856480665383423 33.027705788180235,-9.857515492784224 33.027946939866716,-9.859066516217695 33.027721098739697,-9.86010256191013 33.027318220469489,-9.860622106977349 33.026513818346338,-9.861891157116201 33.026401914504888,-9.862581650311565 33.026584051775536,-9.863960507303776 33.026589152796227,-9.864822863416258 33.026362283828306,-9.865686436113576 33.025555827184476,-9.866610541949504 33.025212967761945,-9.867474722222873 33.024986773369847,-9.868453275025205 33.025052581589527,-9.86977525003296 33.024595090511831,-9.870869999158494 33.024307161714702,-9.871216461398857 33.024137936256921,-9.872022239069086 33.024026024101012,-9.872712731078959 33.023164944871205,-9.874212038161435 33.02316562330229,-9.874327018375684</coordinates></LineString>
  </Placemark>
  <Placemark>
	<Style><LineStyle><color>ff0000ff</color></LineStyle><PolyStyle><fill>0</fill></PolyStyle></Style>
	<ExtendedData><SchemaData schemaUrl="#Luangwa_river">
		<SimpleData name="OBJECTID">95</SimpleData>
		<SimpleData name="ID">0</SimpleData>
		<SimpleData name="RIVERCODE">0</SimpleData>
		<SimpleData name="Corridors">0</SimpleData>
		<SimpleData name="Shape_Leng">5606.04243908000</SimpleData>
	</SchemaData></ExtendedData>
      <LineString><coordinates>33.067622665930685,-9.889269166452513 33.065244459726429,-9.889224435335082 33.063155891106248,-9.889120644874003 33.062049109168697,-9.888321681827774 33.061404225630433,-9.887175290314788 33.060700659064452,-9.885914228203017 33.06051871361953,-9.884592882588143 33.059931147039975,-9.883331198091236 33.05783881524026,-9.882594980121379 33.056558773082827,-9.881911908335239 33.056318851384347,-9.880590869139091 33.055849023493153,-9.879616009533718 33.054916619507459,-9.87887358485772 33.052940317095207,-9.878136718354858 33.05091050455863,-9.878147522132469 33.049107511395164,-9.87729472665886 33.046901658400223,-9.876961489366739 33.04463781538513,-9.876628545576182 33.042897983563364,-9.876637763792941 33.041392528162874,-9.877048178034416 33.040236747643945,-9.877744197799645 33.039546632602374,-9.878725213395835 33.037873676833129,-9.880228847534269 33.036367173808493,-9.880466768672253 33.034806770249546,-9.881394872864981 33.033478340466722,-9.882321747500166 33.032146151380296,-9.882616223902865 33.030699331937271,-9.883141265556461 33.030005088725474,-9.883432377037872 33.028556219479015,-9.883612468182632 33.027856529033983,-9.882983729622707 33.027214155894917,-9.882239705370152 33.026862101412881,-9.881551647770815 33.02650936878576,-9.880748608707062</coordinates></LineString>
  </Placemark>
  <Placemark>
	<Style><LineStyle><color>ff0000ff</color></LineStyle><PolyStyle><fill>0</fill></PolyStyle></Style>
	<ExtendedData><SchemaData schemaUrl="#Luangwa_river">
		<SimpleData name="OBJECTID">96</SimpleData>
		<SimpleData name="ID">0</SimpleData>
		<SimpleData name="RIVERCODE">0</SimpleData>
		<SimpleData name="Corridors">0</SimpleData>
		<SimpleData name="Shape_Leng">3262.12474126000</SimpleData>
	</SchemaData></ExtendedData>
      <LineString><coordinates>33.028913613286903,-9.865615547503495 33.02914251881176,-9.865096914792419 33.029894375945553,-9.86474800978462 33.030878200590386,-9.864397883525198 33.031925130256028,-9.864909803712493 33.033380399386033,-9.865822015445474 33.034542980971949,-9.86627582660913 33.035877494387769,-9.866383773742207 33.037268974967979,-9.866318939018539 33.038893793962245,-9.866482833002003 33.040518272775486,-9.86658922949524 33.042029850927115,-9.867213645479012 33.04255795644184,-9.868245709210965 33.043318724003669,-9.869391523176391 33.044596975530673,-9.869787195257832 33.045815518859655,-9.869895717047161 33.047039218229983,-9.870866590628838 33.048205274312608,-9.871895257882779 33.049140394301105,-9.873097624887793 33.049785895497948,-9.874359021357853 33.050254665845827,-9.87516141922751 33.050897421264089,-9.87596289021506 33.051248485947127,-9.876478452141491 33.051541901881315,-9.877051812439083 33.051834974183016,-9.877567681955943 33.052127358905437,-9.877968570200483</coordinates></LineString>
  </Placemark>
  <Placemark>
	<Style><LineStyle><color>ff0000ff</color></LineStyle><PolyStyle><fill>0</fill></PolyStyle></Style>
	<ExtendedData><SchemaData schemaUrl="#Luangwa_river">
		<SimpleData name="OBJECTID">97</SimpleData>
		<SimpleData name="ID">0</SimpleData>
		<SimpleData name="RIVERCODE">0</SimpleData>
		<SimpleData name="Corridors">0</SimpleData>
		<SimpleData name="Shape_Leng">3371.09322868000</SimpleData>
	</SchemaData></ExtendedData>
      <LineString><coordinates>33.028648259817793,-9.88936119582204 33.029636927515782,-9.889815936849164 33.031318151184202,-9.889692110703029 33.032417018596291,-9.889168898288151 33.033456520088997,-9.88841602725835 33.035079055181221,-9.88817750739261 33.036646325964327,-9.888399208429895 33.038152865774869,-9.888161286023717 33.039366683279226,-9.887464967528828 33.040580837466486,-9.886826134231757 33.042320036903149,-9.886701946794872 33.044176257283986,-9.886749606961821 33.045156355151754,-9.885767044861595 33.04584818624231,-9.885073470621753 33.047062319064949,-9.884434613945334 33.048046871754579,-9.88419941788626 33.048679321449804,-9.88327618441196 33.049891722388601,-9.882349865982425 33.05145312071906,-9.881594163569853 33.052727293003905,-9.881299920226102 33.053770861499409,-9.881236868636622 33.054350813315381,-9.881233778138499 33.055570437701661,-9.881514736699726 33.056209075122084,-9.881626314098851 33.056557046595167,-9.881624456855645</coordinates></LineString>
  </Placemark>
  <Placemark>
	<Style><LineStyle><color>ff0000ff</color></LineStyle><PolyStyle><fill>0</fill></PolyStyle></Style>
	<ExtendedData><SchemaData schemaUrl="#Luangwa_river">
		<SimpleData name="OBJECTID">98</SimpleData>
		<SimpleData name="ID">0</SimpleData>
		<SimpleData name="RIVERCODE">0</SimpleData>
		<SimpleData name="Corridors">0</SimpleData>
		<SimpleData name="Shape_Leng">3816.22860652000</SimpleData>
	</SchemaData></ExtendedData>
      <LineString><coordinates>33.071208111677848,-9.897126311697285 33.069578607841251,-9.896215201459754 33.068184577804907,-9.895877739181021 33.067547644222373,-9.89605363591758 33.06586640359464,-9.896177643180145 33.064590799357852,-9.896241975540388 33.063317966250096,-9.896766224552009 33.061873212842137,-9.897636341419895 33.060600023789775,-9.898103090652279 33.0592636458803,-9.897707791168822 33.057983887917331,-9.897082215287954 33.056067883775697,-9.896747490367536 33.054846822818746,-9.896236574262117 33.053103097207106,-9.895613453664472 33.050840497624165,-9.895510512553235 33.048810922556058,-9.895578795538613 33.046723005071065,-9.895589883272095 33.045681793366271,-9.896055343608859 33.043942889419377,-9.896237039009275 33.042899271607332,-9.896300059393743 33.041622290314258,-9.896134343742796 33.040110238026465,-9.895452437985375 33.039236506913362,-9.894824643435184 33.038595796181632,-9.894368092117547 33.038304440213551,-9.894139663003587</coordinates></LineString>
  </Placemark>
  <Placemark>
	<name>Chirangu</name>
	<Style><LineStyle><color>ff0000ff</color></LineStyle><PolyStyle><fill>0</fill></PolyStyle></Style>
	<ExtendedData><SchemaData schemaUrl="#Luangwa_river">
		<SimpleData name="Name">Chirangu</SimpleData>
		<SimpleData name="OBJECTID">99</SimpleData>
		<SimpleData name="ID">0</SimpleData>
		<SimpleData name="RIVERCODE">0</SimpleData>
		<SimpleData name="Corridors">0</SimpleData>
		<SimpleData name="Shape_Leng">10281.95144050000</SimpleData>
	</SchemaData></ExtendedData>
      <LineString><coordinates>33.012602349520925,-9.882833520722583 33.012724756469552,-9.883925233375058 33.012903809429076,-9.884786682169311 33.01303331003912,-9.88708569210811 33.013331736363419,-9.888521440675735 33.014213174409214,-9.890471579394172 33.014682557171184,-9.891389007236283 33.015386975459414,-9.892822637271358 33.016149735863848,-9.89431345313667 33.016852812337525,-9.895517117851256 33.017385623940037,-9.897354083550066 33.017510083540486,-9.898790735476142 33.017632173922756,-9.899824954788011 33.017986259786191,-9.900857963240194 33.018514006453643,-9.901832572202913 33.018751421287739,-9.902751204811581 33.01864152027759,-9.903786635687817 33.018530941679202,-9.9047070855438 33.01859198948118,-9.905224195292096 33.01882906893681,-9.906085337198373 33.019358519922719,-9.907347395863219 33.01976960280858,-9.908207627878468 33.02029465365527,-9.908722310932426 33.021340011334296,-9.908946811963931 33.022039745402942,-9.909575563000765 33.022970124629829,-9.909973135696182 33.024075526758594,-9.910542265633175 33.024893308699447,-9.911515344322449 33.025418712905619,-9.912087509659884 33.026001440144675,-9.912544389439947 33.026986090789272,-9.912309255095694 33.027681078275897,-9.912133131017264 33.028091167056282,-9.912820881275875 33.028794668146269,-9.91408201080254 33.029780684884884,-9.914076829027465 33.030648654341235,-9.913727313061536 33.031289391783822,-9.914183878911931 33.032343302801479,-9.915845600271274 33.033042389523466,-9.916359347220965 33.033444985775574,-9.915782306457144 33.03361113850584,-9.914459115292056 33.033719289108895,-9.913136229152068 33.0340034884548,-9.912157366932444 33.035326912376142,-9.910368137965675 33.035907257546576,-9.910422569471329 33.037247078488456,-9.911392863734575 33.037658896575181,-9.912368053405819 33.038190141324108,-9.913917532772738 33.038778364948158,-9.915294233881923 33.039247508751686,-9.916154134476161 33.040060212766278,-9.916264822603262 33.041163608992463,-9.916488954487091 33.041807451294389,-9.917462911748027 33.043319952177242,-9.918202299818496 33.044361579443233,-9.917794336568194 33.044996163632852,-9.917216051998802 33.045923157610659,-9.917038659695058 33.046968558809994,-9.917263080669066 33.047544791995961,-9.916627609307049 33.048586409926727,-9.91621963295089 33.049401181130385,-9.91667523886519 33.050217675900797,-9.917418294610991 33.050916105415141,-9.917817023423798 33.051669781585652,-9.917755521379025 33.052660289293527,-9.918497644314122 33.053653905078278,-9.91975717653567 33.054413795707084,-9.920730490980953 33.055520322997417,-9.921471986764386 33.05587075270104,-9.921872561486232 33.056803279770186,-9.922614981828293 33.057620843146246,-9.923530489217642 33.058319985345562,-9.924044183009899 33.059075057375296,-9.924212624682978 33.059657160254815,-9.924554464749862 33.06006733200104,-9.925242175962536 33.060654628332237,-9.926446366291806 33.060717130555794,-9.92719342777003 33.060953643177996,-9.927939558572227 33.061307203089463,-9.92885753832315 33.061542333388374,-9.929373708316275 33.062183143832627,-9.929830213486046 33.062937885279389,-9.929941156916744 33.063403647954814,-9.930226121402948 33.063871837596487,-9.930913516376718 33.063874264680884,-9.931315947511404 33.063936428322975,-9.932005517832446 33.06393816176125,-9.932292968365987 33.063999632881163,-9.932867558063013</coordinates></LineString>
  </Placemark>
  <Placemark>
	<Style><LineStyle><color>ff0000ff</color></LineStyle><PolyStyle><fill>0</fill></PolyStyle></Style>
	<ExtendedData><SchemaData schemaUrl="#Luangwa_river">
		<SimpleData name="OBJECTID">100</SimpleData>
		<SimpleData name="ID">0</SimpleData>
		<SimpleData name="RIVERCODE">0</SimpleData>
		<SimpleData name="Corridors">0</SimpleData>
		<SimpleData name="Shape_Leng">1917.62809338000</SimpleData>
	</SchemaData></ExtendedData>
      <LineString><coordinates>33.007600453275948,-9.900222130862101 33.00800913807165,-9.900679945177741 33.008883836338121,-9.901480291308898 33.009642204520915,-9.902223747649463 33.010520284129655,-9.903598992397074 33.010931001747657,-9.904401744989714 33.011924416092825,-9.905661401489368 33.012684826254663,-9.906749792630333 33.013441186935033,-9.907148298288865 33.014139212346912,-9.907489614504195 33.014429549776203,-9.907545593931145 33.015186929372859,-9.908116566093371 33.01594363466058,-9.908572556527471 33.016933357487225,-9.909199805648328 33.017978715325306,-9.909424316232402 33.018965395465592,-9.909534147137498 33.019661058742152,-9.909473019615056 33.020298721581739,-9.909412194444595 33.020414383604169,-9.909354097311416 33.021051706718751,-9.909235780269238</coordinates></LineString>
  </Placemark>
  <Placemark>
	<name>Mpangala</name>
	<Style><LineStyle><color>ff0000ff</color></LineStyle><PolyStyle><fill>0</fill></PolyStyle></Style>
	<ExtendedData><SchemaData schemaUrl="#Luangwa_river">
		<SimpleData name="Name">Mpangala</SimpleData>
		<SimpleData name="OBJECTID">101</SimpleData>
		<SimpleData name="ID">0</SimpleData>
		<SimpleData name="RIVERCODE">0</SimpleData>
		<SimpleData name="Corridors">0</SimpleData>
		<SimpleData name="Shape_Leng">10485.27563280000</SimpleData>
	</SchemaData></ExtendedData>
      <LineString><coordinates>33.005722929581339,-9.926275748969031 33.006013617967866,-9.926389225096052 33.00671235019442,-9.926845537131715 33.007181763944224,-9.927762972518492 33.00805518450742,-9.928333358786965 33.008577553368717,-9.928388138214263 33.009157251328503,-9.928327635088882 33.009797651001648,-9.928726751201902 33.01050212705433,-9.930160387296436 33.011548896073997,-9.930614879072193 33.012246969225615,-9.930956198683225 33.01294403082607,-9.931125045702155 33.013352423311524,-9.931525363144347 33.013532179117767,-9.932501789852122 33.013710585393916,-9.933248255836929 33.014700378114533,-9.933875510511694 33.015629126764097,-9.933985652867559 33.016615879641542,-9.93409548949403 33.016964922801243,-9.934266144160056 33.01749034961351,-9.934838321088961 33.017960143627853,-9.935813232146508 33.018660944395279,-9.936614459268547 33.019416703537019,-9.93689796992069 33.020056453853186,-9.937182086390317 33.020815267836127,-9.937983005163588 33.021227749669876,-9.939073194177766 33.02163751916256,-9.939703461736308 33.022682976035782,-9.939927957954803 33.023146681523599,-9.939868038135849 33.024074090163687,-9.939748195667729 33.024365476696119,-9.939976637322156 33.025064602329088,-9.940490400054767 33.025818675620897,-9.940486445429762 33.026574109425596,-9.940712450408919 33.027333628383552,-9.941628334829565 33.027977479276004,-9.942602317156021 33.028619972001351,-9.943346337830608 33.029261105199069,-9.943860395991083 33.029670216043954,-9.944375673771324 33.029904285184969,-9.944719394743352 33.030603770604593,-9.945290636015031 33.031185199156319,-9.945517545386236 33.031650615396302,-9.945745063487575 33.032116714956267,-9.946087562437699 33.032698145953709,-9.94631446916193 33.03316185766387,-9.946254535473249 33.033624545307411,-9.946022130255251 33.034376581626802,-9.945673216348823 33.034607925146574,-9.945557013431118 33.035363034674241,-9.945725508159436 33.036408862021624,-9.946007450737687 33.037337309770678,-9.946060042405962 33.037627685083933,-9.946116001517209 33.037623921594204,-9.945483610133557 33.037386764447341,-9.944622483769198 33.037499698475806,-9.944104460282082 33.037904373799059,-9.943872355913518 33.038948485662608,-9.94386684093362 33.039406713750523,-9.942887056574243 33.039694004512171,-9.94242560304113 33.040156339396106,-9.942135698477509 33.041314400766311,-9.941784621659799 33.041717014306393,-9.94120757178189 33.042408624327251,-9.940456516106197 33.042639274992936,-9.940225327024352 33.04339334733033,-9.940221333727971 33.043917456828275,-9.94056350854078 33.044618330752584,-9.941364680888963 33.044970141937078,-9.941995226752866 33.045380648671475,-9.942740445557183 33.046021462987127,-9.943196981258613 33.047180896692232,-9.943075844414244 33.047582469377943,-9.942326317615093 33.047750297660045,-9.941290572265633 33.047917436721853,-9.940139846189371 33.048377697007879,-9.939504990329571 33.049302343284459,-9.938925157486393 33.050858154474206,-9.937192126749842 33.051493797603136,-9.936786301326682 33.052537886568423,-9.936780744070834 33.053527419346295,-9.937350392416061 33.054399220089607,-9.937633206693322 33.055094935793285,-9.93757200558251 33.055728848974802,-9.936878721618038 33.056246058757999,-9.936071075922834 33.056764301972187,-9.935435898468949 33.057983437157226,-9.935601865660134 33.058970900555757,-9.935826558028051 33.059664536573763,-9.935420406637981 33.060297051007545,-9.934497153771988 33.060753472742874,-9.9332298894803 33.06121369859698,-9.932595015904212 33.062428322240422,-9.93201359592582 33.063126450674645,-9.932354808414186 33.064352165796684,-9.933613064304577 33.065285786545445,-9.934527930144514 33.06691060689279,-9.934634196857605 33.06766153992465,-9.934112738349285 33.068181495110288,-9.933764993777672 33.06893589976616,-9.933818432426522 33.069865708560826,-9.934100895173026 33.070907353540136,-9.933692849750585 33.071310251529418,-9.933173254631132 33.07177080601155,-9.932595856955222 33.072347017756719,-9.93196034368477 33.072750608176207,-9.931555726447426 33.073735282406702,-9.931320455027452 33.074549777628413,-9.931718509631317 33.074784233157303,-9.932119689566257 33.075017992562437,-9.932405888799483 33.075369155277151,-9.93292142226591 33.075602566853412,-9.933150131715856 33.075720319094621,-9.933436956244709</coordinates></LineString>
  </Placemark>
  <Placemark>
	<Style><LineStyle><color>ff0000ff</color></LineStyle><PolyStyle><fill>0</fill></PolyStyle></Style>
	<ExtendedData><SchemaData schemaUrl="#Luangwa_river">
		<SimpleData name="OBJECTID">102</SimpleData>
		<SimpleData name="ID">0</SimpleData>
		<SimpleData name="RIVERCODE">0</SimpleData>
		<SimpleData name="Corridors">0</SimpleData>
		<SimpleData name="Shape_Leng">2326.89794509000</SimpleData>
	</SchemaData></ExtendedData>
      <LineString><coordinates>33.044210574101314,-9.94107938253693 33.043864599206103,-9.941426167249729 33.043519995054318,-9.94200291277571 33.043816544948534,-9.943093688162984 33.043936332656315,-9.943725463750226 33.043477430281882,-9.944590274547071 33.043076188735185,-9.945397286655357 33.042906628477517,-9.946145578986755 33.042503668780277,-9.946665139861475 33.041464004975417,-9.947418037789523 33.041295810899619,-9.948396290334076 33.041242259350639,-9.949143967711599 33.041016057352174,-9.950122526543245 33.039979118259652,-9.951335340988422 33.039229129642422,-9.95202920718461 33.039117222475191,-9.952719701800502 33.03906435043735,-9.953582359178858 33.038893750196053,-9.954158179289369 33.03797212321949,-9.955255393611449 33.037105420284625,-9.955834888138769 33.036300825034964,-9.957103955080658 33.035901943915782,-9.958313388947659 33.035730309726048,-9.958716737469183 33.035790369664809,-9.959061371564872</coordinates></LineString>
  </Placemark>
  <Placemark>
	<Style><LineStyle><color>ff0000ff</color></LineStyle><PolyStyle><fill>0</fill></PolyStyle></Style>
	<ExtendedData><SchemaData schemaUrl="#Luangwa_river">
		<SimpleData name="OBJECTID">103</SimpleData>
		<SimpleData name="ID">0</SimpleData>
		<SimpleData name="RIVERCODE">0</SimpleData>
		<SimpleData name="Corridors">0</SimpleData>
		<SimpleData name="Shape_Leng">3696.86371155000</SimpleData>
	</SchemaData></ExtendedData>
      <LineString><coordinates>33.08140793963004,-9.943467317857232 33.079962681097186,-9.944280021991174 33.079097828448916,-9.945147075234793 33.079102719398293,-9.945951935417458 33.078527194484309,-9.946702439366565 33.077311149612783,-9.947053958388766 33.075865516141477,-9.947809153743444 33.074831154230409,-9.949424505218994 33.07414099375243,-9.950405587075979 33.072407390484877,-9.951507271556334 33.071017297575821,-9.951859704439974 33.069453179676508,-9.952213066776325 33.067827924147096,-9.952049322884967 33.066201975566528,-9.95177059155918 33.064055001970303,-9.951667119550649 33.062024045608794,-9.95156301350514 33.060344941930758,-9.952089425132934 33.059245218759706,-9.952497747347554 33.057973888798251,-9.953309425884243 33.056937693921796,-9.954637271963566 33.056247813619272,-9.955675807220883 33.055845554491462,-9.956310364265118 33.055329347513037,-9.957290479191782 33.055101110642113,-9.957924106509866 33.055046208485948,-9.958441826479472</coordinates></LineString>
  </Placemark>
  <Placemark>
	<Style><LineStyle><color>ff0000ff</color></LineStyle><PolyStyle><fill>0</fill></PolyStyle></Style>
	<ExtendedData><SchemaData schemaUrl="#Luangwa_river">
		<SimpleData name="OBJECTID">104</SimpleData>
		<SimpleData name="ID">0</SimpleData>
		<SimpleData name="RIVERCODE">0</SimpleData>
		<SimpleData name="Corridors">0</SimpleData>
		<SimpleData name="Shape_Leng">5730.42631158000</SimpleData>
	</SchemaData></ExtendedData>
      <LineString><coordinates>33.056635245060392,-9.962227812629328 33.057391786239812,-9.962626217103406 33.058034730541699,-9.963427669209713 33.058445984875441,-9.964287850200522 33.058683902702775,-9.965263940648239 33.059271267226485,-9.966468131021134 33.059393860746923,-9.967559820484603 33.059575849484823,-9.968881159880223 33.060628002083185,-9.970197845209963 33.061500934791944,-9.970653109464914 33.062201570223962,-9.971396753691467 33.062262352726513,-9.971856362926218 33.06261561753972,-9.972716848409188 33.062966110814763,-9.973117414097443 33.063491679805075,-9.973689516839391 33.063958892129939,-9.974204439984158 33.064427147067804,-9.974891831960845 33.064144371271631,-9.976100675775966 33.063804275232691,-9.977424810013014 33.06381259740288,-9.978804568571741 33.063879972243171,-9.98035648508726 33.064465995785213,-9.981330705385123 33.06626890530508,-9.98206842923376 33.06824308194706,-9.98234528962888 33.069752461834014,-9.982509654135601 33.071612358604284,-9.983074567119418 33.072948748896714,-9.983412322850613 33.074287931381789,-9.984209992972282 33.07475482769901,-9.984667410372127 33.074930959411724,-9.985011410945164 33.074821906842409,-9.986161834597038 33.074771565140971,-9.987426924993548 33.075476102139909,-9.988802928168036 33.075713391646723,-9.989664024455186 33.07548970671084,-9.991045033319102 33.075494590359426,-9.991849891387952 33.075967779719015,-9.993342124075848 33.076260645665535,-9.993800477678198 33.076265531301537,-9.994605335587353 33.076386098288047,-9.995352078075257 33.075989761621898,-9.996963984952886 33.075645506368417,-9.997598250841485 33.075477389475573,-9.998576517208678 33.075371125049472,-10.00018685851818 33.076013490018745,-10.000873294238341 33.07636368074359,-10.0012163548224 33.077180448375245,-10.001959338322731 33.077239162594239,-10.002074004615293</coordinates></LineString>
  </Placemark>
  <Placemark>
	<Style><LineStyle><color>ff0000ff</color></LineStyle><PolyStyle><fill>0</fill></PolyStyle></Style>
	<ExtendedData><SchemaData schemaUrl="#Luangwa_river">
		<SimpleData name="OBJECTID">105</SimpleData>
		<SimpleData name="ID">0</SimpleData>
		<SimpleData name="RIVERCODE">0</SimpleData>
		<SimpleData name="Corridors">0</SimpleData>
		<SimpleData name="Shape_Leng">4637.09233595000</SimpleData>
	</SchemaData></ExtendedData>
      <LineString><coordinates>33.047253532104506,-9.96492237363635 33.047321169446562,-9.966531786338253 33.047563871181282,-9.968312744772337 33.047459885057812,-9.970325511303349 33.047349709379155,-9.971303456984167 33.046781286839121,-9.973261196009817 33.046792974021493,-9.975215855647637 33.04715582920489,-9.977686076739007 33.04791996263247,-9.979349282054244 33.049203808837035,-9.980607280659342 33.050601969339972,-9.981577207130458 33.05159025489818,-9.981916900251152 33.05223081049639,-9.982315933325737 33.05223425793352,-9.982890832879312 33.051777735335428,-9.984158082304075 33.051319142424958,-9.98508039115624 33.05039678153075,-9.986062657672788 33.050405047677785,-9.987442416158082 33.051109483571466,-9.988818471460466 33.051810823430166,-9.989677115934979 33.052105376061881,-9.990422940746697 33.052108478516907,-9.990940349913258 33.051881246073883,-9.991746444212996 33.05130523417094,-9.992439409968345 33.050961625072389,-9.993188630986785 33.050737488619987,-9.994512133494963 33.051154275840311,-9.996292160525318 33.051743392439491,-9.997783810367295 33.052272083692323,-9.998873338752395 33.052685437255931,-10.00007846439582 33.053445166969162,-10.000994285304014 33.053912402781016,-10.001509221549068 33.054320243181429,-10.001794506608029 33.054378949381785,-10.001909176985269</coordinates></LineString>
  </Placemark>
  <Placemark>
	<Style><LineStyle><color>ff0000ff</color></LineStyle><PolyStyle><fill>0</fill></PolyStyle></Style>
	<ExtendedData><SchemaData schemaUrl="#Luangwa_river">
		<SimpleData name="OBJECTID">106</SimpleData>
		<SimpleData name="ID">0</SimpleData>
		<SimpleData name="RIVERCODE">0</SimpleData>
		<SimpleData name="Corridors">0</SimpleData>
		<SimpleData name="Shape_Leng">3577.17028426000</SimpleData>
	</SchemaData></ExtendedData>
      <LineString><coordinates>33.011757515496711,-9.966143779295836 33.012227000419173,-9.967061205369278 33.013278281565505,-9.968263061122615 33.013686045266923,-9.968548396708801 33.014098880224651,-9.969696082726191 33.014625372812091,-9.970440733573344 33.015847662090927,-9.97112426395783 33.016662525349211,-9.971579947771687 33.017135416595146,-9.973072267079548 33.017371525036673,-9.973760936658101 33.01760661977405,-9.974277136280636 33.018016087454157,-9.974849916651325 33.018078164434051,-9.975539494034882 33.017908531827558,-9.97628777253626 33.018034040009908,-9.977896888017211 33.018156161823491,-9.978931102162571 33.017641838955477,-9.980256098317913 33.017469832976765,-9.980601946807346 33.017531571081449,-9.981234033856003 33.017998383359661,-9.981691531171412 33.018409555968113,-9.982551760842975 33.018066896777825,-9.983473418276194 33.018248729063252,-9.984794779528878 33.018950651636452,-9.985768474030001 33.019823568443435,-9.986223846969793 33.020116350532888,-9.986682250500783 33.020295817571224,-9.987601180974574 33.020879349755603,-9.98817304674799 33.021809611514264,-9.988513131053241 33.022280174811449,-9.989603012127946 33.021937858806119,-9.990582163299047 33.021938876763194,-9.990754632870109 33.022004019974702,-9.991961619327693 33.022586204876824,-9.992303522235138 33.023400109631197,-9.992586719338377 33.023573815173158,-9.992528317886071</coordinates></LineString>
  </Placemark>
  <Placemark>
	<Style><LineStyle><color>ff0000ff</color></LineStyle><PolyStyle><fill>0</fill></PolyStyle></Style>
	<ExtendedData><SchemaData schemaUrl="#Luangwa_river">
		<SimpleData name="OBJECTID">107</SimpleData>
		<SimpleData name="ID">0</SimpleData>
		<SimpleData name="RIVERCODE">0</SimpleData>
		<SimpleData name="Corridors">0</SimpleData>
		<SimpleData name="Shape_Leng">4459.35629003000</SimpleData>
	</SchemaData></ExtendedData>
      <LineString><coordinates>33.035459151208499,-9.971653831048938 33.035813029691191,-9.972629325642481 33.035882321983188,-9.974526190199232 33.036119154980703,-9.975329825825547 33.035487860435687,-9.976482991209469 33.034913207950773,-9.977405890057758 33.034570601464587,-9.978327564596546 33.034118114935154,-9.980284670773409 33.033134631465984,-9.980749785528106 33.031982223660037,-9.982078163055203 33.031293229694128,-9.98328911613114 33.030540762912153,-9.98358053241752 33.030080065559865,-9.984157873123378 33.029387653712618,-9.984793921384704 33.028813650252907,-9.985831789689783 33.028819100700069,-9.986751628691371 33.028357714373527,-9.987213986607042 33.027606256884674,-9.987677866715261 33.026219024330722,-9.988547522903087 33.025175450377027,-9.988667978840701 33.024427043728537,-9.989649260475078 33.024254020835187,-9.989822642695073 33.024198384785244,-9.99022537648692 33.023624355384143,-9.991263234677049 33.023397052518497,-9.992069309791225 33.023576872571205,-9.99304572741657 33.024508849537689,-9.993673253874198 33.025208770390456,-9.994301994648037 33.025503606963852,-9.995105333118064 33.025565023096611,-9.995679928854809 33.024816941777068,-9.99671870111793 33.024182168844547,-9.997296945244994 33.023839511483928,-9.998218607790834 33.024482104092094,-9.998962633677651 33.024891615640094,-9.999535404659063 33.025129459644347,-10.000511516361671 33.026350181935975,-10.000907557046736 33.027163432056113,-10.001075765419031 33.027746659631248,-10.00159012940342 33.02827153175901,-10.002047306544135 33.028447965886926,-10.002448822540167</coordinates></LineString>
  </Placemark>
  <Placemark>
	<name>Mpande</name>
	<Style><LineStyle><color>ff0000ff</color></LineStyle><PolyStyle><fill>0</fill></PolyStyle></Style>
	<ExtendedData><SchemaData schemaUrl="#Luangwa_river">
		<SimpleData name="Name">Mpande</SimpleData>
		<SimpleData name="OBJECTID">108</SimpleData>
		<SimpleData name="ID">0</SimpleData>
		<SimpleData name="RIVERCODE">0</SimpleData>
		<SimpleData name="Corridors">0</SimpleData>
		<SimpleData name="Shape_Leng">15019.29001220000</SimpleData>
	</SchemaData></ExtendedData>
      <LineString><coordinates>33.254842968119235,-9.861814221119078 33.255407082879735,-9.860784879051208 33.256330378945535,-9.86008950423351 33.257890807243733,-9.859275362852923 33.259673678894579,-9.857022598249563 33.260070098070955,-9.855582947054165 33.261108206950695,-9.854714402076715 33.261040702085786,-9.853277505893656 33.260279608882222,-9.852189682445282 33.261493958770167,-9.851665040266875 33.262355037250948,-9.850337607822279 33.261941880633593,-9.849247718503468 33.260947697265095,-9.847988805759021 33.26151806708409,-9.846548119085393 33.261047689787951,-9.845573552132457 33.261272791552415,-9.844537360302283 33.261438000939556,-9.84321406518 33.261258328431779,-9.842352753918338 33.263048707168984,-9.841249764309008 33.263154397478097,-9.839696854365712 33.263319977670093,-9.838431047133527 33.264762789549465,-9.837387608427141 33.266442878923343,-9.837147635742507 33.269169398028602,-9.837303858387289 33.272409767520507,-9.836249659918364 33.274320259239424,-9.835778304865237 33.27721459485177,-9.835013589089789 33.278488374495275,-9.834718498964694 33.280634631425514,-9.834820614083721 33.282722902176829,-9.834923063391955 33.284229390001109,-9.834741538020701 33.28549816024114,-9.833699057985744 33.2865937344584,-9.832772598311101 33.287864799852969,-9.832075047107566 33.289776014719521,-9.831718584446547 33.291693782438799,-9.832339433181339 33.293550097130989,-9.832443216104757 33.294531991026858,-9.831862368820859 33.295631011503403,-9.831453285929507 33.296732736264239,-9.831446626285665 33.297661278401982,-9.831555994461018 33.299289517759057,-9.832236043001943 33.300856679040535,-9.832456519161529 33.302423067399872,-9.8325620087489 33.303412702073736,-9.833130924914547 33.304977152605844,-9.832948956322882 33.305960579938358,-9.83259803394907 33.306945170998766,-9.832419576656772 33.308279228893468,-9.832468960031516 33.309676716408127,-9.833322835250357 33.31043675626703,-9.83423807844572 33.311139202724291,-9.83521116112494 33.311899640485883,-9.83618388932169 33.313757926905843,-9.836575006397935 33.315557061516046,-9.836793999834463 33.317938013530494,-9.837296887394061 33.31921410487233,-9.837346579950596 33.320726831792868,-9.838084721445462 33.321017937640974,-9.83825541521832 33.321834050070123,-9.838882829392926 33.322299898920399,-9.839167436320148 33.322650166464967,-9.839510241475441 33.323058420625777,-9.839852691465678 33.323992081086949,-9.840709346560081 33.324690274025578,-9.841050017806149 33.325331264115597,-9.841506020723125 33.326262975768977,-9.842075223751381 33.326842063207522,-9.84195668737317 33.327595504739151,-9.841894571880999 33.328578932256342,-9.84154358384273 33.329330017074568,-9.841136528918408 33.330371035479409,-9.840727690505789 33.331297647300659,-9.840549518997927 33.332458170828815,-9.840657363772433 33.333448664200802,-9.841341168180209 33.334729098041116,-9.842023182975574 33.335837541995609,-9.842993711464024 33.336303408067792,-9.843278297542687 33.336831199146111,-9.844137417557768 33.337185030180628,-9.84499761015763 33.337478512301729,-9.845513224397966 33.337598425105305,-9.846087400552319 33.337604332683263,-9.846949737981383 33.337320299884745,-9.847813863646367 33.33732699490136,-9.848791178784049 33.337796808484306,-9.849650654810544 33.338501338235986,-9.850911121823485 33.339319484994633,-9.85182593687032 33.33973289700274,-9.852915723690243 33.340324222947494,-9.854579326681215 33.340275698205218,-9.855959423033058 33.339993242648688,-9.857053506762496 33.33994116776551,-9.857916202059535 33.339838593596753,-9.859871546937113 33.339956545674518,-9.860158275962265 33.34059956579658,-9.860901693847415 33.340891884840879,-9.861244837081216 33.341822888506719,-9.861699014379056 33.342872640190258,-9.862554896269614 33.34404272481779,-9.864042435658623 33.344398177657965,-9.8651325743578 33.344514159803026,-9.865131856259886 33.344692874880415,-9.865820647507377 33.345047936486168,-9.866853296048392 33.345225468155164,-9.867369620126613 33.345401023699097,-9.867598498908205</coordinates></LineString>
  </Placemark>
  <Placemark>
	<Style><LineStyle><color>ff0000ff</color></LineStyle><PolyStyle><fill>0</fill></PolyStyle></Style>
	<ExtendedData><SchemaData schemaUrl="#Luangwa_river">
		<SimpleData name="OBJECTID">109</SimpleData>
		<SimpleData name="ID">0</SimpleData>
		<SimpleData name="RIVERCODE">0</SimpleData>
		<SimpleData name="Corridors">0</SimpleData>
		<SimpleData name="Shape_Leng">1743.68109062000</SimpleData>
	</SchemaData></ExtendedData>
      <LineString><coordinates>33.326394457098736,-9.842054377594575 33.327307920510968,-9.842241287071742 33.328006119889913,-9.842581950320572 33.328648686228973,-9.843267904329851 33.329869561159072,-9.843720337471154 33.330567765233361,-9.8440609961173 33.331268721086694,-9.84480407720875 33.332027273858117,-9.845489310983624 33.332445761637643,-9.847326467381901 33.332918313190277,-9.848588375433799 33.333446890325142,-9.849562478293764 33.333918268857289,-9.850651916486646 33.334270919521344,-9.85133964377763 33.334623572593237,-9.852027370623057 33.334917843679811,-9.852657965479853 33.335094171432587,-9.853001828095831 33.335272073314705,-9.853575647940456 33.335332029913474,-9.853862735843308</coordinates></LineString>
  </Placemark>
  <Placemark>
	<name>Songolo</name>
	<Style><LineStyle><color>ff0000ff</color></LineStyle><PolyStyle><fill>0</fill></PolyStyle></Style>
	<ExtendedData><SchemaData schemaUrl="#Luangwa_river">
		<SimpleData name="Name">Songolo</SimpleData>
		<SimpleData name="OBJECTID">110</SimpleData>
		<SimpleData name="ID">0</SimpleData>
		<SimpleData name="RIVERCODE">0</SimpleData>
		<SimpleData name="Corridors">0</SimpleData>
		<SimpleData name="Shape_Leng">6007.46705781000</SimpleData>
	</SchemaData></ExtendedData>
      <LineString><coordinates>33.337660745405458,-9.846719423297628 33.337953442601318,-9.847120059224228 33.338304521787258,-9.847577824958574 33.338888342964914,-9.848149137955556 33.339762107348996,-9.848718659702799 33.340168418577591,-9.848773642206236 33.340924237879925,-9.849056430659646 33.342148701205474,-9.850026219920732 33.342968434457383,-9.851170982169654 33.343963720594758,-9.852544622197881 33.344433557586989,-9.853404087136997 33.345312087306297,-9.854663462903734 33.345782721914283,-9.855637904144679 33.346368941980813,-9.856554136699005 33.347185542993572,-9.857238975119612 33.34811773009654,-9.857865602942155 33.349455454571569,-9.85843222044384 33.350503630020881,-9.859058122508872 33.351671752277774,-9.860258189922263 33.352140827183426,-9.861002665201115 33.352377546757971,-9.861691092175766 33.352390631333435,-9.863588228864131 33.352399751090857,-9.864910475407193 33.352584034090526,-9.866404107583032 33.352999889040809,-9.867838809153101 33.353469772040626,-9.868698260078705 33.35370848345228,-9.869674129454035 33.35360003846926,-9.870767140950216 33.353663982424429,-9.871629115181383 33.355062542968113,-9.87259776960302 33.355704429906858,-9.873168689680233 33.356522283091564,-9.874025969166537 33.356536586004943,-9.876095569865438 33.356080190449703,-9.877190747600848 33.356029745030519,-9.878283398520569 33.35638247301695,-9.878971098993397 33.356222000068179,-9.88092680493361 33.355823194794766,-9.881964132456861 33.355657554019224,-9.883172482541294 33.355607901824044,-9.884380110351103 33.355617037935254,-9.885702354698298 33.355741369041297,-9.886908899469878 33.355750506115385,-9.888231143592583 33.355874044900524,-9.889322709953099 33.356168392254169,-9.889953282346445 33.3565827061405,-9.891158020591949 33.356820253059759,-9.891961419324039 33.357112616034506,-9.892304546326891 33.35711301376886,-9.892362034467245</coordinates></LineString>
  </Placemark>
  <Placemark>
	<name>Kasoa</name>
	<Style><LineStyle><color>ff0000ff</color></LineStyle><PolyStyle><fill>0</fill></PolyStyle></Style>
	<ExtendedData><SchemaData schemaUrl="#Luangwa_river">
		<SimpleData name="Name">Kasoa</SimpleData>
		<SimpleData name="OBJECTID">111</SimpleData>
		<SimpleData name="ID">0</SimpleData>
		<SimpleData name="RIVERCODE">0</SimpleData>
		<SimpleData name="Corridors">0</SimpleData>
		<SimpleData name="Shape_Leng">13005.56389910000</SimpleData>
	</SchemaData></ExtendedData>
      <LineString><coordinates>33.260503478230696,-9.855298156240497 33.261985669742614,-9.855859023419656 33.262684216284129,-9.856257313204496 33.26396380769031,-9.856824619569819 33.264542946985983,-9.856706188697855 33.265526871564312,-9.856412871061457 33.266224278138182,-9.856638684089743 33.266629445108343,-9.856521286757999 33.266973950533547,-9.856001806802999 33.267260846924657,-9.855540162456737 33.267953289121571,-9.855018606951919 33.269114612858118,-9.855241647829764 33.270217948195274,-9.855465031367805 33.270797081700856,-9.855346589879391 33.271491812657153,-9.855169964773873 33.272301756810535,-9.854877667430802 33.273345955055312,-9.854928917693634 33.274098672442207,-9.854751940951463 33.274503451843067,-9.854577044573569 33.275430137583804,-9.854399024384854 33.276182852538092,-9.854222043053396 33.276356055315439,-9.854106022261062 33.276817671569624,-9.853758307192205 33.27745325521844,-9.853409549583544 33.277916404284674,-9.853291790964519 33.278611893585122,-9.853230130806303 33.279424896478076,-9.853397732392516 33.28035579897363,-9.853852082693082 33.281457984057347,-9.853902960397154 33.281512516129752,-9.853385207369184 33.281856225898352,-9.852750734394073 33.282431123069045,-9.851999888506812 33.283531764226574,-9.851820801814604 33.284461897809066,-9.852160162373522 33.285219990469891,-9.852788013714864 33.286738108876847,-9.854331159212745 33.288014650118008,-9.854438457360377 33.288711295276848,-9.854549245293239 33.289471714875638,-9.855522023473727 33.290404179121438,-9.856206303932035 33.290934575632804,-9.85746792350859 33.291344365287848,-9.858040369300065 33.291461889191197,-9.858269627930252 33.292162018593061,-9.858897813034556 33.293150943549129,-9.859351777388719 33.29350043092424,-9.859579633451654 33.294777766319456,-9.859801884506238 33.295530869627775,-9.859682349606329 33.296281264567405,-9.859160387858379 33.297558599890429,-9.859382628385696 33.298429616583327,-9.859549832021123 33.299121628726326,-9.858970725189899 33.2993493303346,-9.858336937837587 33.299694172032858,-9.85787491548157 33.300620463722836,-9.857639336750987 33.301436588845505,-9.858266799195011 33.302188521932578,-9.85797478189026 33.302472266916944,-9.857053193597482 33.303337460780028,-9.856358044373486 33.304324839953985,-9.856582018614128 33.304913667864199,-9.857900752478972 33.305270539380622,-9.859220894278993 33.30603179389032,-9.860308612153537 33.306498049248326,-9.86065072859506 33.307368684207439,-9.860760420318755 33.30812256141121,-9.860755835473446 33.308821559273476,-9.861211516375018 33.309807789172524,-9.861263006427791 33.310734471684547,-9.861084889388657 33.311488738034818,-9.861137787375132 33.31195694749011,-9.861767342461533 33.312601857967636,-9.86279826192572 33.313300087137492,-9.863138954272959 33.314229891571792,-9.863420742194309 33.314635438244082,-9.863360776056993 33.314982603582862,-9.863243674429061 33.315331720070006,-9.863414018720798 33.315393612155759,-9.863988556753544 33.315167498120012,-9.864852311631541 33.315055806549296,-9.865485400656981 33.315002496277167,-9.866175625527985 33.314898213877939,-9.867901010812139 33.315191293140273,-9.868359154770129 33.315373461825644,-9.869565366265078 33.316015276894802,-9.870136364477739 33.316713914693295,-9.870534538421232 33.317933313120939,-9.870757054650657 33.318803587548189,-9.870809225561176 33.32049161923004,-9.871718765448653 33.322178876923481,-9.872513317825382 33.323401417840714,-9.873195726888095 33.324855934642741,-9.873876708493402 33.32590450824528,-9.874560174782108 33.326660768262471,-9.87490048254103 33.327420559185974,-9.875758191451975 33.327947597989919,-9.876502344146838 33.328418214644763,-9.877476809017448 33.32894643490652,-9.878393427791746 33.329646676582961,-9.879021530820058 33.330175688722022,-9.880053125043949 33.330991137802378,-9.880565534003072 33.331921791618925,-9.880962247509068 33.332276045015846,-9.881879931750673 33.332976693841438,-9.882565515623895 33.333675771175052,-9.883021141849117 33.334664035531091,-9.883360002200785 33.335193070422278,-9.884391588440305 33.33537414057745,-9.885425318580062 33.336019564916022,-9.886513676281034 33.336719048900662,-9.887026784874946 33.337706933841964,-9.887308146512115 33.338346850106397,-9.887591654145446 33.338991104816394,-9.888507538883101 33.339401015712284,-9.889079921398075 33.339988859827315,-9.890226117615448 33.340865107872119,-9.891140565388611 33.341564609055133,-9.891653663190956 33.342380104025757,-9.892166041767601 33.34301884767099,-9.892277072544669 33.344011496890211,-9.893248281822995 33.344658151063811,-9.894509088365929 33.345303624082355,-9.895597426952657 33.345601121899954,-9.896687919960753 33.345955431069001,-9.897605586204659 33.346423758309797,-9.898235088204036</coordinates></LineString>
  </Placemark>
  <Placemark>
	<Style><LineStyle><color>ff0000ff</color></LineStyle><PolyStyle><fill>0</fill></PolyStyle></Style>
	<ExtendedData><SchemaData schemaUrl="#Luangwa_river">
		<SimpleData name="OBJECTID">112</SimpleData>
		<SimpleData name="ID">0</SimpleData>
		<SimpleData name="RIVERCODE">0</SimpleData>
		<SimpleData name="Corridors">0</SimpleData>
		<SimpleData name="Shape_Leng">4663.33791887000</SimpleData>
	</SchemaData></ExtendedData>
      <LineString><coordinates>33.316539917585921,-9.870382326778998 33.316714695832388,-9.870649517222148 33.316889843396631,-9.870820921991736 33.316776982639205,-9.871281544033952 33.316725235909594,-9.872201725533861 33.316149604417873,-9.872837648900571 33.315456423790742,-9.873244322875534 33.315111589227712,-9.873706359838447 33.314480688777017,-9.874745058974979 33.314310609898868,-9.875321012523218 33.314434396539269,-9.876470088985814 33.314904583702678,-9.877387085511439 33.316185122313691,-9.878069165967565 33.317119267030996,-9.878983324657408 33.317647069253034,-9.879842472623727 33.317772822821141,-9.881278993017659 33.318124693421879,-9.881851757261115 33.318999687765512,-9.882593797963246 33.319350780607557,-9.883051582089058 33.320226952833956,-9.883966086456313 33.32052396657545,-9.884999116118136 33.320762986462896,-9.886032500945044 33.320653254778421,-9.886953036601407 33.320309586979114,-9.887587546682109 33.319678286875742,-9.888568765694519 33.319281312015988,-9.889893499241225 33.319231525799971,-9.891101125638254 33.31947445682227,-9.892709402252088 33.320121800528717,-9.894085236786703 33.321174734054388,-9.89540109560873 33.321989816851342,-9.895856034959071 33.323272401308792,-9.896825531331075 33.323975415015639,-9.897856067566831 33.323990695715445,-9.900098141229805 33.323889982566648,-9.902340925140996 33.323901738203226,-9.90406559690436 33.323908791418837,-9.905100399513421 33.324034585239474,-9.906536914234124 33.323862549201117,-9.906825427183264</coordinates></LineString>
  </Placemark>
  <Placemark>
	<Style><LineStyle><color>ff0000ff</color></LineStyle><PolyStyle><fill>0</fill></PolyStyle></Style>
	<ExtendedData><SchemaData schemaUrl="#Luangwa_river">
		<SimpleData name="OBJECTID">113</SimpleData>
		<SimpleData name="ID">0</SimpleData>
		<SimpleData name="RIVERCODE">0</SimpleData>
		<SimpleData name="Corridors">0</SimpleData>
		<SimpleData name="Shape_Leng">2851.73477595000</SimpleData>
	</SchemaData></ExtendedData>
      <LineString><coordinates>33.337719843832538,-9.906107759064975 33.337018740561888,-9.905364697958957 33.336259248209373,-9.904564505331925 33.334860207715714,-9.903538287266374 33.33386834007824,-9.902682030048061 33.333108861502083,-9.901881828813034 33.3325813764191,-9.901080197834395 33.331820332007453,-9.900050037510168 33.331060471241749,-9.899192341956734 33.329837424621104,-9.898452477058857 33.329254312858879,-9.897996130946293 33.328901226687904,-9.897250912377224 33.328427830072826,-9.895874026556776 33.327896048567226,-9.894440007411319 33.327191068719699,-9.893122033964364 33.325618116972471,-9.89209684334991 33.324161949434654,-9.891185912175889 33.322996551484785,-9.890388175149326 33.321948716528077,-9.889819679552671 33.321075262002296,-9.889307605780205 33.320784110475046,-9.889136913092507 33.319682091839304,-9.888609865810984</coordinates></LineString>
  </Placemark>
  <Placemark>
	<Style><LineStyle><color>ff0000ff</color></LineStyle><PolyStyle><fill>0</fill></PolyStyle></Style>
	<ExtendedData><SchemaData schemaUrl="#Luangwa_river">
		<SimpleData name="OBJECTID">114</SimpleData>
		<SimpleData name="ID">0</SimpleData>
		<SimpleData name="RIVERCODE">0</SimpleData>
		<SimpleData name="Corridors">0</SimpleData>
		<SimpleData name="Shape_Leng">2683.35582011000</SimpleData>
	</SchemaData></ExtendedData>
      <LineString><coordinates>33.288695542754709,-9.854554649322965 33.288883336731914,-9.854260750199542 33.289345711032865,-9.854027996726696 33.290210153953211,-9.853217902090526 33.290955913238903,-9.852006078430996 33.291588777146821,-9.851254868205718 33.292630262276234,-9.850903633533953 33.294137974251697,-9.850894530201552 33.29506618355768,-9.85094641420487 33.295815786286596,-9.850309474565419 33.296215521402878,-9.849387190449104 33.296734325220129,-9.848924118495896 33.297834172850493,-9.848630007386934 33.298872932241018,-9.847876327590452 33.299734625146272,-9.846663783178485 33.301006101434311,-9.846023671093187 33.302223849849518,-9.846016289157515 33.303378179457866,-9.845204403868634 33.303662687555544,-9.844397793452318 33.304179920179109,-9.843704753978875 33.305390283185069,-9.842605062670582 33.306201719095434,-9.842542642021732 33.306840356735258,-9.842653745101972 33.307536983092945,-9.842764494834063 33.307769320672499,-9.842820573973356</coordinates></LineString>
  </Placemark>
  <Placemark>
	<Style><LineStyle><color>ff0000ff</color></LineStyle><PolyStyle><fill>0</fill></PolyStyle></Style>
	<ExtendedData><SchemaData schemaUrl="#Luangwa_river">
		<SimpleData name="OBJECTID">115</SimpleData>
		<SimpleData name="ID">0</SimpleData>
		<SimpleData name="RIVERCODE">0</SimpleData>
		<SimpleData name="Corridors">0</SimpleData>
		<SimpleData name="Shape_Leng">3549.26976187000</SimpleData>
	</SchemaData></ExtendedData>
      <LineString><coordinates>33.294949088581546,-9.859809448009516 33.29506810540412,-9.859857621999487 33.295827008287567,-9.860600427293043 33.29658359427421,-9.8609982942789 33.297339794887961,-9.861338670853623 33.298213525960307,-9.861908299928672 33.298914063040925,-9.862593959834051 33.299212925334984,-9.863914458989534 33.299166553363634,-9.865639490376235 33.299003422696408,-9.86725024505634 33.29849621069598,-9.869438000146213 33.297866813225788,-9.870706626955689 33.297588462809053,-9.872433061891536 33.297715674098853,-9.874099550267815 33.298769617157198,-9.875587952982206 33.29976635076121,-9.877191681943723 33.301337215102677,-9.877929552458697 33.302793262547972,-9.878840586824884 33.304543171661919,-9.880324747427935 33.305768039124651,-9.881352155200604 33.30664611388535,-9.882554141616225 33.307174284427553,-9.88347079589232 33.307702846132443,-9.88444493861302 33.307997876751585,-9.885190534364339</coordinates></LineString>
  </Placemark>
  <Placemark>
	<Style><LineStyle><color>ff0000ff</color></LineStyle><PolyStyle><fill>0</fill></PolyStyle></Style>
	<ExtendedData><SchemaData schemaUrl="#Luangwa_river">
		<SimpleData name="OBJECTID">116</SimpleData>
		<SimpleData name="ID">0</SimpleData>
		<SimpleData name="RIVERCODE">0</SimpleData>
		<SimpleData name="Corridors">0</SimpleData>
		<SimpleData name="Shape_Leng">2225.88584391000</SimpleData>
	</SchemaData></ExtendedData>
      <LineString><coordinates>33.263120211710998,-9.856449051630584 33.263099670917583,-9.857692138604559 33.263684527943859,-9.858436052984244 33.264676847296329,-9.859407507922576 33.26665501407588,-9.860373087338889 33.268515300472352,-9.861051898125782 33.269913961050264,-9.862078405000826 33.270671666828399,-9.862648799971346 33.271256550423516,-9.863392700327527 33.271784208955552,-9.864251925072866 33.272430150474264,-9.865455392814194 33.272783841124657,-9.866315655241106 33.273079158791994,-9.867118774766736 33.273318017127423,-9.868152199055706 33.273381369052316,-9.868956704517348 33.273907893732058,-9.869643457163562 33.275130713099514,-9.870383534308859 33.275538576371538,-9.870668551800746</coordinates></LineString>
  </Placemark>
  <Placemark>
	<name>Chasa</name>
	<Style><LineStyle><color>ff0000ff</color></LineStyle><PolyStyle><fill>0</fill></PolyStyle></Style>
	<ExtendedData><SchemaData schemaUrl="#Luangwa_river">
		<SimpleData name="Name">Chasa</SimpleData>
		<SimpleData name="OBJECTID">117</SimpleData>
		<SimpleData name="ID">0</SimpleData>
		<SimpleData name="RIVERCODE">0</SimpleData>
		<SimpleData name="Corridors">0</SimpleData>
		<SimpleData name="Shape_Leng">9000.77757838000</SimpleData>
	</SchemaData></ExtendedData>
      <LineString><coordinates>33.206007802874602,-9.865307388660298 33.206521806361728,-9.865063327470471 33.206884812390776,-9.864558698781522 33.207611181932648,-9.864125904688819 33.208337865430963,-9.864197514170625 33.208846331282587,-9.863908967896062 33.209573014515584,-9.863980574722284 33.21029960757965,-9.863908065023532 33.211004946223106,-9.863977170376685 33.21216291803254,-9.863682998044911 33.212861051392125,-9.864023901780788 33.214196349384238,-9.864246122796439 33.215001897247717,-9.863264082258562 33.215919320385133,-9.861648979551548 33.216957194320869,-9.86072307752046 33.217475755800571,-9.860202635332865 33.219274595358655,-9.860364648629282 33.220203945219545,-9.860589208028792 33.221534374155688,-9.860064032262869 33.222802319041584,-9.85884931194934 33.223432734585082,-9.857695797489804 33.224410337638261,-9.856425271811677 33.225099481476242,-9.855386395432316 33.225328446458107,-9.854925123337493 33.226136560419619,-9.854345485854108 33.226358030604885,-9.852734417944319 33.226989545437085,-9.851753366009527 33.22820469951084,-9.851343821344324 33.229766284625804,-9.850702278792923 33.231034914933126,-9.849602508304916 33.232012466196402,-9.848331962100916 33.232764066307318,-9.847982608232991 33.234033052363628,-9.846940315836504 33.234954475521498,-9.845957549821669 33.235701553129481,-9.844918312711267 33.23645050775368,-9.844166522002931 33.237309787745581,-9.842551701888741 33.238112578256349,-9.841167180617861 33.239499380435269,-9.840411635829453 33.240597746929275,-9.839887750415539 33.241696110808249,-9.839363861499043 33.242737616772054,-9.839012779931782 33.243719999264627,-9.838489567448489 33.245684378578147,-9.837385644156507 33.246604229651709,-9.83617288843133 33.247464952558481,-9.834788002269919 33.247977751611486,-9.833405169035187 33.248145279576498,-9.832426816184412 33.248426885630124,-9.831160329625924 33.248881689942941,-9.829777836891489 33.250785364870069,-9.828271799298765 33.252117130115217,-9.827976465140605 33.253622468793097,-9.827622607456407 33.255186928111328,-9.827440868026121 33.256461839435694,-9.827318330675354 33.258139224986067,-9.826675972687204 33.259927250534567,-9.825228061959155 33.260961462567195,-9.823784621087967 33.261538261435454,-9.823321258103427 33.263502490791794,-9.822217234131156 33.265757389293213,-9.821226452783185 33.26668322472829,-9.820933478812284 33.266799192441574,-9.820932787838645</coordinates></LineString>
  </Placemark>
  <Placemark>
	<name>Kandayondi</name>
	<Style><LineStyle><color>ff0000ff</color></LineStyle><PolyStyle><fill>0</fill></PolyStyle></Style>
	<ExtendedData><SchemaData schemaUrl="#Luangwa_river">
		<SimpleData name="Name">Kandayondi</SimpleData>
		<SimpleData name="OBJECTID">118</SimpleData>
		<SimpleData name="ID">0</SimpleData>
		<SimpleData name="RIVERCODE">0</SimpleData>
		<SimpleData name="Corridors">0</SimpleData>
		<SimpleData name="Shape_Leng">8141.11607024000</SimpleData>
	</SchemaData></ExtendedData>
      <LineString><coordinates>33.206660769195587,-9.864807202064009 33.206657799355966,-9.864347283564468 33.207176011327903,-9.86376936682441 33.207284938586859,-9.862676388767488 33.207103908955339,-9.86158508741341 33.206514716503072,-9.860151194381905 33.206280525177796,-9.859807596142304 33.20632960765888,-9.858427503517206 33.206146356672093,-9.856991262672549 33.205793590167438,-9.856245904853795 33.205846756629775,-9.855498200988905 33.206534843345651,-9.854286891932656 33.207515473872178,-9.853476332545172 33.208377148459419,-9.85220652374613 33.208545544144513,-9.851343168928654 33.209291601849515,-9.850131518245394 33.209983011874712,-9.849437610241516 33.210381498752632,-9.8482854614318 33.210086721275772,-9.847539772226213 33.20967522404964,-9.846679774177321 33.209785625364667,-9.845816754841852 33.210477025549139,-9.845122845856395 33.210530923351762,-9.844490121192603 33.210408998338629,-9.84357095431818 33.210983672484701,-9.842762736873958 33.212026338616731,-9.842584218390414 33.212955262469357,-9.842751309055659 33.213710594984825,-9.842976896293676 33.214695644951341,-9.842856195705894 33.215736819265075,-9.842447706426366 33.216083254542852,-9.842215725845938 33.216020420846348,-9.841468694051075 33.216419996776722,-9.840489008446129 33.216764565927726,-9.839969577720304 33.216528141462703,-9.839281047435144 33.216527396286196,-9.839166067275961 33.217161526791614,-9.838587462498268 33.217854761062846,-9.838180988254555 33.218079993672632,-9.837144821663433 33.218309702268343,-9.836798534044611 33.219526680315639,-9.836676470659063 33.220570443467871,-9.836670396479562 33.22178854003522,-9.836720795176161 33.222541995788802,-9.836658913539875 33.222598113127724,-9.836371125708682 33.223116254254585,-9.835793185972769 33.223461929853272,-9.835446218790048 33.223634393585385,-9.835215244558585 33.224093422581056,-9.834465171796945 33.224148789573775,-9.834062404493684 33.224260272802795,-9.833371849058793 33.224836392574396,-9.832793568033452 33.225937379943993,-9.832672159537273 33.226572605798474,-9.832266006784982 33.227029376158676,-9.831170989813542 33.227546751734536,-9.830478063354343 33.228125109872956,-9.830244716293894 33.228988146019766,-9.829204814617459 33.229392169322729,-9.828914992069324 33.229967521820647,-9.828221723331412 33.230081992053989,-9.827991085568419 33.230250695634666,-9.827185209337097 33.230477383440572,-9.826378995061473 33.231224432737378,-9.825339766415741 33.232031339361647,-9.824587646426268 33.233246011575815,-9.824120596242986 33.234811219262504,-9.824053931137785 33.235795452650471,-9.823818191230622 33.236658824640038,-9.822835760575632 33.237229635881526,-9.821452601207366 33.238035766074248,-9.820585487199693 33.239251922384824,-9.820348375128843 33.241279473589493,-9.820048995729767 33.242485062983398,-9.81820215702232 33.24294138484084,-9.817049630221261 33.243686863933277,-9.815780415732743 33.24385590660728,-9.81503202308501 33.243854774609098,-9.814859553913941</coordinates></LineString>
  </Placemark>
  <Placemark>
	<name>Chitera</name>
	<Style><LineStyle><color>ff0000ff</color></LineStyle><PolyStyle><fill>0</fill></PolyStyle></Style>
	<ExtendedData><SchemaData schemaUrl="#Luangwa_river">
		<SimpleData name="Name">Chitera</SimpleData>
		<SimpleData name="OBJECTID">119</SimpleData>
		<SimpleData name="ID">0</SimpleData>
		<SimpleData name="RIVERCODE">0</SimpleData>
		<SimpleData name="Corridors">0</SimpleData>
		<SimpleData name="Shape_Leng">38348.81430970000</SimpleData>
	</SchemaData></ExtendedData>
      <LineString><coordinates>33.12338425905785,-9.603457131219564 33.123849971477803,-9.603799513573639 33.124550323798736,-9.604600541667919 33.124671561767002,-9.605462266198989 33.124620382401261,-9.606554917293984 33.124683317134732,-9.607359470726733 33.12480526848681,-9.608336177519201 33.125794660366729,-9.609020616906969 33.12637699241774,-9.609477336232935 33.126730029853363,-9.61033777651407 33.127892562504421,-9.610906264474625 33.128820449150034,-9.611016106355178 33.130329606923354,-9.611410185530906 33.130859002556598,-9.612672093309781 33.131734665565943,-9.613702104970868 33.13243720248434,-9.614848062340164 33.133429490070455,-9.615992406801899 33.134419278582378,-9.616734311860279 33.135527476416513,-9.617878006149716 33.136344859809959,-9.618850837295447 33.136988756053178,-9.61988212555452 33.137459523456535,-9.621029362145293 33.137411250614406,-9.622581940959885 33.137591553570232,-9.623615809610014 33.138010831179976,-9.625798205213552 33.138430831073727,-9.628095582195405 33.138671961623935,-9.629589054351978 33.139267620549901,-9.632172914444919 33.139738054151479,-9.633262656566311 33.140269673578729,-9.634869492111335 33.140451069798864,-9.636075831572029 33.140633544104872,-9.637454642268615 33.140348446501491,-9.638203641238679 33.139834765337959,-9.639471350341532 33.139723883273845,-9.640276869333594 33.140248335333517,-9.640733886322034 33.140598927537482,-9.641191873369882 33.141474334984856,-9.642164366131944 33.141362738223663,-9.642854904266118 33.141368843721636,-9.643832248641866 33.141837144946678,-9.644577041421599 33.141724469917079,-9.645095106423879 33.141033330453169,-9.645788879593962 33.140805462811947,-9.646422572558114 33.141216530698372,-9.647282671183739 33.14168232226902,-9.647625027565631 33.141627600693155,-9.648142769245981 33.141402606837566,-9.649236389027019 33.141638378022613,-9.649867494971096 33.142452262168476,-9.650265399094984 33.142743115996566,-9.650436253525619 33.143096237692809,-9.651296672959058 33.142928483594552,-9.652274988892279 33.143047629550473,-9.652791758492107 33.143572824229466,-9.653363751781185 33.143923794001203,-9.653879225870517 33.144104134727172,-9.654913088706408 33.143818670900338,-9.655604597971157 33.143650916943258,-9.656582914010421 33.144063083381717,-9.657615480546857 33.144007644334728,-9.658018240274908 33.143552624111429,-9.659400611139686 33.143150523630986,-9.659977786647954 33.142689387008453,-9.660382813018881 33.142635024836224,-9.6609580445704 33.142984922129926,-9.661301047222709 33.143857153159367,-9.66175611486076 33.144323326459322,-9.662155958040463 33.144505112124001,-9.663419783100091 33.144221801729614,-9.664456238311395 33.144283355725342,-9.665030821674648 33.143592181529222,-9.665724598777675 33.143188994514681,-9.666129302206393 33.142960400199904,-9.666648014937357 33.142963994619947,-9.667222922860475 33.143433051978214,-9.668082692966918 33.14384271498232,-9.668712823940695 33.144308897962397,-9.669112666838041 33.144428052315753,-9.669629435334118 33.144199816652858,-9.670205639747252 33.143565870731749,-9.670784111133386 33.142700088235138,-9.671363877909728 33.14218277417843,-9.672056680885781 33.141727727536782,-9.673439048579626 33.141387878519929,-9.674705787274297 33.14098862997723,-9.67574288584723 33.14093749564983,-9.67683553431276 33.141004436128924,-9.678272479327392 33.141472066251602,-9.678902288557842 33.141937902018633,-9.679244644239272 33.142754374772281,-9.680044981558432 33.142645645139993,-9.681195444323391 33.142708279101875,-9.68194250017026 33.14294407636546,-9.682573602744292 33.143470756335311,-9.683375557288429 33.144229641071647,-9.684233705217098 33.145391737674792,-9.684687146885631 33.14579926419416,-9.684972330059706 33.147078727475197,-9.685655080601011 33.147950665577518,-9.686052645308106 33.148880928574393,-9.686507374131677 33.149058057680591,-9.687023815775122 33.148659179572711,-9.68811841326524 33.148432381138271,-9.688924581652541 33.148549385643491,-9.689096404464527 33.149193094357955,-9.690070172329021 33.149719800964981,-9.690872116541177 33.149436844880206,-9.691966064449538 33.149387539807215,-9.693346166171796 33.149570806630841,-9.694839948228728 33.150212364060529,-9.695468769443322 33.151431386268442,-9.695749392351933 33.151663237276466,-9.695748091472451 33.151847237378568,-9.697356852703077 33.152200072370405,-9.698159769412426 33.153013363415894,-9.698442664730326 33.153829547415491,-9.6991854837941 33.15435411066602,-9.699642476050771 33.154472930007671,-9.700101749826775 33.154767086855962,-9.700790007489022 33.155292015820706,-9.701304489926176 33.155816945473958,-9.701818970614818 33.155936852856392,-9.702450715296404 33.155999882907899,-9.703255257181217 33.155888658750541,-9.704003288217631 33.155836846585416,-9.704980953933951 33.155670913464746,-9.706246725923284 33.155557155487543,-9.706592322104225 33.15556113571818,-9.707224718105069 33.15614512534134,-9.70791134461493 33.157420713744969,-9.707961656305201 33.157999999592803,-9.707900901224338 33.15863725001978,-9.707839818946994 33.159218710290389,-9.708124005560237 33.159164369866929,-9.708699237806227 33.15870318628162,-9.709104285248051 33.158765500209419,-9.70979384554898 33.159290085844631,-9.710250830504016 33.159815035644058,-9.71076530447912 33.160340712720078,-9.711394759126353 33.160749734917367,-9.711909885512847 33.160988126372096,-9.712943408092464 33.160994655940563,-9.713978237965247 33.160478766500844,-9.714901029303316 33.160015763087003,-9.715018625645927 33.158858617063736,-9.715370104079796 33.158745584606763,-9.715830681726846 33.15869196658489,-9.716520895165907 33.158867677591282,-9.716807368272928 33.158289825763845,-9.717098087117188 33.158177153565035,-9.717616155297591 33.157717043987255,-9.718193672743515 33.157721752683052,-9.718941050613259 33.157029410966985,-9.719462382523497 33.156628349634396,-9.720212043847152 33.156574727626698,-9.720902256855677 33.156926874741082,-9.721590185551873 33.156178731220216,-9.722456785250142 33.156181626761807,-9.722916709331409 33.156767456717219,-9.72389078644969 33.157061277428632,-9.72452155005271 33.157126850620784,-9.725728525639756 33.156669624680362,-9.72676596556234 33.156618173688678,-9.727801121728637 33.156797147841104,-9.728605010268813 33.156338107815039,-9.729354996993651 33.155879788231019,-9.730219964525462 33.15536530781786,-9.73137271072377 33.15542581029807,-9.731774818137604 33.155610212819603,-9.733441064960717 33.155906212096291,-9.734416772389842 33.156089170740152,-9.735853056773282 33.155865255344267,-9.737119152646065 33.156105461132633,-9.738440128658768 33.156342772611652,-9.739301180752621 33.156647832860585,-9.741714150282181 33.156027533223984,-9.744477282063379 33.155981146814931,-9.746317303622236 33.156048531020183,-9.747811729309232 33.157385140452895,-9.748321637006907 33.158367036113205,-9.747741180566976 33.159580815555216,-9.747159413636297 33.160921055560031,-9.74824421108174 33.162431226901951,-9.748695627105319 33.163007676048856,-9.748174939394341 33.163991014798746,-9.747824428512244 33.164742828754846,-9.747532715904114 33.165435579184198,-9.747068859104003 33.166193574124456,-9.747754481077596 33.166430918319762,-9.748615525160497 33.166899787442134,-9.749417766616093 33.167484238759229,-9.750161860180777 33.167372662212266,-9.750852402126283 33.166506354973315,-9.751374737430206 33.165871569632117,-9.751838268840347 33.165702744612354,-9.752644118097948 33.166115828195331,-9.75379163057638 33.166583975863922,-9.754478890936486 33.16705467365572,-9.755568583771806 33.16688621389499,-9.756431924001836 33.166718844716911,-9.757467735852158 33.166784460953032,-9.758674705666676 33.16708379178845,-9.760167814365055 33.166972939768684,-9.760973336065195 33.166630555072345,-9.76183766017167 33.166059182022742,-9.763163219938715 33.165898719560751,-9.765291347105366 33.166141170072301,-9.766957256179213 33.166732930378899,-9.768851156982034 33.16697247518514,-9.770057141643846 33.167441376439427,-9.770859379911743 33.167564610250714,-9.772008530104932 33.167744364534293,-9.772927391036221 33.167982459478893,-9.773903412522589 33.167872334392818,-9.774823914927898 33.167355644766019,-9.775631734453466 33.16654724976064,-9.776153742263521 33.166263189012909,-9.777075227342527 33.166388605336579,-9.778569319706929 33.166799176146007,-9.779314396417904 33.166575274967769,-9.780580496795222 33.166062212623004,-9.781963216533551 33.165955354861353,-9.783401130634138 33.166077133412195,-9.784320319474203 33.167653828040109,-9.786093656493899 33.168587674073564,-9.787065736573563 33.169287424901547,-9.787694186088997 33.169524442338734,-9.788497735818481 33.169356702316378,-9.789476056675344 33.168841816398874,-9.790571328547177 33.169087946708693,-9.792812135151138 33.169678678436419,-9.794533555566222 33.170092193618331,-9.795738549713253 33.170041141888603,-9.796831192706877 33.169929192813832,-9.797464243328315 33.169991913144216,-9.798211287755104 33.170403975501507,-9.799186319483155 33.170699349877161,-9.800047028683425 33.17076280246804,-9.800909052737127 33.170593966529417,-9.801714903203099 33.170544009799784,-9.802980017092803 33.170781771707787,-9.8038985448826 33.170728167442284,-9.804588755542113 33.170267233990117,-9.805051308675525 33.169575465255576,-9.805687646818052 33.169173238979717,-9.806264850017497 33.168947872641191,-9.807300987593138 33.169183445957934,-9.8078745757304 33.170111888540518,-9.807984296119647 33.170749691263289,-9.807980677953216 33.171621247058255,-9.808263193915451 33.171857920332393,-9.809009249407406 33.171398441140347,-9.809701764649226 33.17087806001954,-9.809934686639332 33.17012465274675,-9.809996452447146 33.169313628413754,-9.810116036209507 33.168678373234769,-9.810522082655403 33.168335943504111,-9.811386406716151 33.168515358285305,-9.812247774321939 33.169504712350715,-9.812817089160923 33.170552052765593,-9.813386071587416 33.17102576838883,-9.814935674619306 33.171724852625601,-9.815449137189949 33.172247433427962,-9.815561155076889 33.172889632676977,-9.816247415071734 33.17347348636504,-9.816876513398375 33.174229100433053,-9.817159680170446 33.175447853582561,-9.817325227870922 33.176666607866004,-9.817490770260909 33.177189924804928,-9.817717761088236 33.1773077222336,-9.818004551502993 33.177425153670676,-9.818233851542386 33.17690732465816,-9.818869214207339 33.176213712484646,-9.81921811401457 33.176098475526437,-9.819333754626609 33.176101036436123,-9.819736185107368 33.176398638911451,-9.820941828754037 33.176521193750105,-9.821975990805152 33.176060243947667,-9.822438551613649 33.174846954706339,-9.823135358604187 33.17473464106402,-9.823710919500075 33.175493197955575,-9.824454004660431 33.175900920301686,-9.824739146356517 33.176367727391295,-9.825196427985723 33.176026035300083,-9.826175739589711 33.175334966377214,-9.826927068956943 33.175104488344985,-9.827158348636521 33.17447213137077,-9.828024326597168 33.174478711804113,-9.82905914933365 33.174774123531932,-9.829919851917619 33.174723083872252,-9.831012494128936 33.174437540603897,-9.831704023198238 33.173860967750961,-9.83222473074612 33.173633042470151,-9.83285843966592 33.173751938409275,-9.833317700984489 33.17416222927131,-9.834005275562509 33.174922636119312,-9.835035811657903 33.174753794424397,-9.835841661781627 33.174294651930836,-9.836591670654665 33.174239954602228,-9.837109410576398 33.175353047001217,-9.838885338614363 33.175413960100151,-9.839344929453921 33.17547889703269,-9.840436910400966 33.174728348493048,-9.840958608675138 33.175025234586343,-9.842049271255247 33.175724017417743,-9.842505233402742 33.175961822749024,-9.843423754667079 33.175039131043818,-9.84423389353003 33.174925348663095,-9.844579493807446 33.176148227908264,-9.845377426897825 33.177715383286881,-9.845598474051911 33.178996628151204,-9.846453556947065 33.179521091637049,-9.846853011796972 33.179647698193492,-9.848519561325951 33.179015681094064,-9.84944303830139 33.178851605462732,-9.850996259733497 33.179383040177797,-9.852488025701623 33.178930113663036,-9.854215370084566 33.179168304343342,-9.855191378339379 33.180672016632087,-9.854550390836641 33.181713637399518,-9.854199495349684 33.182240318668249,-9.854943886601481 33.182475582675501,-9.855459971790753 33.183466191908153,-9.856201711287239 33.184856124434624,-9.855906308926153 33.185847107111826,-9.856705531455326 33.18533695371287,-9.858548195107959 33.185458081233577,-9.859352391159 33.187081827859473,-9.859343101534801 33.188004162692252,-9.858475441036974 33.188875865362803,-9.858757908177234 33.189169133339483,-9.859273656507758 33.188711463818805,-9.860253643553854 33.187790597799399,-9.86135126648796 33.18739496028487,-9.862963308820243 33.187922036610345,-9.863765179550537 33.188853954270343,-9.86439225453066 33.190074729302943,-9.864845195446705 33.191006285243141,-9.865414774200128 33.190664597398886,-9.866394098226285 33.190143773725111,-9.866569560319057 33.189974217315573,-9.867260436856038 33.190093517526613,-9.867777180953985 33.190622082043568,-9.86880900735779 33.190510519198632,-9.86949955099924 33.190320768784765,-9.870405154608191 33.19025484705309,-9.870645259471585 33.190528285164135,-9.871006366933671 33.190710542626057,-9.871186894814239</coordinates></LineString>
  </Placemark>
  <Placemark>
	<Style><LineStyle><color>ff0000ff</color></LineStyle><PolyStyle><fill>0</fill></PolyStyle></Style>
	<ExtendedData><SchemaData schemaUrl="#Luangwa_river">
		<SimpleData name="OBJECTID">120</SimpleData>
		<SimpleData name="ID">0</SimpleData>
		<SimpleData name="RIVERCODE">0</SimpleData>
		<SimpleData name="Corridors">0</SimpleData>
		<SimpleData name="Shape_Leng">4639.73229006000</SimpleData>
	</SchemaData></ExtendedData>
      <LineString><coordinates>33.167130674217027,-9.639318016811233 33.166086429843624,-9.639151443904451 33.164988227518705,-9.639617593956048 33.16429569528799,-9.640081450038251 33.163495963562717,-9.641925737590007 33.163044309190838,-9.643825550923665 33.162992886210922,-9.644860712565636 33.162537597614026,-9.646185617128372 33.162314123350889,-9.647509213502943 33.161863181141605,-9.649524006824926 33.161173523750215,-9.650447782660546 33.160718583545595,-9.651830175584934 33.160610647912456,-9.653095625862282 33.160505247335614,-9.654763511778475 33.16005211085858,-9.656433358343767 33.159422203244432,-9.65764425718954 33.158793015014005,-9.658970135850726 33.158163459656095,-9.660238523301823 33.157706322352333,-9.661275968045594 33.15661165616806,-9.662316999729741 33.155686875248655,-9.662724651755731 33.154704858310403,-9.663247608654034 33.153490648672566,-9.663714375578078 33.152912882163456,-9.664005084921689 33.15274370526577,-9.664753440801283 33.152109422985077,-9.665274437709277 33.151532013779359,-9.665622635712801 33.150841213602625,-9.666373918101103 33.150205843421425,-9.666722438698947 33.149106087647233,-9.666958576228241 33.148355519121282,-9.66742272524556 33.147897622015911,-9.668345175231512 33.146508068705067,-9.668582927760731 33.144769325202702,-9.668592657341131 33.144236757214024,-9.668879987575426 33.144164196376501,-9.669024136066849</coordinates></LineString>
  </Placemark>
  <Placemark>
	<Style><LineStyle><color>ff0000ff</color></LineStyle><PolyStyle><fill>0</fill></PolyStyle></Style>
	<ExtendedData><SchemaData schemaUrl="#Luangwa_river">
		<SimpleData name="OBJECTID">121</SimpleData>
		<SimpleData name="ID">0</SimpleData>
		<SimpleData name="RIVERCODE">0</SimpleData>
		<SimpleData name="Corridors">0</SimpleData>
		<SimpleData name="Shape_Leng">2692.47624195000</SimpleData>
	</SchemaData></ExtendedData>
      <LineString><coordinates>33.121603852946514,-9.671596080182829 33.122072151198346,-9.672340898707789 33.122827752116912,-9.67268167905587 33.123465299917768,-9.672678152933932 33.124220547315979,-9.672961439170747 33.124574360636863,-9.673936858816608 33.125099556872414,-9.674508879576241 33.125856949811769,-9.675137106333208 33.127134195852854,-9.675474987541719 33.128003586186111,-9.67547016865784 33.128993895656187,-9.676269575564078 33.129866861359034,-9.676839659084694 33.131201004036662,-9.677004730774513 33.131779884387605,-9.676886529582067 33.13276984880617,-9.677628435299221 33.133411343199548,-9.678257289458985 33.134514728629668,-9.678596108540841 33.135036009025704,-9.678535715788836 33.135790204212412,-9.678646503326208 33.136663903789909,-9.679331551169241 33.137072133183224,-9.679731726887484 33.138060682606053,-9.680243653180098 33.138640643011705,-9.680297913237563 33.139567646135319,-9.680235250301298 33.140610928479738,-9.680229429607817 33.141249568287449,-9.680398343105724 33.142179805954306,-9.680853089689704 33.142644181462707,-9.680986572960352</coordinates></LineString>
  </Placemark>
  <Placemark>
	<Style><LineStyle><color>ff0000ff</color></LineStyle><PolyStyle><fill>0</fill></PolyStyle></Style>
	<ExtendedData><SchemaData schemaUrl="#Luangwa_river">
		<SimpleData name="OBJECTID">122</SimpleData>
		<SimpleData name="ID">0</SimpleData>
		<SimpleData name="RIVERCODE">0</SimpleData>
		<SimpleData name="Corridors">0</SimpleData>
		<SimpleData name="Shape_Leng">5446.75406566000</SimpleData>
	</SchemaData></ExtendedData>
      <LineString><coordinates>33.134202471013246,-9.693603451621991 33.134954908324204,-9.693426786791873 33.135477286166633,-9.693538864936842 33.13669664864765,-9.693877031428084 33.13786092071134,-9.69467544250238 33.138735384507719,-9.695475464677175 33.139959425374691,-9.696560999094585 33.141008147703836,-9.697417536058476 33.141768496827396,-9.698505651846062 33.141951013816147,-9.699884457149597 33.142132453289008,-9.701090789643065 33.142083477249621,-9.702528379983388 33.142150069565865,-9.703907832518858 33.142563729474091,-9.705170359701631 33.142745174251132,-9.70637669142384 33.143041472221803,-9.707409904192137 33.143109508354499,-9.709019317588224 33.14300077113252,-9.710169778624946 33.142431906477206,-9.711897736939044 33.141860519164851,-9.713223259384673 33.14151811621349,-9.714087561900184 33.141347812656385,-9.714663439160935 33.141352125255295,-9.71535332623715 33.141765797767448,-9.716615854280221 33.141944010777642,-9.717304770129353 33.142298282152389,-9.718337658439399 33.143056884880245,-9.719138315315091 33.143987952627299,-9.719708036878668 33.144866817475055,-9.721197928699475 33.145340638059068,-9.722805070606608 33.14563947903747,-9.724240712482281 33.146691185353241,-9.725557154398883 33.147739294310767,-9.726298687127951 33.148960952248871,-9.726981751024862 33.149660539805687,-9.727610245634596 33.150880399911706,-9.728005849702646 33.152101347313348,-9.728573920655274 33.153673002028079,-9.729599956864073 33.15443057243084,-9.730228116853775 33.155013515317421,-9.730742271639059 33.155376718388574,-9.731494325194873</coordinates></LineString>
  </Placemark>
  <Placemark>
	<Style><LineStyle><color>ff0000ff</color></LineStyle><PolyStyle><fill>0</fill></PolyStyle></Style>
	<ExtendedData><SchemaData schemaUrl="#Luangwa_river">
		<SimpleData name="OBJECTID">123</SimpleData>
		<SimpleData name="ID">0</SimpleData>
		<SimpleData name="RIVERCODE">0</SimpleData>
		<SimpleData name="Corridors">0</SimpleData>
		<SimpleData name="Shape_Leng">1298.18133798000</SimpleData>
	</SchemaData></ExtendedData>
      <LineString><coordinates>33.136123226661809,-9.704171417227133 33.136545111372889,-9.70675623819823 33.137075401575373,-9.708133107851674 33.137432159605652,-9.70956843623134 33.137961022833245,-9.710715341710568 33.138835528981268,-9.711515363198551 33.140000225931622,-9.712371256091153 33.14122433289846,-9.713456783087482 33.141496055206808,-9.71406211103124</coordinates></LineString>
  </Placemark>
  <Placemark>
	<name>Lyala</name>
	<Style><LineStyle><color>ff0000ff</color></LineStyle><PolyStyle><fill>0</fill></PolyStyle></Style>
	<ExtendedData><SchemaData schemaUrl="#Luangwa_river">
		<SimpleData name="Name">Lyala</SimpleData>
		<SimpleData name="OBJECTID">124</SimpleData>
		<SimpleData name="ID">0</SimpleData>
		<SimpleData name="RIVERCODE">0</SimpleData>
		<SimpleData name="Corridors">0</SimpleData>
		<SimpleData name="Shape_Leng">23435.21113700000</SimpleData>
	</SchemaData></ExtendedData>
      <LineString><coordinates>33.157720251901104,-9.626665196227686 33.158121564504754,-9.625973022374769 33.158752868830298,-9.624992087862152 33.159267181674899,-9.623839332150165 33.159724265638886,-9.622801884858395 33.160413147134328,-9.621763129154623 33.161279860502347,-9.621355792700186 33.161738385050931,-9.62054830518661 33.161908246187302,-9.619914924848681 33.162479765653934,-9.61864685655053 33.16287779497771,-9.617437258463701 33.16350725590479,-9.616168860816073 33.164486582685754,-9.615243444170313 33.165234835584542,-9.614434315307468 33.166043213222274,-9.613969803141233 33.167083745872404,-9.613561468908607 33.168995688076841,-9.613493156237956 33.170504899728911,-9.61388705915005 33.171841726128783,-9.614511904166559 33.173119149980707,-9.614907109979614 33.174106468263346,-9.61524646383606 33.174861627706498,-9.615529641369447 33.175386086505249,-9.615986606404098 33.176604841187469,-9.616267145874957 33.177069163420107,-9.616379492076115 33.177764552451549,-9.616375538066636 33.178401992360151,-9.616371911952433 33.179387492382276,-9.616423797308746 33.180142658636612,-9.61670696316018 33.181135109874447,-9.61785116881015 33.18142705088308,-9.618194462258169 33.182184784974922,-9.618880058611033 33.182998274775244,-9.619220378179541 33.18334890117724,-9.619678321801315 33.183583262715779,-9.620079435325607 33.183642678092149,-9.620309068144136 33.184056018004263,-9.62151405978606 33.18423169952694,-9.621800522009057 33.185220514301975,-9.622369807259988 33.186151382182949,-9.622939420213443 33.186444066451081,-9.623397691049117 33.186855587091451,-9.624315225941819 33.187670194905358,-9.624828005994537 33.188079517462434,-9.625400594534916 33.188431993412003,-9.626145986352713 33.188437498648064,-9.62700834762696 33.18844190398147,-9.627698236975862 33.188910651820187,-9.628500455218873 33.189377933088274,-9.62907271087596 33.18949971105905,-9.629991899585667 33.189796446792172,-9.631082565421453 33.189627734178998,-9.631888430060794 33.189574557865782,-9.632636141277104 33.189637651795955,-9.633440679116758 33.190224150915782,-9.634529686211048 33.190923987164112,-9.635215593943517 33.191855267770016,-9.635842681122913 33.192381619690778,-9.636587071400504 33.192852595898039,-9.637734228717708 33.193031237180897,-9.638480611066907 33.192918642416714,-9.638998691620108 33.192923792719384,-9.639803561083197 33.19322275554704,-9.641239167242855 33.193636157004541,-9.642444144803394 33.193812594149399,-9.642845583146558 33.193993447359126,-9.64393690797543 33.194401332512705,-9.64427952524227 33.194985657278572,-9.645023578741608 33.195571090273901,-9.645940103676031 33.196039512148111,-9.646684820631993 33.196503514247524,-9.646739648750913 33.19702694497331,-9.647024106133792 33.198248778113296,-9.647764491876101 33.198600930363881,-9.64845238062472 33.198898819882153,-9.649715508082599 33.198961201561488,-9.650405062209725 33.199085966678268,-9.651784171235333 33.199092608214912,-9.652819001996353 33.199099988228639,-9.653968814280226 33.199047567770926,-9.654831506327723 33.199225124728926,-9.655405411909172 33.199403050642033,-9.656036809057433 33.199932035574903,-9.657183620529651 33.200515657110564,-9.657812682756822 33.201215192225604,-9.658441075621658 33.202150251353011,-9.659643038294858 33.202274294078549,-9.660907163577706 33.202452968318234,-9.661653539372434 33.202922167275503,-9.662513226130821 33.203563760595124,-9.663141949125688 33.204204986197936,-9.663713179210776 33.204617344921587,-9.664745669379709 33.204506980056792,-9.665608696218252 33.204743619385859,-9.666354735716153 33.205270418203227,-9.66715659507706 33.205505950257511,-9.667730162677719 33.205627418361367,-9.6685918517446 33.205458356332379,-9.669340232182936 33.204885066694629,-9.670320913931553 33.204717112888517,-9.671241765204481 33.204836359894621,-9.671758511055261 33.205072634243201,-9.672447060155218 33.205074484760082,-9.672734512765469 33.205135774206383,-9.673251593304972 33.205023928124113,-9.673884657116288 33.204449149943869,-9.674635377079321 33.204333972448062,-9.674751026177518 33.203701972345179,-9.675617060150024 33.20347753204252,-9.676768206268767 33.203424011245176,-9.677458426500094 33.20342918893536,-9.678263293483299 33.203604546903904,-9.678492253289328 33.203841934074582,-9.679353274072309 33.203908402039609,-9.680675221483201 33.203856360327975,-9.681595403427846 33.203688768852011,-9.682573744437761 33.20375153781206,-9.683320786720762 33.203752278034223,-9.683435767160875 33.20393429794477,-9.684699555094658 33.20405502871143,-9.685446263394063 33.204233351649307,-9.686135146182632 33.204297232386537,-9.687054659240584 33.204361114435599,-9.687974173133835 33.204601841401391,-9.689352606771569 33.204607762334845,-9.690272454405015 33.204212391962791,-9.691884527078942 33.203986094604893,-9.692748220327852 33.20382145819913,-9.694186484147318 33.20359737743113,-9.695395119967053 33.20314033600512,-9.696432621350363 33.201930512771959,-9.697589444418606 33.201237545705361,-9.69799588304643 33.200080133744279,-9.69829000859151 33.199153095205034,-9.698352835579964 33.198168461564336,-9.698473482697379 33.197357717249851,-9.698593128808374 33.195973239588724,-9.699635949068384 33.195804141968331,-9.700384324135573 33.194823555491588,-9.701137357137165 33.194481300952894,-9.702001709791091 33.193964784745852,-9.702809569854264 33.193447897638592,-9.70355993849906 33.193101218325246,-9.703734404689628 33.191368554324193,-9.704721710863659 33.190385737668578,-9.705129788378969 33.189172900095713,-9.705826643839727 33.188249878842441,-9.706521836327607 33.187094996342822,-9.707218352411058 33.186633848970708,-9.707623435970453 33.185946347626576,-9.708892202365643 33.185492168223583,-9.710389604290739 33.185152448317289,-9.711656381496061 33.185447412058735,-9.712459592412914 33.185511983275887,-9.713494088849739 33.18563268497639,-9.714240802969615 33.185809150902088,-9.71464224229535 33.185526293748623,-9.715736216832747 33.185300300624668,-9.716657389323345 33.18518620277338,-9.716945503130969 33.185769901862372,-9.717574586756323 33.186005437940423,-9.718148166007751 33.186241709410019,-9.718836726321243 33.185901250862663,-9.719988522493775 33.18561728827892,-9.720910025872508 33.185912628885085,-9.721770726400397 33.186438004219553,-9.722342648790221 33.186614108157912,-9.722686596797704 33.187372090491259,-9.723372173876916 33.18749463697042,-9.724406337980827 33.186457829869802,-9.725447131839601 33.185767355746094,-9.726255973306042 33.185891367580666,-9.727520099383115 33.186362821964927,-9.728724748082888 33.186431805739588,-9.730449128516973 33.185341778981552,-9.732237624952944 33.184366578979308,-9.73385298578266 33.184022431809034,-9.734429875434172 33.183506208862383,-9.735295210169898 33.182704533731162,-9.736852082282296 33.182136197852898,-9.738637591003727 33.182028319660141,-9.739903041567589 33.181804866463089,-9.741226642202181 33.181054913586358,-9.741805843963883 33.180591149057008,-9.741808487350586 33.179314698812682,-9.741643283258027 33.178618686181281,-9.74158975441904 33.177633552912134,-9.741652854972443 33.177520537139493,-9.742113437830074 33.177697009609794,-9.742514880593856 33.178337613783512,-9.742971174107639 33.178860448241018,-9.743140674832711 33.179966287480916,-9.743824284620494 33.180202564770092,-9.744512847963831 33.180613122948188,-9.745257910623918 33.180906641826731,-9.745831161288951 33.181084585528758,-9.746462564334982 33.181087515907279,-9.746922486974055 33.180394787957482,-9.747386375176466 33.180279577676323,-9.74750201723203 33.179467243427744,-9.747391660706782 33.178771951113255,-9.74745311353702 33.177615811669803,-9.747977127160716 33.176982511694739,-9.748670640324876 33.176924905749893,-9.748728461243605 33.176756108796241,-9.74953431563835 33.176648939116014,-9.750914744329901 33.176131575320881,-9.751607596193306 33.174976148407389,-9.75224658219005 33.174283766320094,-9.752767948744303 33.173069263680986,-9.753234786581107 33.172199675094767,-9.753239722923031 33.171449313905491,-9.753761413356749 33.170815625485126,-9.754397424674506 33.16995514552238,-9.755839615113681 33.169268213540207,-9.75722332745392 33.168696494092622,-9.758491401132845 33.168241082199664,-9.75981630660549 33.167666806413514,-9.760681945477284 33.167493613286297,-9.760797911177372 33.166722765667394,-9.761609502642427</coordinates></LineString>
  </Placemark>
  <Placemark>
	<Style><LineStyle><color>ff0000ff</color></LineStyle><PolyStyle><fill>0</fill></PolyStyle></Style>
	<ExtendedData><SchemaData schemaUrl="#Luangwa_river">
		<SimpleData name="OBJECTID">125</SimpleData>
		<SimpleData name="ID">0</SimpleData>
		<SimpleData name="RIVERCODE">0</SimpleData>
		<SimpleData name="Corridors">0</SimpleData>
		<SimpleData name="Shape_Leng">1939.14763529000</SimpleData>
	</SchemaData></ExtendedData>
      <LineString><coordinates>33.186605469014175,-9.603274258115992 33.18609201279439,-9.60454203483374 33.185981983083629,-9.60546254943266 33.18610374313932,-9.60638174093868 33.186460593679357,-9.607817025404314 33.186411811570892,-9.60925462653899 33.186416211874452,-9.609944516710021 33.186074023248587,-9.610808864259662 33.185443923286734,-9.611962320636705 33.184463198602408,-9.612657832563198 33.183716460679669,-9.613696965323506 33.183141002212523,-9.614332669331656 33.183029863872981,-9.615080710598313 33.183383781353406,-9.616056071480724 33.183273009402441,-9.616861603738018 33.183046338397574,-9.617667796094427 33.182934833516434,-9.618358347130025 33.182996444148017,-9.618932924179783 33.182989913154117,-9.619068746389713 33.182990068129406,-9.61935698364592</coordinates></LineString>
  </Placemark>
  <Placemark>
	<Style><LineStyle><color>ff0000ff</color></LineStyle><PolyStyle><fill>0</fill></PolyStyle></Style>
	<ExtendedData><SchemaData schemaUrl="#Luangwa_river">
		<SimpleData name="OBJECTID">126</SimpleData>
		<SimpleData name="ID">0</SimpleData>
		<SimpleData name="RIVERCODE">0</SimpleData>
		<SimpleData name="Corridors">0</SimpleData>
		<SimpleData name="Shape_Leng">1687.47483374000</SimpleData>
	</SchemaData></ExtendedData>
      <LineString><coordinates>33.194248013568298,-9.61127952356085 33.193499102369216,-9.611973732051933 33.19292292941779,-9.612494470078874 33.192523173465304,-9.613416647184813 33.191779400114214,-9.614915721819118 33.190918986974069,-9.616300478445355 33.190805660421852,-9.61670357698933 33.19052179336974,-9.617625088093572 33.19017924038603,-9.61843194831588 33.189950380869966,-9.618893200939272 33.18954803953168,-9.61941293881179 33.18914422848524,-9.619702713319247 33.188392352502795,-9.619936985148746 33.187988906076995,-9.620284248379186 33.187415279224425,-9.621207413188772 33.187358796662004,-9.621437707818688 33.187188982414945,-9.622071099785483 33.187018800554085,-9.62264700070582 33.186962684495477,-9.622934785307832 33.186848984199216,-9.62328039248478 33.186695762204486,-9.623966785577341</coordinates></LineString>
  </Placemark>
  <Placemark>
	<Style><LineStyle><color>ff0000ff</color></LineStyle><PolyStyle><fill>0</fill></PolyStyle></Style>
	<ExtendedData><SchemaData schemaUrl="#Luangwa_river">
		<SimpleData name="OBJECTID">127</SimpleData>
		<SimpleData name="ID">0</SimpleData>
		<SimpleData name="RIVERCODE">0</SimpleData>
		<SimpleData name="Corridors">0</SimpleData>
		<SimpleData name="Shape_Leng">2532.62768247000</SimpleData>
	</SchemaData></ExtendedData>
      <LineString><coordinates>33.170480730073024,-9.628375406374811 33.170709258099961,-9.627856676210628 33.171168132891196,-9.627106667717506 33.171569054868449,-9.626356987699296 33.172086604528673,-9.625721630915928 33.173127894627733,-9.625428260271898 33.174054740076194,-9.625365506789789 33.174865319858746,-9.625245919106805 33.176024331927714,-9.62523933546983 33.176895780900118,-9.625579339290219 33.177997939764872,-9.625745551011647 33.179042148029438,-9.62591208862551 33.179739750253191,-9.62625307431092 33.180495303758725,-9.626593729793033 33.18119473806928,-9.627222166379697 33.181837321475449,-9.628023405156613 33.182304590349794,-9.628595669734747 33.182714275863916,-9.629225755541418 33.183413718786007,-9.629854188265817 33.184287019582143,-9.630481626775787 33.185391029543759,-9.630935268249234 33.186438924592366,-9.631676690529993 33.187600526703093,-9.63207250226233 33.188528855130272,-9.632239673321475 33.189023994129734,-9.632324373346195 33.189387062460703,-9.632324174302113 33.18960494438506,-9.632396114149584</coordinates></LineString>
  </Placemark>
  <Placemark>
	<Style><LineStyle><color>ff0000ff</color></LineStyle><PolyStyle><fill>0</fill></PolyStyle></Style>
	<ExtendedData><SchemaData schemaUrl="#Luangwa_river">
		<SimpleData name="OBJECTID">128</SimpleData>
		<SimpleData name="ID">0</SimpleData>
		<SimpleData name="RIVERCODE">0</SimpleData>
		<SimpleData name="Corridors">0</SimpleData>
		<SimpleData name="Shape_Leng">2498.87610504000</SimpleData>
	</SchemaData></ExtendedData>
      <LineString><coordinates>33.207995979618659,-9.622411513719483 33.207537194035964,-9.623161569663726 33.206216553320708,-9.625066453868985 33.205873290336548,-9.625758347894278 33.205125481443702,-9.626625052829029 33.204375819878159,-9.627204303692647 33.20327845023931,-9.627785555938681 33.202062588673151,-9.627965037108686 33.200902092941107,-9.627741745717971 33.199741229481361,-9.627460959513186 33.198988237074374,-9.627522781849521 33.198354833762252,-9.628158844263878 33.197777903804386,-9.628564608523693 33.196444660358232,-9.628514773406806 33.195575026664145,-9.628462273064624 33.19389554922374,-9.628644385670613 33.193260294629894,-9.628992984416533 33.19233859212396,-9.629860659523795 33.191763858055815,-9.630611358413917 33.191072483760834,-9.631247739305817 33.190669394599233,-9.631652496549163 33.19020688335781,-9.631827622836813 33.189604703188273,-9.631963759208032</coordinates></LineString>
  </Placemark>
  <Placemark>
	<Style><LineStyle><color>ff0000ff</color></LineStyle><PolyStyle><fill>0</fill></PolyStyle></Style>
	<ExtendedData><SchemaData schemaUrl="#Luangwa_river">
		<SimpleData name="OBJECTID">129</SimpleData>
		<SimpleData name="ID">0</SimpleData>
		<SimpleData name="RIVERCODE">0</SimpleData>
		<SimpleData name="Corridors">0</SimpleData>
		<SimpleData name="Shape_Leng">1948.23915190000</SimpleData>
	</SchemaData></ExtendedData>
      <LineString><coordinates>33.20562978470948,-9.632946351552274 33.205518321439371,-9.633636907553868 33.205117836939351,-9.634444116248043 33.204425370542552,-9.634908051810532 33.203965820850563,-9.635543121312997 33.203910826126133,-9.636003379803865 33.203742514813122,-9.636866742228094 33.203460515655465,-9.638075714848698 33.203119082499001,-9.639055059221317 33.202545835384981,-9.640035738801041 33.201856679548214,-9.641017084070613 33.20163225433437,-9.642168231879836 33.201640010634861,-9.643375534568969 33.201357999033135,-9.644584506179248 33.200956383793127,-9.645219238457562 33.200437752735624,-9.645682164922446 33.199686564585491,-9.646031442712751 33.199225884666546,-9.646494034427192 33.198883324794998,-9.64730090209598 33.198769629040171,-9.647646512632111 33.198618369230765,-9.648316083654219</coordinates></LineString>
  </Placemark>
  <Placemark>
	<Style><LineStyle><color>ff0000ff</color></LineStyle><PolyStyle><fill>0</fill></PolyStyle></Style>
	<ExtendedData><SchemaData schemaUrl="#Luangwa_river">
		<SimpleData name="OBJECTID">130</SimpleData>
		<SimpleData name="ID">0</SimpleData>
		<SimpleData name="RIVERCODE">0</SimpleData>
		<SimpleData name="Corridors">0</SimpleData>
		<SimpleData name="Shape_Leng">2781.64825732000</SimpleData>
	</SchemaData></ExtendedData>
      <LineString><coordinates>33.22144801072087,-9.650332527189582 33.221106246303805,-9.651254397127671 33.220708760302827,-9.652521546521237 33.220311271428983,-9.653788696332919 33.219856197806742,-9.655113671834064 33.218933750164247,-9.655866435391838 33.2185317837708,-9.656443696631929 33.217556211266043,-9.65794416996552 33.216865947568081,-9.658753072905544 33.215482064205972,-9.659853460274432 33.214324052796144,-9.660032650071688 33.213050497930546,-9.66026999904846 33.21212542282089,-9.660620310711385 33.210851864037686,-9.660857650719827 33.209869198476667,-9.661265782897711 33.208710437176926,-9.661329973416828 33.207727768459129,-9.661738099551361 33.207326516275344,-9.662430328617008 33.206868787722982,-9.663352854357635 33.206407353818612,-9.663700474040869 33.205775378223969,-9.664566510944532 33.205202837857556,-9.665662175665608 33.205031186292409,-9.66600812184352 33.204874463946247,-9.666543322494592</coordinates></LineString>
  </Placemark>
  <Placemark>
	<Style><LineStyle><color>ff0000ff</color></LineStyle><PolyStyle><fill>0</fill></PolyStyle></Style>
	<ExtendedData><SchemaData schemaUrl="#Luangwa_river">
		<SimpleData name="OBJECTID">131</SimpleData>
		<SimpleData name="ID">0</SimpleData>
		<SimpleData name="RIVERCODE">0</SimpleData>
		<SimpleData name="Corridors">0</SimpleData>
		<SimpleData name="Shape_Leng">2403.88138660000</SimpleData>
	</SchemaData></ExtendedData>
      <LineString><coordinates>33.221902164203257,-9.657803932576167 33.221501319737769,-9.658553668269731 33.221448582903797,-9.659358871628818 33.220585201576299,-9.660283774035005 33.219428308865133,-9.660635452999903 33.21902559265493,-9.661097734315716 33.2187967460995,-9.661559004716434 33.21827960355165,-9.662251919420408 33.217700780960698,-9.662370265362116 33.216891246644089,-9.662662426110391 33.215799735337391,-9.664163567193516 33.215282583613011,-9.664856477507959 33.214591556931516,-9.665550395525944 33.213900528329994,-9.666244311283803 33.213611483639639,-9.666360971453381 33.212626949875059,-9.666481658211696 33.211814802268037,-9.666371375127165 33.210771567778686,-9.666377411168199 33.210424936421781,-9.666551894273772 33.21002182973595,-9.666956673705633 33.209502807701639,-9.667362123875336 33.208752694396345,-9.667883893003902 33.208233298601698,-9.668231850595344 33.207248756251445,-9.668352522100882 33.206728247420855,-9.668528005332069 33.206382721363113,-9.668874956560719 33.205311981492819,-9.669497475186708</coordinates></LineString>
  </Placemark>
  <Placemark>
	<Style><LineStyle><color>ff0000ff</color></LineStyle><PolyStyle><fill>0</fill></PolyStyle></Style>
	<ExtendedData><SchemaData schemaUrl="#Luangwa_river">
		<SimpleData name="OBJECTID">132</SimpleData>
		<SimpleData name="ID">0</SimpleData>
		<SimpleData name="RIVERCODE">0</SimpleData>
		<SimpleData name="Corridors">0</SimpleData>
		<SimpleData name="Shape_Leng">2738.83484553000</SimpleData>
	</SchemaData></ExtendedData>
      <LineString><coordinates>33.205714203562977,-9.709066136176205 33.204908989710496,-9.710048155578871 33.20450989770098,-9.711085323245424 33.203646711147009,-9.712067674635183 33.202490362596876,-9.712534280750484 33.201446984793549,-9.712540291394776 33.200114888553564,-9.71272043885474 33.199538188218106,-9.713183698403212 33.198731839200711,-9.713993232741302 33.197689932546623,-9.714229193499277 33.196646549113154,-9.714235190523981 33.195551098800486,-9.715161362892577 33.194631382390313,-9.716373986944392 33.193711291750922,-9.717529117061377 33.192561169618571,-9.718973026742974 33.191521819358755,-9.7196114023587 33.19076898749487,-9.719730701025844 33.189960394971699,-9.720195272364817 33.188750810573488,-9.721409540435861 33.188235353639243,-9.722389862689379 33.187661927294499,-9.72337051535655 33.18743226200467,-9.72371678457451</coordinates></LineString>
  </Placemark>
  <Placemark>
	<Style><LineStyle><color>ff0000ff</color></LineStyle><PolyStyle><fill>0</fill></PolyStyle></Style>
	<ExtendedData><SchemaData schemaUrl="#Luangwa_river">
		<SimpleData name="OBJECTID">133</SimpleData>
		<SimpleData name="ID">0</SimpleData>
		<SimpleData name="RIVERCODE">0</SimpleData>
		<SimpleData name="Corridors">0</SimpleData>
		<SimpleData name="Shape_Leng">4984.69711291000</SimpleData>
	</SchemaData></ExtendedData>
      <LineString><coordinates>33.203536460110207,-9.721957020680367 33.202323959934027,-9.722711412342029 33.202158195265042,-9.723977202552231 33.20234208366324,-9.725528439772431 33.202467635873354,-9.727022520805424 33.20270542702098,-9.727941029807989 33.202949138858664,-9.729779384172765 33.203193594043761,-9.731732718227066 33.202861691519601,-9.734206806636465 33.202354396147477,-9.736451936395529 33.20131464088071,-9.737032851327877 33.200092474262398,-9.736292487897648 33.199390190527033,-9.735261665219181 33.197767787039417,-9.735385983261656 33.196492829570687,-9.735450804216319 33.195676095035537,-9.734650601153378 33.194747849072549,-9.73454094646107 33.193937385498423,-9.734718076488015 33.193002878802943,-9.733631080463903 33.191726821844583,-9.7335234127703 33.191212092202512,-9.73461872010798 33.189946698207784,-9.736178265615857 33.188790248484032,-9.736644826744788 33.187452905175938,-9.736020061452958 33.186232607709471,-9.735567098772995 33.185249695230794,-9.735975163514778 33.184045907008517,-9.738109260741798 33.18336456820559,-9.740355356156419 33.183141486877197,-9.741736449008275 33.182856034026585,-9.742427988044573 33.182335030560935,-9.742545945371479 33.181696986369737,-9.742492092505946 33.181287894549826,-9.741976992392383 33.181169389553702,-9.741575221406272</coordinates></LineString>
  </Placemark>
  <Placemark>
	<Style><LineStyle><color>ff0000ff</color></LineStyle><PolyStyle><fill>0</fill></PolyStyle></Style>
	<ExtendedData><SchemaData schemaUrl="#Luangwa_river">
		<SimpleData name="OBJECTID">134</SimpleData>
		<SimpleData name="ID">0</SimpleData>
		<SimpleData name="RIVERCODE">0</SimpleData>
		<SimpleData name="Corridors">0</SimpleData>
		<SimpleData name="Shape_Leng">3215.34915653000</SimpleData>
	</SchemaData></ExtendedData>
      <LineString><coordinates>33.1667411015653,-9.678530295960133 33.167095769710102,-9.679620651293488 33.167333429158013,-9.680539189804252 33.166706412113612,-9.68221002545452 33.165725083959799,-9.682847995548897 33.164920540120782,-9.683944905234512 33.164638728382123,-9.685211336838481 33.164879655161236,-9.686647292423512 33.164998847433779,-9.687164053570818 33.165989641142566,-9.688020841351996 33.166285265422133,-9.688939052666964 33.166291445773119,-9.689916392830149 33.166589253722996,-9.691179547661962 33.167582973482375,-9.692496255847731 33.168049218172747,-9.692896065005371 33.168979525422756,-9.69335073842791 33.169792818221737,-9.693633593993186 33.170722401622527,-9.693973281037337 33.17124661355615,-9.694372757481576 33.171947996087184,-9.695288661128879 33.172646829238843,-9.695802129694101 33.172481328101426,-9.697125400147019 33.17208324362997,-9.698335003797638 33.172262602531433,-9.699196376049287 33.172731414543378,-9.699998612779075 33.173548010028028,-9.700798873893186 33.173838922993575,-9.700969699648027 33.174363514731695,-9.701426661648592 33.174609619784661,-9.701724765944972 33.174682285337191,-9.701796788162206</coordinates></LineString>
  </Placemark>
  <Placemark>
	<Style><LineStyle><color>ff0000ff</color></LineStyle><PolyStyle><fill>0</fill></PolyStyle></Style>
	<ExtendedData><SchemaData schemaUrl="#Luangwa_river">
		<SimpleData name="OBJECTID">135</SimpleData>
		<SimpleData name="ID">0</SimpleData>
		<SimpleData name="RIVERCODE">0</SimpleData>
		<SimpleData name="Corridors">0</SimpleData>
		<SimpleData name="Shape_Leng">4825.90216436000</SimpleData>
	</SchemaData></ExtendedData>
      <LineString><coordinates>33.173461512080181,-9.678032269695876 33.173935039221689,-9.679581885031594 33.174925102180097,-9.68032366669099 33.175914804092287,-9.681007954587129 33.176673765505114,-9.681866030593815 33.176336596302349,-9.683535234993856 33.176633340003335,-9.684625908675404 33.177277485658429,-9.685657113714985 33.177920538994343,-9.686515845092453 33.178448403931476,-9.687490216653242 33.178627041034488,-9.688236604410713 33.178805313974181,-9.688925501265965 33.178928916589591,-9.690132143515337 33.178413112006695,-9.691054961681981 33.177895111050958,-9.69163283634675 33.177261184232947,-9.692211368918244 33.176399059818273,-9.693366124730305 33.175887625770102,-9.694978826376719 33.175493573104617,-9.696820830316041 33.174924897187914,-9.698548840901832 33.174641286641901,-9.699527827300525 33.174473601461088,-9.700506153882905 33.174419288101937,-9.701081389252936 33.174713851485336,-9.701827119804678 33.175356564562378,-9.702628364012979 33.175821371623485,-9.702798200862992 33.177042267525316,-9.703366184502686 33.177913554122618,-9.703648689863929 33.178730536613259,-9.70450642879535 33.179081613748473,-9.705021863678301 33.179435619614274,-9.70599722197529 33.179791822570223,-9.707317523086029 33.180088965877331,-9.708465681465263 33.180731338173658,-9.70920942504304 33.181310254873793,-9.70909113989412 33.181945305323644,-9.708685071102769 33.183218332660175,-9.708332853662457 33.183800913346502,-9.708789470189899 33.184098438515932,-9.709995115386725 33.184450629551165,-9.710683015437954 33.18491618528418,-9.710967820004063 33.185323409414067,-9.711195464015017 33.185218636546232,-9.711230956047698</coordinates></LineString>
  </Placemark>
  <Placemark>
	<name>Kanyala</name>
	<Style><LineStyle><color>ff0000ff</color></LineStyle><PolyStyle><fill>0</fill></PolyStyle></Style>
	<ExtendedData><SchemaData schemaUrl="#Luangwa_river">
		<SimpleData name="Name">Kanyala</SimpleData>
		<SimpleData name="OBJECTID">136</SimpleData>
		<SimpleData name="ID">0</SimpleData>
		<SimpleData name="RIVERCODE">0</SimpleData>
		<SimpleData name="Corridors">0</SimpleData>
		<SimpleData name="Shape_Leng">3882.79660072000</SimpleData>
	</SchemaData></ExtendedData>
      <LineString><coordinates>33.179205731031026,-9.67897698971974 33.17926954204934,-9.67989650915821 33.179445616700157,-9.680240463152053 33.18032160287116,-9.681270342199957 33.181368913110958,-9.681896793500036 33.182416959242332,-9.68263822304964 33.183001325879061,-9.683382294474409 33.18387733103188,-9.684412163915043 33.184405943235774,-9.685501506779131 33.184526998167811,-9.686305712590778 33.184304320068748,-9.687744300586735 33.184540564708101,-9.688432862860571 33.185355692074438,-9.689003135275295 33.186112126339175,-9.689458754140729 33.187045017646348,-9.690315812570841 33.187109220911559,-9.691292820226005 33.188098979380001,-9.691977071514407 33.18873876560852,-9.692318367005372 33.189612606071663,-9.693003278095652 33.189506605145873,-9.69455618529997 33.189222305778138,-9.695420201759786 33.189342641628421,-9.696109423735068 33.189754261249114,-9.697026949430972 33.189760143208773,-9.697946797704589 33.189015076329021,-9.699273391620478 33.188788367675514,-9.700079585554272 33.188851475415966,-9.700884121060829 33.188856252209654,-9.701631497158738 33.188281759159288,-9.702439680238509 33.187533005149831,-9.703191366843017 33.187421116269959,-9.703824424652373 33.187425523546935,-9.704514310931534 33.186388041761106,-9.705440123306985 33.186104460142182,-9.706419118295885 33.186514615924665,-9.707106684583383 33.186693281978016,-9.707853066759981</coordinates></LineString>
  </Placemark>
  <Placemark>
	<name>Pangapanga</name>
	<Style><LineStyle><color>ff0000ff</color></LineStyle><PolyStyle><fill>0</fill></PolyStyle></Style>
	<ExtendedData><SchemaData schemaUrl="#Luangwa_river">
		<SimpleData name="Name">Pangapanga</SimpleData>
		<SimpleData name="OBJECTID">137</SimpleData>
		<SimpleData name="ID">0</SimpleData>
		<SimpleData name="RIVERCODE">0</SimpleData>
		<SimpleData name="Corridors">0</SimpleData>
		<SimpleData name="Shape_Leng">3206.87713573000</SimpleData>
	</SchemaData></ExtendedData>
      <LineString><coordinates>33.165934381759691,-9.783155398850976 33.16641590178142,-9.782881092666816 33.16699021792671,-9.782015456353159 33.167217030878682,-9.781209279780704 33.16772972294639,-9.779769066935591 33.169002670564886,-9.779359408513246 33.170336508732049,-9.779409339968971 33.171900795308261,-9.779227987807477 33.17294292239913,-9.778992101728351 33.173692606233921,-9.778355427797846 33.174786129423197,-9.777084382166134 33.175421314125266,-9.776678324707802 33.17634528338634,-9.776098145829101 33.177850843027436,-9.775802116885036 33.179127057571833,-9.77590983334753 33.180108261538493,-9.775214334448812 33.181265223430508,-9.774805291612044 33.181953239644351,-9.773594027229162 33.182061493408469,-9.772386070374047 33.183097722670333,-9.771230308903082 33.184600685196543,-9.770531818194339 33.186047501523539,-9.770121103375447 33.187032716261072,-9.770057977119457 33.187959588275028,-9.769937689867565 33.188827747388537,-9.769702751659551</coordinates></LineString>
  </Placemark>
  <Placemark>
	<Style><LineStyle><color>ff0000ff</color></LineStyle><PolyStyle><fill>0</fill></PolyStyle></Style>
	<ExtendedData><SchemaData schemaUrl="#Luangwa_river">
		<SimpleData name="OBJECTID">138</SimpleData>
		<SimpleData name="ID">0</SimpleData>
		<SimpleData name="RIVERCODE">0</SimpleData>
		<SimpleData name="Corridors">0</SimpleData>
		<SimpleData name="Shape_Leng">3454.98389526000</SimpleData>
	</SchemaData></ExtendedData>
      <LineString><coordinates>33.16621713229236,-9.767374437713706 33.168229361099208,-9.767117911062321 33.169041010920878,-9.767113312403717 33.170318283442533,-9.767393534164134 33.171304588761203,-9.767502925076668 33.172870279132326,-9.767551530469659 33.174200418053523,-9.767026543363256 33.174775783938301,-9.766333365450057 33.175584142345201,-9.765811338419626 33.177437504701487,-9.765513333440142 33.178711117408987,-9.765218619608941 33.179632852360179,-9.76429349086983 33.180963699616527,-9.763883458663585 33.182645690211352,-9.763988849521596 33.183164158946369,-9.7634684587431 33.184437758488812,-9.76317372460043 33.185487536120654,-9.764145097425471 33.186812497600918,-9.762815197595145 33.187507819921912,-9.76275372786737 33.188903245044344,-9.763378158431017 33.190119599966948,-9.763198715591372 33.190869583931239,-9.762619494029687 33.191389878462523,-9.762386543265885 33.192665676641745,-9.762436719477224 33.193421918779471,-9.762834827332817 33.194350611664923,-9.763001974379534 33.19481551094885,-9.76317178215557</coordinates></LineString>
  </Placemark>
  <Placemark>
	<Style><LineStyle><color>ff0000ff</color></LineStyle><PolyStyle><fill>0</fill></PolyStyle></Style>
	<ExtendedData><SchemaData schemaUrl="#Luangwa_river">
		<SimpleData name="OBJECTID">139</SimpleData>
		<SimpleData name="ID">0</SimpleData>
		<SimpleData name="RIVERCODE">0</SimpleData>
		<SimpleData name="Corridors">0</SimpleData>
		<SimpleData name="Shape_Leng">2301.64960176000</SimpleData>
	</SchemaData></ExtendedData>
      <LineString><coordinates>33.180096155594654,-9.775221759297361 33.180516660865301,-9.775614452443431 33.181218607555024,-9.776587820588381 33.18192312504496,-9.777963618470054 33.183436025258892,-9.778817369056112 33.185521726606162,-9.778575485084323 33.186557962483512,-9.777419713366939 33.187595294527256,-9.776436409828037 33.189048384983373,-9.777003016446031 33.190851550501229,-9.777912564332612 33.191838260069858,-9.778079384490944 33.193342339466504,-9.777553325517499 33.194440208903181,-9.77697210012612 33.19530801310691,-9.776679654829948 33.196350114460685,-9.776443697457767 33.197103069963376,-9.776324384446337 33.197740442440377,-9.776263227231352</coordinates></LineString>
  </Placemark>
  <Placemark>
	<Style><LineStyle><color>ff0000ff</color></LineStyle><PolyStyle><fill>0</fill></PolyStyle></Style>
	<ExtendedData><SchemaData schemaUrl="#Luangwa_river">
		<SimpleData name="OBJECTID">140</SimpleData>
		<SimpleData name="ID">0</SimpleData>
		<SimpleData name="RIVERCODE">0</SimpleData>
		<SimpleData name="Corridors">0</SimpleData>
		<SimpleData name="Shape_Leng">3473.00090548000</SimpleData>
	</SchemaData></ExtendedData>
      <LineString><coordinates>33.142702349141743,-9.764386926810971 33.143001218480407,-9.765822568007007 33.143125086673287,-9.767086709977482 33.143480136713578,-9.768234573575541 33.144183401434965,-9.76943798209342 33.144422866675846,-9.770643982925344 33.144893156020117,-9.771676215493962 33.145421784855344,-9.772765613767197 33.146239577036496,-9.773738405849947 33.147691867797747,-9.774190209345093 33.149258671313547,-9.774411394634701 33.150764610761463,-9.774172974917583 33.151984643098729,-9.774568571376786 33.153493474550366,-9.774790062362719 33.154477624539396,-9.774554559227397 33.155578088844059,-9.774375891172069 33.156855741214784,-9.774713652711494 33.157959828652942,-9.775109880687785 33.158949417090106,-9.775736720155264 33.159938283166177,-9.776248575584466 33.160923885347501,-9.776243015072165 33.161617788861953,-9.775951636469916 33.162138125071792,-9.775718728965723 33.16341179087712,-9.77542407256769 33.164108598486742,-9.775592611342406 33.164573137878413,-9.775704969725176 33.165386627559407,-9.775987832038679 33.165794281598323,-9.776272987844136 33.166085983976785,-9.776558799430525 33.166439788449225,-9.776886060178473</coordinates></LineString>
  </Placemark>
  <Placemark>
	<Style><LineStyle><color>ff0000ff</color></LineStyle><PolyStyle><fill>0</fill></PolyStyle></Style>
	<ExtendedData><SchemaData schemaUrl="#Luangwa_river">
		<SimpleData name="OBJECTID">141</SimpleData>
		<SimpleData name="ID">0</SimpleData>
		<SimpleData name="RIVERCODE">0</SimpleData>
		<SimpleData name="Corridors">0</SimpleData>
		<SimpleData name="Shape_Leng">4528.33478187000</SimpleData>
	</SchemaData></ExtendedData>
      <LineString><coordinates>33.143522240034095,-9.784217231636001 33.143526921208419,-9.784964606344071 33.143418164610424,-9.786115062687495 33.142789040637943,-9.787498397933176 33.142796239334807,-9.788648204641858 33.142863577053731,-9.790142630849029 33.143047593564852,-9.791751388625093 33.143633508086502,-9.792725482222865 33.144918785437319,-9.794270585030665 33.146370443458359,-9.794607411292331 33.147071250983089,-9.795408378259475 33.148119220379591,-9.796092413015387 33.149337884995461,-9.796258056172702 33.150618144919228,-9.796998272172129 33.151957835918324,-9.797968118980013 33.153527647790938,-9.798649204670696 33.154570935632897,-9.7985858454661 33.156137132860238,-9.798692016877398 33.158464331136926,-9.799943737511651 33.160270081527266,-9.801255878017168 33.161260479062783,-9.801997688474703 33.162427366658413,-9.803140944949503 33.163711680255894,-9.804513503325946 33.164473441084397,-9.805774027136481 33.16517758983764,-9.807092367079051 33.165763596843725,-9.808066421088411 33.166174932062745,-9.808926477481936 33.167050856413645,-9.809898887267547 33.168039471921098,-9.810353225835842 33.168636229452346,-9.810752456621973</coordinates></LineString>
  </Placemark>
  <Placemark>
	<name>Towa</name>
	<Style><LineStyle><color>ff0000ff</color></LineStyle><PolyStyle><fill>0</fill></PolyStyle></Style>
	<ExtendedData><SchemaData schemaUrl="#Luangwa_river">
		<SimpleData name="Name">Towa</SimpleData>
		<SimpleData name="OBJECTID">142</SimpleData>
		<SimpleData name="ID">0</SimpleData>
		<SimpleData name="RIVERCODE">0</SimpleData>
		<SimpleData name="Corridors">0</SimpleData>
		<SimpleData name="Shape_Leng">8465.79495577000</SimpleData>
	</SchemaData></ExtendedData>
      <LineString><coordinates>33.174824726463939,-9.8356094419016 33.17527311701302,-9.835436263624192 33.176025482499966,-9.835202014665983 33.176312854776747,-9.834797934872531 33.176482058297488,-9.834049573366682 33.176536751711794,-9.833531833057469 33.177459776735184,-9.832779180449775 33.178733644900227,-9.832484464072142 33.179368928897695,-9.83207839878728 33.179654096427193,-9.831329374569716 33.180635460077269,-9.830633873541103 33.18156103552888,-9.830283639999305 33.182250995769593,-9.829359828299204 33.182883700994815,-9.828551325553352 33.18305215234377,-9.827687981168289 33.182871957670251,-9.826711643208117 33.182402571845884,-9.825851939738412 33.181877037558337,-9.825280017477169 33.18187263636915,-9.824590135870336 33.182506434059391,-9.82395410460658 33.183492542792827,-9.824005966459223 33.183837147460018,-9.823486568074753 33.184008531008331,-9.823083144404929 33.184469470453976,-9.82262057297836 33.184927469469329,-9.821698080487879 33.184979943883235,-9.820835397900085 33.185207472981766,-9.82014419022736 33.185666569530788,-9.819394167566786 33.185721246647766,-9.818876424717871 33.185542517986939,-9.818130047989897 33.186061064542706,-9.817609653002069 33.186287853868677,-9.816803465774422 33.186164536508507,-9.81565432685297 33.186681608087817,-9.814903970636912 33.187722731801067,-9.814495567903521 33.188703661115746,-9.813742552816017 33.189160165603525,-9.81259009428077 33.189386207748441,-9.811668924346643 33.189608568775903,-9.810172853029435 33.190065064551959,-9.809020393182735 33.190521557238291,-9.807867931797802 33.191270903008935,-9.807173729286184 33.192197875009285,-9.807053428825169 33.19300335387257,-9.80607143971528 33.193462781913304,-9.805378895962958 33.194388641751651,-9.805086119618723 33.195142400748395,-9.805081789573196 33.196184959756941,-9.804903321670151 33.197050248653603,-9.804208440801121 33.197505233323326,-9.802826010013581 33.198020042599055,-9.8017306968492 33.198713226224164,-9.801324261982019 33.199699268676099,-9.801376077987758 33.200630291561943,-9.801888145232367 33.201902538681892,-9.80136338361922 33.202422884911684,-9.801130414573374 33.202945082085741,-9.801184895208804 33.20393186591226,-9.801351678548807 33.204621705883852,-9.800427822059762 33.205079248486385,-9.799447812533293 33.205306351046282,-9.798699102221791 33.20640352630415,-9.798002858306942 33.207035000475798,-9.797021841360341 33.207204117212221,-9.796273464518695 33.207662760642478,-9.795465922358707 33.208586723535646,-9.794885656563437 33.209627385510522,-9.794419697621724 33.210028783658537,-9.79372746804361 33.210138055174525,-9.792691975452698 33.210943074789071,-9.791652454422277 33.211172016808781,-9.79119119067429 33.211340378646895,-9.79032783212848 33.211100657725105,-9.789121883459368 33.211498330089185,-9.78785475023453 33.211958811009595,-9.787334652827623 33.212708437290843,-9.786697894257621 33.213690717602162,-9.786174769583939 33.214845811313317,-9.785478162376933 33.215192562373197,-9.78530367344543 33.215944040351147,-9.784954358337384 33.21663716703825,-9.784547887656649 33.217332900596077,-9.78454384653473 33.217506833978163,-9.784542836257959</coordinates></LineString>
  </Placemark>
  <Placemark>
	<name>Chuwa</name>
	<Style><LineStyle><color>ff0000ff</color></LineStyle><PolyStyle><fill>0</fill></PolyStyle></Style>
	<ExtendedData><SchemaData schemaUrl="#Luangwa_river">
		<SimpleData name="Name">Chuwa</SimpleData>
		<SimpleData name="OBJECTID">143</SimpleData>
		<SimpleData name="ID">0</SimpleData>
		<SimpleData name="RIVERCODE">0</SimpleData>
		<SimpleData name="Corridors">0</SimpleData>
		<SimpleData name="Shape_Leng">14379.38438550000</SimpleData>
	</SchemaData></ExtendedData>
      <LineString><coordinates>33.275393751041371,-9.787996063735582 33.273655173495548,-9.788121440828924 33.272095496665393,-9.788993137568728 33.271117123782297,-9.790091326754013 33.26979125443129,-9.791249077686206 33.269040584431274,-9.79171349065116 33.267768102628622,-9.792181010816574 33.266605475844905,-9.791727999608186 33.264981688596514,-9.791680173165723 33.263941497290759,-9.792203789744336 33.263478808897041,-9.792379017529136 33.262266578449207,-9.793191111169699 33.261227139050845,-9.793829699628056 33.260419232428148,-9.794409417007824 33.259841719412968,-9.794757797616104 33.258513512315872,-9.795570567470675 33.257702559170355,-9.795690360248887 33.25561757261044,-9.796047668193202 33.253306346427237,-9.797268682771804 33.251806066703971,-9.798369904982774 33.250246283092878,-9.799241503590132 33.248571287279809,-9.80022875988521 33.246138755764129,-9.800645553194283 33.243594030969597,-9.801637910129218 33.24133730903673,-9.802341094953903 33.239077189262311,-9.802526855950752 33.237277149942962,-9.802134980090065 33.235768146593358,-9.801913864946194 33.23368572435372,-9.802673468598185 33.231953429714757,-9.80377596290916 33.229631186948097,-9.803329611563983 33.228005846586122,-9.803051648986715 33.226846975822461,-9.803173401249715 33.225174507315572,-9.804562973218754 33.224428232400719,-9.80571716859402 33.223797167377448,-9.806755706810904 33.222294502911488,-9.807511861189584 33.220907422578328,-9.808209844597748 33.219815098697538,-9.809653504509669 33.21762631954585,-9.811908425805479 33.216593816007567,-9.81363918891744 33.21601920442987,-9.814447415933959 33.216022930976862,-9.815022315786619 33.215567635216622,-9.81634727902027 33.214412809323932,-9.817101378916638 33.213666097102539,-9.81819806190693 33.213211904969626,-9.819695491599415 33.212464810857426,-9.820734680913988 33.212703817242172,-9.821825646364497 33.213229770326734,-9.822455010125308 33.213578793157595,-9.82262546239604 33.213233863935578,-9.823087399082464 33.212486391153703,-9.824069099148286 33.212260033213745,-9.82493279346326 33.212439568119919,-9.825794133922701 33.211806569609955,-9.826545200385258 33.210471796032529,-9.826380456366337 33.209658518414372,-9.826155197031282 33.209137767988416,-9.826330687373332 33.208736700892999,-9.827080405569614 33.208278018225414,-9.827887949414874 33.208224860359813,-9.828635654689188 33.207651316571798,-9.829616337319143 33.207076657160179,-9.830424549430941 33.206387877511787,-9.83152088085993 33.205751515074908,-9.831754526671574 33.205229640596869,-9.831757541597254 33.20378443609254,-9.83245579132047 33.203091936274468,-9.832977216400758 33.202166378095171,-9.833327507585127 33.201123364597912,-9.833448505111148 33.200314145106972,-9.833855613742351 33.199914899054363,-9.834892771689374 33.199920448648705,-9.835755121530205 33.200213343281312,-9.836213370875763 33.200449360733408,-9.836844424176471 33.200161646235657,-9.837191034654188 33.200166456206304,-9.837938404039866 33.199186962526852,-9.838921411869116 33.198550210771003,-9.839097553348625 33.198323067256453,-9.83984625818864 33.198733417562707,-9.840533801604421 33.198851610938178,-9.840878073791483 33.19792639608238,-9.841285843890562 33.197523438171508,-9.841748099111889 33.197589557613199,-9.843012544767856 33.197650132434433,-9.843414640753199 33.196955383096295,-9.843591114456917 33.196145395700945,-9.843883233138316 33.195627563977276,-9.844518622652272 33.195864687498648,-9.845322148455205 33.195347590958356,-9.846072517846491 33.194538703898154,-9.846537103243284 33.193729075361837,-9.846886705514963 33.192631345799349,-9.847525420797254 33.191941378056001,-9.848449252841963 33.191716425483733,-9.849542893279281 33.191605607288977,-9.850348418222618 33.191089598590807,-9.851271250764071 33.190398514077906,-9.852022611026706 33.190173554211832,-9.853116249440664 33.190583166613024,-9.85368882192339 33.190589061899971,-9.854608661558268 33.189897968521791,-9.855360019895111 33.189609490263358,-9.85559164123609 33.189147777403043,-9.855939240085219 33.188570451044384,-9.856344991117044 33.188287123625685,-9.85738147159222 33.188290435998006,-9.857898881085545 33.18835188996718,-9.858228443777623 33.188352094418441,-9.85858873356996</coordinates></LineString>
  </Placemark>
  <Placemark>
	<name>Miyomba</name>
	<Style><LineStyle><color>ff0000ff</color></LineStyle><PolyStyle><fill>0</fill></PolyStyle></Style>
	<ExtendedData><SchemaData schemaUrl="#Luangwa_river">
		<SimpleData name="Name">Miyomba</SimpleData>
		<SimpleData name="OBJECTID">144</SimpleData>
		<SimpleData name="ID">0</SimpleData>
		<SimpleData name="RIVERCODE">0</SimpleData>
		<SimpleData name="Corridors">0</SimpleData>
		<SimpleData name="Shape_Leng">26421.07977020000</SimpleData>
	</SchemaData></ExtendedData>
      <LineString><coordinates>33.106258920466509,-9.673980241175974 33.106949835149386,-9.673229047212276 33.107874351250381,-9.672764034273627 33.108916197421124,-9.672528345837289 33.110193416515635,-9.672866290371786 33.111180489603846,-9.673148331646884 33.112691322435872,-9.673772446774203 33.113680527862329,-9.67439942525818 33.114669736023863,-9.675026401734623 33.115374828935963,-9.676574824320769 33.115671370343698,-9.677665554081301 33.115275587888448,-9.679277532069698 33.114821487354014,-9.68083233814319 33.114135894353517,-9.682445910100359 33.114029548715003,-9.683998800168277 33.11421655490475,-9.686125003279662 33.114342054629468,-9.687676617458992 33.11400208904552,-9.688943329498235 33.113662474863787,-9.690267531220677 33.113785845693592,-9.691474200237352 33.114081686757316,-9.692449949268756 33.11431921124116,-9.693368525696018 33.114209317141452,-9.694346506937359 33.113463603762227,-9.695615451286976 33.112426298164607,-9.696598533890233 33.111621192879781,-9.697637829608398 33.111744913930515,-9.698901988950089 33.111807837941072,-9.699706541453564 33.111118296500578,-9.700687707446669 33.109738495100743,-9.702535055126614 33.109165578523381,-9.703630562262546 33.109348672866382,-9.705124367151541 33.109878141470062,-9.706386299451008 33.110294163347142,-9.708051302573487 33.110652224136594,-9.709716623095915 33.111532333174502,-9.711436567300209 33.112115886937417,-9.712065777995733 33.112071034484806,-9.714193253922183 33.111500586871102,-9.715691199809246 33.111624314865466,-9.716955357782998 33.111279350689529,-9.717417195472505 33.110417288189858,-9.718629278617032 33.110307728783553,-9.7196647482739 33.110602876719703,-9.720525516735499 33.110955639032625,-9.721328474908528 33.110387298998745,-9.723171362918745 33.109642925529748,-9.724670260306327 33.109766650236729,-9.725934418324259 33.110814680495281,-9.726676065254566 33.111226481788215,-9.727651177214984 33.111930608773342,-9.729027129339851 33.113268497074607,-9.72976717379693 33.114255384622808,-9.729991712512735 33.115474858224076,-9.730329952464514 33.116466367386565,-9.731301863910764 33.116876057870286,-9.731932024425397 33.117748794011227,-9.73244464549275 33.118098385727272,-9.732730179723564 33.11914538867407,-9.73329932787771 33.119789811346728,-9.734388130136258 33.120205206182774,-9.735938135865322 33.120156845546113,-9.737490703030714 33.120166453944123,-9.739042949373797 33.119823613576401,-9.739849739119869 33.119485396350136,-9.741403906176446 33.11902589942531,-9.742096353690327 33.118334871646532,-9.742847570264097 33.117941518188879,-9.744861980532624 33.117596533674295,-9.745323823164009 33.116611729947181,-9.745444238707709 33.115742513945172,-9.745506521653967 33.115223612095079,-9.745969320802926 33.115055732647882,-9.74694761930996 33.11506496304068,-9.748442374417291 33.114901697811398,-9.750168050189616 33.114152317770198,-9.750862087264061 33.113169979943528,-9.751384926704054 33.112248093059314,-9.752309879456181 33.111553130892787,-9.7524286854623 33.110979074399737,-9.753351721850045 33.11087234102061,-9.754847114092975 33.110354834938732,-9.755539868926466 33.109546397285825,-9.756061742615442 33.109264320050023,-9.757328126899555 33.109271755037028,-9.758535429494396 33.109159702533319,-9.759168462059924 33.108525884305998,-9.759804359164615 33.108360810858734,-9.761242579078518 33.10859801630221,-9.76210366462962 33.107851073105493,-9.763200121302072 33.107796991075979,-9.763832835551277 33.108092172664776,-9.764693603586304 33.10821626206144,-9.766015249830135 33.107523038150269,-9.766421501588965 33.106597912881931,-9.76682902303539 33.105554360238358,-9.766834744155139 33.104975668490113,-9.767010392128089 33.103882616296289,-9.768396198927739 33.103536882711069,-9.768743046571505 33.102496853478783,-9.769323664098076 33.101862650451373,-9.769902058005977 33.10175446075943,-9.771167484329745 33.101297002683303,-9.772204851152209 33.101240085378905,-9.772377640018359 33.10130370489977,-9.773297171672237 33.101773160767429,-9.774214483760535 33.102125959861361,-9.775017449046684 33.102248618459484,-9.776109134850493 33.102254970873169,-9.777143964340683 33.102377277602223,-9.778178160130356 33.102560386909587,-9.779671961977591 33.103436050495894,-9.78064454100981 33.103611042298347,-9.780816060248746 33.104251622458975,-9.781272492409745 33.104837406059211,-9.782246655106997 33.105363094922147,-9.782876191678279 33.105596420545083,-9.783104883196543 33.105371931193723,-9.784313454547258 33.105201531278873,-9.784889312573862 33.105728992803741,-9.785806300966076 33.10642720918014,-9.786204920659996 33.107593148602128,-9.787233389383866 33.108001831484941,-9.787691085881809 33.108758033300937,-9.788089381957537 33.110039589941991,-9.78905971456477 33.111202714682875,-9.789628247042844 33.112135699992287,-9.790485502876253 33.112838901542467,-9.791688975459726 33.113134830571013,-9.792664717666234 33.113315867014961,-9.793813569820907 33.114077414224127,-9.79507421047388 33.11419727988514,-9.795705966954944 33.114028663795175,-9.796569281144091 33.114033279561134,-9.797316656551416 33.114446243302304,-9.798464230418299 33.11514982564352,-9.799725187071219 33.115387077822334,-9.800586266328882 33.11585518914255,-9.801273595135207 33.116840867610321,-9.801268161467331 33.11753450662713,-9.800919381465937 33.118461135936556,-9.800741791664562 33.119219159283894,-9.80142751573409 33.120267448136097,-9.802169127317027 33.12096749798485,-9.802855167263356 33.121552656413606,-9.803714318661063 33.122192590775065,-9.80405573444876 33.123294240227125,-9.804049640498278 33.12416289343426,-9.803872356440378 33.124741637372253,-9.803696674667274 33.125204775845368,-9.803579124949678 33.126189746008805,-9.803458683822345 33.127466410146724,-9.803624083358994 33.12822374302619,-9.804194805778353 33.128982152793284,-9.804937998106873 33.129042995131222,-9.805397599267979 33.12910705623554,-9.806374613509243 33.12911063267412,-9.806949517142199 33.129635332488185,-9.807406543514379 33.130505780266311,-9.807516694064864 33.131207294108641,-9.80843267439065 33.131618183072568,-9.809235283453969 33.132375178304265,-9.809748506539288 33.133131817321306,-9.810204236465493 33.133598545075138,-9.81066157861768 33.133835135506814,-9.811407662703887 33.133494048479768,-9.812501914933685 33.133612882515614,-9.812961191848881 33.134775053685452,-9.813357169722497 33.135534574917294,-9.814272818022889 33.135600092055171,-9.815479791317005 33.135664892658966,-9.816571783528811 33.136248318579483,-9.817143456557126 33.137416972001546,-9.818574250936708 33.137595233309888,-9.819263164275686 33.138059465885419,-9.819318067395514 33.139045556057326,-9.819370058986754 33.140037758682837,-9.82039938194017 33.140736088018883,-9.820797928827696 33.141496002692129,-9.821771052450968 33.142137791583025,-9.822399880832995 33.142721599023766,-9.823029031759237 33.143939279439266,-9.823022222252611 33.145214223195524,-9.822900102362247 33.146434067266533,-9.823238224664324 33.14689902766348,-9.823408096411269 33.147137101168589,-9.824384130887889 33.14731430360704,-9.824900568192765 33.147666905610329,-9.82564599128256 33.14842107470556,-9.825699254762606 33.149178133027625,-9.826212438925271 33.1497046969384,-9.826956883112842 33.150807865967693,-9.827180659416355 33.151913568343218,-9.827806863948121 33.152557197233882,-9.828723122935786 33.152562985702303,-9.82964296638967 33.152623503523621,-9.830045071741212 33.152977209036571,-9.830962959044252 33.153964058888242,-9.831129887370336 33.155530771478304,-9.831293548492985 33.156637583361345,-9.832092207276409 33.157972357175844,-9.832257163606254 33.159192247009777,-9.832595239033783 33.160177653252248,-9.832532187714438 33.161345372769667,-9.833790424864979 33.162388040372718,-9.833612059358801 33.163256748154033,-9.833434673678294 33.16424142794957,-9.833256630747693 33.164939448579091,-9.833597636234046 33.165924492148321,-9.833477077830173 33.167028420935544,-9.83381578129532 33.167439427758296,-9.834618343946975 33.168426295961005,-9.834785228862424 33.169410975810763,-9.834607170880098 33.170338033844679,-9.834486928925424 33.171092955239047,-9.834655122075604 33.171849702978982,-9.835110764078555 33.172548466827521,-9.835566733302205 33.173361744165831,-9.835792081734239 33.174117035645004,-9.836017758325312 33.174243803369386,-9.836258266085945 33.174461853018414,-9.836402270126429</coordinates></LineString>
  </Placemark>
  <Placemark>
	<Style><LineStyle><color>ff0000ff</color></LineStyle><PolyStyle><fill>0</fill></PolyStyle></Style>
	<ExtendedData><SchemaData schemaUrl="#Luangwa_river">
		<SimpleData name="OBJECTID">145</SimpleData>
		<SimpleData name="ID">0</SimpleData>
		<SimpleData name="RIVERCODE">0</SimpleData>
		<SimpleData name="Corridors">0</SimpleData>
		<SimpleData name="Shape_Leng">3196.54971371000</SimpleData>
	</SchemaData></ExtendedData>
      <LineString><coordinates>33.123616602742402,-9.687740423075697 33.123331070052956,-9.688431915837855 33.123278808827365,-9.689352088757042 33.123342470249085,-9.690271620306334 33.12265298246119,-9.691252809410644 33.121901610932561,-9.691601919276776 33.121382087547531,-9.691949747131012 33.120518347551553,-9.692874402437134 33.119942635981047,-9.693510001756989 33.119366923157692,-9.694145600112737 33.118908911241476,-9.695068011550815 33.118911399463464,-9.695470446435522 33.118568244398205,-9.696219745544495 33.117879085326585,-9.697258415978045 33.117766712588079,-9.697833963187739 33.117887614070511,-9.69863819426231 33.118007094744442,-9.699212462372966 33.118243924521046,-9.700016054556304 33.118075009320805,-9.700821884004158 33.117846352580273,-9.701340579772518 33.117096019921597,-9.701862151144995 33.116403293623662,-9.702325910883589 33.115773499703224,-9.70359422070681 33.115433879336408,-9.704918424037841 33.115555842641719,-9.705895128427995 33.11562161697811,-9.707159605386821 33.115222251864672,-9.708196673512713 33.114589250258554,-9.70894756441589 33.114012791387147,-9.709468171785725 33.113320754902432,-9.710046907158866 33.112917478964015,-9.710451574216069 33.11257216844308,-9.710855922368239 33.112226501553096,-9.71120278015457 33.111939864206789,-9.711721790223308 33.111883670540294,-9.712009562250017</coordinates></LineString>
  </Placemark>
  <Placemark>
	<Style><LineStyle><color>ff0000ff</color></LineStyle><PolyStyle><fill>0</fill></PolyStyle></Style>
	<ExtendedData><SchemaData schemaUrl="#Luangwa_river">
		<SimpleData name="OBJECTID">146</SimpleData>
		<SimpleData name="ID">0</SimpleData>
		<SimpleData name="RIVERCODE">0</SimpleData>
		<SimpleData name="Corridors">0</SimpleData>
		<SimpleData name="Shape_Leng">4344.83366182000</SimpleData>
	</SchemaData></ExtendedData>
      <LineString><coordinates>33.092353880084289,-9.693891187101542 33.091372725230315,-9.694586436536856 33.090511700844914,-9.69597094354797 33.090228899115985,-9.697122335667551 33.091167535597641,-9.698957001337979 33.092217196031562,-9.699986161819615 33.093148477575561,-9.700613513985003 33.094027770564729,-9.702218523227931 33.09461373616378,-9.703250200676287 33.09502440639379,-9.704052861267625 33.095144201956096,-9.704684628552789 33.095503238724916,-9.706522439005587 33.095799391659042,-9.707555693444762 33.096040746254026,-9.709106680160057 33.096510096380712,-9.710024004893997 33.09697839299276,-9.710768856010969 33.097503953983846,-9.711398408626536 33.098203413175433,-9.712027010610635 33.099019511380028,-9.712769960755779 33.099952602742754,-9.71368474733659 33.100536844327777,-9.714428959764192 33.100773996384241,-9.715290053682478 33.101126377004775,-9.716035532509421 33.101593634659309,-9.716607904965683 33.102059836076691,-9.717007803954006 33.102702407830662,-9.717809185783359 33.103225519645783,-9.718036294470501 33.104562286110124,-9.718603902289461 33.105607808317984,-9.718943130359408 33.10659678043757,-9.719512636293452 33.107587878164267,-9.720427083840121 33.108229407638447,-9.721055983122637 33.108814742560256,-9.721972652553953 33.109459109907917,-9.723061475644268 33.109686550834304,-9.723657622178797 33.109759278908406,-9.723945834407999 33.109614246185892,-9.724666470715</coordinates></LineString>
  </Placemark>
  <Placemark>
	<Style><LineStyle><color>ff0000ff</color></LineStyle><PolyStyle><fill>0</fill></PolyStyle></Style>
	<ExtendedData><SchemaData schemaUrl="#Luangwa_river">
		<SimpleData name="OBJECTID">147</SimpleData>
		<SimpleData name="ID">0</SimpleData>
		<SimpleData name="RIVERCODE">0</SimpleData>
		<SimpleData name="Corridors">0</SimpleData>
		<SimpleData name="Shape_Leng">3393.35908018000</SimpleData>
	</SchemaData></ExtendedData>
      <LineString><coordinates>33.104086750973565,-9.688365337818075 33.104032672368,-9.688998054209282 33.104153890985586,-9.689859781959791 33.104564213904837,-9.690604941583544 33.103877846999083,-9.692103510863023 33.103303164257049,-9.692911554748793 33.103773216416407,-9.693943851545789 33.104241506277944,-9.694688693506137 33.103789451959145,-9.696588429437986 33.103277311789675,-9.698143536415081 33.103456495475619,-9.699004946183761 33.103575951787136,-9.699579220487303 33.103291427359906,-9.700443167812658 33.103066981776507,-9.70165174395814 33.103073685954072,-9.702744068945069 33.10319526050349,-9.70366328728662 33.103430293717125,-9.704179434996691 33.103898244077712,-9.704866785869356 33.104252739054729,-9.705957206857491 33.104257681920316,-9.706762077608772 33.104437932791889,-9.707795959224296 33.104499075669132,-9.70831305895469 33.10432835814845,-9.708831427787711 33.103867813915507,-9.709351383257191 33.103349302933765,-9.7098716558889 33.10323866595752,-9.710734652075427 33.103358478470923,-9.711366416062635 33.103652542613752,-9.712054718374116 33.103598458955979,-9.712687433864254 33.103544022863744,-9.713262659288432 33.103373301442957,-9.713781027535832 33.102914161245906,-9.714530945407553 33.102282530187566,-9.715511776548118 33.102227738501547,-9.716029509856377 33.102058005046111,-9.717030559239543</coordinates></LineString>
  </Placemark>
  <Placemark>
	<Style><LineStyle><color>ff0000ff</color></LineStyle><PolyStyle><fill>0</fill></PolyStyle></Style>
	<ExtendedData><SchemaData schemaUrl="#Luangwa_river">
		<SimpleData name="OBJECTID">148</SimpleData>
		<SimpleData name="ID">0</SimpleData>
		<SimpleData name="RIVERCODE">0</SimpleData>
		<SimpleData name="Corridors">0</SimpleData>
		<SimpleData name="Shape_Leng">1527.79323630000</SimpleData>
	</SchemaData></ExtendedData>
      <LineString><coordinates>33.087604790702059,-9.713579505202128 33.089116463172708,-9.714318703257995 33.090391367118443,-9.714254283405657 33.091491670928839,-9.714075822437783 33.092243474773419,-9.713784269799346 33.09299878905783,-9.714067623379757 33.093639225841351,-9.714524077755701 33.094393489050269,-9.71463495533656 33.0953803201227,-9.714859550209759 33.096427932482264,-9.715543751427223 33.097356449965197,-9.71571116440448 33.098863575015109,-9.715702938552161 33.099616784995149,-9.715641332646904 33.100196095721451,-9.715580675083317 33.100822803001648,-9.715517686226688</coordinates></LineString>
  </Placemark>
  <Placemark>
	<Style><LineStyle><color>ff0000ff</color></LineStyle><PolyStyle><fill>0</fill></PolyStyle></Style>
	<ExtendedData><SchemaData schemaUrl="#Luangwa_river">
		<SimpleData name="OBJECTID">149</SimpleData>
		<SimpleData name="ID">0</SimpleData>
		<SimpleData name="RIVERCODE">0</SimpleData>
		<SimpleData name="Corridors">0</SimpleData>
		<SimpleData name="Shape_Leng">2489.34628771000</SimpleData>
	</SchemaData></ExtendedData>
      <LineString><coordinates>33.123545457052359,-9.713670026444824 33.123086361300381,-9.714419970863935 33.122856990434634,-9.714823687826376 33.122569653739419,-9.715227725678782 33.121760619951907,-9.715634646411182 33.12118131251696,-9.71569534043117 33.120429174114491,-9.71592946639414 33.120029814705994,-9.716966539539921 33.120210829889238,-9.718115392469104 33.120155710319288,-9.718575638295897 33.119175609899607,-9.71944343912137 33.118658885329992,-9.720251187999688 33.118606962328101,-9.72122884956887 33.118495649625579,-9.721976867982948 33.117978563950139,-9.722727124913604 33.117925928304949,-9.723589804538939 33.118453681852614,-9.724564268115456 33.11886478998985,-9.72542438906458 33.11916032080206,-9.726342639485253 33.118932715455848,-9.727033807027102 33.118709021951531,-9.728357371892344 33.118831715666346,-9.729449055237192 33.118721467447891,-9.730369544997911 33.118555028547156,-9.731577808347261 33.118675233395606,-9.732267055718044 33.118794372209777,-9.732783832334874 33.118854475501429,-9.733128455957536</coordinates></LineString>
  </Placemark>
  <Placemark>
	<Style><LineStyle><color>ff0000ff</color></LineStyle><PolyStyle><fill>0</fill></PolyStyle></Style>
	<ExtendedData><SchemaData schemaUrl="#Luangwa_river">
		<SimpleData name="OBJECTID">150</SimpleData>
		<SimpleData name="ID">0</SimpleData>
		<SimpleData name="RIVERCODE">0</SimpleData>
		<SimpleData name="Corridors">0</SimpleData>
		<SimpleData name="Shape_Leng">3321.31029382000</SimpleData>
	</SchemaData></ExtendedData>
      <LineString><coordinates>33.139109038274697,-9.718182983671813 33.138363726858245,-9.719509470733796 33.137094553989577,-9.720493918793432 33.136227916356205,-9.720958687862879 33.135538762571308,-9.721997392269959 33.135197768148558,-9.723091650697109 33.13508935949487,-9.724299598608182 33.13492190654641,-9.725335398069596 33.133771144521951,-9.726721623166089 33.132905559991251,-9.727358855426406 33.132040689213397,-9.728111066215918 33.130940362599091,-9.728289657732553 33.130076557288398,-9.72921433601584 33.129390942184479,-9.730827934220956 33.129105028467485,-9.731461938652354 33.128295606571292,-9.731811384949152 33.127541651803831,-9.731758073605175 33.126500708299325,-9.732166291371318 33.125810788607311,-9.733089994568033 33.125292988744917,-9.733725281375106 33.124775901534662,-9.73447554810306 33.124197275814232,-9.7346512282648 33.123213219076,-9.734886643228586 33.122526134688812,-9.736270265368288 33.122184727495636,-9.737307019822218 33.121552043012862,-9.738115413592384 33.120629148839633,-9.738867916606905 33.120397622941191,-9.738926687666789 33.120224068167467,-9.73898513878596</coordinates></LineString>
  </Placemark>
  <Placemark>
	<Style><LineStyle><color>ff0000ff</color></LineStyle><PolyStyle><fill>0</fill></PolyStyle></Style>
	<ExtendedData><SchemaData schemaUrl="#Luangwa_river">
		<SimpleData name="OBJECTID">151</SimpleData>
		<SimpleData name="ID">0</SimpleData>
		<SimpleData name="RIVERCODE">0</SimpleData>
		<SimpleData name="Corridors">0</SimpleData>
		<SimpleData name="Shape_Leng">5075.49401024000</SimpleData>
	</SchemaData></ExtendedData>
      <LineString><coordinates>33.07146729958037,-9.709872186423 33.071008092345672,-9.710622062253998 33.069977212619619,-9.712697342952339 33.069811301490844,-9.714020566541059 33.070051846634598,-9.715456590808326 33.069599225137793,-9.717298790210069 33.06908585525256,-9.718681373688533 33.069209426307957,-9.719945548198753 33.069910934772963,-9.720919153978695 33.070784266044747,-9.721546877281556 33.071485434702375,-9.722462988694671 33.071726688770106,-9.724013992946199 33.072142198173232,-9.725621551250629 33.073948255793972,-9.727106635563775 33.074935458668122,-9.727388778212241 33.076507921390061,-9.728587644879717 33.077389649872181,-9.730595129118557 33.077807285686958,-9.732547624398857 33.078049273250521,-9.734213604864486 33.078291961991738,-9.735994565024148 33.079111563886755,-9.737312468931291 33.080390047962524,-9.737822993086686 33.082479420635899,-9.738214138789321 33.083244219862415,-9.740049762137947 33.083946161901807,-9.741080827314482 33.085050755033507,-9.74159227639691 33.086332765390864,-9.742677685037956 33.086568500439796,-9.743308824903807 33.087905690851443,-9.743933987216884 33.088315343786711,-9.744564181912827 33.088955482903422,-9.744963153805209 33.089246040651545,-9.74507656025844 33.08970770865669,-9.744729096595428</coordinates></LineString>
  </Placemark>
  <Placemark>
	<Style><LineStyle><color>ff0000ff</color></LineStyle><PolyStyle><fill>0</fill></PolyStyle></Style>
	<ExtendedData><SchemaData schemaUrl="#Luangwa_river">
		<SimpleData name="OBJECTID">152</SimpleData>
		<SimpleData name="ID">0</SimpleData>
		<SimpleData name="RIVERCODE">0</SimpleData>
		<SimpleData name="Corridors">0</SimpleData>
		<SimpleData name="Shape_Leng">6712.94576057000</SimpleData>
	</SchemaData></ExtendedData>
      <LineString><coordinates>33.082466078871569,-9.716941931343714 33.082474813598957,-9.718379201336363 33.083179852053796,-9.719927686746635 33.083364588666413,-9.721708959044394 33.083082789815997,-9.723032816803125 33.082861403339777,-9.724758794804208 33.083569953161891,-9.726882186376569 33.084795332861425,-9.728197879555962 33.085785347281515,-9.72893991733957 33.086718798584442,-9.729912229993751 33.08724507068402,-9.7306567785075 33.087658559576695,-9.731919372957819 33.088071000821969,-9.733009494043657 33.088480992115954,-9.733697179068837 33.088662610724633,-9.734961031312896 33.088671373055881,-9.736398298485304 33.088626721371831,-9.738583260699674 33.088521644811522,-9.740366101737944 33.088647399779319,-9.741975211357588 33.089177552023152,-9.743352154915806 33.089883025485477,-9.744958114367652 33.090875206266148,-9.746045080414612 33.092850454671591,-9.746724245812237 33.093897811146341,-9.747350961756547 33.095179168295346,-9.74832135555558 33.096232866525469,-9.749982895657803 33.096536098891924,-9.752165959395548 33.09666682376519,-9.75457993421562 33.097894820682001,-9.756298010713776 33.099061686683434,-9.757498983321511 33.099708911171355,-9.759047746713881 33.099318599053703,-9.76157954937502 33.098869954035017,-9.764054178508832 33.098762107178722,-9.765377095190058 33.099235067749724,-9.766869317293217 33.100111746072287,-9.768014377441437 33.10098772465134,-9.769044454584861 33.101856144296157,-9.769921827155137</coordinates></LineString>
  </Placemark>
  <Placemark>
	<Style><LineStyle><color>ff0000ff</color></LineStyle><PolyStyle><fill>0</fill></PolyStyle></Style>
	<ExtendedData><SchemaData schemaUrl="#Luangwa_river">
		<SimpleData name="OBJECTID">153</SimpleData>
		<SimpleData name="ID">0</SimpleData>
		<SimpleData name="RIVERCODE">0</SimpleData>
		<SimpleData name="Corridors">0</SimpleData>
		<SimpleData name="Shape_Leng">4292.11716071000</SimpleData>
	</SchemaData></ExtendedData>
      <LineString><coordinates>33.105492643371576,-9.783611876088935 33.105888078250125,-9.783390746907816 33.106639316122958,-9.782984180933571 33.107329744083096,-9.782118007249352 33.108660755404053,-9.781708255928434 33.109178304836391,-9.781015505165662 33.109754538432725,-9.780437415104631 33.110503284956437,-9.779628407592853 33.111022245885252,-9.779165615892381 33.112239768465457,-9.779158921202441 33.113576084179471,-9.779611508378475 33.114792898583772,-9.779489824069913 33.115484718804062,-9.778853595792867 33.115712719674413,-9.778219922856739 33.115940009669409,-9.777471268383133 33.11721123725097,-9.776774350426098 33.11790269146428,-9.776080627467438 33.118306394148611,-9.775733445025608 33.119002469947432,-9.775787096018645 33.120568552183236,-9.775893432188607 33.122135347468948,-9.776114742480305 33.123410478212676,-9.776050197077767 33.125324065980941,-9.776097096225337 33.127180391328899,-9.776259286968879 33.128456950952007,-9.776424684360983 33.129731724433611,-9.776302625526377 33.131004348621566,-9.775835618069751 33.131634932060734,-9.774682265886634 33.132616234190124,-9.773986901507069 33.133483370372694,-9.773579632700887 33.134524433808501,-9.773171393052831 33.135734041991718,-9.771899824094874 33.136192827225742,-9.7710923748183 33.136823025839021,-9.769881522412007 33.137049185843168,-9.768960383103181 33.137164777600127,-9.768902246101701</coordinates></LineString>
  </Placemark>
  <Placemark>
	<Style><LineStyle><color>ff0000ff</color></LineStyle><PolyStyle><fill>0</fill></PolyStyle></Style>
	<ExtendedData><SchemaData schemaUrl="#Luangwa_river">
		<SimpleData name="OBJECTID">154</SimpleData>
		<SimpleData name="ID">0</SimpleData>
		<SimpleData name="RIVERCODE">0</SimpleData>
		<SimpleData name="Corridors">0</SimpleData>
		<SimpleData name="Shape_Leng">3529.45623056000</SimpleData>
	</SchemaData></ExtendedData>
      <LineString><coordinates>33.13298795094051,-9.749895482689352 33.132653007717025,-9.751967075903322 33.131848909513835,-9.753178888865797 33.130988263603953,-9.75462098353853 33.13024534421892,-9.756349884732995 33.129968709550283,-9.758478643090141 33.129575051197364,-9.760435573576743 33.128828180808966,-9.761532075484899 33.127787861079149,-9.762055279019529 33.126222199803266,-9.762006465001335 33.125064854789393,-9.76235783075626 33.123799048002631,-9.763917135698668 33.123284050077878,-9.765012342775298 33.122950101910426,-9.767256396752929 33.121972362721202,-9.768526637820365 33.121109142051871,-9.76956627420765 33.119783533474184,-9.770838431550182 33.119043724066806,-9.773084722237266 33.118761669226693,-9.774351113770178 33.118420213948539,-9.775387861822827 33.118248773355091,-9.775791255242872</coordinates></LineString>
  </Placemark>
  <Placemark>
	<Style><LineStyle><color>ff0000ff</color></LineStyle><PolyStyle><fill>0</fill></PolyStyle></Style>
	<ExtendedData><SchemaData schemaUrl="#Luangwa_river">
		<SimpleData name="OBJECTID">155</SimpleData>
		<SimpleData name="ID">0</SimpleData>
		<SimpleData name="RIVERCODE">0</SimpleData>
		<SimpleData name="Corridors">0</SimpleData>
		<SimpleData name="Shape_Leng">4254.19947039000</SimpleData>
	</SchemaData></ExtendedData>
      <LineString><coordinates>33.166500559323779,-9.851181402017405 33.166969212270622,-9.851926145852264 33.166570205259134,-9.853020755822511 33.165884158970449,-9.85457692764091 33.165488786384472,-9.856246435995896 33.165561340911083,-9.858545710510809 33.165689339428454,-9.860442225238769 33.166046755849202,-9.861934996538793 33.166809025064367,-9.863252998699347 33.16751039289602,-9.864111407265806 33.168098332888185,-9.865372901356952 33.168221973323178,-9.866579534432953 33.168456859420118,-9.867038139078238 33.169273859664905,-9.867838396673719 33.169168453505613,-9.869506263595524 33.168886514418695,-9.870772688042925 33.169412829193732,-9.871459608451303 33.170060241997923,-9.872950729468455 33.169894290859766,-9.874216495375535 33.169729432018961,-9.875654731606442 33.170201778621028,-9.876974368903213 33.1709053748271,-9.878177709053171 33.171895661147765,-9.8788619906589 33.172831247006314,-9.880064008685505 33.173418869752908,-9.881268002255494 33.173542171569601,-9.882417141685792 33.173835071687272,-9.882875412561708 33.174133824292738,-9.884253522261453 33.174141855343557,-9.885104458296631 33.173777864338405,-9.885736855161898 33.17350471585052,-9.885917627009555 33.173595986747699,-9.886278841836756</coordinates></LineString>
  </Placemark>
  <Placemark>
	<Style><LineStyle><color>ff0000ff</color></LineStyle><PolyStyle><fill>0</fill></PolyStyle></Style>
	<ExtendedData><SchemaData schemaUrl="#Luangwa_river">
		<SimpleData name="OBJECTID">156</SimpleData>
		<SimpleData name="ID">0</SimpleData>
		<SimpleData name="RIVERCODE">0</SimpleData>
		<SimpleData name="Corridors">0</SimpleData>
		<SimpleData name="Shape_Leng">13371.38196200000</SimpleData>
	</SchemaData></ExtendedData>
      <LineString><coordinates>33.10693884232446,-9.91642197289552 33.107745546173177,-9.915555165683763 33.108615561393428,-9.915550389190257 33.109717581756442,-9.915544335365993 33.110061687343901,-9.914910032642668 33.111214608735587,-9.913753854540838 33.111789646660213,-9.912945803985613 33.111432060803878,-9.91139548681206 33.111306832796096,-9.909901383190718 33.112112443687437,-9.908862095609269 33.113094534434914,-9.908224278420567 33.114020399389155,-9.90787422866463 33.114423553415641,-9.907412072117607 33.11459399778002,-9.906836212232154 33.115344435789126,-9.906257157127396 33.115980296006398,-9.905908700150961 33.116496241640085,-9.904928491000165 33.116721478100679,-9.903834900090912 33.117004356782815,-9.902683499158826 33.117754781155242,-9.902104438682629 33.118566406419767,-9.902042466247929 33.119492960176032,-9.901807381138967 33.120237675343247,-9.90030847388716 33.120756452265539,-9.899788178319724 33.121390154446132,-9.899094770583421 33.121850215858693,-9.898459814048934 33.122366133517602,-9.897479595789852 33.123405811154079,-9.896783937912753 33.123808939485059,-9.896321770111863 33.12391743681075,-9.895113836906013 33.123564811878772,-9.89436839236512 33.123729878840592,-9.892930177330902 33.124187428327119,-9.891892786561011 33.125168373961607,-9.891082464413261 33.125624129853534,-9.889757622122774 33.125794188379857,-9.889124266921993 33.126836335641322,-9.888831028589873 33.128343882159228,-9.888765173747734 33.128980052118642,-9.888474181751844 33.129439010763505,-9.887666744907143 33.130011453214081,-9.886456232024081 33.131279838862724,-9.885241850397419 33.131916716584371,-9.885065833441486 33.132493446863919,-9.884545197717889 33.133186882931795,-9.884138895113598 33.133417071631811,-9.883850154432468 33.133355489825007,-9.883275575940155 33.1326566780401,-9.882819527565033 33.13137755788695,-9.882309211591636 33.130504765544408,-9.881854125532762 33.130441040283443,-9.880934606475348 33.130491873541132,-9.87978448162035 33.129964908634136,-9.87898252008848 33.129204894228295,-9.878009375141776 33.129201315265121,-9.877434473955871 33.129659184862184,-9.876454565571947 33.130177909863257,-9.875934256287342 33.130575273414301,-9.874552238080041 33.130394130141056,-9.873403401935434 33.130216568719995,-9.872829466929881 33.130385536271916,-9.872023638948869 33.130379807715244,-9.871103796592264 33.129795579482909,-9.870417136644866 33.129212069783605,-9.869845455374881 33.128745263837779,-9.869388109779973 33.128683693139905,-9.868813530702132 33.12833037050622,-9.867953109093133 33.127861065601792,-9.867093331606595 33.12756538159644,-9.866175097344494 33.127618367987608,-9.865369913897952 33.126911023286731,-9.863534088591379 33.125975649592213,-9.862331938800283 33.125736895371979,-9.861240910420641 33.125206044049328,-9.859806547755756 33.12484916948894,-9.858371220729264 33.123914532168726,-9.857284045354021 33.122630887493294,-9.85602632071074 33.121581709048591,-9.855169741021868 33.121458955209825,-9.854078068372623 33.121682003420219,-9.852639529866099 33.121847773445758,-9.851316293148441 33.121141916872126,-9.849710414234512 33.119277707672687,-9.848340900679606 33.11787315480511,-9.846278934685468 33.117171241283906,-9.8453054388723 33.116989450741428,-9.844041612762828 33.116921504133693,-9.842432204835758 33.116969534209453,-9.840822157872218 33.117948924178997,-9.839781893978033 33.11921824692628,-9.838740027364629 33.119967812177848,-9.838045980554888 33.120660454529272,-9.837524723560273 33.121353808788335,-9.837118445181242 33.121871416261783,-9.836425676644645 33.121924412624637,-9.835620492551241 33.121047124391644,-9.834418004742386 33.120465118363001,-9.834076268074231 33.119648674483273,-9.83333337844047 33.119296837972023,-9.832702906756934 33.11929149837929,-9.831840552157292 33.119343075512646,-9.830805407119092 33.120090485659595,-9.829766417866031 33.120431990223111,-9.828729669975539 33.120135293992142,-9.827638955844884 33.119896585215976,-9.826547921452139 33.12006555573825,-9.825742096390815 33.120405275397815,-9.82441789667728 33.120859537233059,-9.822863094370181 33.121431189307792,-9.821537612219185 33.121601222536398,-9.820904256881578</coordinates></LineString>
  </Placemark>
  <Placemark>
	<Style><LineStyle><color>ff0000ff</color></LineStyle><PolyStyle><fill>0</fill></PolyStyle></Style>
	<ExtendedData><SchemaData schemaUrl="#Luangwa_river">
		<SimpleData name="OBJECTID">157</SimpleData>
		<SimpleData name="ID">0</SimpleData>
		<SimpleData name="RIVERCODE">0</SimpleData>
		<SimpleData name="Corridors">0</SimpleData>
		<SimpleData name="Shape_Leng">3102.72811735000</SimpleData>
	</SchemaData></ExtendedData>
      <LineString><coordinates>33.136205371144364,-9.838128370571686 33.136730131137845,-9.8385853843284 33.136964594402684,-9.838986523093038 33.137027968800517,-9.839848552684705 33.136800685598395,-9.840597218456701 33.135587605422586,-9.841351376614025 33.134894261082366,-9.841757683063555 33.134436453543685,-9.842737599753024 33.134154402701895,-9.844003998853408 33.134454029229055,-9.845554620199934 33.134636604794466,-9.846933416737246 33.134353474758711,-9.848027344572097 33.133893505375504,-9.848662318902335 33.132851849040456,-9.84901306753415 33.131518094016769,-9.849020484152407 33.130535497108291,-9.849543373992043 33.130019319383315,-9.850466115944508 33.129564349249307,-9.85190594716067 33.129571148698645,-9.852998260865324 33.129518526690873,-9.853860936412932 33.129173805597105,-9.854380279391053 33.129000907698092,-9.854553716082036 33.12854056213601,-9.855131192745933 33.127557942473615,-9.855654074023056 33.126980896380964,-9.856117212181502 33.126521974404042,-9.856924646725577 33.126238809465157,-9.858018567559393 33.125779526589966,-9.858768511586639 33.125221928133556,-9.860018421823837</coordinates></LineString>
  </Placemark>
  <Placemark>
	<Style><LineStyle><color>ff0000ff</color></LineStyle><PolyStyle><fill>0</fill></PolyStyle></Style>
	<ExtendedData><SchemaData schemaUrl="#Luangwa_river">
		<SimpleData name="OBJECTID">158</SimpleData>
		<SimpleData name="ID">0</SimpleData>
		<SimpleData name="RIVERCODE">0</SimpleData>
		<SimpleData name="Corridors">0</SimpleData>
		<SimpleData name="Shape_Leng">5524.38023932000</SimpleData>
	</SchemaData></ExtendedData>
      <LineString><coordinates>33.156968119850134,-9.838529471520149 33.157608519786855,-9.838928308594317 33.158423246952125,-9.839383654254029 33.15894876424548,-9.839955612766968 33.159651877036474,-9.841101490658531 33.160006339720432,-9.842134350151902 33.159896173176506,-9.843054846058072 33.159089419301729,-9.843864287483171 33.157934004618092,-9.844560708131995 33.157129055389611,-9.845657595589939 33.15615267181623,-9.847157890985837 33.15523354372452,-9.848542877830647 33.154837399248656,-9.850097395346177 33.154090053912398,-9.851136459295738 33.1534017802989,-9.852347664984841 33.152890004794664,-9.853960322692396 33.15271965326118,-9.854536201635032 33.152494567313731,-9.855629817811444 33.152325661411609,-9.856435656787763 33.151810980147346,-9.857588392136693 33.151118707042677,-9.858167202565319 33.149669658030327,-9.858290322637735 33.148274987440942,-9.857838209544271 33.146592892106078,-9.857790147529515 33.145433797059894,-9.85791162466739 33.144623366854397,-9.858146130578021 33.144050305321755,-9.859241688317175 33.143647971028841,-9.859818861020527 33.142433757132828,-9.860400572717577 33.141106074889812,-9.861385359576024 33.140298870738285,-9.862137266249555 33.13943690849446,-9.863406906292829 33.138687687622124,-9.864158485786492 33.138227345994494,-9.864735975286429 33.137708291569268,-9.865198807496638 33.136438209986643,-9.866125762783362 33.135513563164679,-9.866648344302533 33.134649417010486,-9.867573030287895 33.133785625796932,-9.868555205291788 33.132979104994781,-9.869422075215439 33.131821754432615,-9.869830956806977 33.131069636554834,-9.870122597871751 33.130490780972018,-9.870298291197365 33.129961956321161,-9.870673895164124</coordinates></LineString>
  </Placemark>
  <Placemark>
	<Style><LineStyle><color>ff0000ff</color></LineStyle><PolyStyle><fill>0</fill></PolyStyle></Style>
	<ExtendedData><SchemaData schemaUrl="#Luangwa_river">
		<SimpleData name="OBJECTID">159</SimpleData>
		<SimpleData name="ID">0</SimpleData>
		<SimpleData name="RIVERCODE">0</SimpleData>
		<SimpleData name="Corridors">0</SimpleData>
		<SimpleData name="Shape_Leng">3726.26413584000</SimpleData>
	</SchemaData></ExtendedData>
      <LineString><coordinates>33.155283526252205,-9.865675251047851 33.154184934303522,-9.866198862422813 33.153142522080557,-9.866434694179519 33.15180833670221,-9.866384700783483 33.150472705649356,-9.866104742849672 33.14930960827234,-9.865593842489348 33.1481504871401,-9.865715329285884 33.147110235985018,-9.866296082299359 33.146536086807927,-9.86721917389022 33.146191379001976,-9.867738534569774 33.145614338571086,-9.868201703290744 33.144573355520961,-9.868667468918856 33.143763259085461,-9.868959463275818 33.14237359303916,-9.869312188767086 33.141390593861637,-9.869777619874519 33.141044795908009,-9.870124504509853 33.140989321760188,-9.870527259237235 33.14041262913706,-9.871047910338136 33.139833777114781,-9.871223618747946 33.138968553064558,-9.871975846502107 33.1388558021725,-9.872493904726669 33.13886155523825,-9.873413745644958 33.138749162530679,-9.873989294078919 33.138462788979794,-9.874565813029541 33.137133961165731,-9.875378114426162 33.136554381101639,-9.875438836721136 33.135747851123355,-9.87630571303991 33.135691652105642,-9.876593487189654 33.135579612969956,-9.87722652392112 33.135584638829435,-9.878031385107745 33.135412091318628,-9.878262315234675 33.13454360965369,-9.878497120103791 33.134488485328262,-9.87895736396341 33.134666416577822,-9.879588785738301 33.134437666958604,-9.880107488390719 33.133511902598514,-9.880457593719177 33.133513337031587,-9.880687553916289 33.13374962036206,-9.88137614401961 33.133927192656913,-9.881950076730369 33.133930421059901,-9.882467487336475 33.13358603664328,-9.883044324500837 33.133245850046194,-9.88340713104245</coordinates></LineString>
  </Placemark>
  <Placemark>
	<name>Milongi</name>
	<Style><LineStyle><color>ff0000ff</color></LineStyle><PolyStyle><fill>0</fill></PolyStyle></Style>
	<ExtendedData><SchemaData schemaUrl="#Luangwa_river">
		<SimpleData name="Name">Milongi</SimpleData>
		<SimpleData name="OBJECTID">160</SimpleData>
		<SimpleData name="ID">0</SimpleData>
		<SimpleData name="RIVERCODE">0</SimpleData>
		<SimpleData name="Corridors">0</SimpleData>
		<SimpleData name="Shape_Leng">22017.07674640000</SimpleData>
	</SchemaData></ExtendedData>
      <LineString><coordinates>33.077546164228217,-9.756408460333558 33.078250564284659,-9.757841971182307 33.078953923184812,-9.75910300876787 33.079948554855754,-9.760592439729454 33.080532485605552,-9.761279193144819 33.081175790956877,-9.762195594751097 33.081763220823973,-9.763457253326235 33.081948675007084,-9.765353503318131 33.081842507952032,-9.766963868314313 33.081331908458075,-9.768806391017897 33.080761232922377,-9.770304282013695 33.08007110816316,-9.771227893604495 33.079733723911936,-9.77295449197228 33.079221009912217,-9.774452067163063 33.078763478272563,-9.775489404161645 33.078362872766689,-9.776353955404055 33.077730358052087,-9.777219757635734 33.076812833993898,-9.778891992167077 33.076068188642367,-9.780390813878748 33.075264861843436,-9.781774965440841 33.074583751706946,-9.784193320287626 33.074303260079155,-9.785747127852771 33.074425483876588,-9.786781333898286 33.07460603570653,-9.787872716679644 33.074962963294517,-9.789365596297715 33.075433414918066,-9.790455416562015 33.076079201851456,-9.791774260202212 33.076431958408172,-9.792577250791204 33.07631913642561,-9.793095291370248 33.076268125936409,-9.794245415788902 33.07644799145038,-9.795221816475648 33.076511547765108,-9.796141352086737 33.075995649412043,-9.797121506035493 33.075305456669959,-9.79804510701643 33.075140919982388,-9.79959828865017 33.075318693936104,-9.800229747142053 33.075673897100451,-9.801435172144316 33.075564554233964,-9.802528117510333 33.075396531945422,-9.803506394538427 33.074765351595019,-9.804602152211297 33.073726204575159,-9.805355153084857 33.07262698407132,-9.805763519260768 33.071763861691011,-9.80686052110822 33.071538191730482,-9.807896597507327 33.071488902416171,-9.809334172901631 33.071384063287738,-9.811174492769924 33.071681628116636,-9.812437723453716 33.072961085200788,-9.813063252523214 33.073950977718226,-9.813747828548857 33.074536732135989,-9.81472204192657 33.074487106518852,-9.816102126423553 33.07426422439066,-9.817598128426338 33.074621183239607,-9.819091005544836 33.075030209224828,-9.819606231594458 33.075152099897821,-9.820582944543439 33.075101430464628,-9.821790556709289 33.075627823920755,-9.822535118183565 33.076442400856955,-9.822990663401273 33.077264652958078,-9.824710995970113 33.077444188620312,-9.825629903589379 33.078666419117354,-9.826370704041956 33.079652872145324,-9.826480358123524 33.08081572761845,-9.826991502187932 33.081343538865433,-9.827966016815738 33.081640458370273,-9.82911425678895 33.081996764337198,-9.830492143564007 33.082407213345107,-9.831237321626908 33.08258327083476,-9.831581322828503 33.083283305399391,-9.832267439582973 33.084271527249925,-9.832664532937926 33.085085090720085,-9.832947585048412 33.085783382052981,-9.833346245427444 33.086483077260894,-9.833974864828837 33.086779318779506,-9.83500811855092 33.086317174217022,-9.835298087828374 33.085102246073987,-9.83576461422142 33.084175501790256,-9.835942113576499 33.083946352108889,-9.836403293312882 33.083951950421742,-9.837323138816787 33.08442075012416,-9.838125490814486 33.084308975392794,-9.838816004362737 33.083966997743886,-9.839795224939458 33.084552127283629,-9.840654438679438 33.085193847545327,-9.841283375144739 33.085315776464192,-9.842260082872073 33.086130765485542,-9.842773093377833 33.086828027786119,-9.842999279553379 33.087586434577418,-9.843742562915802 33.087705217095099,-9.84420185656635 33.086896880863023,-9.844781166544546 33.086494113109424,-9.845300782046493 33.086673336097753,-9.84616219281134 33.087546675731055,-9.846732375954009 33.087379019107651,-9.847768145869909 33.086923165777279,-9.849092941680876 33.086639175202357,-9.850071850080006 33.086762864127088,-9.85133600837529 33.087750796101837,-9.851675600082473 33.088448780087603,-9.852016762733205 33.08943846950865,-9.852643801070757 33.09025384167181,-9.853214291535645 33.090840767188006,-9.854360944916564 33.091135636213721,-9.855164232234511 33.091660361279565,-9.855621315011145 33.09241880785396,-9.856364586613308 33.093119618710531,-9.857165662305217 33.093294998534226,-9.857394676227653 33.093759980633678,-9.857564620462064 33.094808743806048,-9.858363797620843 33.095160913035294,-9.859051784505374 33.095745753495166,-9.859853486848218 33.096388940613345,-9.860712361725712 33.096801573224127,-9.861802462153836 33.097213503603662,-9.86277758199212 33.09774388763136,-9.864154499280241 33.097811395225698,-9.865706419482539 33.097474010867451,-9.867433025849758 33.097366129079433,-9.868755934336862 33.097142965206274,-9.870194456637304 33.097093074688914,-9.871517047839724 33.097332799364274,-9.872780567113534 33.098267394605955,-9.873867815618972 33.098735223703599,-9.874497674906591 33.100077551203157,-9.875870151700283 33.100603027716041,-9.876442200353488 33.100318348832396,-9.877306138641584 33.101082866362049,-9.879026722023589 33.102012193877492,-9.879251607416167 33.1030603396188,-9.879935776268066 33.103358442089224,-9.881256462664195 33.104120863140011,-9.882632098145695 33.105226664523791,-9.883258451386736 33.105290674285847,-9.884235467148455 33.105181050196961,-9.885270925724084 33.105010246186019,-9.885789290389235 33.10454981570804,-9.886366734193482 33.103741407227254,-9.886946083778161 33.103105570108035,-9.887294517753489 33.10258607842686,-9.887699805884147 33.102304575420995,-9.889081157493033 33.102431519396234,-9.890862716713226 33.102088130457879,-9.891611993097287 33.101512752799813,-9.892362537612211 33.101871329909358,-9.894085338790543 33.102107205039275,-9.894716460883869 33.102806000781925,-9.895172572570759 33.103967012230385,-9.895338691244795 33.104546633749621,-9.895278023741099 33.105298832574064,-9.894986441423955 33.105762812347777,-9.894983897196433 33.10576847370708,-9.895903739446245 33.105715076981483,-9.896651429247925 33.105892962515831,-9.897282866102556 33.105549221821207,-9.897974655418356 33.105090190460203,-9.898782060908628 33.105212200703868,-9.899758756427831 33.105389733915736,-9.900332704033561 33.105101864722023,-9.900679234387946 33.104878006547757,-9.902002778368553 33.104830973011836,-9.903785289314007 33.105298857395837,-9.904415136894373 33.104955461227469,-9.905164415675925 33.104205714855567,-9.905858428339368 33.103861960965396,-9.906550215702644 33.103755861395037,-9.908160573471156 33.104338335325679,-9.908559826496106 33.105619993717056,-9.909472673849345 33.105800364105384,-9.910506541105578 33.105517086703891,-9.911600443211498 33.105174391750772,-9.912464701567332 33.105295346535506,-9.913268926355443 33.105996664308627,-9.914127461272928 33.106639984758573,-9.91498631245193 33.106878717010886,-9.916077351147138 33.106824256183245,-9.916652569528688 33.106596500508502,-9.91734372269827 33.106194030934894,-9.917920850284176 33.105971581946314,-9.919474353703055 33.105571939697263,-9.920511400493975 33.105575124802215,-9.92102881069337 33.105660545687975,-9.921259190127442</coordinates></LineString>
  </Placemark>
  <Placemark>
	<Style><LineStyle><color>ff0000ff</color></LineStyle><PolyStyle><fill>0</fill></PolyStyle></Style>
	<ExtendedData><SchemaData schemaUrl="#Luangwa_river">
		<SimpleData name="OBJECTID">161</SimpleData>
		<SimpleData name="ID">0</SimpleData>
		<SimpleData name="RIVERCODE">0</SimpleData>
		<SimpleData name="Corridors">0</SimpleData>
		<SimpleData name="Shape_Leng">4846.77702967000</SimpleData>
	</SchemaData></ExtendedData>
      <LineString><coordinates>33.114011043645412,-9.812494763165812 33.113552858286099,-9.813417163011181 33.112981188269856,-9.814742632712864 33.111999726829744,-9.815437940626516 33.110733304864176,-9.816939703589556 33.10976175354579,-9.819244735382476 33.109368262908419,-9.821259128219699 33.109028502323554,-9.822583316667981 33.107933871727177,-9.823739172394991 33.106376766706497,-9.825127529671892 33.105164733495528,-9.826054051245681 33.103718984511502,-9.826694386201687 33.102097860013359,-9.827105705248284 33.100939911836385,-9.827399499703954 33.099726444705077,-9.828096039692859 33.098632115317933,-9.829309356043829 33.097889571153587,-9.831153162798822 33.09696989035308,-9.832480504502696 33.095873424439738,-9.833348869459659 33.094368232057882,-9.833759519185437 33.092749170148579,-9.834515736148502 33.091945432969894,-9.835842432727503 33.091487858508735,-9.836879783484092 33.090214593384871,-9.837289153596121 33.08952541130791,-9.838385252441929 33.089532078411281,-9.839477569253852 33.088956410446038,-9.840170603555448 33.087685233315206,-9.840924906574765 33.086585212089396,-9.841218337800116 33.086005681386709,-9.841278972864785 33.085093649695828,-9.841336536914918</coordinates></LineString>
  </Placemark>
  <Placemark>
	<Style><LineStyle><color>ff0000ff</color></LineStyle><PolyStyle><fill>0</fill></PolyStyle></Style>
	<ExtendedData><SchemaData schemaUrl="#Luangwa_river">
		<SimpleData name="OBJECTID">162</SimpleData>
		<SimpleData name="ID">0</SimpleData>
		<SimpleData name="RIVERCODE">0</SimpleData>
		<SimpleData name="Corridors">0</SimpleData>
		<SimpleData name="Shape_Leng">1044.32994284000</SimpleData>
	</SchemaData></ExtendedData>
      <LineString><coordinates>33.090453034630031,-9.866838858907963 33.090863196730943,-9.867526534087665 33.09179494527303,-9.868153879481257 33.092841627927129,-9.868608120257445 33.094469651152572,-9.86928915918212 33.095401762689193,-9.869973984862304 33.095754297954237,-9.870719460946404 33.095991904957494,-9.871638039677874 33.096748636859161,-9.872093849226728 33.097041069835356,-9.872494698264696 33.097389383704467,-9.872550289334349</coordinates></LineString>
  </Placemark>
  <Placemark>
	<Style><LineStyle><color>ff0000ff</color></LineStyle><PolyStyle><fill>0</fill></PolyStyle></Style>
	<ExtendedData><SchemaData schemaUrl="#Luangwa_river">
		<SimpleData name="OBJECTID">163</SimpleData>
		<SimpleData name="ID">0</SimpleData>
		<SimpleData name="RIVERCODE">0</SimpleData>
		<SimpleData name="Corridors">0</SimpleData>
		<SimpleData name="Shape_Leng">1876.08926630000</SimpleData>
	</SchemaData></ExtendedData>
      <LineString><coordinates>33.104271893279858,-9.860036857632629 33.104335187595353,-9.860898893236202 33.104169343315881,-9.862222122332705 33.10365377882956,-9.863259805199224 33.103139977819531,-9.864584938464924 33.102508775236565,-9.865680744131456 33.102049780368702,-9.866488146654859 33.101819929261794,-9.866834356803922 33.101067437817107,-9.867068441706261 33.100546916756777,-9.867301255625883 33.099743132835002,-9.868627968626377 33.099803947496014,-9.869087573628461 33.099111205734722,-9.869608787928016 33.098768183579992,-9.870415552151368 33.099118611648684,-9.870816083043343 33.099472213942697,-9.871734025439451 33.099365397568405,-9.873229405377256 33.098965083285854,-9.874151466030293 33.098908852593006,-9.874439234445957 33.098908831052462,-9.874623750727057</coordinates></LineString>
  </Placemark>
  <Placemark>
	<Style><LineStyle><color>ff0000ff</color></LineStyle><PolyStyle><fill>0</fill></PolyStyle></Style>
	<ExtendedData><SchemaData schemaUrl="#Luangwa_river">
		<SimpleData name="OBJECTID">164</SimpleData>
		<SimpleData name="ID">0</SimpleData>
		<SimpleData name="RIVERCODE">0</SimpleData>
		<SimpleData name="Corridors">0</SimpleData>
		<SimpleData name="Shape_Leng">2560.45331689000</SimpleData>
	</SchemaData></ExtendedData>
      <LineString><coordinates>33.11310858977965,-9.863552849761035 33.111550966982144,-9.864883738977003 33.110513135552928,-9.86586681180721 33.109535417390987,-9.86719450381948 33.108554503042335,-9.86800478122203 33.107981305000507,-9.86910027963885 33.107985910012324,-9.869847652039526 33.108166264852514,-9.870881520629535 33.108345203996969,-9.87168542841424 33.107889402728617,-9.87301024926022 33.10743041108239,-9.873817658724775 33.107434306449264,-9.874450050179618 33.107671593274461,-9.875311129745922 33.107909591025596,-9.876287189827956 33.10785797187097,-9.877322331694689 33.107866117958338,-9.878644605554101 33.107583935665332,-9.879910981301423 33.107066585589365,-9.880661217588301 33.10625713308329,-9.881068102149172 33.105620956802035,-9.881359050495167 33.105102538292684,-9.881936813601222 33.104585178525788,-9.88268704607726 33.104506768667761,-9.882908763678113</coordinates></LineString>
  </Placemark>
  <Placemark>
	<Style><LineStyle><color>ff0000ff</color></LineStyle><PolyStyle><fill>0</fill></PolyStyle></Style>
	<ExtendedData><SchemaData schemaUrl="#Luangwa_river">
		<SimpleData name="OBJECTID">165</SimpleData>
		<SimpleData name="ID">0</SimpleData>
		<SimpleData name="RIVERCODE">0</SimpleData>
		<SimpleData name="Corridors">0</SimpleData>
		<SimpleData name="Shape_Leng">1793.78833401000</SimpleData>
	</SchemaData></ExtendedData>
      <LineString><coordinates>33.012885637997755,-9.654586811588192 33.013527541990484,-9.655330874743525 33.014806967865987,-9.656071612113246 33.015331614848201,-9.656586312126672 33.015799659430286,-9.657331276791382 33.016269395227425,-9.658363697303107 33.01725871620291,-9.659048447300837 33.018246350330294,-9.659445737937201 33.01940616387035,-9.659554662249851 33.020160280860004,-9.659665704138295 33.020974726395529,-9.660178878697384 33.021615642322189,-9.660750452612053 33.022257577147101,-9.661494499164926 33.023017125256949,-9.662525392579267 33.023660084895816,-9.663441909351182 33.024302029315443,-9.664185951950346 33.024595211929302,-9.664759343546265 33.024595550635325,-9.664816833912408</coordinates></LineString>
  </Placemark>
  <Placemark>
	<Style><LineStyle><color>ff0000ff</color></LineStyle><PolyStyle><fill>0</fill></PolyStyle></Style>
	<ExtendedData><SchemaData schemaUrl="#Luangwa_river">
		<SimpleData name="OBJECTID">166</SimpleData>
		<SimpleData name="ID">0</SimpleData>
		<SimpleData name="RIVERCODE">0</SimpleData>
		<SimpleData name="Corridors">0</SimpleData>
		<SimpleData name="Shape_Leng">7292.20889737000</SimpleData>
	</SchemaData></ExtendedData>
      <LineString><coordinates>33.005375265221751,-9.559589856455141 33.006125121807827,-9.559011032818603 33.007046104565227,-9.557971372716924 33.007386005474963,-9.556647263000103 33.007843463507051,-9.555610008875641 33.008997534488358,-9.554799104500114 33.009748385377769,-9.554392746979579 33.01096375651106,-9.554156449818869 33.011947032966205,-9.553863864133728 33.012923223861463,-9.5523639553185 33.013376274601065,-9.550579303820936 33.013600941806473,-9.549370774949701 33.014808527351029,-9.547812159423122 33.01520497530457,-9.546257773664708 33.015486219896992,-9.544818974631188 33.015999548662315,-9.543436457931133 33.016805261101901,-9.542512358602068 33.017614688381208,-9.542220664165091 33.018654508929004,-9.541697791208637 33.019055668872419,-9.540948281569444 33.019106838799523,-9.53979814782962 33.019736695317199,-9.538530001709535 33.019843430069727,-9.536977124912768 33.019547658868035,-9.535943792908288 33.018903259834012,-9.534739803494984 33.01855361621049,-9.534396671810745 33.018894802441935,-9.53330251511392 33.018716260651424,-9.532498542181445 33.018245677190016,-9.53129364286313 33.018473696927039,-9.530660025030526 33.019687285858623,-9.530136239498287 33.02067048604286,-9.529843628901357 33.02101233868494,-9.528864453329142 33.020832777888643,-9.527888006983512 33.020772473718679,-9.527485869489439 33.020827360856899,-9.526968141928395 33.021058420615788,-9.526851946097823 33.021521218388905,-9.526734536545833 33.021923708732011,-9.526214989057687 33.022090396941692,-9.52500675611337 33.022024670738382,-9.523684753567821 33.022312306438209,-9.523338287760803 33.022947882792053,-9.52304749084686 33.023351384293427,-9.522700415956926 33.024038448701525,-9.521316974147048 33.02403132755974,-9.52010965184582 33.024198343886113,-9.51895890925244 33.025180490647394,-9.518493810559537 33.025931242099603,-9.518087417493963 33.026330321432923,-9.516992948893257 33.026673843114018,-9.516301225039825 33.027019400457377,-9.515954450514235 33.027596007931805,-9.515491475430991 33.028402643897557,-9.51473982334014 33.028218992244653,-9.5130734805823 33.028156982103809,-9.51238388606594 33.028442223720091,-9.511634972584005 33.02930678045464,-9.510883014163852 33.02918615760683,-9.510078741329515 33.028776217686989,-9.50933348200144 33.028773498757559,-9.508873549527944 33.029290801008329,-9.508180909402386 33.029809121061838,-9.50766074295176 33.030557802009788,-9.506909389935357 33.030673324442418,-9.506851289226718</coordinates></LineString>
  </Placemark>
  <Placemark>
	<Style><LineStyle><color>ff0000ff</color></LineStyle><PolyStyle><fill>0</fill></PolyStyle></Style>
	<ExtendedData><SchemaData schemaUrl="#Luangwa_river">
		<SimpleData name="OBJECTID">167</SimpleData>
		<SimpleData name="ID">0</SimpleData>
		<SimpleData name="RIVERCODE">0</SimpleData>
		<SimpleData name="Corridors">0</SimpleData>
		<SimpleData name="Shape_Leng">2200.60157600000</SimpleData>
	</SchemaData></ExtendedData>
      <LineString><coordinates>33.021461928486247,-9.526504873455011 33.022391588393617,-9.526959951688891 33.02291367492159,-9.527072203216948 33.023726790833564,-9.527412901670703 33.024366104905567,-9.527754509461678 33.025237497023411,-9.528152391759184 33.025644056746991,-9.528322738951079 33.026687218886131,-9.528374756281021 33.027436971307857,-9.527795885881925 33.028128107700411,-9.527102334467724 33.028818901176741,-9.526351290840939 33.029395182476108,-9.525830821290564 33.030145605477848,-9.52536692756946 33.030779137106208,-9.524731167857523 33.031584426266896,-9.523749541838598 33.032214887869102,-9.522596355671332 33.032788093410595,-9.521558456610416 33.032955421925877,-9.52046520084391 33.033005520918159,-9.519142590408706 33.033001093056306,-9.518395199508621 33.033053916344159,-9.517532521114598 33.033051191598851,-9.5170725889104 33.033105717799231,-9.516497367408636</coordinates></LineString>
  </Placemark>
  <Placemark>
	<Style><LineStyle><color>ff0000ff</color></LineStyle><PolyStyle><fill>0</fill></PolyStyle></Style>
	<ExtendedData><SchemaData schemaUrl="#Luangwa_river">
		<SimpleData name="OBJECTID">168</SimpleData>
		<SimpleData name="ID">0</SimpleData>
		<SimpleData name="RIVERCODE">0</SimpleData>
		<SimpleData name="Corridors">0</SimpleData>
		<SimpleData name="Shape_Leng">2922.40480238000</SimpleData>
	</SchemaData></ExtendedData>
      <LineString><coordinates>33.014285049703652,-9.517860882533899 33.013825973257767,-9.518610690245474 33.013425165437745,-9.519417686582974 33.013023344217231,-9.520052207116487 33.012852579839077,-9.520570536730087 33.012914223362202,-9.521202642837928 33.013497942807057,-9.521947013678274 33.014200231661448,-9.523150712305181 33.014261202752714,-9.523667833659834 33.014321837240097,-9.524127464137894 33.014268965073477,-9.524990139483341 33.014273690036923,-9.525795021278697 33.013988743521047,-9.526601414409507 33.013356189955267,-9.527409617967338 33.012436319529812,-9.528621771722593 33.011746833819977,-9.529602748940562 33.01129144356883,-9.530984959220914 33.011414391662868,-9.532191678560006 33.011304587207484,-9.533227129526766 33.011136846497578,-9.534262882542542 33.010622164338692,-9.535415426838291 33.009933333789327,-9.53651138354215 33.009184206514334,-9.537205199528561 33.008550947724984,-9.53789841138183 33.007975622708301,-9.538591321352811 33.007514487196168,-9.538996170535027 33.006648467276683,-9.539518107997258 33.005956254451625,-9.54003914130681 33.005610315380963,-9.540328403748015 33.005552378755525,-9.540328704060558</coordinates></LineString>
  </Placemark>
  <Placemark>
	<name>Luangwa</name>
	<Style><LineStyle><color>ff0000ff</color></LineStyle><PolyStyle><fill>0</fill></PolyStyle></Style>
	<ExtendedData><SchemaData schemaUrl="#Luangwa_river">
		<SimpleData name="Name">Luangwa</SimpleData>
		<SimpleData name="OBJECTID">169</SimpleData>
		<SimpleData name="ID">0</SimpleData>
		<SimpleData name="RIVERCODE">1</SimpleData>
		<SimpleData name="Corridors">0</SimpleData>
		<SimpleData name="Shape_Leng">46549.77081730000</SimpleData>
	</SchemaData></ExtendedData>
      <LineString><coordinates>33.315469111223038,-9.931313771338594 33.314416864519416,-9.930111808768778 33.313428048506601,-9.929715050770307 33.312148815425395,-9.929262520592943 33.31093029812002,-9.929212413263024 33.309415957011893,-9.928300965020226 33.309055951612677,-9.926519338016405 33.308228046745675,-9.924165133845742 33.30722961127811,-9.9223298493326 33.306346040028828,-9.92032123409437 33.303887888746701,-9.917056252533429 33.302950198539818,-9.915623382943846 33.302358614397747,-9.913900695437498 33.301533868952141,-9.912006793355101 33.30036572942884,-9.910805485726122 33.299720776531544,-9.909773629410193 33.299134599623905,-9.908856499806282 33.298311038842037,-9.907135210257698 33.297659956669015,-9.905182702184428 33.296486867110836,-9.903233353160609 33.295261926235803,-9.902204998287782 33.294271298929381,-9.901520478662016 33.293280291677959,-9.900778414968482 33.291471529859834,-9.899178146445705 33.290417177930962,-9.897630857227243 33.288778624989632,-9.895454117754596 33.287027150341856,-9.893738392058928 33.285505020411264,-9.891618476486142 33.284566338426394,-9.890012927559523 33.284205369868062,-9.888058642315501 33.283668883307996,-9.885875241215773 33.283136979812667,-9.884382325003157 33.282838980026497,-9.883175716501661 33.282599362628332,-9.882026299772603 33.282007186728293,-9.880188486839581 33.280724379162024,-9.879160422749791 33.279038641425778,-9.87859511497447 33.27723425328346,-9.877627709091632 33.275368458021994,-9.87614277556866 33.273385927665245,-9.874543443386507 33.272452286091465,-9.873685885645616 33.271169911982994,-9.872715323608732 33.270297310832156,-9.872317737946522 33.269194240196228,-9.8721516977925 33.267974043117057,-9.871813724844589 33.267335325246393,-9.871702451083738 33.266694715388446,-9.871303471603353 33.266454785162651,-9.870096499561955 33.265694028242144,-9.869065261663058 33.264757776236827,-9.867804896027284 33.263944702217678,-9.867637110792101 33.263016392953269,-9.867585095405037 33.262606268306754,-9.86695456309833 33.261851192865926,-9.866786428182726 33.260917980830897,-9.865986377145921 33.259987035852724,-9.865531567676307 33.259348709404868,-9.865477818778185 33.258068666180463,-9.864852448973558 33.257483439020085,-9.864050321704948 33.256664728928385,-9.863019405621632 33.255730786273091,-9.862104257661107 33.254859735581896,-9.861936794226113 33.254047808547838,-9.861941607767038 33.252022876068523,-9.862701662349297 33.250579011433572,-9.863630896925287 33.248558187381093,-9.865023879965809 33.247638512542537,-9.866295262108102 33.246429226721375,-9.867625894834101 33.246202490648969,-9.86843283667123 33.245054559179707,-9.870280989921696 33.244305475381736,-9.871033468853566 33.242458195469204,-9.872367849880297 33.241188999690905,-9.873411102116437 33.240151784749052,-9.874452983330251 33.238533470324988,-9.875325651115135 33.237376138961224,-9.8757352575608 33.235872312702618,-9.876377066683583 33.235003098111264,-9.876497257115618 33.234014532387988,-9.876100258204295 33.23337320827244,-9.875586132760917 33.232617752952372,-9.875360391137098 33.231518784061137,-9.875827177839138 33.230073315698519,-9.876526163549901 33.229320092205185,-9.876645659584858 33.228618917296259,-9.875844160186063 33.228731565423836,-9.875325613275457 33.228491769507258,-9.874118611200984 33.227679439194183,-9.874065820504088 33.226575266574869,-9.873727017907754 33.226685317765707,-9.872805684890521 33.226384192155599,-9.871081151439302 33.225104186179564,-9.870455656642251 33.224296317299761,-9.871093349095277 33.223662805905242,-9.871787564899247 33.222973149603192,-9.872769822927012 33.221759292697747,-9.873409877933423 33.220832822767747,-9.873645451394717 33.220132414942071,-9.8729590156964 33.219207426166506,-9.87342474890087 33.218803667728551,-9.873772358292246 33.21769839512131,-9.873260904564722 33.216355963856948,-9.871945221364051 33.214783402964635,-9.870918585552216 33.213274755044793,-9.87081226173248 33.211652695258913,-9.871109391777331 33.210608387969927,-9.8710579055055 33.209387143664706,-9.870547096085765 33.20909347756298,-9.869973365457874 33.208852651516921,-9.868593724499434 33.207802462588653,-9.867621572274475 33.206872318163235,-9.867281696919063 33.206577188029769,-9.866477800200411 33.206105128687589,-9.865214581230463 33.204657076732353,-9.865510670080813 33.203675926848717,-9.866264401667545 33.202926756863846,-9.867016790719505 33.20234936792243,-9.867422926928152 33.201946332637149,-9.867885599678791 33.201252581854583,-9.86823486244778 33.200787878553754,-9.868122457176122 33.199567392804838,-9.867726693898657 33.198929435807536,-9.867730371234186 33.197709687110454,-9.867449682591362 33.197360245432506,-9.867221522511912 33.196547935405739,-9.867168656317968 33.195799844849802,-9.868093652940804 33.195687512229554,-9.868669730820821 33.195167375860898,-9.86896043952189 33.194070566730367,-9.869772352048139 33.19314189253047,-9.869662603441737 33.19238793874505,-9.869666934561053 33.191174396917454,-9.870364422161822 33.190656445298679,-9.871000370249313 33.191066804526933,-9.871688533600304 33.191768611834881,-9.872605195756371 33.192005350609719,-9.873351897439886 33.191777016429043,-9.873928640624856 33.191259424848589,-9.874622131216283 33.190912536816377,-9.87479675240664 33.190215108376414,-9.874570581922905 33.189285326247827,-9.874288198943823 33.188535010965957,-9.874867933524753 33.187899957678837,-9.875331918859571 33.18720143559478,-9.874933119003261 33.186329653041668,-9.874650396244897 33.184944636653164,-9.875751645839344 33.185529348135546,-9.876496361098253 33.186525148947233,-9.878044326290628 33.186881886216383,-9.879423319201207 33.187407151198549,-9.879938198594255 33.188168789231774,-9.881142241396733 33.188464619227311,-9.882061236474437 33.188295001257522,-9.882752726802165 33.187772647523474,-9.882698177405148 33.187366292198732,-9.882642963009561 33.186203766320737,-9.882246819827602 33.185445775989123,-9.881618183460951 33.183993263733832,-9.881223692581894 33.182829655356315,-9.880654913528796 33.181840045656621,-9.880085137433923 33.180446632428911,-9.879862922584655 33.179639742529716,-9.880673132939629 33.179532101388219,-9.881997240781828 33.17907464995524,-9.883035628099133 33.179604995905407,-9.884356095491945 33.179723900853205,-9.884815762560127 33.179382444822203,-9.885853488567223 33.179326988807702,-9.886256607617394 33.178576628039345,-9.886836319500377 33.17759027369695,-9.886784400701723 33.175907925511275,-9.886736444132783 33.175328655241252,-9.886854829257501 33.173699958786052,-9.886116038465129 33.172948864083921,-9.886580655549107 33.171911389721153,-9.887622331867194 33.171336459904772,-9.888431203820078 33.170822782729552,-9.889757615527937 33.170188399075911,-9.890336651312639 33.169377843734367,-9.890571426225497 33.168101839841853,-9.890578666923865 33.167115835620336,-9.890584258366783 33.166305999264132,-9.890934108368686 33.165438882492239,-9.891399366796753 33.164463337602157,-9.893073644692439 33.164239629913261,-9.894398404118528 33.163551912968614,-9.895725790650927 33.163152754430612,-9.896821369805007 33.16176972979126,-9.898267771873991 33.161134953844744,-9.898789249144231 33.160385612292266,-9.899541545123162 33.160211607070501,-9.899542528035486 33.159230974616158,-9.900411214621554 33.158363462437805,-9.90081891433041 33.15714542005589,-9.900825786476776 33.155466234481182,-9.901295599430036 33.154370296675907,-9.902280007776515 33.153447642986663,-9.903148350777675 33.152059528101354,-9.903789137088278 33.150848642275101,-9.904946810369124 33.150333424890874,-9.906043026241839 33.149759484758796,-9.907024485891538 33.149414330752585,-9.907486769686862 33.148197336681079,-9.907666233918755 33.147450092704766,-9.908763747895467 33.147051939312242,-9.910031932265563 33.146707493612858,-9.91060929575513 33.145783365798813,-9.911247453900623 33.144624002362711,-9.911369038217664 33.143526927546446,-9.912180788310122 33.142496062601957,-9.914315656977824 33.141812141888622,-9.916275950601165 33.140602244138407,-9.917606210465767 33.139965257766789,-9.917782401711291 33.137409473888866,-9.917221246563925 33.135721992397933,-9.916367514694743 33.133163382330977,-9.915345997775409 33.131183413524091,-9.914091068818756 33.129554677352424,-9.913352065869733 33.127987142647079,-9.913130602717191 33.126597518730001,-9.91354111952516 33.124807523249764,-9.914874542613143 33.123655211463678,-9.916146878726515 33.122675139526891,-9.917130542307579 33.121633522151093,-9.917539111467232 33.120591549992625,-9.917890136575052 33.119195897356178,-9.917322422324157 33.118211222018857,-9.917558036581331 33.117001928287436,-9.919003295115394 33.116196196658379,-9.920043520111632 33.115446351562845,-9.92073817605098 33.114171634950928,-9.920975377833234 33.113707588748248,-9.920977935884851 33.112315451877883,-9.920985606188157 33.111218967468368,-9.921912333301373 33.110352041711565,-9.922434992580467 33.108960600591182,-9.922557731646364 33.107679204178261,-9.921701626157782 33.10727000569161,-9.921185984993572 33.10622239507336,-9.920616305446883 33.105645843696358,-9.921194901060112 33.105535090152543,-9.922058656633311 33.104680068526932,-9.924537703456695 33.104289789670965,-9.927129286011308 33.104299950190779,-9.928797981595384 33.104430680430475,-9.931214076700048 33.104267518296282,-9.932998808572306 33.104101902715975,-9.934380751665602 33.102665703432386,-9.936690349356852 33.102789073747779,-9.937898078672863 33.102449772020741,-9.939338515663772 33.102108718682722,-9.940491245427308 33.101885780983693,-9.941988587426396 33.101718751809408,-9.943140364608832 33.101263420507401,-9.944581434940529 33.100227985082945,-9.946025679807429 33.099829255557317,-9.947236266284886 33.099896706627021,-9.948789560119238 33.100250715613839,-9.949765855898448 33.100023567622856,-9.950572702027207 33.099448001789476,-9.951323909827899 33.098410091321803,-9.952365360576005 33.097372173365954,-9.9534068081014 33.096449575018525,-9.954332535925259 33.096224508229788,-9.955484625860077 33.096697330752974,-9.956920620879536 33.097399063401163,-9.957837476787587 33.097463711450132,-9.958930441389819 33.096480990581789,-9.959511239942033 33.095674398057739,-9.960436332298064 33.095101944849262,-9.961705402898602 33.095805428743361,-9.96290996742308 33.096101427050876,-9.963886582744141 33.095238903017567,-9.965157238083608 33.09443124638792,-9.965909703236171 33.093799370982829,-9.966948924112689 33.093865403361264,-9.968272053682144 33.094452867594917,-9.969477252744399 33.095039639551509,-9.970567369185339 33.095164041279332,-9.971947722079303 33.094361948228716,-9.973620845702325 33.094014904013193,-9.973795366876205 33.092862268954057,-9.975067596818438 33.092695888229784,-9.976334449993525 33.09293526963021,-9.977541547450786 33.093464034443507,-9.97863198248276 33.093704465187955,-9.98001170309324 33.093711786808981,-9.981220065907269 33.093256369984807,-9.982661122855168 33.092395876211548,-9.984277015907075 33.091708031730391,-9.985661793428147 33.091018789048988,-9.986816406730839 33.090331282387382,-9.988258722882614 33.089406826835365,-9.988896725163144 33.088769326457708,-9.989015278396227 33.088018919265522,-9.989652330498258 33.0877357825686,-9.990804728337833 33.087975503449499,-9.99206936994729 33.087867462752634,-9.993393444716336 33.088745393176602,-9.994654617124622 33.090427938343922,-9.994645462807309 33.092336983611695,-9.993714379611307 33.093551887701736,-9.993132329045544 33.09447948643556,-9.993012183996921 33.096043890935725,-9.992658389119683 33.097726774598279,-9.99270673958406 33.098780194634209,-9.994197097686945 33.09930970631472,-9.995402603180517 33.0998972400753,-9.996607790028468 33.100715456820737,-9.997581541996128 33.101707735722876,-9.998554338791514 33.102527713558857,-9.999815790944975 33.103170134507664,-10.000502785204157 33.102304039949921,-10.001198046136835 33.100967831733584,-10.000917648833314 33.099689995196655,-10.000694470911579 33.098414257929072,-10.000816533571253 33.096503792590518,-10.001517487148728 33.095753722061197,-10.002212097839671 33.095523037572853,-10.002443528115151</coordinates></LineString>
  </Placemark>
  <Placemark>
	<Style><LineStyle><color>ff0000ff</color></LineStyle><PolyStyle><fill>0</fill></PolyStyle></Style>
	<ExtendedData><SchemaData schemaUrl="#Luangwa_river">
		<SimpleData name="OBJECTID">170</SimpleData>
		<SimpleData name="ID">0</SimpleData>
		<SimpleData name="RIVERCODE">0</SimpleData>
		<SimpleData name="Corridors">0</SimpleData>
		<SimpleData name="Shape_Leng">4711.44058691000</SimpleData>
	</SchemaData></ExtendedData>
      <LineString><coordinates>33.326466644146059,-9.919162415038763 33.325473958023331,-9.918190290738737 33.324303379746432,-9.916643828454957 33.322730669433533,-9.915675255457572 33.321969631771559,-9.914644155778769 33.32143711878804,-9.913093769403787 33.32090150632434,-9.911083060098129 33.31932185325131,-9.909078745150863 33.318328832189948,-9.908049055787874 33.317097996446932,-9.906157679128757 33.315577554056006,-9.904325610232929 33.314407071359142,-9.902779109167115 33.312542516881798,-9.901524554677307 33.309872523488941,-9.901253124422034 33.307901249184098,-9.901380218979318 33.306334826336723,-9.901332210222853 33.304882865897568,-9.901053328295035 33.303435911844275,-9.901522464060218 33.301932876002617,-9.902279649002837 33.300425604370567,-9.90240388236251 33.298676336448963,-9.901033463964371 33.297107228975698,-9.900582628895151 33.295715198120718,-9.9005910576928 33.294928575518583,-9.900825387229462 33.293926728385173,-9.900916579006497 33.293562391169452,-9.900916897411147</coordinates></LineString>
  </Placemark>
  <Placemark>
	<Style><LineStyle><color>ff0000ff</color></LineStyle><PolyStyle><fill>0</fill></PolyStyle></Style>
	<ExtendedData><SchemaData schemaUrl="#Luangwa_river">
		<SimpleData name="OBJECTID">171</SimpleData>
		<SimpleData name="ID">0</SimpleData>
		<SimpleData name="RIVERCODE">0</SimpleData>
		<SimpleData name="Corridors">0</SimpleData>
		<SimpleData name="Shape_Leng">2565.33150889000</SimpleData>
	</SchemaData></ExtendedData>
      <LineString><coordinates>33.255788735729844,-9.888688787620655 33.255667841846673,-9.887941446223715 33.255486313451527,-9.886791663775657 33.25437943816857,-9.886050168954844 33.253216449137888,-9.885596717975057 33.252105822642235,-9.88427980877267 33.252097928409519,-9.88307145232459 33.251972534718263,-9.881633619742797 33.25207988560534,-9.880309494911643 33.252242978523121,-9.878639781975856 33.251073255574426,-9.877150588768348 33.249732931046267,-9.876180286673529 33.248740971958625,-9.875265463775829 33.247516656548044,-9.874294467105816 33.246176728588921,-9.873381692431995 33.245012671383762,-9.872755589097016 33.244430456274799,-9.872413765635935 33.244137102868798,-9.871897607477516 33.243496531931285,-9.871550375226414</coordinates></LineString>
  </Placemark>
  <Placemark>
	<name>Pwezi</name>
	<Style><LineStyle><color>ff0000ff</color></LineStyle><PolyStyle><fill>0</fill></PolyStyle></Style>
	<ExtendedData><SchemaData schemaUrl="#Luangwa_river">
		<SimpleData name="Name">Pwezi</SimpleData>
		<SimpleData name="OBJECTID">172</SimpleData>
		<SimpleData name="ID">0</SimpleData>
		<SimpleData name="RIVERCODE">0</SimpleData>
		<SimpleData name="Corridors">0</SimpleData>
		<SimpleData name="Shape_Leng">13547.35421550000</SimpleData>
	</SchemaData></ExtendedData>
      <LineString><coordinates>33.296261139609953,-9.956346614263515 33.294919207833587,-9.955203888857156 33.293749783341873,-9.953829944414334 33.292581134351273,-9.952571075331408 33.290893850332431,-9.951833219989151 33.288687926425965,-9.951616370738242 33.286422081897086,-9.951112153378167 33.283976868686345,-9.949803404813375 33.282982682697153,-9.948600992737946 33.282968942969624,-9.946529539278101 33.281036707944899,-9.943836655587434 33.27823970851032,-9.941954549376586 33.276723111239143,-9.940697710986662 33.275082143022864,-9.938175670523805 33.274028116659089,-9.936685875744065 33.273726678377265,-9.934961398850906 33.273251601914161,-9.933295504323306 33.27231513307013,-9.932035169259466 33.27050894925928,-9.930837576297577 33.268243274027149,-9.930333231531613 33.264637020862196,-9.928858639101549 33.262831259523267,-9.927718543530917 33.261720450448266,-9.926401673088876 33.261711382878325,-9.92502069932922 33.261878220821778,-9.923926392508866 33.261347105139755,-9.922548526435699 33.259771523460799,-9.92111932880656 33.258773740507692,-9.919341433128331 33.258530404413044,-9.917616593267843 33.258287825263139,-9.916006834391592 33.257472372416643,-9.915493793624162 33.254105119926706,-9.915053434267904 33.251778563580913,-9.914088992644636 33.250198930418449,-9.912026800322613 33.248856211962014,-9.910711257365483 33.246701834321819,-9.909458045886312 33.245822788203093,-9.908082207191862 33.245346020017649,-9.90612856231772 33.245218769742095,-9.904403025088952 33.245380031500353,-9.902445613108588 33.245194031933252,-9.900605336425135 33.244427646958194,-9.898710940381037 33.242448117179826,-9.897571754561954 33.239540212799817,-9.896380478577225 33.237909838349964,-9.895411838512526 33.236627103185405,-9.894383605293736 33.235286002677157,-9.893298166433993 33.234059046590914,-9.891924336586039 33.233186436370175,-9.891526655361314 33.232250612609548,-9.890323740056111 33.231198796492819,-9.889121502184411 33.229281087803862,-9.888557304281312 33.228348633038706,-9.887872245560223 33.228340825123666,-9.886663886767341 33.22821850616964,-9.885686370067614 33.227514340828932,-9.884424542302183 33.226930265899725,-9.883794984453022 33.227445936955668,-9.882813736236178 33.227726638063906,-9.881373517474408 33.227257077665811,-9.880513117000623 33.227134393121013,-9.879478058884651 33.226782319137484,-9.878847143650702 33.22631944959425,-9.879022478691553 33.225275487199006,-9.879028579037085 33.224513721939068,-9.877824623546326 33.224449044605848,-9.87678922513838 33.224964341588297,-9.875750439824756 33.22536438345643,-9.874827413921526 33.225709024533707,-9.874307511537865 33.226168545520885,-9.873614308727362 33.226512354337082,-9.873453728898287</coordinates></LineString>
  </Placemark>
  <Placemark>
	<Style><LineStyle><color>ff0000ff</color></LineStyle><PolyStyle><fill>0</fill></PolyStyle></Style>
	<ExtendedData><SchemaData schemaUrl="#Luangwa_river">
		<SimpleData name="OBJECTID">173</SimpleData>
		<SimpleData name="ID">0</SimpleData>
		<SimpleData name="RIVERCODE">0</SimpleData>
		<SimpleData name="Corridors">0</SimpleData>
		<SimpleData name="Shape_Leng">6166.53660253000</SimpleData>
	</SchemaData></ExtendedData>
      <LineString><coordinates>33.257337017761103,-9.915405034687483 33.257762016796356,-9.915434530279409 33.259270500933987,-9.915483108055399 33.26049727204478,-9.916799298080193 33.262361724963718,-9.918054144431244 33.263932385579764,-9.91873530212975 33.265732801966315,-9.919069825399163 33.26730271665906,-9.919635885692838 33.268585265544779,-9.920606455222215 33.269637697042747,-9.92186610901952 33.270920261411199,-9.922836669081125 33.272666498310109,-9.923746906463961 33.274466568927821,-9.924023840764892 33.277247029757191,-9.923431744186521 33.278518580063682,-9.922733600330506 33.280081675072914,-9.922263871463551 33.281996609291561,-9.922367446795084 33.28292392989372,-9.922246784243916 33.284831992020464,-9.921314615634099 33.286339357717793,-9.921190449761536 33.288145925159128,-9.922445498063047 33.289198435737873,-9.923705088140027 33.290711170999167,-9.924386468281192 33.291763314574588,-9.925588509685172 33.292242303384455,-9.927829780180216 33.29359216344654,-9.930180869720964 33.294528706541911,-9.931441142445193 33.295579735890705,-9.932470548583437 33.297210842105649,-9.933496437065845 33.299012136898583,-9.933945858977147 33.300237978922944,-9.935089275189089 33.30145882689196,-9.935484662144269 33.302272855091047,-9.935767431499032 33.303375767516492,-9.935875815155146</coordinates></LineString>
  </Placemark>
  <Placemark>
	<Style><LineStyle><color>ff0000ff</color></LineStyle><PolyStyle><fill>0</fill></PolyStyle></Style>
	<ExtendedData><SchemaData schemaUrl="#Luangwa_river">
		<SimpleData name="OBJECTID">174</SimpleData>
		<SimpleData name="ID">0</SimpleData>
		<SimpleData name="RIVERCODE">0</SimpleData>
		<SimpleData name="Corridors">0</SimpleData>
		<SimpleData name="Shape_Leng">4298.96917163000</SimpleData>
	</SchemaData></ExtendedData>
      <LineString><coordinates>33.272332992148137,-9.923679780253261 33.272322261356194,-9.92432439504285 33.273900951409637,-9.926213855329445 33.275185065547859,-9.927414559405069 33.275774254115085,-9.928792054335519 33.276308483683223,-9.930630219571217 33.277079314725093,-9.933157476228132 33.2780760968488,-9.934762692036562 33.279828131044844,-9.936535995512106 33.281924800773908,-9.937789331594596 33.283497503520543,-9.938758096061374 33.284489750670829,-9.93967280530501 33.284961838527714,-9.94087835867164 33.285262195811882,-9.942430201266369 33.285908698520593,-9.943692244621802 33.286325845832195,-9.945358467895408 33.286683459208653,-9.946794878628309 33.287850151940503,-9.947766068335403 33.2884333091502,-9.948222891136688 33.289481312355107,-9.94879199204909 33.289892741802795,-9.949595105039949 33.29082702967542,-9.950510143121853 33.291875810535878,-9.951194316898327 33.292924213269863,-9.951820947311036 33.294492027113016,-9.952041631303773 33.295362181767764,-9.952036363460529</coordinates></LineString>
  </Placemark>
  <Placemark>
	<Style><LineStyle><color>ff0000ff</color></LineStyle><PolyStyle><fill>0</fill></PolyStyle></Style>
	<ExtendedData><SchemaData schemaUrl="#Luangwa_river">
		<SimpleData name="OBJECTID">175</SimpleData>
		<SimpleData name="ID">0</SimpleData>
		<SimpleData name="RIVERCODE">0</SimpleData>
		<SimpleData name="Corridors">0</SimpleData>
		<SimpleData name="Shape_Leng">3958.57193953000</SimpleData>
	</SchemaData></ExtendedData>
      <LineString><coordinates>33.275421887412733,-9.923857401458411 33.276387979318301,-9.925105637123838 33.27819262825502,-9.926073036882963 33.279993478233948,-9.926465022995966 33.281563832357328,-9.92708855476053 33.282618241636783,-9.928635867572702 33.283902777929988,-9.929894078817187 33.285128171765351,-9.930980011566367 33.285601012463481,-9.932300645919495 33.286133010352309,-9.93379355056855 33.287127543547165,-9.935053495302038 33.28817817987089,-9.93602538475942 33.289110893134499,-9.936710268705452 33.28969632816608,-9.937512331880512 33.290398166563513,-9.938371234570912 33.291101922499195,-9.939517836429669 33.291629743173218,-9.940377787387554 33.292043465452338,-9.941526139885497 33.29239726604758,-9.942387141064264 33.292695359318181,-9.943593734300078 33.293396451105892,-9.944337549002947 33.293924285768497,-9.945197494796423 33.29479902785036,-9.945882712656481 33.295788256962382,-9.946337064415884 33.296488593695393,-9.946965791409207 33.297245021304889,-9.947306463670417 33.298406365112584,-9.947472051528703 33.299163949010385,-9.947985339947019 33.299512776286306,-9.948098308494485</coordinates></LineString>
  </Placemark>
  <Placemark>
	<Style><LineStyle><color>ff0000ff</color></LineStyle><PolyStyle><fill>0</fill></PolyStyle></Style>
	<ExtendedData><SchemaData schemaUrl="#Luangwa_river">
		<SimpleData name="OBJECTID">176</SimpleData>
		<SimpleData name="ID">0</SimpleData>
		<SimpleData name="RIVERCODE">0</SimpleData>
		<SimpleData name="Corridors">0</SimpleData>
		<SimpleData name="Shape_Leng">1751.83340184000</SimpleData>
	</SchemaData></ExtendedData>
      <LineString><coordinates>33.29180683357945,-9.940837058300836 33.292617801727985,-9.940659528473258 33.294533995626814,-9.940935650591955 33.295816322702429,-9.941848569317909 33.297041032175805,-9.942819375463246 33.29791615821064,-9.943562125190633 33.29879051952242,-9.944189792658019 33.299839295673458,-9.944873941837027 33.300884612904277,-9.94504022490146 33.301347146081994,-9.944807245584874 33.301751284791685,-9.944517078333508 33.302039020109326,-9.944170075081356 33.302792366347823,-9.944050412164387 33.303718967179229,-9.943814610014041 33.304707430793812,-9.94415385463228 33.305404308947161,-9.94426470024009 33.305984398575212,-9.944261170381795</coordinates></LineString>
  </Placemark>
  <Placemark>
	<Style><LineStyle><color>ff0000ff</color></LineStyle><PolyStyle><fill>0</fill></PolyStyle></Style>
	<ExtendedData><SchemaData schemaUrl="#Luangwa_river">
		<SimpleData name="OBJECTID">177</SimpleData>
		<SimpleData name="ID">0</SimpleData>
		<SimpleData name="RIVERCODE">0</SimpleData>
		<SimpleData name="Corridors">0</SimpleData>
		<SimpleData name="Shape_Leng">6190.21985521000</SimpleData>
	</SchemaData></ExtendedData>
      <LineString><coordinates>33.24423146696077,-9.930936132038557 33.244759902466463,-9.93191124229536 33.246802159091068,-9.933740551534273 33.249647151795081,-9.934126528225857 33.251449896112625,-9.93480636928054 33.252733589677426,-9.935949620700303 33.25367187853594,-9.937497713752602 33.254496043513086,-9.939334195313585 33.255144684397216,-9.940941545386448 33.256372667516302,-9.942430367929303 33.258815456717649,-9.943394081344499 33.259918761072598,-9.943560147922076 33.260558749375257,-9.94384405399701 33.261493319824957,-9.944816717972774 33.262485904294842,-9.945789034274092 33.264634903063488,-9.946179026177438 33.267479642734486,-9.946507306830629 33.269281731514653,-9.9470719685478 33.270794535859181,-9.947753435861715 33.272942796292007,-9.94802829275171 33.274335411689627,-9.948077492940088 33.276019977869254,-9.948412651482768 33.277128255505325,-9.94932668549084 33.278407522247711,-9.949779348952422 33.280094007165218,-9.95040218753552 33.281140858970481,-9.95079869381337 33.282131993558494,-9.951540787689011 33.282774305052165,-9.952169891923706 33.28324411502161,-9.95303020391372 33.283715072750105,-9.954063136850779 33.284242517025639,-9.95486555772696 33.2852909168924,-9.955492212012864 33.286337027361263,-9.955773620477254 33.28720872305,-9.955998534245106 33.287908682513397,-9.956569738782349 33.288433079348934,-9.956911830364607 33.289189905058265,-9.957310060150393 33.289774613634371,-9.957997041310364</coordinates></LineString>
  </Placemark>
  <Placemark>
	<name>Kasopa</name>
	<Style><LineStyle><color>ff0000ff</color></LineStyle><PolyStyle><fill>0</fill></PolyStyle></Style>
	<ExtendedData><SchemaData schemaUrl="#Luangwa_river">
		<SimpleData name="Name">Kasopa</SimpleData>
		<SimpleData name="OBJECTID">178</SimpleData>
		<SimpleData name="ID">0</SimpleData>
		<SimpleData name="RIVERCODE">0</SimpleData>
		<SimpleData name="Corridors">0</SimpleData>
		<SimpleData name="Shape_Leng">5702.06463355000</SimpleData>
	</SchemaData></ExtendedData>
      <LineString><coordinates>33.213933321222733,-9.919202162880493 33.212422236410475,-9.918750595520567 33.211544412337823,-9.917547287537667 33.210427938545898,-9.915309587566069 33.208966403539151,-9.913534226739181 33.207739846923509,-9.912217843141976 33.206628939136571,-9.910843242305795 33.206215920043789,-9.909752314673794 33.205450102941064,-9.907915367745567 33.204515801399936,-9.906942539263477 33.204565345927598,-9.905618761841861 33.204087720700691,-9.903492430064967 33.203383975324705,-9.902288092550721 33.203834758074954,-9.900213936668825 33.203880628777092,-9.898314749307822 33.202594678630675,-9.896768515425729 33.202115244013548,-9.894354474364766 33.202799863535624,-9.892566684124528 33.202615943554761,-9.891014082368672 33.201505496880728,-9.889697001616591 33.20045489307531,-9.888667287990939 33.200272088035184,-9.887287307157838 33.199278028401906,-9.886027090286042 33.198522204172868,-9.885743731679254 33.198053812603789,-9.885055913028433 33.197298725134004,-9.884887632918062 33.197005432792608,-9.884371433650113 33.196419583187861,-9.88345411649482 33.194271430986483,-9.883121216116761 33.193167991019315,-9.882897387297943 33.192118166345196,-9.881982727701971 33.190840005660114,-9.881644807993242 33.189218966327445,-9.882114454313905 33.18881370507048,-9.882231864686498 33.188351175303822,-9.882464688724525</coordinates></LineString>
  </Placemark>
  <Placemark>
	<Style><LineStyle><color>ff0000ff</color></LineStyle><PolyStyle><fill>0</fill></PolyStyle></Style>
	<ExtendedData><SchemaData schemaUrl="#Luangwa_river">
		<SimpleData name="OBJECTID">179</SimpleData>
		<SimpleData name="ID">0</SimpleData>
		<SimpleData name="RIVERCODE">0</SimpleData>
		<SimpleData name="Corridors">0</SimpleData>
		<SimpleData name="Shape_Leng">5743.63634659000</SimpleData>
	</SchemaData></ExtendedData>
      <LineString><coordinates>33.207356473082555,-9.924821982252402 33.206998125336092,-9.923212853681974 33.206873275523137,-9.921832544148394 33.206511989056125,-9.919763087953452 33.205978532123467,-9.917982341261991 33.205156530938766,-9.91643343519884 33.20456986493555,-9.915401053629017 33.203285680892762,-9.914142529846618 33.201711487994913,-9.912885675729992 33.200083706355464,-9.912319639042334 33.199035601606198,-9.911692710348994 33.19839352605586,-9.91106343757995 33.198212914845755,-9.910028703696993 33.19825735178248,-9.907899354337326 33.196737912931205,-9.906124272039289 33.195745273026681,-9.905094211191234 33.194746051286124,-9.903028409023037 33.194624190229639,-9.902108420646252 33.19437790920221,-9.899865656493811 33.194189633075915,-9.897622558021263 33.193833211104376,-9.896301115031262 33.192317139566605,-9.895043879492606 33.190976908509796,-9.894073343223967 33.190044880146111,-9.893445717920761 33.189341207461801,-9.892241348886277 33.188582093582013,-9.891440098459709 33.186837345774698,-9.890702037040255 33.185907520789982,-9.890419645792399 33.185147326689879,-9.889445764297422 33.184561136195143,-9.888470884722532 33.183336953382337,-9.887499652531343 33.182348777042996,-9.887160042329459 33.181592964890605,-9.886876645503234 33.180837517461917,-9.886650786775231 33.179908072948123,-9.886425921124332 33.179733347416963,-9.886311831648838 33.179104957462783,-9.886362591230803</coordinates></LineString>
  </Placemark>
  <Placemark>
	<Style><LineStyle><color>ff0000ff</color></LineStyle><PolyStyle><fill>0</fill></PolyStyle></Style>
	<ExtendedData><SchemaData schemaUrl="#Luangwa_river">
		<SimpleData name="OBJECTID">180</SimpleData>
		<SimpleData name="ID">0</SimpleData>
		<SimpleData name="RIVERCODE">0</SimpleData>
		<SimpleData name="Corridors">0</SimpleData>
		<SimpleData name="Shape_Leng">5267.95173190000</SimpleData>
	</SchemaData></ExtendedData>
      <LineString><coordinates>33.193158885359274,-9.927090533448382 33.191816325825748,-9.925774758925348 33.190821448537832,-9.924399439533069 33.190000231635253,-9.922965577888178 33.18859823623329,-9.921419958637285 33.18667785423365,-9.920452735117964 33.185278435628767,-9.91930988815489 33.183701735127279,-9.917650162168545 33.182709099830625,-9.916620063382347 33.181655192770627,-9.915072423017653 33.18135352993842,-9.913232768422221 33.181458989654558,-9.911563415879817 33.180233275167616,-9.910362011610198 33.17837243765517,-9.909624570448152 33.176743984407828,-9.90894333723174 33.175467184091367,-9.908835525738329 33.173901818304728,-9.908959522878739 33.172917571410444,-9.90925283837157 33.171294199060142,-9.909377153545311 33.170884916892092,-9.908861591616546 33.170064910640065,-9.907600300641665 33.168785948596522,-9.907147216680233 33.168260306768012,-9.906574767681683 33.167847781341351,-9.905541331787008 33.167492538710341,-9.904392483744696 33.166443796456186,-9.903650368230176 33.165393255620693,-9.902620544755633 33.163997232026198,-9.901995475608624 33.162837908691849,-9.902117123161634 33.161562219854829,-9.90218188051719 33.160977875263896,-9.90149466627293 33.160682102888522,-9.900575647083397 33.160214847281551,-9.900060398534757 33.159854161426217,-9.899612909737769</coordinates></LineString>
  </Placemark>
  <Placemark>
	<Style><LineStyle><color>ff0000ff</color></LineStyle><PolyStyle><fill>0</fill></PolyStyle></Style>
	<ExtendedData><SchemaData schemaUrl="#Luangwa_river">
		<SimpleData name="OBJECTID">181</SimpleData>
		<SimpleData name="ID">0</SimpleData>
		<SimpleData name="RIVERCODE">0</SimpleData>
		<SimpleData name="Corridors">0</SimpleData>
		<SimpleData name="Shape_Leng">5891.20718682000</SimpleData>
	</SchemaData></ExtendedData>
      <LineString><coordinates>33.18255800461754,-9.947751701507148 33.181156663425412,-9.946321136640922 33.180278877435335,-9.945117747968341 33.179051222319181,-9.943628639441444 33.178175630664327,-9.942770489867604 33.177180029937986,-9.941280050169743 33.176359191275139,-9.939903696799988 33.175366873896543,-9.93893111989744 33.174372748745803,-9.937670834299578 33.173843783944896,-9.936580528131815 33.173657797031844,-9.934682666296482 33.173880403152936,-9.933185280377341 33.17415920138496,-9.931399859886735 33.17380028247014,-9.929675610557496 33.173209340730772,-9.927952681684433 33.172154715435333,-9.926289931129904 33.170928978573691,-9.925088494295137 33.169415390464138,-9.92423394555189 33.168366942533474,-9.923549379593625 33.168183525535113,-9.922054299895857 33.16852469092656,-9.92095904562018 33.168167981995836,-9.919580035201712 33.167405602454878,-9.918260868784422 33.166179190882609,-9.916944330966567 33.165127163593986,-9.91568434359127 33.164887927594734,-9.914534836771759 33.165166038913519,-9.912634337999153 33.164984087387374,-9.911369419870848 33.163987921674575,-9.909763853268213 33.164269282391331,-9.908381225681712 33.164206949486193,-9.907691060250947 33.162982032167989,-9.906604673803063 33.162513322959512,-9.905859264084366 33.16273776444131,-9.904649588862268 33.162961843933466,-9.903382370878315 33.162897353381886,-9.902346959564627 33.162838269079899,-9.90217466390809</coordinates></LineString>
  </Placemark>
  <Placemark>
	<Style><LineStyle><color>ff0000ff</color></LineStyle><PolyStyle><fill>0</fill></PolyStyle></Style>
	<ExtendedData><SchemaData schemaUrl="#Luangwa_river">
		<SimpleData name="OBJECTID">182</SimpleData>
		<SimpleData name="ID">0</SimpleData>
		<SimpleData name="RIVERCODE">0</SimpleData>
		<SimpleData name="Corridors">0</SimpleData>
		<SimpleData name="Shape_Leng">7485.77801377000</SimpleData>
	</SchemaData></ExtendedData>
      <LineString><coordinates>33.140544595715497,-9.917664076723989 33.14077732889465,-9.917777861701508 33.141246721094141,-9.918638383246449 33.141716472537311,-9.91955644572464 33.143050953730807,-9.919606519280411 33.144217849953691,-9.920693303992726 33.144338505943338,-9.921440687801466 33.143597647415362,-9.923573933556087 33.142619756558695,-9.924902901635669 33.141586347857725,-9.926634977734723 33.141363955321751,-9.928189885721237 33.14073586759563,-9.929804605973276 33.140508832368496,-9.930611479195431 33.141557246468714,-9.931296132519913 33.142257619857709,-9.931982730280318 33.142206395335187,-9.933076336038331 33.142154455810314,-9.934054858489528 33.142622804405917,-9.934742754770552 33.142686883169063,-9.935720628121123 33.142228172555946,-9.936586341892761 33.142408980568383,-9.937678648558103 33.143109369471055,-9.938365244060414 33.144331840926455,-9.939048913611366 33.14480127343046,-9.93990942852497 33.14515504685712,-9.940828134256893 33.145215916505983,-9.941288137854226 33.145334438068033,-9.941690274389565 33.145977905112225,-9.942549812796875 33.146968001463705,-9.943177232002153 33.147434583073014,-9.943577414836417 33.147555614276676,-9.944382337795728 33.148314396040483,-9.945126137472991 33.148955011672321,-9.945525340971859 33.148958593902826,-9.946100751057021 33.148617696478624,-9.947253526714627 33.148277155654021,-9.94846384261939 33.14868967594316,-9.949497300049364 33.148928882894822,-9.950646817400827 33.14974533499376,-9.951332745652737 33.150678170968021,-9.952075561452308 33.151144052722231,-9.952360656512457 33.150747297313835,-9.953859005866326 33.150693230020778,-9.954492283539548 33.151103613537813,-9.955180491045004 33.152559646125894,-9.956092987738288 33.154128837872989,-9.956544495551331 33.155697314210791,-9.956880914755704 33.156453985550421,-9.95727944851649 33.157212457727837,-9.957965686112269 33.157739244167715,-9.958710772283881 33.158265313385883,-9.95934077552049 33.158734091124792,-9.960086186834753 33.159090447394824,-9.96140766241493 33.158348159547558,-9.963310772496195 33.158007998762322,-9.964578637401404 33.15790600622023,-9.966823388523972 33.158087245063065,-9.96797322424986 33.158788091668086,-9.968717325664654 33.159722438112958,-9.969690277388926 33.160480946083801,-9.97037650650133 33.161063252132266,-9.970718471960069 33.161237655331966,-9.970775028531426</coordinates></LineString>
  </Placemark>
  <Placemark>
	<Style><LineStyle><color>ff0000ff</color></LineStyle><PolyStyle><fill>0</fill></PolyStyle></Style>
	<ExtendedData><SchemaData schemaUrl="#Luangwa_river">
		<SimpleData name="OBJECTID">183</SimpleData>
		<SimpleData name="ID">0</SimpleData>
		<SimpleData name="RIVERCODE">0</SimpleData>
		<SimpleData name="Corridors">0</SimpleData>
		<SimpleData name="Shape_Leng">4003.90948405000</SimpleData>
	</SchemaData></ExtendedData>
      <LineString><coordinates>33.180704057445084,-9.957314426931054 33.179945538623777,-9.956628244297631 33.179185205657689,-9.955654354673264 33.178484341928979,-9.954910295756488 33.177843672896088,-9.954511150803239 33.176040963448713,-9.953830912287774 33.174818736103447,-9.953204902494099 33.173017851686112,-9.952812352755519 33.171625222084813,-9.952762729983276 33.170576315868743,-9.952020633163937 33.168891465297335,-9.951627401234894 33.167904918041074,-9.951575457431835 33.167205172329638,-9.951003997601688 33.166044955978144,-9.951010576627374 33.164882212038847,-9.950614364025856 33.164359032197218,-9.950444699054378 33.163312674097114,-9.950105364816556 33.162439990224144,-9.949707502286264 33.161739176711535,-9.948963408075352 33.16034656434789,-9.948913738041815 33.158955032902739,-9.949036684905195 33.157501173275151,-9.9484694627177 33.156222787014144,-9.948131415420304 33.155463980602867,-9.947387634178043 33.154821556877877,-9.946700738438615 33.153253130103671,-9.946364315078663 33.152092929073,-9.946370844568266 33.150756186931169,-9.945975562138189 33.150055766790302,-9.945288983408691 33.149125458775664,-9.944948952530016 33.148429340622364,-9.944952862620426 33.147974472389855,-9.944834578026191</coordinates></LineString>
  </Placemark>
  <Placemark>
	<Style><LineStyle><color>ff0000ff</color></LineStyle><PolyStyle><fill>0</fill></PolyStyle></Style>
	<ExtendedData><SchemaData schemaUrl="#Luangwa_river">
		<SimpleData name="OBJECTID">184</SimpleData>
		<SimpleData name="ID">0</SimpleData>
		<SimpleData name="RIVERCODE">0</SimpleData>
		<SimpleData name="Corridors">0</SimpleData>
		<SimpleData name="Shape_Leng">4523.02568814000</SimpleData>
	</SchemaData></ExtendedData>
      <LineString><coordinates>33.174326706862544,-9.93957001548433 33.173229251623738,-9.940324321134977 33.172245997480665,-9.940790258331921 33.170973782145786,-9.941430463144707 33.169292963968999,-9.941670183029903 33.167724908948045,-9.941391367823727 33.165577488202885,-9.941230914794655 33.163836853974516,-9.941183230565702 33.162032082444973,-9.940157669742829 33.161329489179309,-9.939125868083087 33.160273446207576,-9.937232916515065 33.158812077944845,-9.935457337209122 33.156195961582476,-9.934551409444449 33.152480581460949,-9.934111994188941 33.150214688507866,-9.933549306685547 33.14876019608775,-9.932866961567399 33.147245911358745,-9.931897230482459 33.145676847544969,-9.931445687870419 33.144336958171273,-9.93053250842736 33.144098497298707,-9.929498069216466 33.143858609257101,-9.928233464134383 33.143797387011702,-9.927715919140471 33.143906970321147,-9.926679529335694 33.143782025540922,-9.925241651367685 33.143331885153501,-9.923849793842752</coordinates></LineString>
  </Placemark>
  <Placemark>
	<Style><LineStyle><color>ff0000ff</color></LineStyle><PolyStyle><fill>0</fill></PolyStyle></Style>
	<ExtendedData><SchemaData schemaUrl="#Luangwa_river">
		<SimpleData name="OBJECTID">185</SimpleData>
		<SimpleData name="ID">0</SimpleData>
		<SimpleData name="RIVERCODE">0</SimpleData>
		<SimpleData name="Corridors">0</SimpleData>
		<SimpleData name="Shape_Leng">3330.90151121000</SimpleData>
	</SchemaData></ExtendedData>
      <LineString><coordinates>33.130992294758961,-9.939526194475301 33.128845609824339,-9.939480587797402 33.127516366739762,-9.940293575324864 33.126185699601713,-9.940876392843675 33.12485290428986,-9.941113957930735 33.123288423737108,-9.941410345129439 33.121838544442575,-9.941475918366548 33.120907569859241,-9.941020726042247 33.119393681520108,-9.940108410606495 33.118754522954482,-9.939939314686958 33.117655878580301,-9.940520815893933 33.116438390643893,-9.940642624655045 33.115159018370406,-9.940131796159889 33.113534411694246,-9.940083210671974 33.112725803080352,-9.940663097737705 33.110813609395109,-9.941018885324606 33.109941714005032,-9.940735966104484 33.108895089648755,-9.940338920485699 33.107850925173693,-9.94034465897025 33.106631329586648,-9.94012118548484 33.106048433258614,-9.939664040642681 33.105348468388627,-9.939034907594886 33.104358812718012,-9.938464904855158 33.103660955644536,-9.938181015802774 33.102637166145136,-9.938096135376403</coordinates></LineString>
  </Placemark>
  <Placemark>
	<Style><LineStyle><color>ff0000ff</color></LineStyle><PolyStyle><fill>0</fill></PolyStyle></Style>
	<ExtendedData><SchemaData schemaUrl="#Luangwa_river">
		<SimpleData name="OBJECTID">186</SimpleData>
		<SimpleData name="ID">0</SimpleData>
		<SimpleData name="RIVERCODE">0</SimpleData>
		<SimpleData name="Corridors">0</SimpleData>
		<SimpleData name="Shape_Leng">4979.09836914000</SimpleData>
	</SchemaData></ExtendedData>
      <LineString><coordinates>33.143784141700152,-9.953610371245302 33.142733507990059,-9.952580481190152 33.14185727156088,-9.951607154629331 33.139938271268285,-9.950869829078323 33.137616409872891,-9.950652628565624 33.135817360982415,-9.95054758276917 33.134479910112283,-9.950037153108111 33.132911485911812,-9.949700634392857 33.132097914923484,-9.949474991804761 33.13128363492411,-9.949134265828221 33.13075940913744,-9.948791924107002 33.129943712011794,-9.948221030196155 33.128896331082423,-9.947708965539949 33.127561382957403,-9.9476012955536 33.126634280683213,-9.947779072035802 33.125703634841635,-9.94738143424091 33.124600730887927,-9.94727246584724 33.123847657805619,-9.9474492689287 33.122863249730258,-9.947742439090705 33.122110528948191,-9.947976779915333 33.120894075898839,-9.9482712291362 33.120140646254427,-9.948390483180743 33.11915552607914,-9.948568560113897 33.117588887862532,-9.948519673866036 33.116600592592135,-9.948179872977606 33.115843637103964,-9.947723706259463 33.114623304738465,-9.947385179937994 33.113405439173469,-9.947449437159337 33.112473754564874,-9.946879140076819 33.111658093428062,-9.946308201092515 33.110497187073491,-9.946199503935588 33.109220260334823,-9.946091442094176 33.108349756896992,-9.946038683863989 33.106955408106586,-9.945701085628958 33.106141162821523,-9.945360297979685 33.105500948965357,-9.945018553574208 33.104569635117514,-9.944505774977822 33.103988134830317,-9.944278790811417 33.10328991554951,-9.943937360407663 33.102650056496344,-9.943653151264023 33.101777811024036,-9.943312670020957 33.101487062322008,-9.943199176064317</coordinates></LineString>
  </Placemark>
  <Placemark>
	<Style><LineStyle><color>ff0000ff</color></LineStyle><PolyStyle><fill>0</fill></PolyStyle></Style>
	<ExtendedData><SchemaData schemaUrl="#Luangwa_river">
		<SimpleData name="OBJECTID">187</SimpleData>
		<SimpleData name="ID">0</SimpleData>
		<SimpleData name="RIVERCODE">0</SimpleData>
		<SimpleData name="Corridors">0</SimpleData>
		<SimpleData name="Shape_Leng">5470.01206550000</SimpleData>
	</SchemaData></ExtendedData>
      <LineString><coordinates>33.142037917884565,-9.962021428188667 33.140122779111984,-9.961917055452959 33.138205860782861,-9.961524967671128 33.136110991745468,-9.960500887231326 33.133270506006745,-9.96086198148828 33.13054745988245,-9.961452570242003 33.127939011368355,-9.961812327483059 33.125620975425711,-9.962227996576523 33.124345752365642,-9.962407698539652 33.123244920443092,-9.962643971334634 33.121971816070243,-9.963168910138261 33.120405107956621,-9.963120038854338 33.117908426437367,-9.96278858378305 33.114950463870009,-9.962919998731881 33.113441418680566,-9.962813232915055 33.111816700036428,-9.962764640391697 33.10967337853787,-9.963294323237276 33.108631951149448,-9.963760394270876 33.107126062557484,-9.96417147003616 33.10579105361068,-9.964063713915909 33.104568567818248,-9.963379904694175 33.103984230570973,-9.962692592553351 33.104090795887323,-9.961138346961752 33.104028928721945,-9.960505712652111 33.102689383626149,-9.959649908846549 33.101470419334824,-9.959541499907205 33.10111919523559,-9.959025535788078 33.100416400684594,-9.957936064697945 33.099135935811752,-9.957252552712275 33.09791803008676,-9.957316753006444 33.0972828588149,-9.957913615546913</coordinates></LineString>
  </Placemark>
  <Placemark>
	<Style><LineStyle><color>ff0000ff</color></LineStyle><PolyStyle><fill>0</fill></PolyStyle></Style>
	<ExtendedData><SchemaData schemaUrl="#Luangwa_river">
		<SimpleData name="OBJECTID">188</SimpleData>
		<SimpleData name="ID">0</SimpleData>
		<SimpleData name="RIVERCODE">0</SimpleData>
		<SimpleData name="Corridors">0</SimpleData>
		<SimpleData name="Shape_Leng">6697.29439238000</SimpleData>
	</SchemaData></ExtendedData>
      <LineString><coordinates>33.145251513057694,-9.965686176541485 33.143628921095342,-9.965982985260011 33.142818160581555,-9.96621769802541 33.14206719747478,-9.96673978868834 33.141142190761883,-9.967262852117624 33.140565620799983,-9.967841506502889 33.140048846930469,-9.968707541003919 33.139183984540367,-9.969575519848046 33.137852865458811,-9.970100843442308 33.136808608035494,-9.970106673481046 33.135649033791665,-9.970228230095978 33.134551386516769,-9.970982409373818 33.133049409488471,-9.972026552191354 33.131951039665978,-9.972665641772196 33.130849824168003,-9.972844399235635 33.129804137197873,-9.972620044102525 33.12887377248294,-9.972279958184458 33.127421277292491,-9.97194277006292 33.127016237257912,-9.972117647775844 33.126093317190374,-9.972985915444843 33.12557295466285,-9.973276517958473 33.124528686414088,-9.973282309715343 33.123198234663761,-9.973922657425554 33.122910990051224,-9.974384592673939 33.121640667387574,-9.975369858192822 33.120772557741205,-9.97571992048689 33.12001765161969,-9.975609011337326 33.119723336963162,-9.97492012380178 33.119253918452955,-9.974059574382558 33.118034896700749,-9.973951226629694 33.117397083557002,-9.974012292733114 33.116238544978799,-9.974306405023928 33.115829619236457,-9.973848318387409 33.115361622715547,-9.973217927764022 33.113909136542027,-9.972880680750361 33.113041728833622,-9.973345805249693 33.111598039116338,-9.974447074886264 33.110091754067916,-9.974800622669562 33.109340015000477,-9.975207558981234 33.109168077750219,-9.975553761749502 33.108882216683021,-9.976245849613489 33.108424414582871,-9.977284139583684 33.107729981400816,-9.977575670907138 33.107325275523102,-9.977808066436287 33.10697858481624,-9.978040142599083 33.106405444833719,-9.979194149767151 33.106000736014266,-9.9794265436974 33.105016215854597,-9.979719661050146 33.104495823654958,-9.98001023090568 33.103512702396877,-9.980533508337299 33.102699073207859,-9.980307796116739 33.101828129880822,-9.980197481249769 33.100957536950162,-9.980144704783029 33.100548275226934,-9.979629058748039 33.09985103282434,-9.97946024465589 33.098748028627469,-9.979351191308972 33.098223087967774,-9.978893717932452 33.096886276055471,-9.978498221576997 33.095554003667644,-9.978850753464164 33.094220333777336,-9.978973116334531 33.09356380551408,-9.979081618268438 33.093382107083571,-9.97917174157798</coordinates></LineString>
  </Placemark>
  <Placemark>
	<Style><LineStyle><color>ff0000ff</color></LineStyle><PolyStyle><fill>0</fill></PolyStyle></Style>
	<ExtendedData><SchemaData schemaUrl="#Luangwa_river">
		<SimpleData name="OBJECTID">189</SimpleData>
		<SimpleData name="ID">0</SimpleData>
		<SimpleData name="RIVERCODE">0</SimpleData>
		<SimpleData name="Corridors">0</SimpleData>
		<SimpleData name="Shape_Leng">3704.60572165000</SimpleData>
	</SchemaData></ExtendedData>
      <LineString><coordinates>33.12500667880424,-9.984960879027538 33.122450747886745,-9.984457158819438 33.120361079979745,-9.984296097635925 33.117632521856294,-9.984023468221311 33.115541448200986,-9.983632212465675 33.11391345714992,-9.983065762969389 33.112636385900956,-9.982957715097228 33.111129359765457,-9.983196186518159 33.109798489818147,-9.983778939618263 33.108183501549469,-9.985341478546541 33.107670125730181,-9.986782873356342 33.107384602929137,-9.987532501145203 33.106874729230455,-9.98954930454676 33.106765362222028,-9.990643220592705 33.106888418124683,-9.991793403481287 33.106374325127319,-9.993119713754826 33.105338059181911,-9.994448889419767 33.104646041532938,-9.995143201462492 33.104305640885158,-9.996411012231045 33.103617471671434,-9.997738273376317 33.103156820392378,-9.998316227653161 33.102811506885985,-9.998778463697327 33.102581880353178,-9.999182521574719 33.102565569205034,-9.999705449876119</coordinates></LineString>
  </Placemark>
  <Placemark>
	<Style><LineStyle><color>ff0000ff</color></LineStyle><PolyStyle><fill>0</fill></PolyStyle></Style>
	<ExtendedData><SchemaData schemaUrl="#Luangwa_river">
		<SimpleData name="OBJECTID">190</SimpleData>
		<SimpleData name="ID">0</SimpleData>
		<SimpleData name="RIVERCODE">0</SimpleData>
		<SimpleData name="Corridors">0</SimpleData>
		<SimpleData name="Shape_Leng">6020.28906712000</SimpleData>
	</SchemaData></ExtendedData>
      <LineString><coordinates>33.15663488524784,-9.986222524236389 33.155429468422284,-9.98830086660878 33.154798104845476,-9.989397740238049 33.154633755653265,-9.990952323645763 33.15313642168762,-9.992744587556619 33.151865762237918,-9.993672426401869 33.150363379944537,-9.994659105981059 33.149263893424958,-9.995125629071541 33.147873952884645,-9.995536237502574 33.14601735199652,-9.995546657420206 33.144968363199062,-9.994804483254988 33.143339552666205,-9.994123097330036 33.141772694687923,-9.994074327528415 33.140781739354566,-9.993331814936878 33.13926683965925,-9.992304514295315 33.138277321927369,-9.991792157022791 33.13676635575515,-9.991397795068526 33.134852470731452,-9.99152355851097 33.133580340758158,-9.992221164384569 33.132542411976814,-9.993262718023578 33.131674267166119,-9.993612809669896 33.130341262427301,-9.993850399442758 33.128890444727737,-9.993800923022283 33.127383026071968,-9.993981927674867 33.127038106034369,-9.994501729075472 33.126641191774723,-9.996000048140132 33.126181292566606,-9.996693115841747 33.125431296736508,-9.997387791886865 33.124680942751432,-9.998024925705444 33.123230813772039,-9.998090507771734 33.121199784560559,-9.998044213279112 33.119986678733177,-9.998914069713266 33.119470508399324,-9.999895154022187 33.118431097350559,-10.000706500917447 33.11773591910152,-10.000882971105435 33.116457719336104,-10.000602316198613 33.11500405325291,-10.000092453279349 33.113851761141696,-10.001422294461863 33.113332398860798,-10.001885500631259 33.11316080328843,-10.002289246480251</coordinates></LineString>
  </Placemark>
  <Placemark>
	<name>Musipizi</name>
	<Style><LineStyle><color>ff0000ff</color></LineStyle><PolyStyle><fill>0</fill></PolyStyle></Style>
	<ExtendedData><SchemaData schemaUrl="#Luangwa_river">
		<SimpleData name="Name">Musipizi</SimpleData>
		<SimpleData name="OBJECTID">191</SimpleData>
		<SimpleData name="ID">0</SimpleData>
		<SimpleData name="RIVERCODE">0</SimpleData>
		<SimpleData name="Corridors">0</SimpleData>
		<SimpleData name="Shape_Leng">13619.81159940000</SimpleData>
	</SchemaData></ExtendedData>
      <LineString><coordinates>33.173967164936215,-10.002178743688765 33.174483174084592,-10.001197577317591 33.175177594760143,-10.000905907447024 33.175521356067328,-10.000213435449959 33.175051391974456,-9.999295428203656 33.174985749867076,-9.998087403240209 33.175386437848026,-9.997221978535762 33.176018472610117,-9.996240148011095 33.176705252533303,-9.994740120119095 33.177450045365646,-9.993239758700465 33.178429811021758,-9.992198397778788 33.179408479503202,-9.990984412002812 33.180737066474059,-9.990056138568153 33.182359011464776,-9.989644066814702 33.183691958122637,-9.98940627062184 33.185078179006936,-9.988420106599365 33.186874526726861,-9.988064557703019 33.188267307433918,-9.988114113182078 33.188441724387808,-9.988170656137466 33.189429115660282,-9.988337617841054 33.190706593488436,-9.988502912059406 33.191983707578068,-9.988610659221006 33.193491792476955,-9.988544445655618 33.19447662225533,-9.988308608314041 33.195168432382665,-9.987614112437045 33.195627804184866,-9.986863411321636 33.196844695045868,-9.986626230603491 33.198178718631802,-9.986560997775797 33.199220821491004,-9.986209731188565 33.200152030283824,-9.986664699398194 33.201254721283227,-9.986715876132099 33.202178580714097,-9.986020025592202 33.203221044222303,-9.985726286893238 33.204555799368521,-9.985776110104274 33.206064604179986,-9.985824920494581 33.208092980398604,-9.985467914177349 33.209482430448872,-9.984999516129259 33.210234062933488,-9.984592356882255 33.211277622750714,-9.984471214868041 33.212726558062364,-9.984232629207579 33.213770854959698,-9.984226560819185 33.214875388190521,-9.984565394718612 33.216211989833766,-9.98490287518608 33.217024592625378,-9.984955687409951 33.218245535127608,-9.985351375018761 33.219521160225682,-9.985228855919464 33.220501137033231,-9.984244914092091 33.221078704573287,-9.983838745685937 33.221886109266698,-9.983085977805548 33.222288882364253,-9.982565741731758 33.223159496119706,-9.982618201064284 33.224496097584016,-9.982955647447465 33.224898493801042,-9.982377868118345 33.225941296605136,-9.982141599178164 33.227103105645575,-9.982364972541202 33.228148140592154,-9.982473940520157 33.228789296420182,-9.982930527056698 33.230122178346001,-9.982692545444339 33.230874151584601,-9.982342880444262 33.232324926798299,-9.982391912705504 33.233081374228121,-9.982732729147587 33.234295980281956,-9.982150169878581 33.234757494753602,-9.981744659337638 33.235446962573683,-9.980704839010551 33.236718450492411,-9.97994930764491 33.238226482192346,-9.979882892738974 33.239099709882915,-9.980338093290659 33.240261895607944,-9.980618960902815 33.241535244201572,-9.980151114741229 33.242226935615882,-9.979456523383448 33.243269340616472,-9.97916266061157 33.244197587840205,-9.979157181567272 33.245064442583171,-9.978634178310484 33.247026448587725,-9.977011389559888 33.249228764987009,-9.976653105354219 33.250505470153513,-9.976703089878816 33.252479485725821,-9.976921563035877 33.254221066088441,-9.977083862394272 33.256365359028329,-9.976725875740755 33.257986003134391,-9.976140818237431 33.260184142784361,-9.975149518157584 33.262617731882656,-9.9746746849638 33.264761241479476,-9.974201564913955 33.266209708326578,-9.973905207862261 33.267598641939607,-9.97337903049292 33.269157818437222,-9.972276402788829 33.270195240236063,-9.97123443166735 33.271177299362172,-9.970595587451903 33.272740251466246,-9.970068347833445 33.274418464987221,-9.969425324275361 33.274941347116865,-9.969537274911147 33.277436311595871,-9.969579850355954 33.279528611685649,-9.970142710561957 33.280111035895601,-9.970484465714227 33.280460643873148,-9.970712534270778 33.281102228895804,-9.971226560196985 33.281220163560697,-9.971513564260096</coordinates></LineString>
  </Placemark>
  <Placemark>
	<Style><LineStyle><color>ff0000ff</color></LineStyle><PolyStyle><fill>0</fill></PolyStyle></Style>
	<ExtendedData><SchemaData schemaUrl="#Luangwa_river">
		<SimpleData name="OBJECTID">192</SimpleData>
		<SimpleData name="ID">0</SimpleData>
		<SimpleData name="RIVERCODE">0</SimpleData>
		<SimpleData name="Corridors">0</SimpleData>
		<SimpleData name="Shape_Leng">2733.26423533000</SimpleData>
	</SchemaData></ExtendedData>
      <LineString><coordinates>33.262370637851824,-9.990040038581205 33.260973308971188,-9.989300308064491 33.259517212985941,-9.988445836070792 33.258236307366204,-9.987762943656163 33.256548158365312,-9.986909838165163 33.255557725562987,-9.986282752158703 33.253812704548054,-9.985602598112372 33.252012686122661,-9.98538310191357 33.250155405545293,-9.985279020757027 33.247950026362865,-9.985176988148862 33.246089744109099,-9.984612560077382 33.244867272639844,-9.983986812966712 33.243759337463096,-9.983130214603923 33.242709050181517,-9.982215728874188 33.241660641428204,-9.981588942915531 33.240845422725492,-9.981133407096817 33.240146612800238,-9.980734726167556 33.239913426438548,-9.980563471202062</coordinates></LineString>
  </Placemark>
  <Placemark>
	<Style><LineStyle><color>ff0000ff</color></LineStyle><PolyStyle><fill>0</fill></PolyStyle></Style>
	<ExtendedData><SchemaData schemaUrl="#Luangwa_river">
		<SimpleData name="OBJECTID">193</SimpleData>
		<SimpleData name="ID">0</SimpleData>
		<SimpleData name="RIVERCODE">0</SimpleData>
		<SimpleData name="Corridors">0</SimpleData>
		<SimpleData name="Shape_Leng">6406.12928428000</SimpleData>
	</SchemaData></ExtendedData>
      <LineString><coordinates>33.175439743726379,-9.997153018283127 33.176083028762676,-9.997275550856001 33.17718829534936,-9.997729591843148 33.178468351012015,-9.998297716617929 33.179685297818985,-9.99806059773662 33.18043335884451,-9.997078096794024 33.18100699538433,-9.996039048420281 33.181817072290166,-9.995689160917221 33.182452363385877,-9.9952251861046 33.182968336257979,-9.994244006804481 33.18395209697124,-9.993835578265639 33.184937679258056,-9.993714850356136 33.18563280488425,-9.993538239666 33.186672023622016,-9.992726685508995 33.188234128855314,-9.992027215342278 33.188989093597442,-9.992137969017358 33.190269512437567,-9.99276358897542 33.191602831220145,-9.992583301369212 33.192296851926784,-9.992234055937569 33.193517061434967,-9.99251475340542 33.194565416746464,-9.993141691587086 33.195840349754896,-9.992904179999709 33.196590917737268,-9.992324428335856 33.197635975476551,-9.992433491464723 33.198627421195269,-9.993233373161919 33.200022061153433,-9.99357058313011 33.201063449150631,-9.993104229089685 33.202054537464491,-9.993846560089702 33.203045630248361,-9.994588888019321 33.204672353706734,-9.994924736527427 33.206237009710264,-9.994627966076161 33.207280602257342,-9.994506835972159 33.208620557633552,-9.995362210781165 33.210654527933137,-9.995868296643334 33.212337066630575,-9.995858527364668 33.214077993311683,-9.995905952221213 33.215993716033481,-9.99606743648523 33.217271606700258,-9.99629016808632 33.219130797815346,-9.996682133945651 33.220699898842177,-9.997075783092836 33.222441945999343,-9.997295785431826 33.223778607036941,-9.997633234010531 33.224537312183202,-9.998319311601826 33.225179982497352,-9.999006066420176 33.22576500731774,-9.999750699665709 33.226003035803053,-10.00066999033953 33.226295736755098,-10.001071076348616 33.226590671307264,-10.001817405492233</coordinates></LineString>
  </Placemark>
  <Placemark>
	<Style><LineStyle><color>ff0000ff</color></LineStyle><PolyStyle><fill>0</fill></PolyStyle></Style>
	<ExtendedData><SchemaData schemaUrl="#Luangwa_river">
		<SimpleData name="OBJECTID">194</SimpleData>
		<SimpleData name="ID">0</SimpleData>
		<SimpleData name="RIVERCODE">0</SimpleData>
		<SimpleData name="Corridors">0</SimpleData>
		<SimpleData name="Shape_Leng">3641.68613810000</SimpleData>
	</SchemaData></ExtendedData>
      <LineString><coordinates>33.158731828066578,-9.978269769139454 33.158738669313408,-9.979363044884773 33.159328192185264,-9.980855830880806 33.160550855077432,-9.981539436504638 33.161829736699787,-9.981935004035616 33.163516179783947,-9.982558432151075 33.164799041273803,-9.983586937711278 33.16584984393004,-9.984616753872897 33.166150045628022,-9.986226252239364 33.165641260288474,-9.98835822259918 33.164605974334897,-9.989802661347454 33.16467302114517,-9.991240853148696 33.165611063295124,-9.992789193602235 33.165443873507307,-9.993883455207543 33.165395609394309,-9.995437385436818 33.166389879260009,-9.996697691031629 33.167726845985918,-9.997092906142521 33.169009054430632,-9.99800631267607 33.170349651316315,-9.998976924525996 33.171340689669897,-9.999719347601749 33.172447409942734,-10.000403566606089 33.173494300121391,-10.000800408739014 33.174191986745662,-10.001026606858721 33.17435160339263,-10.001386956901364 33.17435150736609,-10.001206813864265</coordinates></LineString>
  </Placemark>
  <Placemark>
	<Style><LineStyle><color>ff0000ff</color></LineStyle><PolyStyle><fill>0</fill></PolyStyle></Style>
	<ExtendedData><SchemaData schemaUrl="#Luangwa_river">
		<SimpleData name="OBJECTID">195</SimpleData>
		<SimpleData name="ID">0</SimpleData>
		<SimpleData name="RIVERCODE">0</SimpleData>
		<SimpleData name="Corridors">0</SimpleData>
		<SimpleData name="Shape_Leng">2126.38505732000</SimpleData>
	</SchemaData></ExtendedData>
      <LineString><coordinates>33.182839368302631,-9.973874579233641 33.182382169140368,-9.974970507826738 33.181286435617487,-9.976012543937433 33.181469218537956,-9.977392528336862 33.181247348539436,-9.979004996052055 33.180267630700548,-9.980046365238103 33.180333287485865,-9.981254390203194 33.180688298534761,-9.982345676730235 33.180233264313657,-9.983786847222833 33.179484504149443,-9.984654266294974 33.179086387788203,-9.985922481578699 33.179557434213507,-9.987013106068407 33.179445764637215,-9.987704258231217 33.178813029227484,-9.988571012729951 33.178819210270774,-9.989549205519962 33.179171316942117,-9.990180166435696 33.179174953912366,-9.990755573788576 33.179294262073121,-9.99127277867947</coordinates></LineString>
  </Placemark>
  <Placemark>
	<Style><LineStyle><color>ff0000ff</color></LineStyle><PolyStyle><fill>0</fill></PolyStyle></Style>
	<ExtendedData><SchemaData schemaUrl="#Luangwa_river">
		<SimpleData name="OBJECTID">196</SimpleData>
		<SimpleData name="ID">0</SimpleData>
		<SimpleData name="RIVERCODE">0</SimpleData>
		<SimpleData name="Corridors">0</SimpleData>
		<SimpleData name="Shape_Leng">601.30437040000</SimpleData>
	</SchemaData></ExtendedData>
      <LineString><coordinates>33.175441434245826,-10.000305524903833 33.177261576765225,-10.000145970839794 33.178249362659066,-10.000370507171796 33.179007252690532,-10.000941608562531 33.179590723579217,-10.001456162617686 33.180116175653346,-10.001971046377408 33.180290234853942,-10.001970052213608</coordinates></LineString>
  </Placemark>
  <Placemark>
	<Style><LineStyle><color>ff0000ff</color></LineStyle><PolyStyle><fill>0</fill></PolyStyle></Style>
	<ExtendedData><SchemaData schemaUrl="#Luangwa_river">
		<SimpleData name="OBJECTID">197</SimpleData>
		<SimpleData name="ID">0</SimpleData>
		<SimpleData name="RIVERCODE">0</SimpleData>
		<SimpleData name="Corridors">0</SimpleData>
		<SimpleData name="Shape_Leng">1214.49685107000</SimpleData>
	</SchemaData></ExtendedData>
      <LineString><coordinates>33.185796462931435,-9.993544536597304 33.186680418996012,-9.994050122180521 33.187444516723268,-9.995599397314136 33.187915970453226,-9.996747548918131 33.188966887498594,-9.997777290282944 33.189901407366357,-9.998750152796685 33.190836297581278,-9.999780553723985 33.192060560168038,-10.000694202651706 33.192470357160836,-10.001267274366992 33.192819573565501,-10.001437894778476 33.192936710956978,-10.001609849622023</coordinates></LineString>
  </Placemark>
  <Placemark>
	<name>Luangwa</name>
	<Style><LineStyle><color>ff0000ff</color></LineStyle><PolyStyle><fill>0</fill></PolyStyle></Style>
	<ExtendedData><SchemaData schemaUrl="#Luangwa_river">
		<SimpleData name="Name">Luangwa</SimpleData>
		<SimpleData name="OBJECTID">198</SimpleData>
		<SimpleData name="ID">0</SimpleData>
		<SimpleData name="RIVERCODE">1</SimpleData>
		<SimpleData name="Corridors">0</SimpleData>
		<SimpleData name="Shape_Leng">45685.64450280000</SimpleData>
	</SchemaData></ExtendedData>
      <LineString><coordinates>33.094720796687575,-10.003112442226369 33.093813730320392,-10.00346016117364 33.092760780880631,-10.003559707019015 33.091244238346967,-10.004001586822652 33.088433377048815,-10.005752452150405 33.086786922497986,-10.007345108988069 33.084510018056307,-10.008180724279955 33.082915498779876,-10.010292613460292 33.082206437094207,-10.011263234833882 33.081263522858272,-10.012346146981304 33.080551031695045,-10.013604830904992 33.080067597282984,-10.015154513564493 33.079418005206215,-10.016010637311643 33.077554030287629,-10.016332824678216 33.075609328994084,-10.018555499030947 33.07448584070108,-10.020154705356672 33.074347673786576,-10.021996853067105 33.075011570776233,-10.024828707306888 33.075968834340117,-10.027433781437816 33.076525412045243,-10.029515194650537 33.076446746333438,-10.031242850395541 33.075726661277145,-10.033135264971602 33.075362164141779,-10.034455957074817 33.075173406504959,-10.035663626000066 33.074345962199402,-10.036805599465833 33.072995390266229,-10.037940957199231 33.072516682588052,-10.039087336114781 33.071337726193363,-10.040455343531322 33.070971145673695,-10.04194886885813 33.071132493955545,-10.043045721024356 33.072050165049852,-10.044094517657307 33.0735012558414,-10.04428573220282 33.075068600229763,-10.044478410049036 33.076806215893754,-10.045018960930111 33.077553638832306,-10.045719861604038 33.077062612557107,-10.047903279670246 33.076058024666146,-10.049273506587562 33.074933064095703,-10.050987938385431 33.07434288545106,-10.051729558724412 33.074039915520842,-10.052762917595759 33.074707985776293,-10.055249090096147 33.07549985735298,-10.057102988352742 33.076760190136177,-10.058674694604969 33.078252365084197,-10.060306944121375 33.07991825877297,-10.061999001579082 33.081587588288137,-10.063402985997483 33.082800100773888,-10.064109740717793 33.083549631669882,-10.064637788372623 33.084996037093177,-10.065232241972224 33.085621799936661,-10.066392560382029 33.084844246500133,-10.068226645845632 33.082547769468079,-10.070675409426693 33.080252625704574,-10.073008930938471 33.078652289045344,-10.07558169630005 33.077579222937267,-10.077815384263742 33.076618297453024,-10.080396213694756 33.075883724832245,-10.083498494517091 33.075391261598398,-10.08579713061968 33.074611547854225,-10.08780402953084 33.073705962952893,-10.090616035949006 33.072755252336371,-10.092332661185241 33.072088348635916,-10.094629086743421 33.071830440799381,-10.096757819436341 33.071804386121684,-10.098947104168353 33.072019103471547,-10.100447976692983 33.072288530863375,-10.102237646899649 33.072159917406232,-10.103273205999074 33.071796700031484,-10.104478663395891 33.07114622372476,-10.105392380615847 33.069334376686307,-10.106176161371977 33.067458206126716,-10.107477710277742 33.065994475264823,-10.108323500985584 33.062940406644103,-10.110877779521962 33.061291922075014,-10.112585529839361 33.060280191699469,-10.114531831891863 33.059266386063811,-10.116650968305391 33.056562399010403,-10.119094385487314 33.055253724342926,-10.121555496044415 33.054534006951187,-10.123390244152128 33.053633661196919,-10.125741289423452 33.053026762888663,-10.127865573938113 33.053009537360282,-10.129305889308155 33.053049074996913,-10.130862169637526 33.052801349352436,-10.132126693712143 33.053892951806318,-10.133235361715473 33.054407274547827,-10.13399096986284 33.054139575693519,-10.136926260529307 33.053763164647201,-10.139226335031294 33.053048223660987,-10.140657790679853 33.052734767938524,-10.14255531380463 33.053195093592514,-10.142964509148316 33.054528262999277,-10.143327164440297 33.055395597869882,-10.143741523794271 33.056311439841693,-10.144963194542287 33.056168989401925,-10.147150996210046 33.055513563660647,-10.148467969132719 33.054498243175587,-10.150702312638852 33.053609533681943,-10.152073940882913 33.052428022645216,-10.153614711447874 33.051654897872531,-10.155045423392218 33.051290857525466,-10.156308467808339 33.050872804099988,-10.157225097534454 33.050096216820229,-10.158943868096438 33.049206086827446,-10.160430709284325 33.048149786836497,-10.161223979406939 33.046920419979699,-10.161899802746113 33.045465364429674,-10.161996537923145 33.044292755678129,-10.162788316659084 33.043235054525574,-10.163696796242863 33.042987265695253,-10.164961310656516 33.04296101243515,-10.16715058595932 33.043461548531297,-10.169058458773446 33.044025073239631,-10.170563783200642 33.04388805484124,-10.172290677319852 33.043456143943509,-10.174359546662116 33.044018987515855,-10.175922483186627 33.044581146180803,-10.177543031182751 33.044853250650149,-10.179102266399289 33.044137491714274,-10.180591311410518 33.042028184608121,-10.181889753108969 33.040449822335709,-10.182561109348091 33.039338043134862,-10.183123161036166 33.038622249692651,-10.184612193752432 33.039355392624927,-10.186523034252875 33.039266812841113,-10.189057239958647 33.038494928765331,-10.190372693223257 33.037770812783798,-10.192553072305353 33.038158511308211,-10.194171406770819 33.039248199909444,-10.195452956236569 33.041039193368711,-10.19645532718601 33.042137885393082,-10.196987905595313 33.043175664368057,-10.197750190146998 33.04398290531887,-10.198336674119542 33.044311106923523,-10.200069485467884 33.042547832728268,-10.201602817240646 33.040977670589442,-10.201582828012816 33.039762656495128,-10.201048764128611 33.03872487488357,-10.200286468900311 33.036867409184175,-10.199974693519723 33.036280333790252,-10.200428179914436 33.036030413821614,-10.201865523051348 33.035842107595563,-10.203015545837278 33.035940419050185,-10.204514949674452 33.034703245540328,-10.205824462676432 33.033880073430574,-10.206563038944424 33.034078759158646,-10.209389010478649 33.034404148721137,-10.211352279766921 33.033911198650991,-10.213650839065856 33.034589686518487,-10.215272883364012 33.035622660659399,-10.216438477230836 33.036060920572623,-10.218691287648465 33.034926852450866,-10.221096916515044 33.033570523336138,-10.22263538944768 33.032037628561788,-10.224344468087292 33.030328854974648,-10.22616653567397 33.029438447795606,-10.227653317920199 33.02866643077337,-10.228968745238223 33.028595094525585,-10.230062635340742 33.028813167546907,-10.231275463538484 33.029142708025532,-10.232893062007545 33.028775717480777,-10.234386523704345 33.028009924683822,-10.235183440229132 33.026139080405642,-10.235966236669293 33.024563195749465,-10.236407066186642 33.023154842607084,-10.237426241508381 33.022216630957395,-10.238048076553163 33.02116626215421,-10.238322747253989 33.020061206610265,-10.238308609291986 33.018143987111237,-10.238111207949109 33.01743979718529,-10.238620782465041 33.016508528309423,-10.238666478427445 33.015913698014522,-10.239753661335808 33.016074264383569,-10.240908139947177 33.016585888590924,-10.241894250736122 33.016628048446123,-10.243220075875049 33.01649989664709,-10.244197992786724 33.017237915012821,-10.245705591493081 33.018627547992779,-10.246241971490985 33.021289114460778,-10.247428448126691 33.022779804581944,-10.249233765211599 33.02328660055867,-10.25062315022311 33.022920257762657,-10.252058992383494 33.022737431906791,-10.252748107560164 33.023190931630005,-10.253733463248949 33.023921364232393,-10.25587477930612 33.023843755694955,-10.25748717547124 33.022832039028877,-10.259375734747859 33.021772568323456,-10.260399365101836 33.020251246830028,-10.261128977907978 33.018675924956433,-10.261512167116111 33.017453067260838,-10.261611755719478 33.015066212816656,-10.261754052133195 33.014133483072051,-10.261914965859699 33.012790113516338,-10.262358718667665 33.01138857629347,-10.262801720884752 33.010506341037654,-10.263597103098466 33.009743917601405,-10.26410591413142 33.008926114493988,-10.264383528917376 33.007927538188831,-10.265177411282073 33.007971059548346,-10.266388011199391 33.007316587376039,-10.267589654508152 33.006259132782894,-10.26844039715021 33.005603952341673,-10.269699648175317 33.004883621332311,-10.271534271899469 33.00347505014328,-10.272553360008514 33.002539489357567,-10.27294468825265 33.000673950655028,-10.273266440872446 32.999858212936324,-10.273371196986997 32.998554767480215,-10.275313551901984 32.99807194836216,-10.276747867478393 32.997930442473418,-10.278820403630654 32.99730960021332,-10.282039193514143 32.996760902485377,-10.284106490822097 32.996505843725821,-10.285947080609802 32.996474366934393,-10.288539619508617 32.996854979521537,-10.290734113156956 32.997518058704195,-10.293623690975265 32.998141157615109,-10.295014608290396 32.99830308640928,-10.296053867541859 32.998104800170857,-10.298010429699557 32.997209146006234,-10.299900400255471 32.996031713690698,-10.301037671311878 32.994672758668464,-10.302748810224422 32.992671086019214,-10.304682152643528 32.99113407474632,-10.306679088650059 32.991224503551209,-10.308812227318498 32.992128669299262,-10.31101346749076 32.993603391773611,-10.314143984631151 32.99393704026334,-10.315415939370178 32.993196234164408,-10.318921275923202 32.991644937565844,-10.320516237707096</coordinates></LineString>
  </Placemark>
  <Placemark>
	<Style><LineStyle><color>ff0000ff</color></LineStyle><PolyStyle><fill>0</fill></PolyStyle></Style>
	<ExtendedData><SchemaData schemaUrl="#Luangwa_river">
		<SimpleData name="OBJECTID">199</SimpleData>
		<SimpleData name="ID">0</SimpleData>
		<SimpleData name="RIVERCODE">0</SimpleData>
		<SimpleData name="Corridors">0</SimpleData>
		<SimpleData name="Shape_Leng">0.74920419116</SimpleData>
	</SchemaData></ExtendedData>
      <LineString><coordinates>32.969042776927516,-13.149391081584545 32.969049656590613,-13.149391746141099</coordinates></LineString>
  </Placemark>
  <Placemark>
	<name>Lukuzye</name>
	<Style><LineStyle><color>ff0000ff</color></LineStyle><PolyStyle><fill>0</fill></PolyStyle></Style>
	<ExtendedData><SchemaData schemaUrl="#Luangwa_river">
		<SimpleData name="Name">Lukuzye</SimpleData>
		<SimpleData name="OBJECTID">200</SimpleData>
		<SimpleData name="ID">0</SimpleData>
		<SimpleData name="RIVERCODE">1</SimpleData>
		<SimpleData name="Corridors">1</SimpleData>
		<SimpleData name="Shape_Leng">150205.14660700000</SimpleData>
	</SchemaData></ExtendedData>
      <MultiGeometry><LineString><coordinates>32.047198905778792,-12.792308272650638 32.066482124145715,-12.799009516452809 32.074132769909767,-12.818933326472745 32.084677788541804,-12.839814529112557 32.103673398753422,-12.847784052296685 32.130036999293182,-12.846600969054123 32.146458743673961,-12.844759887455142 32.171539687191363,-12.852420087308436 32.183108996630622,-12.858141277314045 32.196583091242765,-12.872395247352065 32.210055732770286,-12.88759608201028 32.21385083518463,-12.909399834717016 32.227349717584254,-12.917020030444405 32.235985203760663,-12.935995325198656 32.256222975836856,-12.952161256352253 32.273609014502931,-12.953157789165932 32.291019362472348,-12.945625698430128 32.309355589637349,-12.952307458026857 32.335444126765935,-12.950480255855423 32.358065999417271,-12.954633832515773 32.384074576691468,-12.964650156252633 32.386693495444035,-12.976340941809219 32.412232718484915,-12.999769163145466</coordinates></LineString><LineString><coordinates>32.855580422066481,-13.418875970743523 32.855591245550038,-13.417651130522488 32.853713314593087,-13.417173042014619 32.853072550739611,-13.416469182666075 32.852963695294079,-13.415476927371332 32.852141850782836,-13.415296920154637 32.851377788747797,-13.415233920425132 32.850148901447128,-13.414526457616009 32.848506259182685,-13.414049769590553 32.846856379895428,-13.414389630490849 32.844977974466424,-13.413969802254178 32.84434346097521,-13.412566013168606 32.843828134857958,-13.410987968650314 32.842652401101397,-13.410922412492726 32.841724366489615,-13.409458483338973 32.840496055894036,-13.408692647948245 32.83844230909714,-13.408155034334589 32.83750963425134,-13.407216019865187 32.83646818214109,-13.405284739537171 32.834468600776802,-13.405272388464674 32.832841677707115,-13.403045828793417 32.832377964074794,-13.402284683738188 32.831522905329969,-13.39924628773295 32.83042376792924,-13.397197966602803 32.829716493281062,-13.397368569520536 32.828608509109131,-13.396311777658287 32.827855997228305,-13.39496554270848 32.826859905089506,-13.394551055373242 32.825871653479282,-13.393261679700393 32.824115249007328,-13.392375823894904 32.822232344881613,-13.392480759130191 32.821059849231844,-13.392065150155259 32.820313677815832,-13.390018985371471 32.820031688642807,-13.388675660952691 32.818749462788247,-13.387384422251309 32.818168210084544,-13.386622517485133 32.817589058653233,-13.385627307017661 32.816547332706619,-13.383754271104184 32.815259902295779,-13.38304627166273 32.814269132517438,-13.382048478354529 32.814274384817352,-13.381465222400887 32.813869575478577,-13.380704411119574 32.813051557837049,-13.380115997785165 32.813117193399734,-13.379358132270035 32.813309369145884,-13.377609467352267 32.812844189187416,-13.377023263038989 32.813086236400387,-13.376266502562521 32.813275257767394,-13.374867791672328 32.812112324277187,-13.373402279441599 32.812588006513003,-13.372821970836684 32.811543743547766,-13.371240541347763 32.810379786067706,-13.369891672006631 32.810273228615301,-13.36866609426221 32.809868978658841,-13.367846951251407 32.809470520453381,-13.366386224360969 32.808193733784648,-13.364511674799681 32.80691749241479,-13.362578793774146 32.805754128695824,-13.361171578130243 32.804893215229676,-13.358832996723109 32.804603434710756,-13.358364539586891 32.803333059332083,-13.355790056964066 32.80210672536635,-13.354849059911041 32.801115596851602,-13.353909541104347 32.800424278599209,-13.352330291709736 32.799431051571979,-13.351624070081991 32.798552782194037,-13.351210215169202 32.797860959406549,-13.349689285622212 32.796632561444191,-13.348981564258331 32.79593546337199,-13.34804388601434 32.795655771938229,-13.34646722964187 32.795191752324556,-13.345764341909234 32.794136592587677,-13.345407680509879 32.792855262479847,-13.344057986212892 32.792747212354087,-13.343007376876026 32.792756754262733,-13.34195751369869 32.791892849475808,-13.339968842066611 32.79113912231827,-13.338797474874463 32.791386500888784,-13.337457475594023 32.790991384928383,-13.335646763577301 32.790648169940837,-13.334594659577727 32.790950096889297,-13.333721640189115 32.791084128153791,-13.331914288499171 32.790630230107617,-13.330103202265635 32.789930554082794,-13.329457136239103 32.790410446021674,-13.328410260721208 32.790653043397612,-13.327595193070476 32.789610176547605,-13.325897021206606 32.789040309586426,-13.323910205989266 32.789048272523715,-13.323035319599281 32.788349683385249,-13.322272597213249 32.787650035691044,-13.321626524927137 32.787477913926288,-13.321158796406506 32.787073286798766,-13.32039794128946 32.786492292610617,-13.319635962541177 32.785856763370852,-13.318407001153826 32.785572384351966,-13.317355263732296 32.785399205540735,-13.317004185771159 32.784466019390649,-13.316181628604934 32.784060346121166,-13.315537419772909 32.783895151420772,-13.314311453323063 32.783495868836773,-13.312967334077527 32.782444595609945,-13.312202345221502 32.781740199276356,-13.31208118914163 32.781554247356965,-13.313129927350756 32.780840791260552,-13.314000307154609 32.779664481195262,-13.314051116535719 32.779078192459622,-13.313872379130231 32.778366859063873,-13.314509448742861 32.777662459214419,-13.314388281309125 32.776781159170284,-13.314324308242508 32.776357357599736,-13.315663163993765 32.776520378702699,-13.317122438469907 32.775455757308457,-13.317815564426411 32.774457400438571,-13.317692503066658 32.773972117820563,-13.319322606116192 32.773074760271797,-13.321008391371896 32.772190228657863,-13.321294355731517 32.770910215957556,-13.319827900046873 32.769677764607337,-13.319586656387262 32.768849345210867,-13.320164616594472 32.767322942809272,-13.319921468889284 32.766496661962485,-13.320266117759509 32.764373770475714,-13.320952372555997 32.762555027638577,-13.320532320794195 32.761738949611015,-13.319768767288677 32.761454673682152,-13.318717004623846 32.760821962962162,-13.317196355066276 32.759481099966237,-13.315962765372701 32.759369439565383,-13.315320421215572 32.758911501785846,-13.313975885301717 32.757626763748505,-13.31303429479386 32.757220090802114,-13.312506696816518 32.757344666695488,-13.311749224844688 32.757471395327023,-13.310758451076744 32.757896367207252,-13.309302976115893 32.757673059895922,-13.30801828681205 32.757149358168171,-13.307431600504124 32.75591105772375,-13.307831873980042 32.754915986275414,-13.307358782256422 32.754564880610303,-13.307181514775214 32.754270406805183,-13.307237931748048 32.753151294553909,-13.30746397791737 32.752687471414283,-13.306761013484991 32.751523067437944,-13.305528528763052 32.750471387785105,-13.304821735260738 32.749707163833243,-13.304816759429722 32.748939157915558,-13.305220060407024 32.747704099697529,-13.305270339814882 32.74724137762724,-13.304450714001263 32.746664873172534,-13.303222041025618 32.745842409435866,-13.303158344633053 32.744834926573262,-13.304026703488478 32.744704902742797,-13.305367424634802 32.744575418558888,-13.306649820641969 32.743979966985528,-13.307462537967769 32.74298979817133,-13.306464469585492 32.742283271934902,-13.30657650699089 32.742040536600562,-13.307391527458508 32.740977488979972,-13.307909532098362 32.740912736949646,-13.30855072840901 32.741022176532574,-13.309426381389569 32.739482848520439,-13.310582881696206 32.739002775830855,-13.311629659382048 32.738114439195741,-13.312323784499865 32.73729466345241,-13.311968432188975 32.736294178621719,-13.312078523582153 32.735060715700293,-13.311953763670102 32.735001926759551,-13.311953377747351 32.73324100534203,-13.311650156172375 32.732426682616001,-13.310711533013473 32.731434370594386,-13.309946722440761 32.731268355690759,-13.308837376389782 32.731219371731946,-13.307787130378111 32.729469930661111,-13.306259046893278 32.728888605976358,-13.305555264978683 32.727543062327136,-13.304846439311749 32.726787571053464,-13.303908186952199 32.726738606977761,-13.302857939153869 32.726218266102016,-13.301921237103162 32.724581008270661,-13.300977152649118 32.723294833975025,-13.300210368459833 32.722299859076777,-13.299737150552668 32.721480149348018,-13.299381748144308 32.720368159770686,-13.298849419083357 32.719720979337168,-13.298903458556799 32.718368379423211,-13.298952816262945 32.717547583054525,-13.298714051754432 32.716613054853234,-13.298066226599454 32.715967520775067,-13.297945279575291 32.714855001031218,-13.297471251471677 32.713979269115676,-13.296823807325406 32.712633818058123,-13.296114904097138 32.711460881345609,-13.295815447267501 32.711057084369138,-13.294996148980573 32.710652190662209,-13.294293501329795 32.710012165521178,-13.293589285772724 32.708781010680781,-13.293231098683368 32.708142094330306,-13.292410227273797 32.707442747518229,-13.291763938074853 32.706506071411454,-13.291349377218168 32.706040211913013,-13.29087963158419 32.706462700937884,-13.289715872722178 32.705297512450876,-13.288599832066275 32.704592675799148,-13.288536788750516 32.703300568919161,-13.288411484408343 32.701834873690046,-13.287993365134229 32.700845509533252,-13.286936811433632 32.700501647358962,-13.286001240262115 32.699805651624352,-13.285004977846686 32.6991712030051,-13.283717481443999 32.698122533723691,-13.282718848043523 32.697365013891478,-13.282013811895814 32.696957417792426,-13.28160277011454 32.697140390352189,-13.280904049276039 32.696855330524556,-13.279968868639902 32.696161577771989,-13.278739294956212 32.696168764042305,-13.277981064776997 32.696472058131697,-13.276991508287207 32.695777762798194,-13.275820258207295 32.6961952970494,-13.27518144427761 32.696847391755334,-13.274602535378413 32.696854575488622,-13.273844304884442 32.697332539617143,-13.273030907392444 32.697806081558383,-13.272684112246724 32.697109581397953,-13.271746168111584 32.696708080634735,-13.270693546582775 32.697240396590544,-13.270347146911892 32.697251446279878,-13.269180638336433 32.696965294072697,-13.26836210766187 32.69756190520566,-13.267432847691268 32.697216424768889,-13.266672248514535 32.69798273421857,-13.266444077768435 32.698751250678278,-13.265982601952835 32.698936965451281,-13.264992251971721 32.697707628416453,-13.264459037769539 32.696888073429839,-13.264103558393098 32.695602180702068,-13.26333663789628 32.69466674008487,-13.262805384881103 32.694262498286207,-13.2620443858481 32.694092809171082,-13.261343293381717 32.693504499477832,-13.26139766346515 32.692500884413221,-13.261857540035081 32.691323708171119,-13.262024597067136 32.690509710806836,-13.261085842848795 32.691753411037396,-13.260102629563809 32.691767807096276,-13.258586167754327 32.691598680847761,-13.25782674797698 32.692420421130521,-13.257948942114286 32.69312627217181,-13.257895365939765 32.693546547711939,-13.256964927410653 32.694017297706566,-13.256909765855657 32.694722592739467,-13.256914510881357 32.695498270930557,-13.255694812573314 32.696031107864044,-13.255290089543346 32.697156656582713,-13.254364383841768 32.697458811118366,-13.253491474181953 32.696578309191707,-13.253368901993225 32.695515406570074,-13.253886721844582 32.694058228276972,-13.252593679356941 32.693888544765059,-13.251892586387868 32.694126956977264,-13.251544215206223 32.694949783016085,-13.251549749383221 32.69566722203291,-13.250271329945264 32.695383859483712,-13.249161169091726 32.694325950836628,-13.24915405473968 32.693567990072232,-13.248507333658164 32.693812483132199,-13.247517381384947 32.691817546228442,-13.247153974265414 32.691585779125816,-13.246802437527791 32.691942286748493,-13.246396534621461 32.69229768668405,-13.246107281731593 32.692016003808803,-13.244822140920546 32.690735211101355,-13.243530267507364 32.691271904907367,-13.242717274386122 32.692224420016643,-13.241440447087204 32.693356555221541,-13.239814849644254 32.694068989892912,-13.239061362201811 32.695249923112392,-13.238486011076091 32.69631110109129,-13.238143166750156 32.696787889479552,-13.23744641813226 32.697493128710171,-13.237451153394066 32.698615276674914,-13.236875392068379 32.698564233345351,-13.236058438446744 32.698567545284192,-13.235708485327324 32.699276641158953,-13.235304936579457 32.700635506561511,-13.234555764453065 32.700820635959012,-13.233623735832062 32.701535234473312,-13.232636923800225 32.700306052320471,-13.232103724106032 32.700016621635179,-13.231635149391945 32.700021585204382,-13.231110218524776 32.699560815030921,-13.230115530625691 32.698568377651782,-13.229408921796367 32.698400904238547,-13.228474529009464 32.698471812763508,-13.227191758616899 32.69795504846293,-13.225905044545899 32.69665996140067,-13.226129667294 32.695938181200034,-13.227874699405564 32.695287869447171,-13.22827863415897 32.694762275792712,-13.227925124682301 32.694892523758696,-13.226584425491232 32.695078220622548,-13.225594074944134 32.693797509557903,-13.22430221587212 32.692504087691105,-13.224351841103072 32.692083312914072,-13.225340606354001 32.690794868300223,-13.224865292261864 32.689324588999945,-13.224972038171902 32.688790145662111,-13.225551725863125 32.687842111722972,-13.226361938444636 32.687254439437602,-13.226357970311986 32.68673440873556,-13.225421188606886 32.686921247049263,-13.224314193929118 32.686292009250941,-13.222501733042643 32.685357298155729,-13.221912122309922 32.684016781443539,-13.220736470076318 32.683140848248605,-13.220147249561862 32.683207390489571,-13.21933108874674 32.683798932037433,-13.218926786180141 32.684866145296169,-13.217942406248289 32.684701505239239,-13.216716375931041 32.683889901131664,-13.215544299764383 32.682778928988405,-13.214953487355075 32.681839253665316,-13.214888794626313 32.680026454735021,-13.213943239625319 32.679204312416502,-13.213879333516388 32.67725785667632,-13.214624403572204 32.675795434506043,-13.213914515197596 32.674918430482826,-13.213441917816704 32.67362450688109,-13.213549774563056 32.672629980797893,-13.213076369364451 32.672753645267683,-13.212435588580522 32.672936630183216,-13.211736882588651 32.673821987612065,-13.211334603092615 32.674654152371097,-13.210348665343924 32.674487337929804,-13.209355932066709 32.674254515963128,-13.209121030565555 32.67473298001444,-13.208249344319903 32.674448084338849,-13.207314137139061 32.673398723056536,-13.206432057303251 32.673343864738015,-13.206023378220722 32.673652729940315,-13.204450587337778 32.672957068992552,-13.203454252963002 32.672028600217125,-13.202223013301898 32.670742550035932,-13.201514298827085 32.669799020686845,-13.201857841638979 32.668786670956933,-13.203250840176084 32.668477216944737,-13.204881950377267 32.666946611203137,-13.205163145933232 32.666358431117089,-13.205217456691072 32.665299595998405,-13.205326877958733 32.664061675036479,-13.205726716387609 32.663358210125551,-13.205546913929627 32.663072801064466,-13.204670019783096 32.662381104191709,-13.203265379612921 32.661388323664042,-13.202616955678177 32.66056061916666,-13.203136246602366 32.659750297565239,-13.201847444118332 32.659412314158537,-13.200328563509343 32.658356303458909,-13.200146328131716 32.657408272895289,-13.200956429510564 32.656335411590391,-13.202523950134518 32.655096928706556,-13.202982070937701 32.653816547822238,-13.201690017101766 32.65353342651099,-13.200579812248307 32.653135598553085,-13.199177169554394 32.652201619780449,-13.198529115894702 32.651617956233657,-13.198116788952101 32.651747293487063,-13.196892765015342 32.651698099805763,-13.195900827270021 32.651837000478999,-13.193685269615882 32.650960115780727,-13.1932125922716 32.650548239530572,-13.193268082223778 32.649662348900819,-13.193728608110703 32.649021068199517,-13.19319922014563 32.648388242660779,-13.191794948793556 32.647629452811408,-13.191264746044405 32.64714698189421,-13.192544658852531 32.647085967986776,-13.192777554900847 32.646260524090025,-13.193063497622493 32.645618688724227,-13.192592426956351 32.645493837268113,-13.193349844459908 32.644784778562297,-13.193753246240455 32.643794342241463,-13.192871454249795 32.642503341651341,-13.192687528273073 32.641028718444844,-13.193260604822987 32.640804987592951,-13.192092468223883 32.642170560693494,-13.190643698282379 32.641536085434282,-13.18941438676711 32.640249061861496,-13.188822172591363 32.640367708642962,-13.188706336484477 32.640727603501304,-13.187950551377288 32.640798230801479,-13.186726125347604 32.639872813931845,-13.18520314596684 32.639588076262591,-13.184267902243514 32.638836116814474,-13.183037769740448 32.638019749742092,-13.18239048081591 32.637609021655749,-13.182329299223944 32.636489820496941,-13.182613171954033 32.636253096260816,-13.182786515109013 32.63489829965242,-13.18312707254454 32.634027721079171,-13.182012759272252 32.632679730402451,-13.181653401076046 32.631626658738746,-13.181179431885347 32.631283769305497,-13.180185444108451 32.629877037377192,-13.179825661494622 32.628523952815797,-13.179991209843008 32.627287810695314,-13.180215896565571 32.626647750628138,-13.179569803202357 32.625766417327078,-13.179563644877401 32.624175464699391,-13.180019153477975 32.623594168936883,-13.179373463427595 32.622719670019983,-13.178667390655727 32.621542853922968,-13.17883413621691 32.620951311906474,-13.179238296117939 32.620135575563424,-13.17853262618857 32.619961020478122,-13.178356414833683 32.62020288144533,-13.17765815947018 32.620209150993269,-13.177016581129676 32.619516635540293,-13.1757284814716 32.619767616590039,-13.174097021428985 32.619077962257819,-13.172517294076695 32.617849837530741,-13.171925382316315 32.617021007994708,-13.172561184212746 32.615083845712242,-13.172372583404155 32.61339541836464,-13.17078581660294 32.612467372173434,-13.169554369787944 32.610933498878211,-13.170185187326847 32.610458322778477,-13.170706801587144 32.609624900186049,-13.171809180664896 32.608157206061158,-13.171682167542009 32.606159585881088,-13.17166806061255 32.604628553225815,-13.172007213654224 32.604570373157578,-13.171948473146836 32.603857870571382,-13.172701712560563 32.603204691240776,-13.173397041787558 32.602376969112896,-13.173916144458007 32.601259493887007,-13.174024888534971 32.599734187610323,-13.173780760453692 32.59838572193069,-13.17347954881452 32.597609264533148,-13.174757279258083 32.59736158954599,-13.176038762681733 32.596703778591873,-13.177200673787182 32.595582832006968,-13.177659342308521 32.594648514922746,-13.177069408485254 32.593592658966742,-13.176886910816357 32.592003976890226,-13.177108918797538 32.590665889446008,-13.175757816201731 32.589260403562733,-13.175281163576345 32.587784038296221,-13.176028908782744 32.585731103070316,-13.175664272668591 32.584622290466768,-13.174898068223037 32.583398871373326,-13.173839394272598 32.583244021947152,-13.171680110591222 32.583142140619962,-13.17010449556831 32.582922175838256,-13.168586364466355 32.582292106739416,-13.166948639685282 32.580365450664658,-13.1657099294376 32.577021815375645,-13.165160986019986 32.574729337336642,-13.165261177250068 32.574553082410056,-13.165259910463174 32.571851666126641,-13.165123819568819 32.56996928672686,-13.16534357805546 32.567552896583067,-13.166084431764599 32.566316194508012,-13.166367150430911 32.564549556183273,-13.166762691468261 32.564143540355907,-13.166234795226011 32.563445518266356,-13.165529800002362 32.564750881694444,-13.164255997655079 32.561419566797163,-13.162482032146816 32.559422619192148,-13.162409239730149 32.558242340354376,-13.162925644252898 32.555867726271757,-13.16535823125435 32.553460083747858,-13.165224079140907 32.552419548076124,-13.163524972346149 32.551735633813323,-13.161420153243732 32.55133668835326,-13.160192341498162 32.550416618795062,-13.158202458784922 32.548726369150337,-13.156848579093039 32.546789398339783,-13.156659468045859 32.545142652365882,-13.156822435945557 32.543566411992728,-13.155819328875891 32.543283250067226,-13.154767338213913 32.541997244203429,-13.154116317087759 32.54059433756111,-13.153406105593158 32.5409574225488,-13.152358841631091 32.540209588303632,-13.150778486427271 32.538800226457717,-13.150709836183289 32.537218747218951,-13.150231614287714 32.535570271441678,-13.150569495616915 32.534501599765868,-13.151669900228915 32.533315421980525,-13.152769436472919 32.532314927517774,-13.152937070066844 32.531137597110011,-13.1531617281618 32.529791112640176,-13.152685188670638 32.528569226183919,-13.151509613210832 32.527638724857276,-13.150569496034894 32.526712372907902,-13.149221103599162 32.524900678353276,-13.148274477183492 32.523482448622254,-13.149080611080761 32.521309388862981,-13.149006223797018 32.520788968462682,-13.148185771855516 32.520458437366045,-13.146025159946188 32.520940866253746,-13.144803822329759 32.522297367740315,-13.144288889502452 32.523651493714233,-13.144007248116361 32.5245427561116,-13.143022237334099 32.524736167709293,-13.141332126384706 32.523879866151795,-13.138875992344904 32.523013506100028,-13.137411371435372 32.523259150325273,-13.136363265776534 32.524852945712531,-13.135616754895411 32.52657427877984,-13.133879582532005 32.526474542967719,-13.132128979039072 32.524598900148909,-13.131706841990875 32.522780821629354,-13.131401774536849 32.521257056716827,-13.131040542012681 32.519967676057938,-13.130739362193633 32.519873919589827,-13.128405512731618 32.519660306511199,-13.12630409072033 32.518674157345856,-13.125071885760244 32.517394310758803,-13.123837502009652 32.516463359166707,-13.122955672146055 32.515889018090441,-13.12166817926456 32.514135712124613,-13.120780244055803 32.512080982231112,-13.120648334438382 32.510443988110602,-13.119877895884096 32.509402742883161,-13.118295273896191 32.507467902213882,-13.117930904409171 32.506001792563147,-13.117686670206897 32.50519255965029,-13.116397405261861 32.503753320853242,-13.113528559301761 32.502885375282126,-13.112238848955334 32.501375501451854,-13.110536041634912 32.501210040163386,-13.109484886307669 32.502629896777506,-13.10850389420929 32.503991005049947,-13.107522455276495 32.504412309488025,-13.106534005348713 32.505715259234599,-13.105493794302078 32.50689536092365,-13.104977621981931 32.507441867646364,-13.103231821589874 32.505559323532061,-13.103509448375869 32.504383999355213,-13.10355901821374 32.503555722561948,-13.104136132123235 32.50143224862947,-13.104995220323875 32.500271259555845,-13.103644984265634 32.500396500078843,-13.102887644380967 32.500293966777967,-13.101428655827716 32.499306216801557,-13.100371354312129 32.499782675297929,-13.099733297283358 32.501102331947749,-13.097060022966398 32.499944965254869,-13.095359839749975 32.498073836368597,-13.094529248959134 32.49702738965464,-13.093471500617236 32.497104667253382,-13.091663881638949 32.496706694247258,-13.090377667982615 32.495242555617992,-13.089958405266643 32.494017545304246,-13.089132623776408 32.493264202189863,-13.088135386183781 32.493218049768409,-13.08691013245668 32.492584576218015,-13.085680475191978 32.491892378046728,-13.084450376299719 32.492315484298423,-13.083286970740646 32.492740383968702,-13.081948591164847 32.49251444642676,-13.081071963056853 32.491581344284626,-13.080423346168828 32.490123270080858,-13.079420812827314 32.488960059146699,-13.078303827458551 32.488798867232255,-13.076844393579496 32.488566947900452,-13.076551006050279 32.488049782313311,-13.075438870398246 32.485827669521235,-13.074488899344402 32.484654886246894,-13.074305086797356 32.483785368436934,-13.073190290740184 32.482498743458514,-13.072655637221235 32.481510581325374,-13.071656597751749 32.480229386577079,-13.070597013978251 32.478292556264059,-13.070465736856351 32.476648767699139,-13.070394989483598 32.475241099638581,-13.070209359084551 32.474153016587294,-13.067517998532427 32.472924567081229,-13.06704206848892 32.471938880658783,-13.065809696270414 32.471591953257686,-13.065282108141513 32.471426641698976,-13.064230935841437 32.471964239442137,-13.063360075042432 32.471979936828937,-13.061843642997474 32.471458646642297,-13.06113974666618 32.469473445446759,-13.060016448770405 32.468429077805695,-13.05878361915766 32.468498684183736,-13.0577342270893 32.468512588170491,-13.0563927680123 32.468474415061351,-13.054409295685149 32.467609875469485,-13.052827853695584 32.466610962480743,-13.052878598536491 32.46519311391215,-13.053684429952613 32.463838825209379,-13.054024106503007 32.461908803657423,-13.053251145546236 32.461508644438425,-13.052198179033894 32.460245220366517,-13.049447099225238 32.460691442888063,-13.046067424310911 32.460896098029259,-13.04332752472596 32.460973002315413,-13.041578243353044 32.460350710517666,-13.039298676899765 32.45923137816515,-13.039640121136303 32.457449727685372,-13.041551388655517 32.455087514811609,-13.042816591906959 32.453211467413368,-13.042510611476629 32.451531661665761,-13.040281268180447 32.450396189728565,-13.036539531327879 32.450541009108591,-13.033915841713821 32.450500542678178,-13.032165665785953 32.451222809027414,-13.030479655907225 32.452770804021434,-13.028853064339399 32.452675212221486,-13.026349412995149 32.452224316944545,-13.024537769279936 32.4507801099072,-13.022251894063718 32.449745724157346,-13.020085806730828 32.449522421099907,-13.018975847929601 32.450356608393257,-13.017815654332463 32.450665998776955,-13.016301469930616 32.449624335532128,-13.014835274155438 32.448637747380808,-13.013719469839875 32.449002205360891,-13.012555681601361 32.448198466604687,-13.010799657919828 32.447792339519282,-13.01032991478505 32.446807604096037,-13.00903913073846 32.44564186448163,-13.008213587250854 32.445217466470098,-13.009493567793157 32.444668320988754,-13.011472537459079 32.444133189162066,-13.012110048039293 32.442664115523179,-13.01221542440372 32.441982121798276,-13.010052015525337 32.441832217034992,-13.007542720260725 32.44190435245779,-13.006260039144323 32.441874314602238,-13.003518348903635 32.441537905501846,-13.001999211107316 32.440002120331755,-13.000199393017144 32.438590559310505,-13.000025913552244 32.436504593549465,-13.000443929453393 32.435531985412545,-12.998929307013254 32.433943981901244,-12.998698080055254 32.432356103791427,-12.998928096224837 32.431591284204117,-12.99794763608099 32.430307546419478,-12.997887970685708 32.427838633607657,-12.998160524012352 32.426710245724436,-12.999376697118601 32.426291905432528,-13.000073403334556 32.424644924062122,-13.000352288468925 32.423059109302997,-13.000398322922488 32.419947290303448,-13.00186347132666 32.419947611256951,-13.00336254002343 32.418786365753704,-13.004681475682549 32.418078126142994,-13.005025942743867 32.415612216091709,-13.005006756462141 32.413751311055655,-13.003300729357115 32.413005329098389,-13.001661711405308</coordinates></LineString></MultiGeometry>
  </Placemark>
  <Placemark>
	<name>Luangwa</name>
	<Style><LineStyle><color>ff0000ff</color></LineStyle><PolyStyle><fill>0</fill></PolyStyle></Style>
	<ExtendedData><SchemaData schemaUrl="#Luangwa_river">
		<SimpleData name="Name">Luangwa</SimpleData>
		<SimpleData name="OBJECTID">201</SimpleData>
		<SimpleData name="ID">0</SimpleData>
		<SimpleData name="RIVERCODE">1</SimpleData>
		<SimpleData name="Corridors">1</SimpleData>
		<SimpleData name="Shape_Leng">912968.52767600003</SimpleData>
	</SchemaData></ExtendedData>
      <MultiGeometry><LineString><coordinates>30.84104768324972,-13.989115063019696 30.837883350345134,-13.993070901851294 30.831909459264995,-13.998501117938252 30.82443256347911,-13.999436666190588 30.821727905421476,-14.005536364189446 30.816278536234254,-14.01780919377301 30.809989928291749,-14.02348831792674 30.804340290353462,-14.028585702426481 30.799785485068799,-14.031326557936895 30.79487781628421,-14.034353516088673 30.788770413218039,-14.03493048427138 30.781596789686944,-14.034539471529847 30.77512317241494,-14.033856635621481 30.766210024796592,-14.036005256252555 30.756081879607986,-14.039940108143036 30.746125399124349,-14.043587903150753 30.733895329049815,-14.04909154677839 30.726397450248026,-14.051631174532668 30.718222452486955,-14.057037546975895 30.713047748721173,-14.062877843027652 30.707215003925487,-14.067402068876937 30.702402704890911,-14.068368136502237 30.696957158354028,-14.070483381227278 30.692583552765115,-14.07401864775343 30.688446460490024,-14.077844785175468 30.684725175586532,-14.082000894012749 30.681192718837011,-14.087485471055802 30.679081252595839,-14.094041025452368 30.677843363503655,-14.099728737345407 30.678184779002965,-14.104482802775351 30.680658634118743,-14.111055527420463 30.685362206425804,-14.116917766592437 30.689951335646189,-14.123248259332369 30.689026254020153,-14.130880513362536 30.681820202372545,-14.133521230912912 30.673057738884232,-14.133545064643588 30.663536140193337,-14.13392175791877 30.656375867567174,-14.135360846119717 30.653526250196073,-14.139478808554303 30.651504434188219,-14.142394188031345 30.648799775707012,-14.148500561918063 30.643632700915283,-14.15536891857947 30.638065081905399,-14.157482255467126 30.631616257541424,-14.159486872600928 30.622409372958565,-14.162204835272799 30.614423208166698,-14.163425531196198 30.609900824065367,-14.170290074108333 30.613049891768238,-14.173699461891058 30.615712574642689,-14.181530082025063 30.61435261318902,-14.187161526874149 30.610158299424878,-14.19144638112747 30.597808064131847,-14.197744433098219 30.597659279859343,-14.206973137734359 30.599003971679167,-14.212414803562186 30.596205849867225,-14.221319256114761 30.591944778938409,-14.224853568944862 30.589469005411551,-14.230608989126956 30.587904951455503,-14.239687965744441 30.589198143443245,-14.245752380138661 30.587178233271541,-14.249959034454035 30.582270562853168,-14.253612555979286 30.574816554256369,-14.255451232618315 30.570851124774393,-14.259266879033355 30.57156447547138,-14.266482377680607 30.575365862669859,-14.270585087224861 30.57917487920518,-14.27513983828818 30.576214634315498,-14.279517199988343 30.572653568102179,-14.282705328957347 30.565094652082475,-14.286095633530616 30.557852357358165,-14.29188347433834 30.553335693505673,-14.299839019548912 30.550802698285302,-14.306054111175637 30.549082245079241,-14.310939781426148 30.546720912790931,-14.316632260199954 30.54459037410437,-14.321812615617091 30.542282449701332,-14.326819402519515 30.537437721603688,-14.331275916223031 30.529537384108995,-14.336161581154306 30.523922078984,-14.339868506844983 30.522159660745402,-14.346885639318229 30.519094509090163,-14.352986288534254 30.515485757160906,-14.357427545758799 30.510202337129279,-14.359016361595422 30.50255186952965,-14.35908025011484 30.498336575752909,-14.361528327415874 30.492912005850215,-14.367133064557111 30.492025071921027,-14.373382489999379 30.494550425218748,-14.37944213762068 30.495326718205622,-14.387460629523694 30.488496414165425,-14.393881710280757 30.483415171969408,-14.398280049422887 30.47795436516386,-14.399983306495942 30.472485930887668,-14.400547876205909 30.46583492562003,-14.400657542066226 30.461526167562361,-14.406137349130052 30.460749862283059,-14.411647676791498 30.460437048473604,-14.416231987279525 30.459483356954649,-14.421694631478346 30.460829955189336,-14.427813404976357 30.465808191328165,-14.431561348953066 30.469382599949256,-14.436458467718564 30.464776292621931,-14.441826694386448 30.458752808016367,-14.446467265933444 30.456683304652504,-14.452216011260573 30.453192809239038,-14.457172251619344 30.451561996882237,-14.466185422534094 30.450015113725602,-14.471298067864689 30.448079123898729,-14.479052388734468 30.448596015578353,-14.484495006952097 30.447016696661525,-14.499468640880632 30.446490254476156,-14.506868196555269 30.444704949067233,-14.511644193854096 30.442360780397678,-14.52008992830703 30.438868377817464,-14.524991809244973 30.436211403473113,-14.531031423812255 30.430575110671832,-14.540243908703644 30.423430091011003,-14.545114314385811 30.417576370522742,-14.542412550296238 30.410698386482089,-14.543889784422181 30.404350652481959,-14.545436637001471 30.401262611520362,-14.550694238321491 30.400226906917503,-14.552461395691866 30.400209735756572,-14.557500608805579 30.400154413277669,-14.565130000591591 30.399151129054975,-14.572185278902259 30.39414045561746,-14.578988783850496 30.386968737082601,-14.580591902285978 30.382562706918865,-14.582055787718895 30.378999732509168,-14.585980152436601 30.372520382525096,-14.5931355615256 30.368602637731751,-14.596952160458768 30.369600185331489,-14.60365076744006 30.374132093287216,-14.610378941310863 30.378969179413634,-14.618484220518972 30.376121468305925,-14.623378472870117 30.375493932610151,-14.633246136054693 30.373968025907981,-14.641455359830958 30.376787114663358,-14.647452064015789 30.377784662661039,-14.654326146517587 30.374790079795666,-14.662889181645086 30.375263099683917,-14.670624430964471 30.376132855687199,-14.67623775686209 30.371637174924416,-14.681311296910623 30.366916422010963,-14.687940279762495 30.365340922757049,-14.697467479795405 30.367276898299032,-14.703760775888318 30.367578254328738,-14.71201291607005 30.368064624140921,-14.721125271126917 30.366662695750936,-14.730135580364074 30.360828037636157,-14.73768581012669 30.356166413686395,-14.744540813138663 30.352473737958057,-14.747433302590167 30.349797690969314,-14.751867882826494 30.346658150706133,-14.757448778892039 30.341256470284694,-14.760181049591132 30.336634903377686,-14.764917942813792 30.334159126319935,-14.772443380123898 30.331301879006812,-14.776532730919952 30.326478125703709,-14.785569739149219 30.326102367942838,-14.790211269764152 30.323218412809069,-14.798715176134067 30.321969076892913,-14.80497699700501 30.323620852368862,-14.812702710486004 30.32359605168957,-14.817230754155259 30.327347846640656,-14.822020108210143 30.325753276016254,-14.829252769215591 30.322663328330119,-14.833861870840877 30.314225106889744,-14.841086895439679 30.309601631828336,-14.845701717516878 30.301691753559275,-14.852407943583648 30.296658193271259,-14.857540610925319 30.290911276297393,-14.86193799478295 30.2884240563689,-14.868319977204008 30.283733824645854,-14.872191888449221 30.279213349780843,-14.875086282882814 30.273496946704149,-14.88355203929224 30.269565849671377,-14.886502702069485 30.264740197416184,-14.88779492433761 30.258052945258878,-14.892825546465653 30.253290234607146,-14.895035203397216 30.248401639618276,-14.895928791089199 30.242986609141209,-14.897398396175062 30.237340785363195,-14.899954235374265 30.229930641540314,-14.902753260253009 30.22215619190365,-14.90452422384849 30.217263782459529,-14.905015360546296 30.207187136733211,-14.904529929089025 30.20383777843087,-14.915998807083984 30.201735847193312,-14.922207220604895 30.201199871387335,-14.925725322508379 30.208455494799662,-14.942254404701631 30.208625246693735,-14.945690491716478 30.207946215279854,-14.952140186358866 30.207899594548138,-14.96221601137638 30.19473917947472,-14.966165568706801 30.190061489028643,-14.968163484681691 30.189558253100355,-14.974323790465085 30.192790803197191,-14.985874459526064 30.195677409139634,-14.9922584415096 30.197843503475234,-14.997048734563135 30.204496465957501,-14.995248004908063 30.208859528908,-14.994066944763935 30.212412471763507,-14.997931101395231 30.218571734222685,-15.004629466131043 30.219197773621264,-15.005310271623895 30.219451419069465,-15.006313637496623 30.219771856905048,-15.007261589531799 30.220090386358873,-15.008209541663591 30.220408916092691,-15.009157493736632 30.22072935413102,-15.010104491808647 30.221047883493018,-15.011052444654165 30.221120364248581,-15.01126797452819 30.221560965706768,-15.011904075901976 30.222129362081411,-15.012726143267482 30.22269775760455,-15.013549163615673 30.223266153684698,-15.014371231220617 30.223834549835093,-15.015194252722955 30.224402945388878,-15.016017273436288 30.224971341494957,-15.016839341404593 30.225539737689434,-15.017662362367654 30.226108133276501,-15.018485383444103 30.226676529422818,-15.019307450870679 30.227244924734869,-15.020130471281123 30.227813321287019,-15.020953492729991 30.228028854058838,-15.021264390288868 30.228217682377007,-15.021856621991521 30.228520953352909,-15.022809342242468 30.228824224465271,-15.023762063356168 30.229127495737661,-15.024714783526431 30.229430767158657,-15.025667503656232 30.229735945486762,-15.026621178191021 30.230039216514932,-15.027572944451084 30.23034248745132,-15.028525665349614 30.230647665347423,-15.029479338843911 30.230950936819866,-15.030431105883062 30.231254208214686,-15.031383826657853 30.231559386598523,-15.032337500025291 30.231862657599887,-15.033289266928405 30.232167835596993,-15.034241987324814 30.23247110668321,-15.035194707921399 30.232776285009479,-15.036147428231796 30.233079556407471,-15.037100148744452 30.233382827027988,-15.038052869204227 30.233688005845387,-15.039005589385559 30.233991276779157,-15.039958309760902 30.234281196374393,-15.040897678891225 30.233985552063317,-15.04186470368469 30.233691816038498,-15.04282028472166 30.233398079482235,-15.04377586489651 30.233106250237004,-15.044732399569298 30.232812514215631,-15.045688934532173 30.232532129274638,-15.046605414640087 30.232499704236098,-15.046633070842132 30.231738661274694,-15.047279660453963 30.230975711919676,-15.047927204365633 30.230212762668224,-15.048574747659066 30.229451720016627,-15.049221338157439 30.228688770968617,-15.049868881124599 30.227925821070958,-15.050516425267402 30.227164778490213,-15.051163968615882 30.226401829055483,-15.051810558658271 30.225638879450887,-15.05245810275605 30.224845412589701,-15.053131395126472 30.224528787525447,-15.054035477072835 30.224196903587707,-15.05497961410313 30.223866927294161,-15.055922797119155 30.22353695085279,-15.056866933808514 30.223206973894559,-15.05781011662109 30.222875090437562,-15.058754253244867 30.22254511344692,-15.059698389629061 30.222213229571814,-15.06064157317047 30.221883253760662,-15.061585709368488 30.221698237897396,-15.062112136880982 30.221551369194483,-15.062528892693029 30.221221392703125,-15.063473028681816 30.220889509303536,-15.064416211811952 30.220605309464634,-15.065228741252945 30.220651086725972,-15.065360348332169 30.22097724579276,-15.066306393716047 30.221301498182111,-15.067251484459298 30.221627657971002,-15.068197528797137 30.221951910110896,-15.069142620291146 30.222278069681803,-15.070088664474227 30.222602321584979,-15.071033755815563 30.222928480927205,-15.071979800746561 30.22325464092636,-15.072924891837234 30.223580800061587,-15.073870936611423 30.223905052432695,-15.074816027656388 30.224231211353001,-15.075762072274712 30.22442194837101,-15.076319017612171 30.224332301719553,-15.076719560208128 30.224112952624182,-15.077695168658321 30.223893603550657,-15.078670776515885 30.223674254487115,-15.079646384683848 30.223454905144255,-15.080622946026459 30.223235556412636,-15.081597600144709 30.223014299901457,-15.082573208432974 30.222848357876874,-15.083307536677223 30.222794951820408,-15.083548816044138 30.222575602818974,-15.08452442395412 30.222356253826391,-15.085500032174279 30.222136904842451,-15.086475640704597 30.221917555878715,-15.087451248641999 30.221698206935024,-15.088426855986425 30.221478857987673,-15.089402464543939 30.22125950905999,-15.09037807250844 30.221040160151752,-15.091353679879862 30.220818903642478,-15.092332148925106 30.220902826872827,-15.093325877168221 30.220986750020163,-15.09432246674033 30.221070673132914,-15.095319055433555 30.221154596511379,-15.096314691289573 30.221238519532125,-15.097311280031121 30.22132244250675,-15.098307868796805 30.221400644211272,-15.099231025731259 30.221442606328409,-15.099292060237071 30.222007187136363,-15.100116989405191 30.222571767966016,-15.10094287066544 30.223136349426543,-15.101767799196782 30.223700930889606,-15.102593681626628 30.224265512074375,-15.10341860950888 30.224830093254269,-15.104244492192963 30.225394673840928,-15.105070374095288 30.225959255062339,-15.105895302362709 30.226523836605171,-15.10672023076163 30.227088417540159,-15.107545159280431 30.2276529984928,-15.108371041698723 30.228217579783191,-15.109196923345531 30.228782160770965,-15.110021851343094 30.229346742069886,-15.110846780374109 30.229911323406835,-15.111672662402135 30.230475904436442,-15.112497590779164 30.231040485496663,-15.113323473056552 30.231605066896396,-15.114149354561096 30.232169648612508,-15.114975237098689 30.23268654489495,-15.115733407648193 30.232696081841237,-15.115814470672216 30.232818152815263,-15.116806291111276 30.232938316006887,-15.117799065493504 30.233060386401881,-15.11879183978945 30.233180550213866,-15.119784614267273 30.233304527984785,-15.120796462224837 30.233102345134231,-15.121755857807559 30.232896348107172,-15.122735280577645 30.232690350555753,-15.123713749920006 30.232486260375971,-15.124691264823557 30.232280262777547,-15.125670687747315 30.232074266231088,-15.126650110134079 30.231870175512782,-15.127627625201885 30.231664178269313,-15.128607048290203 30.231460088444042,-15.129585516956286 30.231254090818865,-15.130563986073229 30.231048093940529,-15.131543408422775 30.230844003557234,-15.132521878155041 30.230639914256802,-15.133500346453935 30.230433916797345,-15.134479769862363 30.230227918855284,-15.135458238039329 30.23002382899471,-15.136436707404052 30.229817832215168,-15.137415176305257 30.229613742296145,-15.138394599253816 30.229417281905956,-15.139329199548841 30.229436354709232,-15.139370207410897 30.229842624350535,-15.140282873355194 30.230250800897405,-15.14119649274639 30.230658977900791,-15.142109159023878 30.231067153806094,-15.143022778809195 30.23147342304555,-15.143935445562555 30.231690862855146,-15.144420865146468 30.232081874523871,-15.144679311728352 30.232917302523475,-15.145230535692697 30.233750823635813,-15.145780806244577 30.234586251518962,-15.14633203073185 30.235419772495973,-15.146882301817332 30.236255201204372,-15.14743352593465 30.237090629859512,-15.147984750309529 30.237767745965591,-15.148431070047783 30.237886003178939,-15.148576029011293 30.238521156631549,-15.149350412093041 30.239154403242576,-15.150122888452385 30.239787650248729,-15.150896319291427 30.240422803954299,-15.151670702647092 30.241056050502497,-15.152444133064948 30.241689297758516,-15.15321756238202 30.242322543827999,-15.153990993284484 30.242957698497932,-15.154765376710129 30.243590945311961,-15.155537853423759 30.244224191632227,-15.156311282800726 30.244859345631006,-15.157085666483486 30.245402945882521,-15.157749424401869 30.245433463306998,-15.15788675341396 30.245656625167182,-15.15886140769738 30.24587978618732,-15.159837016685968 30.246101040554326,-15.160811671209332 30.246324201630653,-15.161786326478905 30.24654545577204,-15.162760981062233 30.246768617319869,-15.163736589277841 30.2469898712366,-15.164711243921015 30.247213032578795,-15.165686852195726 30.247434286271631,-15.166661506898569 30.247657447659265,-15.167636162356166 30.247880609163783,-15.168611770724597 30.248031291102315,-15.169276481068778 30.24820486170886,-15.169543509763395 30.248748461879934,-15.170381789775549 30.249293969654197,-15.171220069800547 30.249839476737929,-15.172058349109468 30.250384984037897,-15.172896629519553 30.250930491577773,-15.173734909224487 30.251475999107488,-15.17457414200549 30.252019598990888,-15.175411468522071 30.252565106973741,-15.176250701701878 30.253110614504767,-15.177088981285623 30.253654213876224,-15.177927261274212 30.254199721617173,-15.178766495037955 30.25474332143736,-15.17960477452699 30.255286921471445,-15.180443054218971 30.255832429670242,-15.181283241460592 30.256376029215062,-15.182121521543809 30.25692153649592,-15.18295980068673 30.257236252245203,-15.183444267758416 30.257314454146055,-15.183859115781747 30.257497561155542,-15.18484235385788 30.257682574763361,-15.185825591726422 30.257865682008692,-15.186807875204956 30.258050695627873,-15.187791113163934 30.258233801705387,-15.188774350506995 30.258416908924765,-15.189756635024263 30.258601922557652,-15.19073987311871 30.25878502955192,-15.191723110608734 30.258970043209519,-15.19270634789026 30.259153149488306,-15.193688632576533 30.259338164089463,-15.194671869959333 30.259521270144617,-15.195655107618329 30.2596490636301,-15.196335077457343 30.259706284049379,-15.19663739219677 30.259822633355501,-15.197266816351044 30.259723449351835,-15.197613000225006 30.259448786868859,-15.198574303235688 30.259172216312084,-15.199535605692036 30.258897553903964,-15.200496908939929 30.258620983405098,-15.201458211625823 30.258346321082598,-15.202419514207644 30.258069750640722,-15.203380817122859 30.257795088391269,-15.204342119941463 30.257518518017164,-15.205303422182736 30.25724385583985,-15.206264725237896 30.256967285520922,-15.207226027708078 30.256692622484845,-15.208187330988258 30.25641795996486,-15.209148633491012 30.256286350863427,-15.209604489041569 30.256259647012207,-15.210129009709965 30.256210054073907,-15.211128460010533 30.256160461027928,-15.212126956372865 30.256108960778775,-15.213125451875133 30.256059367663063,-15.21412490171695 30.256007867562978,-15.215123398718976 30.255958274898639,-15.216121894476403 30.255916311892847,-15.216945868404558 30.256034568538173,-15.217073661324401 30.256715499695968,-15.217806083687202 30.25739643082537,-15.218538505568564 30.258077361670438,-15.21927188075119 30.258758292976488,-15.220003349691927 30.259439223998683,-15.220735771933375 30.260120154993409,-15.221468193692253 30.260801085949211,-15.222200615871344 30.261482016866335,-15.222933038470378 30.262162947756696,-15.223665460586004 30.262843878620515,-15.224397882217923 30.263524810376449,-15.225130304280285 30.264205741164574,-15.225862726750144 30.264886671926856,-15.226595148735463 30.265567602651878,-15.227327571139035 30.265895670720735,-15.227681384659762 30.266135998852768,-15.228140101438036 30.266599489383285,-15.229025110804942 30.267064887306436,-15.229911074183057 30.267528377892461,-15.230797038303912 30.267991868174029,-15.231683001096856 30.268457266090369,-15.232568965007323 30.268920755956071,-15.233453974060446 30.269386153979408,-15.234340890913831 30.269849644127639,-15.235225900930352 30.270313134674343,-15.236111864322821 30.270776624906702,-15.236997827289432 30.271240115743524,-15.237883790744419 30.271703606254956,-15.238769754676287 30.272169003566255,-15.239655717885869 30.272632494389949,-15.240541680973552 30.273095985095051,-15.241426690745122 30.273561382419693,-15.242312653578232 30.274024873219926,-15.243198617199948 30.274488363708226,-15.244084580394498 30.274951853873233,-15.244970544064792 30.275417251831172,-15.245856507004474 30.275880742498511,-15.24674151693714 30.276346139836054,-15.247627480819286 30.276809630622154,-15.248513443698714 30.277275028295346,-15.249399406728093 30.277738518638756,-15.250284416759246 30.278203915896047,-15.251169426031105 30.278669314518364,-15.25205538958998 30.279132804862918,-15.252940399242878 30.27961727616475,-15.253865463405251 30.280393575552843,-15.254424317211754 30.281204208090916,-15.255007965959438 30.282016748683095,-15.255592568584982 30.282827380358189,-15.256176218164965 30.283639920878489,-15.256761774518599 30.284450553566291,-15.257345424049705 30.285261185364565,-15.257929073089915 30.286073726035461,-15.258514629791113 30.286884357916762,-15.25909827876932 30.287696897766438,-15.259683835386728 30.288507530661406,-15.260267484312951 30.289320070768341,-15.26085208705352 30.290130702802024,-15.261435736806535 30.290943242867716,-15.26202129327463 30.291753875789212,-15.262605895874842 30.292564508086851,-15.263188591274996 30.293377048305683,-15.263774148082307 30.29418768054985,-15.264357797219644 30.295000219960741,-15.264943353034548 30.295810853208728,-15.2655270030174 30.296623392838097,-15.266111605847991 30.297434025249665,-15.266695254845937 30.298246564868396,-15.267280811403495 30.29905719736583,-15.267864460330166 30.299869738132827,-15.268449063006846 30.300680370713298,-15.269032711860458 30.301491002394513,-15.269616361120155 30.302303542374659,-15.270200964112417 30.303114175069791,-15.270784613308436 30.303926715063149,-15.271370170027193 30.304737347845496,-15.271953819147607 30.305549887952083,-15.272539375780228 30.306360519891694,-15.273123024812623 30.3071730601119,-15.273708581357875 30.307983692139466,-15.274292230312208 30.308796232473664,-15.274877786768853 30.309606865519903,-15.275461435655073 30.31041749766791,-15.276045084944025 30.311230037231262,-15.276630641708298 30.312040670398535,-15.277214290927288 30.312853210131397,-15.277798893780744 30.313663842454396,-15.278382542905636 30.314476382244798,-15.278968099484713 30.315287014657478,-15.279551748525989 30.316099554605277,-15.280136351189594 30.316910187027847,-15.280721907789163 30.317720819602034,-15.281304603334892 30.318161422304048,-15.281622177337585 30.318415102481893,-15.282003646393575 30.318970146799945,-15.282835250699149 30.319525191442967,-15.283666855136079 30.320080235465298,-15.28449941261376 30.320635279842097,-15.285331016398818 30.321190324544734,-15.286162620314576 30.321745368621709,-15.286995178174566 30.322300413048435,-15.287826782340272 30.322855457801889,-15.288658386636021 30.323004232075078,-15.288882499607512 30.323410501963473,-15.289489990147347 30.323965546438448,-15.290322547614553 30.324520591245403,-15.291154152288346 30.325075635461353,-15.29198575617708 30.325630680005528,-15.292817360194753 30.326185723941368,-15.293649918157694 30.326395535094111,-15.293963676913915 30.326740768230376,-15.294480567690799 30.327148945267986,-15.295092827360918 30.327335867803779,-15.295280701166195 30.32804159462162,-15.295989281016622 30.328747321491342,-15.296697861110035 30.329451140687734,-15.297405488316004 30.330156867671349,-15.298115021826099 30.330862594712798,-15.29882455557923 30.331568321787461,-15.299533136647112 30.332274048937986,-15.300241716150301 30.332979776130276,-15.300950296797845 30.333683595601361,-15.301657923680342 30.334389321995555,-15.302367457732766 30.335095049390816,-15.303076991134473 30.335800775874212,-15.303785571835364 30.336506503353796,-15.304494151884022 30.337212229992037,-15.30520368599586 30.337917956653001,-15.305912266512625 30.33862177646543,-15.306619892402104 30.339327503280394,-15.307329426334007 30.340033230110762,-15.308038006668603 30.340399445661365,-15.308406125013965 30.340820974982194,-15.308639776173568 30.341694550870187,-15.309123288976707 30.342570033432658,-15.309607756475609 30.343445517597239,-15.310092223840313 30.344319093590556,-15.310575737113346 30.345194576297487,-15.311060204159615 30.346070059675998,-15.311544671059723 30.346945542784169,-15.312029138705455 30.347819119545061,-15.312512652305202 30.348694602218195,-15.312998072580564 30.349570085474348,-15.313482539769849 30.350243387802323,-15.313855427091939 30.350420772952788,-15.314002293014035 30.351189443558152,-15.314641255284165 30.351958114375584,-15.315281171211147 30.352726784289992,-15.315920133094856 30.35349545442277,-15.316560048635813 30.354264124566015,-15.317199011046061 30.35503279493393,-15.31783892711395 30.355801465317985,-15.318477889146365 30.356570135932994,-15.319117804836829 30.357006923493472,-15.319480201140829 30.35726441821658,-15.319828292696494 30.357857610057014,-15.32063414729701 30.358450802330971,-15.321439048901668 30.359043994124612,-15.32224299569188 30.359637185777583,-15.323048851021259 30.360230377870046,-15.323853752449857 30.360823569603721,-15.324658652912477 30.361416761886812,-15.325463554226177 30.362009953931437,-15.326269409327599 30.362603145477756,-15.327074310514819 30.363196337585713,-15.327879211649268 30.363789529324947,-15.328684112719698 30.36438272162637,-15.329489013736872 30.364975912617712,-15.330293915581704 30.36556910511376,-15.331098816480676 30.366162297242237,-15.331903717314679 30.366755489139862,-15.332709572840571 30.366944318000133,-15.332965157298393 30.367482196448943,-15.333385727819188 30.368269940953851,-15.334001801918063 30.369057685414564,-15.334616921826367 30.3698454291997,-15.335232996146308 30.370633173097684,-15.335849070130491 30.37114625599844,-15.336250567114439 30.371302660246009,-15.336561465405664 30.371754706140408,-15.337453150610015 30.372206752773625,-15.338345789262192 30.372658798868908,-15.339237474539665 30.373110844775692,-15.340130113254185 30.373562891073046,-15.341021798604134 30.37401493700018,-15.341913484436066 30.374466983674584,-15.342806123716281 30.374919029816894,-15.3436978087166 30.375371076520604,-15.344589494209366 30.375720124475844,-15.345281861023352 30.375754456770892,-15.345504067621539 30.375910860191645,-15.346491120136552 30.376067263588258,-15.347479125639806 30.376223666759333,-15.348467132078175 30.376380070479474,-15.349454183796752 30.376536474153209,-15.35044219030989 30.376692877624414,-15.351430195951764 30.376849280691903,-15.352417248669006 30.377005684666607,-15.353405254385486 30.377162087485882,-15.354393261025956 30.377318490855288,-15.355380312946259 30.377474894190211,-15.356368318758024 30.377631298231595,-15.357356325515594 30.377787701140665,-15.358344331390754 30.377944104767767,-15.359332337308539 30.378100508003872,-15.360319389398025 30.378256911205995,-15.36130739537901 30.378413315126593,-15.36229540140252 30.378569718656721,-15.363282453597545 30.378726122153189,-15.364270459684091 30.37888252525952,-15.365257511942026 30.379040836548654,-15.3662445650126 30.379199146903389,-15.367232571060734 30.379355550513779,-15.368220576380956 30.379513861214772,-15.369207629545903 30.379552008303261,-15.369452723238991 30.379843835623678,-15.370146044596831 30.380231030941214,-15.371067293162501 30.38062013401219,-15.371989496111405 30.381007329436905,-15.372910745093268 30.381394524905001,-15.373831994735498 30.381783628180013,-15.374754196948899 30.382170823768284,-15.375675446103449 30.382559926230684,-15.376597649620621 30.382947121940255,-15.377518898286979 30.383336224544568,-15.378441101312104 30.383723420365293,-15.37936235039294 30.384110616433375,-15.380284553092821 30.384499719045671,-15.381205802420311 30.384886914105003,-15.382127051660307 30.385276017052767,-15.38304925435718 30.385684194488423,-15.384020093928823 30.385588824090153,-15.38496232375101 30.385489640099152,-15.385957005198467 30.385390455319232,-15.386951686385657 30.385291270860264,-15.387947322089577 30.385192086362856,-15.388942002777924 30.385092901984603,-15.389936685023224 30.384991810237469,-15.39093232012727 30.384892625212675,-15.39192700095731 30.384793441248963,-15.392921682452076 30.384692348943478,-15.3939173176905 30.384593165241029,-15.394911999587203 30.384492073006943,-15.395906680457831 30.384390981064289,-15.396902315839208 30.384291796835228,-15.397896996972046 30.384221222682818,-15.398598900644828 30.384192611804906,-15.398891678747633 30.384093428022219,-15.399887314145889 30.383994243272355,-15.400881995422429 30.383893150856295,-15.401876676573297 30.383793966539738,-15.402872312112516 30.38369287529645,-15.403866993671567 30.383587968249476,-15.404916988155536 30.383494506227233,-15.405857310528781 30.383395321357732,-15.406851991195808 30.383296136605825,-15.407846673419611 30.383196952170298,-15.408842308350581 30.383097767708612,-15.409836989172058 30.382998583375553,-15.410831670647138 30.382897491447352,-15.411827305833118 30.38279830737245,-15.412821987709833 30.382697215522956,-15.413816669433482 30.382596123033203,-15.414812303847846 30.38249693934668,-15.415806985874319 30.382397754879875,-15.416801666737097 30.382296662745123,-15.417797302199299 30.382197478535439,-15.418791983463608 30.382096386485614,-15.419786665464279 30.381995294718756,-15.420782300165683 30.381896109964856,-15.421776981568616 30.381796925338545,-15.422771663625044 30.381695833936465,-15.423767298471002 30.381659593306257,-15.42412683319872 30.381854144004251,-15.424734323639315 30.382161229799038,-15.425687043643935 30.382466408628293,-15.426638810696781 30.382771586812563,-15.427590576753465 30.383078673459579,-15.428543297410595 30.383383851272836,-15.429495063290856 30.383689030281335,-15.430446830002948 30.383994208634491,-15.431398596621703 30.384301294570914,-15.432351316921896 30.384606473486087,-15.433303083374533 30.384911651735344,-15.434254850636709 30.385218737763712,-15.435208524532776 30.385523916433453,-15.43615933686598 30.38582909459231,-15.437111103867716 30.386136180562556,-15.438064777500101 30.386441359130018,-15.43901559047508 30.386746537200672,-15.439967357215615 30.387053623114991,-15.44092103058359 30.387358801582376,-15.441871844199582 30.387665887913581,-15.442824564440555 30.387971066187003,-15.443776330834584 30.388278152013523,-15.444728097033535 30.388583330854676,-15.445679863259164 30.388888509033041,-15.446631630293277 30.389195594967212,-15.447584350086148 30.389502681026016,-15.448536116834788 30.389807858968094,-15.449486929742571 30.39011494501408,-15.450440604031343 30.390414401887575,-15.451361852904192 30.390427753466128,-15.451389509477925 30.390841652084752,-15.452299314540944 30.39125555116912,-15.453210073151926 30.391669449271824,-15.454118924616576 30.392083348193797,-15.455030636450918 30.392497247052166,-15.455940442052322 30.39291114639358,-15.456851200298894 30.393325045093714,-15.457761959123273 30.393738943908399,-15.458671764672829 30.394152842102535,-15.459581568993165 30.394566741694366,-15.460492327776283 30.394980640466759,-15.461402133272529 30.395394538608173,-15.462311938442316 30.395808437231874,-15.463222697161022 30.396222336158829,-15.464133455564392 30.396636235193885,-15.465043260690399 30.397050133784493,-15.465954019354658 30.397464032481352,-15.466863824740837 30.397877931679322,-15.467774582773222 30.398291830039142,-15.468684388419023 30.398705728903071,-15.469595146711194 30.399119627869567,-15.470504951723878 30.399533526400624,-15.471415710275286 30.399947425420173,-15.47232742328007 30.400361324564511,-15.473238181198422 30.400775223465399,-15.474150847426587 30.401187214842444,-15.475057791227965 30.40135124803701,-15.475421141227876 30.401232990429296,-15.476011464983497 30.401036530254572,-15.476991841743747 30.400840069360886,-15.477972217987924 30.400643608679374,-15.478952593726957 30.400447148198584,-15.479932969863974 30.400250688107192,-15.480914300265262 30.400054228037011,-15.481894676294798 30.399857767235726,-15.482875052711261 30.39979291635369,-15.483199301351783 30.399411440992928,-15.48374861733101 30.398841135854571,-15.484570683421259 30.398270830368482,-15.485391795285873 30.397700525637237,-15.486212907704282 30.397130219809167,-15.487034019751228 30.396558007398752,-15.487857039296674 30.395987701970835,-15.488677198569478 30.395417396554475,-15.489498310441206 30.394847090960049,-15.49031942285475 30.39427678611861,-15.491140535820875 30.393962069407159,-15.49159448367684 30.393748442994458,-15.491988350759485 30.393273505915669,-15.492866683807902 30.392796661581922,-15.493746923911781 30.392319818184728,-15.494626210311898 30.391844880822291,-15.495505496765309 30.391368036806167,-15.496384783450811 30.390891192953422,-15.497264069378467 30.390414349241095,-15.49814335635439 30.389937504760123,-15.499022642561155 30.389462568075775,-15.499900975915166 30.388985724040474,-15.500781215370903 30.388508880019288,-15.50166050201708 30.388033943020965,-15.502539788769232 30.387557099307216,-15.503419075709386 30.387080254822934,-15.504298361879478 30.38660531831421,-15.505177648182196 30.386128474135482,-15.506056934645358 30.385653537015092,-15.50693622124057 30.385176693239977,-15.507816461849803 30.384699848590586,-15.508695747834214 30.384224911940873,-15.509575034880472 30.38374806759391,-15.510454321156468 30.383271224325398,-15.511333607586362 30.382796287226363,-15.512212894168581 30.382319443409131,-15.513093134729287 30.381844506633353,-15.513972420709065 30.381369569075332,-15.514851707733953 30.380892725636585,-15.515730993977563 30.380692450584551,-15.516101972973312 30.380417788402802,-15.516610280399542 30.379940944329995,-15.517489566921279 30.379464100466766,-15.518369807433421 30.378987255759764,-15.519249093323786 30.3785104121167,-15.520128380269721 30.378035475656972,-15.521007666528051 30.377560538370233,-15.521885999080054 30.377083694305359,-15.522766239392876 30.376606850329495,-15.523645525999401 30.376130006450904,-15.524523858900684 30.375655069881251,-15.525404098832198 30.375178225407325,-15.526283385854468 30.374701381086204,-15.527162672113779 30.374226443993816,-15.528041958630403 30.373749599961929,-15.528921245175022 30.373392920773554,-15.529580233036967 30.373293737346227,-15.529811021965267 30.372900817021247,-15.530729408821333 30.37250599019443,-15.53164874993532 30.372113070146384,-15.53256809081938 30.371718243552156,-15.53348743210827 30.371325323751915,-15.534406773176459 30.370932403606144,-15.535325160040466 30.370537576905015,-15.536244501136544 30.370142749854875,-15.537163841860091 30.369749829629189,-15.538083182381401 30.369355002808138,-15.53900252327859 30.368962082814964,-15.539920911046334 30.368567255304264,-15.540840251202852 30.368174335568561,-15.541759592089825 30.367779508273134,-15.542678933322236 30.367386588779436,-15.543598274391238 30.366991761721074,-15.544517614892891 30.366598841551387,-15.545436002294929 30.366204014719976,-15.546355342968871 30.365811094777712,-15.547274684389885 30.365483025643567,-15.548038575732086 30.365490654910001,-15.548207375908795 30.365532616022321,-15.549206826412943 30.365574576778958,-15.550205322151321 30.365614630777817,-15.551203818552793 30.365656591630177,-15.552204221921242 30.36569664575363,-15.553202718278065 30.365738606760839,-15.554202168670802 30.365778660052055,-15.555201618807935 30.365814899556465,-15.556078044355541 30.365904546028371,-15.556161014557729 30.366642698183764,-15.556837169421298 30.367378943190328,-15.557512371116749 30.368117095707969,-15.558188526857057 30.368853341068281,-15.558863728535435 30.36959149304024,-15.559539883333938 30.370327737823402,-15.560215084982929 30.371065890159116,-15.56089124065579 30.371802135297539,-15.561566442285343 30.372540288020698,-15.562242597025136 30.373276532586228,-15.562918752463782 30.374014685671884,-15.563593954234705 30.374750930591393,-15.564269155810697 30.375489083125633,-15.564945311379004 30.376225327470955,-15.565620512920882 30.3769615729219,-15.566295714464395 30.377699725107121,-15.566972823817038 30.378435969987894,-15.567648025325127 30.379174122535254,-15.568324180799257 30.379910367775388,-15.56899938228136 30.38064851977116,-15.569675537707905 30.381386672894052,-15.570351693124337 30.382122917710547,-15.571025940705153 30.382861070280082,-15.571702096071746 30.383597315437722,-15.572376344525329 30.384335467454616,-15.573052499840887 30.385071712045278,-15.573726747348706 30.385809864441999,-15.574402902623136 30.386548017035484,-15.575079057874271 30.387286169756702,-15.575754260155167 30.387686717923067,-15.576121424270355 30.388022415127047,-15.576429461441631 30.388760567303496,-15.57710466276386 30.389498719804564,-15.577781771763119 30.390057578789683,-15.578292941366252 30.390191095106779,-15.578493213696735 30.390748046788964,-15.579323863405207 30.391304998889328,-15.580154514094472 30.391861950499226,-15.580985163946995 30.39241890245097,-15.581814860926887 30.392975853987785,-15.582645510922253 30.393532805955374,-15.583476160994419 30.394089757505032,-15.584307764986066 30.394646709320515,-15.585137461346159 30.395203661650438,-15.585968111636344 30.395760613480544,-15.586798761991401 30.396317565742926,-15.58762941242218 30.396874517506056,-15.588460062917409 30.397431468687184,-15.589289758717792 30.397988420382575,-15.590120409351989 30.398545372522811,-15.590951059157868 30.399102324153631,-15.591781709930487 30.399659276229862,-15.592612359874382 30.400216227808627,-15.593443009881428 30.400773179810674,-15.594273660865582 30.401330132259037,-15.595104311020361 30.401887084210824,-15.595934961237653 30.402444035554261,-15.596764657658353 30.40300098744364,-15.597595308010739 30.40344540472331,-15.598257157818738 30.403521699127189,-15.598445984829429 30.403897450146772,-15.599372955854685 30.404271294302191,-15.600299927602849 30.40464704627022,-15.601226898176588 30.405020889492693,-15.602153869454899 30.405396641467057,-15.603080840468769 30.405772392645375,-15.604008765099662 30.406146236548295,-15.604933828880469 30.406521987871116,-15.60586270690891 30.406895832021853,-15.606789677951411 30.407271583096293,-15.60771664960027 30.407645427249825,-15.608643620182297 30.408021178345859,-15.609570591366531 30.408211915639853,-15.610042659714658 30.408555242360258,-15.610392659005802 30.409255247311467,-15.611106961112728 30.409955251464801,-15.611821263420712 30.41065525655738,-15.612534611184884 30.411355261908632,-15.613248913926681 30.41205526647402,-15.613963215965548 30.412757179263135,-15.614678471985552 30.413457183959785,-15.615391820576138 30.414157188786387,-15.616105169376198 30.414857193908993,-15.616819471348339 30.415557199010198,-15.617532819663793 30.41625720347,-15.618247122043796 30.416957209009336,-15.618961423740833 30.417657213741869,-15.61967572653897 30.418250405984761,-15.62028035554863 30.417993941116034,-15.620520401404518</coordinates></LineString><LineString><coordinates>31.545347410257605,-13.419625381202817 31.549466856553593,-13.416177818572677 31.550025043547549,-13.415973111961168 31.554168810672017,-13.41446916506354 31.555937987226422,-13.411586547061416 31.558878423433509,-13.409867705537067 31.563584738011787,-13.406423225379347 31.567702305374052,-13.403553857759185 31.569700328872074,-13.401359448752151 31.572412792305155,-13.39838258714166 31.573595767732897,-13.394926981028473 31.575364559632966,-13.392044184791112 31.57713630022295,-13.38801331567622 31.57831776912445,-13.385136221769308 31.583023616129186,-13.381691298336081 31.593508928426115,-13.382346484009929 31.601974107031687,-13.382872556364534 31.604030985867126,-13.38300144257623 31.614310433062212,-13.383057993494456 31.619423913993046,-13.381820356090287 31.623540464621815,-13.37894996600628 31.624138265238756,-13.374333721997827 31.622385157078778,-13.370870859565731 31.621217729901282,-13.367980706803316 31.621226150285423,-13.364518390988088 31.622992600610026,-13.362213736191698 31.627107505989116,-13.359921809099912 31.632396287273416,-13.357636149183994 31.634892757103806,-13.35642015572977 31.635922404998823,-13.355919453791582 31.637355289165512,-13.354923707394848 31.640038316956797,-13.353048728319646 31.64428459421374,-13.351254407509284 31.644743942331964,-13.349023935646558 31.643489792282622,-13.346956060541162 31.64298922347421,-13.346130723091409 31.641592999551978,-13.343058618823951 31.638893352685141,-13.340350163946821 31.63757136245637,-13.337739491633906 31.637379338227298,-13.337358772300304 31.636555887021498,-13.335727114226119 31.635980604520011,-13.330534957139506 31.637746933685143,-13.328230157600331 31.640097269720616,-13.327085617503412 31.644794613094664,-13.32652312915137 31.648906038743032,-13.325387899143163 31.653017482150954,-13.324243558777189 31.655952172164156,-13.324250073564247 31.657714475008078,-13.32368082150585 31.660064977468885,-13.322536084420621 31.66183590744027,-13.317925843469752 31.661843388359795,-13.314463455880261 31.660090063575865,-13.311000828235127 31.658332761157549,-13.309264863190233 31.654453978689066,-13.305727693248514 31.650717967914016,-13.302317794523972 31.648379422885778,-13.298264383158669 31.648971380402021,-13.295962265043398 31.651400688648899,-13.295179614355474 31.65249529163415,-13.294823804882768 31.656603572836261,-13.294836494565972 31.657870175757918,-13.29289047987961 31.660725629133047,-13.288502905253903 31.660740821932091,-13.281578117887427 31.658403085482863,-13.276955261073804 31.652560994026931,-13.264819486756274 31.647802115464383,-13.253041934203765 31.646724678504672,-13.250378381052254 31.646476573154235,-13.247628821978187 31.646151842899023,-13.244029070335289 31.648514072937495,-13.237116728462816 31.652042336453931,-13.233663898806903 31.653221961159627,-13.233317548495515 31.657913465684938,-13.231959068797542 31.664368045243233,-13.231974812117535 31.667306671365651,-13.22967582651553 31.671419987784542,-13.226804327197918 31.67494746055592,-13.223360172185703 31.677888372639629,-13.219903886279051 31.681415942523465,-13.21645962373619 31.684355308941988,-13.213581825255737 31.689641723064685,-13.210716016415347 31.691347719636681,-13.209883985632775 31.694339951014801,-13.208416635594348 31.695252935320152,-13.208240482672279 31.700209265314918,-13.207280291192028 31.700796417008831,-13.207048219899711 31.701839187759553,-13.206646689267085 31.703145206227983,-13.20613800213934 31.707254374250233,-13.205001604605691 31.708433314254844,-13.202114593404374 31.711373461460592,-13.198666889527887 31.714898021386247,-13.19637022412355 31.718420283793677,-13.195221641829312 31.720770254611686,-13.193497602060239 31.721244186116913,-13.191185585829253 31.721362188279066,-13.19061661961047 31.721954392854553,-13.187735635326522 31.722546291698869,-13.184854646332971 31.721968269587173,-13.180232036612271 31.723732577270383,-13.1779354778309 31.724911170994552,-13.175048355175283 31.725460232498698,-13.174246472092564 31.727264051136004,-13.171597494770632 31.730202632667407,-13.168719062546209 31.732552261464441,-13.166994880685793 31.735488539460952,-13.165273564796726 31.738424778472123,-13.163552211368479 31.740187629053132,-13.161825065986987 31.740779227643277,-13.158944004197624 31.741285441494444,-13.157707917854401 31.741957759795277,-13.156065814525327 31.741960845629109,-13.154330025582468 31.740202052818166,-13.15375184623862 31.739029969604719,-13.15316749517007 31.737271194508519,-13.152589297079404 31.735514610059504,-13.150853897961074 31.734934178245279,-13.14738848043546 31.736111475995642,-13.145088910788351 31.737875424785422,-13.142783173349367 31.740810146839561,-13.141640359691168 31.743157339283893,-13.141064200691048 31.744333604475663,-13.139343180623376 31.744338749949616,-13.13645923355176 31.742584068041388,-13.133566690781299 31.740825417650118,-13.13298852802451 31.738480505609161,-13.132398439484559 31.733790341287818,-13.131236280647878 31.732033632555222,-13.129500869522309 31.733801514409393,-13.124889807223436 31.735567489064803,-13.12142687859463 31.738501956338379,-13.12028406737981 31.743194034618128,-13.120297969183206 31.747886121470938,-13.120311785515813 31.749647668927885,-13.119163135814139 31.750824675963873,-13.116863469368658 31.751419275736325,-13.112246553112231 31.749077193962879,-13.109929815243492 31.7467342457022,-13.108191659536956 31.744393404686843,-13.105305328134193 31.742640116095586,-13.101834200914844 31.743818918850554,-13.098377362528325 31.744994994578224,-13.096647274621498 31.747343800181145,-13.094922876750598 31.748821497973214,-13.094640745041188 31.750277000176027,-13.094358497051994 31.752036263003088,-13.094367013066613 31.754379177651103,-13.09609607348666 31.756134666555774,-13.098409930301266 31.758474669975406,-13.101883806242061 31.759642858905597,-13.10476438229083 31.760227356962215,-13.105924408087926 31.760806939348512,-13.109968404079485 31.761617827293382,-13.113181763463174 31.762766180277417,-13.113991906223147 31.763384001474286,-13.114085279868974 31.763729986966975,-13.115452092220544 31.765485689634541,-13.117765901981132 31.769006579596955,-13.116625537051851 31.770770870032347,-13.113740918662982 31.771407544234396,-13.112650022940933 31.773123333111268,-13.109710906997764 31.776648814218618,-13.10568643562241 31.779584896814459,-13.103385908676714 31.783579910159371,-13.101433891507465 31.786732415669992,-13.097940905051892 31.794528400691231,-13.100499854694375 31.797163966590055,-13.101814043892075 31.800214212783001,-13.102379746948742 31.805613065249684,-13.102938223524847 31.812136744443016,-13.101494695009759 31.811161101422186,-13.09686126086388 31.811116309928593,-13.093940844750184 31.810721786473025,-13.09050348530115 31.810452246724441,-13.085466461780809 31.810112974664765,-13.082770709609369 31.809316539411583,-13.077505233348505 31.810573649411563,-13.072402911554425 31.812758156076193,-13.069763968864169 31.815465982820434,-13.068212313429541 31.818055924538918,-13.066777619887098 31.821629439468932,-13.068321854401407 31.825315496244464,-13.070942428128147 31.827301559894291,-13.073003746250608 31.830053016750433,-13.074661675208457 31.836505271366573,-13.075793813377109 31.841992097425408,-13.069941815337769 31.844304240084639,-13.065070018297181 31.845850526478397,-13.060764359355138 31.848031638812031,-13.058757934819907 31.85156714416139,-13.055889565228645 31.856209421356535,-13.054789040813414 31.858390439749154,-13.052836763257748 31.861211972080319,-13.05197221221176 31.865388088521243,-13.050128093059083 31.865529943806841,-13.044803514968166 31.863143759817731,-13.040281547847592 31.861287173259306,-13.035535865192122 31.863420409582982,-13.031124139475398 31.865892187818627,-13.029679351049442 31.868129834800811,-13.028070774485482 31.871350816733912,-13.02966701409178 31.870506871598675,-13.034545537573084 31.870129555843008,-13.040095131716482 31.870644021600757,-13.043189433426122 31.874222016548938,-13.04375652205713 31.877275445655798,-13.043516628494027 31.879864282832386,-13.042135506706678 31.881638962380272,-13.039096314168496 31.883954111426114,-13.033310925688244 31.885740673789897,-13.027523234251298 31.890633497437776,-13.022815686492113 31.893976953254402,-13.023263945192282 31.89866717164039,-13.024513510434153 31.902239980042236,-13.026219366674644 31.906162187355587,-13.028559536568649 31.909329949608598,-13.029015904625201 31.912513219052052,-13.025855807913853 31.912585253772182,-13.022818256001626 31.911669368466693,-13.017434880282744 31.910748789441765,-13.013199719297594 31.908056897947553,-13.011371119034038</coordinates></LineString><LineString><coordinates>32.00203674982582,-12.875303947150041 32.003068427810881,-12.872875691524474</coordinates></LineString><LineString><coordinates>32.003068427810881,-12.872875691524474 31.99868942259527,-12.875663078103701 31.990842260256851,-12.876072821159099 31.9892458557627,-12.882884213547847 31.99168874855981,-12.888611569641791 31.987865567202149,-12.891675705801665 31.980248309566036,-12.890546543240861 31.980508946524129,-12.881530833556441 31.974920183399753,-12.877770386332577 31.966812768855945,-12.886975156548665 31.967000864953341,-12.895772667034901 31.96472570500833,-12.903900675891341 31.962436769826972,-12.915327373734005 31.959081242744819,-12.913554683014542 31.955282877993763,-12.910460674095139 31.955961814322361,-12.908923958229252 31.960913783868353,-12.904105477814257 31.962292385874633,-12.895973957588533 31.951526743243125,-12.897250555029464 31.949014040386896,-12.908456285787409 31.943614323790865,-12.913052790555181 31.937560432279355,-12.913248169098665 31.932429407728858,-12.907289510143412 31.929917604713609,-12.918055150786561 31.926763019747629,-12.921780786221344 31.924036004963622,-12.930346287021722 31.923047384414424,-12.925614020193258 31.917454862220705,-12.922731994586686 31.912055246054205,-12.927107861670502 31.910238793496497,-12.932378244347776 31.909991680612062,-12.937655167688186 31.90974072568094,-12.943811731378414 31.910390426035296,-12.949092398100765 31.912609674751707,-12.954379617320409 31.90943137601635,-12.963382825809749 31.902015523387597,-12.967090199111428 31.898393988492629,-12.974771871336513 31.899732635670972,-12.976316929321474 31.904415622065734,-12.982274361934222 31.911255520543229,-12.982193129143377 31.905157620067051,-12.992063643118536 31.901059170222016,-13.006120788177457 31.907543587733361,-13.010546424092688</coordinates></LineString><LineString><coordinates>32.003068427810881,-12.872875691524474 32.002451891263526,-12.871697942102502 31.998621554757371,-12.862940148225569 31.995142155423697,-12.861000991233333 31.992038349255917,-12.855952940636342 31.990439448603905,-12.851869055745981 31.990793880686578,-12.849573863839396 31.993850041932191,-12.849712174345923 31.997173837022942,-12.853088353593288 31.999044661305362,-12.853547572468667 32.002052671000094,-12.853278736364826 32.00153253154317,-12.850672783476908 32.001368743395581,-12.845699290490536 32.001821420159551,-12.841903545134569 32.002926607765815,-12.840144631690285 32.003730348312764,-12.838664859054688 32.009929710467674,-12.833344696899101 32.01687061649428,-12.826670896369141 32.020574631666868,-12.824514721096588 32.019793832605785,-12.820623905576792 32.019340100688702,-12.815477518025411 32.022050397748252,-12.813073479327644 32.026956935997298,-12.80990899174072 32.029030983662032,-12.804826183032899 32.030395212582604,-12.799903490057813 32.028952586948215,-12.796570838696416 32.030892196209443,-12.792120423504125 32.032761235554993,-12.790382238778825 32.035489496288747,-12.79178465390425 32.038484763223799,-12.794227813139129 32.043002352357604,-12.796947724762045 32.046940798621286,-12.797052412077308 32.049557815110091,-12.798219203600425 32.052070579037292,-12.798861174842994 32.054521344490936,-12.797369048814065 32.055407245575829,-12.794967120184703 32.052836891111887,-12.792019330958516 32.048755022324173,-12.790639334697101 32.04658737793666,-12.78804557128173 32.044357760946482,-12.785560068767282 32.045302723447534,-12.783158389574202 32.04670561926531,-12.781237572105782 32.049802785813917,-12.779756854612952 32.052196317647727,-12.778201238378621 32.055320277132807,-12.775689786590615 32.056718389244594,-12.771689283513938 32.058565991746207,-12.770755532567367 32.060142444739888,-12.76895279232876 32.063780552658521,-12.769282175714091 32.067304564244303,-12.769484521559859 32.070366940198781,-12.769341607786426 32.074130046607621,-12.767130540977858 32.074443215084173,-12.766191289956314 32.074512484227157,-12.765983570938658 32.07309227514849,-12.76404364435883 32.068690002180432,-12.763693617315703 32.063963704284383,-12.764490677326259 32.061140884872074,-12.764480661564084 32.058828735982623,-12.762917249466872 32.056609625795133,-12.760025010101959 32.056170551616553,-12.756551400778502 32.057469198318806,-12.751854307913678 32.055878797619691,-12.749678607697124 32.052677793785648,-12.748383230431676 32.053414268417654,-12.744931908324148 32.056777602799755,-12.744509913950054 32.062080859595525,-12.744130926676744 32.066277788502703,-12.743313923620031 32.070684361954484,-12.743492188585739 32.07495613792846,-12.742268425780356 32.075696134451952,-12.742442806204629 32.077085326036261,-12.73932822132485 32.078231312241201,-12.735959608030479 32.079464426163561,-12.731488184482037 32.080505199090318,-12.729900434192032 32.082785829843914,-12.7258575891276 32.082799991482638,-12.723036577862811 32.082027431431619,-12.718802312219362 32.08153371592087,-12.715147689873787 32.081335465569893,-12.711448880743534 32.082089943781405,-12.709570784395085 32.084729149307194,-12.707563565433775 32.088191364714213,-12.70557723031299 32.090210152985726,-12.704815599018108 32.092536339722798,-12.7035576985812 32.093995784231467,-12.701691011598557 32.094820872432862,-12.699342931788006 32.095152027775427,-12.697906397766653 32.095029297906088,-12.695826341036117 32.092965973705404,-12.693748705425229 32.08802600290516,-12.691489398718089 32.087317982317153,-12.691586427748126 32.085098307361797,-12.691009152812718 32.083272430374429,-12.691129444230397 32.080084251175357,-12.69162476741859 32.078777961974694,-12.692108501336429 32.075702314102038,-12.690524531730174 32.074856975054431,-12.689120100049475 32.073895322013918,-12.687651967703875 32.074096348802996,-12.684424722354326 32.075426365504619,-12.683018820984529 32.077547107615587,-12.680593924957833 32.079633716542844,-12.679489005716112 32.080666743480116,-12.678616763881525 32.080686121294448,-12.67860040177783</coordinates></LineString><LineString><coordinates>32.080686121294448,-12.67860040177783 32.080687394689242,-12.67860147945259 32.083648474744727,-12.676409895455077 32.084012394325207,-12.676140543426282</coordinates></LineString><LineString><coordinates>32.084012394325207,-12.676140543426282 32.082278602681463,-12.677255760137632 32.080686121294448,-12.67860040177783</coordinates></LineString><LineString><coordinates>32.084012394325207,-12.676140543426282 32.087015994200904,-12.673682432988842 32.090035883580086,-12.670591406305991 32.090805160840318,-12.669396239590078 32.091876013907218,-12.667732514716988 32.093015286633658,-12.665962456761534 32.093833662292596,-12.664690951714462 32.095804686371096,-12.661216511890219 32.096817654702726,-12.658416950594923 32.095038674315063,-12.654441501834082 32.094657851582042,-12.650968104717885 32.094765538387328,-12.649069663900667 32.095325696438472,-12.647840518971725 32.096012167957177,-12.64633418795464 32.096939438326594,-12.644565110386521 32.099520017887308,-12.640251787519075 32.099762275238525,-12.635406117027058 32.101337356289207,-12.629045886149076 32.103128830239946,-12.625709676150869 32.104606498735251,-12.622957777515493 32.10789731542085,-12.620744475787596 32.110650341623881,-12.618959099669913 32.114862701003013,-12.617454038081377 32.118345692292728,-12.614599240437615 32.120287747710918,-12.612227592034882 32.120187045126606,-12.609279561992034 32.119049401135207,-12.608418228536555 32.119033434805004,-12.608369114817767 32.118689961129995,-12.607312511224761 32.118521900607668,-12.604716897494804 32.11847060734074,-12.604526700363367 32.118253432209094,-12.603721389958928 32.118058517594228,-12.602165519561478 32.118834150515994,-12.599719806993633 32.119528040165612,-12.597531803442898 32.123236552825908,-12.591621450846009 32.124582518660979,-12.587999998054977 32.124928692569995,-12.583046088254475 32.126037063549909,-12.577525013848582 32.12972939400413,-12.57201233339442 32.132424274597831,-12.567355361218301 32.1334078288032,-12.556426666311188 32.137158387692359,-12.55107679215145 32.141501935430163,-12.550050878061359 32.146193986472859,-12.546430912201632 32.141434898624674,-12.543892987796502 32.134265536184863,-12.539050533692798 32.132646710224627,-12.532281823515927 32.133440634215411,-12.527944175248763 32.133540739740489,-12.523803213648872 32.135529132438428,-12.518049786275974 32.139219191584445,-12.511840634746749 32.143268250275483,-12.510696158407832 32.148665419941068,-12.50817243615916 32.152354289091413,-12.501393412027289 32.153404889009067,-12.497309656758793 32.151868509107281,-12.490116303814002 32.149866240661495,-12.485335734677069 32.146513787141927,-12.48060513906176 32.140812369664232,-12.474845277332941 32.139339499113838,-12.470934375287813 32.140567108806991,-12.467249084981857 32.143787883676531,-12.461906350937587 32.14753945560814,-12.458455058429639 32.148585633153708,-12.451098017887043 32.145936707247863,-12.445628186165855 32.144223402150892,-12.437276836018562 32.143278717189062,-12.433304328242881 32.145150167818109,-12.428707766671051 32.149251348290612,-12.423765550240999 32.152238335053134,-12.419624535336752 32.156929121966037,-12.416926497592049 32.162154361862179,-12.418778270035469 32.165793799919861,-12.419476704897622 32.171836280416841,-12.418220275099829 32.172534130298452,-12.413909247769528 32.170182009057321,-12.410791523582727 32.167799182008068,-12.401049404033069 32.16801388693559,-12.396995436711006 32.172129033687888,-12.395253813909875 32.176263053589253,-12.395908387275393 32.177590048814622,-12.396536327062833 32.178973409466991,-12.396884120278774 32.180421208777425,-12.396942747908476 32.181855745675229,-12.39682952433591 32.183280299876778,-12.396598713238308 32.184657062598369,-12.396204989637116 32.185978902242717,-12.395630248124609 32.187192634866335,-12.394874330165635 32.188386545853149,-12.394018881703401 32.189466661966392,-12.393054580181895 32.190229366436412,-12.391917523802947 32.190467071975256,-12.390435292855392 32.189990603930113,-12.389176990969105 32.189068626522186,-12.388089163085093 32.187950877924209,-12.387100212887258 32.18678925649111,-12.386264846497312 32.185473840944248,-12.385618903077921 32.184180018835661,-12.3849639761606 32.186078399503842,-12.380412343689251 32.187274895708882,-12.379629241782816 32.188467360707769,-12.378846122108692 32.189701303804334,-12.378126416589572 32.191037959775336,-12.377560730119857 32.192259788899733,-12.376850018435251 32.193367931150654,-12.375903863081337 32.194333593668219,-12.374830687999342 32.194976865562886,-12.373620919964408 32.195295534445357,-12.372247427879769 32.195422699517039,-12.370801030120413 32.195344781000571,-12.369399237349285 32.195015875474404,-12.36801478679317 32.195106136256435,-12.366604448906532 32.194966680942116,-12.365211516129866 32.19523248316284,-12.363638934816899 32.19419521183179,-12.362487489089055 32.193860830376977,-12.361112063444997 32.193536224493087,-12.359736666412838 32.193230907233591,-12.358352283860834 32.192949420724744,-12.356977013977509 32.192679201178251,-12.355583692552241 32.192436001574954,-12.354190450991011 32.192240229616388,-12.35279734984954 32.192115533240738,-12.351377332275117 32.19208709480003,-12.349966642331529 32.192169023331942,-12.348556279437885 32.192313375013406,-12.347128016623538 32.194036055056131,-12.34339862513443 32.198080019620662,-12.341954729979781 32.199514419093674,-12.341787139983319 32.200830324025794,-12.341266542725243 32.202173227067952,-12.340655594076313 32.203144342226544,-12.339718026842347 32.203741426610321,-12.33843575365302 32.204296132052733,-12.337099100808302 32.207031152980875,-12.333634790342071 32.212234482040714,-12.335619593053876 32.212788343673502,-12.336056739678066 32.214069888106586,-12.336729572404543 32.215463741347463,-12.337041026537527 32.216192225185658,-12.337007563437009 32.216945809136341,-12.336972946097003 32.218338857074642,-12.336588118279739 32.219418273793494,-12.335741222993867 32.220325810344114,-12.334604474673464 32.221107149966862,-12.333376938424916 32.221688298183231,-12.332103616390832 32.222099855808096,-12.330739385135031 32.222622263582281,-12.329402595898548 32.22320961681492,-12.328065990066818 32.223656977281408,-12.326738026822735 32.223781724778497,-12.325363933267013 32.223620942663047,-12.323844348896163 32.223179586460063,-12.322450560282045 32.222383103774668,-12.321516923711959 32.220918458152809,-12.321359028024577 32.219377262079107,-12.32123707544276 32.217760153075794,-12.321033515078993 32.216451481070116,-12.3206138124956 32.216133171870723,-12.319509724807727 32.216646141412376,-12.317964943771084 32.217492644918735,-12.316846110397741 32.218536143980728,-12.315872516156031 32.219696331358271,-12.314989674917394 32.220884513313237,-12.314161162625135 32.222106126231637,-12.313396036855913 32.223418091743838,-12.312784883284209 32.22479015208291,-12.312454208969262 32.226225474045812,-12.312404022229856 32.227681275658647,-12.312426225314423 32.229107352298918,-12.312294615283443 32.230525907150401,-12.311982127640608 32.232032897954987,-12.311398607502468 32.23307049350808,-12.310750464728208 32.234086456388212,-12.309731516477443 32.235084619483189,-12.308703471667624 32.236063547394451,-12.307666326487352 32.237045889952775,-12.306638229281027 32.238084419228734,-12.305655496936838 32.239186502736544,-12.304754319186724 32.240321234971915,-12.303889397094723 32.241469989524624,-12.303042593661726 32.242806252768688,-12.302042582065912 32.244038539839416,-12.301322592774383 32.245267685655818,-12.300593546368844 32.246500273289705,-12.299864503503699 32.247743697043397,-12.299162611926315 32.24901287448499,-12.298496954951855 32.250338610589708,-12.297948999092512 32.251701104859883,-12.297509646967123 32.253082406802228,-12.29712459412591 32.254470263937712,-12.296757636940967 32.255898483529975,-12.29644503728815 32.25736816413098,-12.296204882575363 32.258622007883055,-12.295665732272051 32.259689515201735,-12.294655861231773 32.260503122417873,-12.293392109136633 32.260756262101381,-12.292063543257797 32.260599655992102,-12.290724827854472 32.260238266846812,-12.289349388950436 32.259784117013119,-12.287955613829103 32.259348936776135,-12.286561889387508 32.259032123649789,-12.285177527185011 32.258796083217341,-12.283784340754588 32.258639091963346,-12.28238232556911 32.25849082262156,-12.280944163776704 32.258379359757406,-12.279497058961457 32.258509637432233,-12.278122948497192 32.259086611310202,-12.27689472629393 32.259991156109578,-12.275766854998409 32.260864762297707,-12.274602726655637 32.261487242195258,-12.27332940813219 32.262010423419355,-12.27201060777805 32.262524716427151,-12.27068273957263 32.263115596725932,-12.26940028851924 32.263948755821538,-12.267991890703764 32.264964290129697,-12.267542487862718 32.26605835773222,-12.268304991842259 32.267154779276296,-12.269465369924367 32.268113365430338,-12.270598248473197 32.268886490382449,-12.271884352696258 32.269745560196974,-12.272953662935574 32.271026726971662,-12.273192179440297 32.272543554535062,-12.272997273236788 32.274045752256164,-12.273317745282371 32.275230157155022,-12.272796411510875 32.276261625039204,-12.271668817235764 32.276816550406416,-12.270377195785787 32.276759023325432,-12.269029702586435 32.276391924066488,-12.267618094603426 32.276003591444599,-12.266197387578353 32.275718889138517,-12.264813124006391 32.275428155062663,-12.263428844226906 32.275188593274152,-12.262035656809873 32.275028908882398,-12.260642680260069 32.274935647226499,-12.259231793969205 32.274920850043905,-12.257812072325594 32.275059455795912,-12.256401798359322 32.275176486535173,-12.255000509694145 32.275042375953419,-12.253607600202074 32.274730393901308,-12.252223263303751 32.274452079370278,-12.250820929921243 32.274103762006149,-12.249382240954189 32.273808525848786,-12.247970819673318 32.273738970039489,-12.246614250370888 32.274198051334452,-12.245367589157722 32.275284087841655,-12.244312475605566 32.276509483967921,-12.243565171864356 32.277899624239282,-12.243089572689701 32.279285999944193,-12.242622998903039 32.280447260369108,-12.241893593408053 32.281277202910125,-12.240756399768738 32.281942668220815,-12.239456006814716 32.282647651330883,-12.238200927886808 32.283328829980007,-12.236927699428204 32.283594740319302,-12.235590088693955 32.283365469319335,-12.234205974083141 32.28298422383579,-12.232287949846768 32.28490701779986,-12.231404459503299</coordinates></LineString><LineString><coordinates>32.284907242304079,-12.231409521230223 32.28490701779986,-12.231404459503299</coordinates></LineString><LineString><coordinates>32.28490701779986,-12.231404459503299 32.285074170957458,-12.2313276540667</coordinates></LineString><LineString><coordinates>32.28490701779986,-12.231404459503299 32.284666063485297,-12.225980595160248 32.285172711471915,-12.223034023025681 32.285436859229783,-12.218703300110622 32.285764193129246,-12.215123275862181 32.287099295849792,-12.213896940577412 32.289725257247632,-12.213587235308795 32.293402087929955,-12.213271160689413 32.296190481299561,-12.211062856939897 32.296933200016959,-12.208514730822509 32.296682509180499,-12.205864598332008 32.298009910952722,-12.203489769175675 32.30096428008666,-12.199825964478764 32.303746978150151,-12.196749462108928 32.30453926615089,-12.192881203911865 32.301535746291556,-12.188921972994251 32.298272117004551,-12.189863169108202 32.295056498793059,-12.189258155768325 32.293879397600882,-12.187826407609357 32.293219015835035,-12.185003411757506 32.293837607403212,-12.181360808610869 32.294862256214543,-12.177312320161247 32.293911444195501,-12.174723691961537 32.291799901803493,-12.173235290872507 32.289161750340902,-12.171582752482884 32.285883467266892,-12.170226943734772 32.283483234634623,-12.169207953719553 32.282061201446453,-12.165985083836663 32.28157590322877,-12.163162519911205 32.281204441140311,-12.159879076481747 32.279143313056451,-12.157124748949919 32.276734060975294,-12.154713117878099 32.273807416515112,-12.153529907863108 32.271516936444414,-12.151407910868382 32.2722031841625,-12.149149059614375 32.275871205466615,-12.147621434172486 32.28047485598875,-12.146322257658316 32.283319420585912,-12.143815780316116 32.282775405057812,-12.140938807555898 32.281764853702938,-12.138114880216909 32.280817072231891,-12.13598739712608 32.280215770680975,-12.133282081767454 32.280137410996133,-12.130162161955591 32.279704075426032,-12.126299821366986 32.279907707846192,-12.121688593651191 32.279420272332757,-12.118513353157891 32.280676903002735,-12.114239433514228 32.280995181397799,-12.109266789852505 32.279815818826791,-12.10743711306802 32.280380941822109,-12.104544923233194 32.283639126800047,-12.102898537420675 32.287476991574721,-12.100620610490539 32.291376322238406,-12.098858217205368 32.298066255648294,-12.095402800780178 32.302371788797004,-12.093297647078348 32.304633497857672,-12.091024548403583 32.307001805248539,-12.087259643914448 32.308436689036185,-12.083555694607178 32.310460390166895,-12.080657998969714 32.313187948761446,-12.078268417889316 32.315237915047632,-12.07934955788892 32.318167969005941,-12.081111048615945 32.321972401484651,-12.082757087131284 32.327283700131275,-12.082715726777042 32.33077492908884,-12.081132619770223 32.333630685536441,-12.080479352023382 32.337052328936529,-12.077159780301693 32.338146107269061,-12.074901685680265 32.338420235059552,-12.072243755674771 32.337636387596341,-12.068498174249223 32.340358535213603,-12.065357740726746 32.343093907953289,-12.064188640401939 32.34810501215059,-12.06299771815431 32.354735982197532,-12.059649223415203 32.35344164567119,-12.058099899338096 32.351508656935259,-12.057082611423084 32.351196003145141,-12.053971150979027 32.351996416791422,-12.051477191301599 32.352910599096028,-12.048585607415511 32.352546635601712,-12.04651395343776 32.351245392518983,-12.043924679342711 32.35069758774069,-12.040586598637166 32.351031572797893,-12.038154852091793 32.353702961177838,-12.036234924696691 32.356112117456703,-12.038691103504981 32.359387313123946,-12.039765696489511 32.362475554454115,-12.039049339627292 32.365551616732716,-12.036542433232855 32.368106495034567,-12.034676354415089 32.368903437504123,-12.031730181035719 32.367897896302736,-12.029711346602495 32.369692294871435,-12.027563197505938 32.372671470843251,-12.02800396186262 32.375192852895601,-12.029772975163233 32.377956831582033,-12.032926069056272 32.380595302747345,-12.034749554929597 32.383747781277506,-12.034901217309972 32.384136032844616,-12.031954090293995 32.384640236449954,-12.028889659517713 32.385253111171885,-12.024613716911393 32.384880188978912,-12.02133032249982 32.381544446972093,-12.019912268786575 32.378436083857359,-12.017626564412998 32.376956620774941,-12.014584858593174 32.376699622765493,-12.011120856544995 32.376867440186984,-12.007549285374912 32.378353219114153,-12.0000560223734 32.378578619770757,-11.999902793361812 32.379767835617088,-11.999796915621506 32.38122080414999,-11.99857933764409 32.380565686739118,-11.996344289691107 32.380322011346038,-11.994571339576456 32.380370282645082,-11.992789992219187 32.380538814487657,-11.991641914677945 32.381169308139505,-11.989563437079763 32.382975536024482,-11.988862072715165 32.384845398359857,-11.989083214258979 32.387181108962636,-11.989061203672053 32.389344111555793,-11.989509029677727 32.388679485259132,-11.985610076934538 32.386794957502254,-11.982865952156619 32.385674014742804,-11.980865010329397 32.386303228733489,-11.978560440435558 32.386176345463731,-11.976787747699685 32.387042635481464,-11.975116699098752 32.388086712617991,-11.97389818194045 32.390008135414398,-11.972970943440343 32.391463611022147,-11.97221449685764 32.394498315664059,-11.971958817017066 32.396653194556414,-11.97096873423132 32.397987142245945,-11.968177325591203 32.39832476783031,-11.967228538912936 32.397261914052258,-11.965164464020653 32.396198623074866,-11.963046126851118 32.394904859724782,-11.961451781134725 32.396410062593617,-11.959203323382248 32.399085687363652,-11.957463768422459 32.401119245417725,-11.955722818185288 32.404483551656369,-11.95191383359642 32.405880950856456,-11.951265696818789 32.407807633372947,-11.951251677399281 32.410671866781456,-11.951809320628715 32.412421183523712,-11.951397006142143 32.413815196636307,-11.950179113252103 32.413924226539969,-11.948859063496553 32.412747853119406,-11.947373557340999 32.411106221539264,-11.946176448286804 32.409397842010428,-11.94360465541522 32.407988341295074,-11.942181942176424 32.408910801094606,-11.940167295306733 32.410306896117653,-11.939293055164807 32.412581170800394,-11.938818534706382 32.415082039590388,-11.937196005296046 32.415719288984903,-11.93632920096324 32.415885340797779,-11.934774148723601 32.4150008757669,-11.933289258469083 32.414350481619969,-11.931859110884197 32.413292211925565,-11.930599929227739 32.411828789554228,-11.929981950985189 32.41030634110372,-11.92919202473802 32.410353776059736,-11.927293093601458 32.411165463613159,-11.926309104776953 32.413032969970892,-11.926240659763717 32.414487064630492,-11.925312257043094 32.416056100005804,-11.924040450148118 32.416451920179043,-11.921852860984549 32.417018341592076,-11.918924096242254 32.417942786060507,-11.917253048826684 32.418932843911954,-11.916839113132397 32.420451698715915,-11.917005015395409 32.422789271229192,-11.917443878626143 32.424713400123217,-11.917031834102538 32.426633686506612,-11.915986755972776 32.428140691627746,-11.914135995450952 32.429180328918662,-11.912230021493412 32.429687721030533,-11.909183543311029 32.42926826878508,-11.907355999926477 32.428207866867268,-11.905753233339878 32.426513852412583,-11.905532760951196 32.424824002915592,-11.906062859161704 32.422664666451524,-11.90619409271164 32.421150766642981,-11.906833044898258 32.419972382518175,-11.905003931532473 32.41978659987106,-11.903167813976509 32.420124082709343,-11.900989136814086 32.421228723615179,-11.900231789897838 32.422280793955274,-11.90045097883084 32.423975059007539,-11.900671475694759 32.425145149578114,-11.901126014112592 32.426197400789817,-11.901399447342266 32.427601536957347,-11.90190871002808 32.429064390945946,-11.902472343050922 32.430228959480608,-11.902004458957999 32.431452522419676,-11.901590947058702 32.433200584292571,-11.90106092414063 32.434011648647072,-11.90002260101407 32.434412375299075,-11.898703118340796 32.434171198870132,-11.897382348613611 32.432938541479892,-11.896240449619416 32.431647800307331,-11.895161730038625 32.430120840873954,-11.893567074122636 32.428711646167244,-11.892198725159863 32.426775043508968,-11.890431405271581 32.425541988322784,-11.889235217035063 32.423898487385472,-11.887694551051265 32.42178538620815,-11.885700762993816 32.420733372458834,-11.885481574639766 32.419324726365602,-11.884167441353258 32.418789664195835,-11.882511464161029 32.419075355283354,-11.881472101512784 32.420296697881277,-11.880714993694356 32.422457059317793,-11.880818890567479 32.424617442162685,-11.88091372798476 32.426368145928016,-11.880844942638724 32.428759938774576,-11.880596581816796 32.43033792522067,-11.880934360358228 32.432258567754594,-11.879997746727803 32.432251765299057,-11.878849263724808 32.43049658836771,-11.878176545923724 32.428449462350343,-11.877439925983561 32.426227632047308,-11.876829539942721 32.424298094268629,-11.876264947510681 32.423007307039114,-11.875131934138539 32.423642231008102,-11.873921459648859 32.425907471021176,-11.872008939141836 32.427822509064114,-11.870158992056147 32.430257450357608,-11.86732438358 32.43112047828933,-11.865255256760163 32.432098238314815,-11.862779418283187 32.433722924691132,-11.861154919665282 32.436698733153825,-11.861025211442504 32.438507859036818,-11.860947418328244 32.440898831166379,-11.860590427731271 32.442763384317239,-11.860060562070187 32.444510694944697,-11.859476195178262 32.445666142163901,-11.857452806195788 32.44448840895631,-11.855741352389902 32.443488801872817,-11.85448239908005 32.442603958991093,-11.852943332397389 32.442710922224613,-11.851270569758722 32.441997044207127,-11.849044562225469 32.439599621328725,-11.84825308088063 32.437787793203768,-11.847869681545356 32.43597673902886,-11.84753148782867 32.435556238088189,-11.845532127295956 32.436484059362165,-11.844548276553265 32.438180978543308,-11.845275093163719 32.439933625104345,-11.84554985520432 32.442329604081756,-11.846051950817428 32.444203888474483,-11.8471860210052 32.445954200435146,-11.847062845323373 32.447528771783141,-11.846876014415129 32.448045486481035,-11.845439167007912 32.446750684560122,-11.843609934310852 32.445800125364791,-11.840804713610426 32.445967635218459,-11.839539005596654 32.446830291811906,-11.837406515435822 32.448461598426292,-11.836939450913842 32.451271862464672,-11.838409887888417 32.453094167994998,-11.840574714341699 32.454911300328199,-11.841889466614347 32.457479015524626,-11.841867263020232 32.458573392466185,-11.839445797207766 32.457158315784291,-11.837046662813178 32.457499512506764,-11.835546156371537 32.458831177240775,-11.833821462309317 32.459995240814862,-11.833290135855131 32.461115376963285,-11.835118979246445 32.463332548318476,-11.835050838039422 32.465367607076324,-11.833770555387588 32.467281931094028,-11.831866053560512 32.469203846459692,-11.831218549277626 32.472230421828243,-11.829876765760078 32.47349723588696,-11.827048611575965 32.475055117015536,-11.824112470586803 32.475915753111096,-11.821690493315183 32.477131875992271,-11.820137311058362 32.478935471226244,-11.819200136793521 32.480516866886191,-11.820170653168963 32.48146486141794,-11.822514566983813 32.483528966139922,-11.825999950294246 32.485341082518389,-11.826500616355144 32.487552088996942,-11.82539230638571 32.489005398644167,-11.824463479066708 32.489697486877887,-11.823144419820563 32.490388941373489,-11.821698752819392 32.488974781152365,-11.81947158864349 32.487270371039656,-11.817533275955821 32.486554919711288,-11.81507223845346 32.487363121426156,-11.81362678880984 32.488697671054695,-11.812354104522617 32.490099443121757,-11.812573659979501 32.492098937411406,-11.815027945385314 32.493457463841665,-11.817716198198926 32.49451682181494,-11.819146909455363 32.496326317065567,-11.819186297233909 32.498827844567117,-11.817906589185847 32.50097552798772,-11.816056515131326 32.503882427931913,-11.814252966308404 32.507607128167848,-11.812613582173228 32.50963956784495,-11.810989318707431 32.50992238429567,-11.809551935559726 32.508456068110803,-11.80836474241609 32.503683853647402,-11.810463516649705 32.500534905791866,-11.8108287710317 32.498132659084071,-11.809296238080158 32.496546587731999,-11.807584268482078 32.496827037407321,-11.805748995515382 32.497871070303511,-11.804710873208366 32.499626158684528,-11.805437423772233 32.501554087237245,-11.805766365847886 32.503009193409888,-11.805190147995832 32.505163044347817,-11.80430767021007 32.505680022985672,-11.802988260399809 32.502581159491534,-11.802033319497692 32.500471650732301,-11.800609838218513 32.49917752359412,-11.798952655417231 32.50004186373868,-11.797172663699364 32.501028286370925,-11.796242944744934 32.502897160927283,-11.796517512646369 32.504539953575652,-11.797940163129546 32.507004594734553,-11.800160033360573 32.508296519356264,-11.80147353635981 32.510274218660463,-11.800418892082881 32.511024659074629,-11.799099872837344 32.509383796285306,-11.798020904113542 32.507451034060814,-11.7968871617944 32.505455379123376,-11.79500271046807 32.505435138229728,-11.791729029976453 32.505635267126756,-11.790173943675104 32.505736780500051,-11.789387359669412 32.508639140629803,-11.790604176399603 32.511828340716555,-11.790537318101588 32.512017479855622,-11.790311561692251 32.513415354268488,-11.789436761279175 32.516201285430732,-11.78705409547168 32.517698637917483,-11.783891502091016 32.520842827338178,-11.782775447175588 32.524680806338402,-11.780674800781155 32.526815878611551,-11.776871145107695 32.530838016530531,-11.776208594482336 32.53546252709144,-11.778585506272968 32.543480585517898,-11.782369511475268 32.539715854698279,-11.777579563097341 32.540084986344034,-11.771376473800377 32.543371322551366,-11.76515093617596 32.542919262895843,-11.762916521175113 32.541805219019295,-11.757407373933251 32.543475529413783,-11.753955514286321 32.548753356716247,-11.748972005295034 32.541193219979398,-11.743687720477233 32.538297911155652,-11.737913435895456 32.537236605561041,-11.73613923415776 32.540077311398214,-11.733304222663762 32.543372073249827,-11.728462291766151 32.547636435202939,-11.729346268149984 32.550463285220275,-11.724331684778655 32.553721271271705,-11.722926026282613 32.557859486906146,-11.722317503248654 32.564502881213137,-11.721179185737107 32.561927051324474,-11.719764495202558 32.559753808777025,-11.717482241789064 32.562230656473226,-11.712530291421716 32.564128727546617,-11.708318989177734 32.565045526808426,-11.705724942592981 32.567210358396792,-11.706750118223448 32.569142765607268,-11.707883448750295 32.572637110296426,-11.706993389931077 32.575930513204881,-11.702087739497459 32.578669426695789,-11.701603436508785 32.581174821762886,-11.701182069528926 32.583692171108844,-11.702542241200126 32.585395630029304,-11.704362427078109 32.587329073061113,-11.705613202352039 32.590359540070835,-11.705192511517268 32.590923887863305,-11.702254221024926 32.584484108448187,-11.698745175132458 32.583474570427803,-11.695994525916797 32.585251061838939,-11.691104634729603 32.589956602191357,-11.688081865040703 32.596649971066128,-11.685848589281592 32.598446161311522,-11.683997211916269 32.597024959469941,-11.680730555379997 32.591410165951963,-11.67842560031818 32.590643377742758,-11.677113216912302 32.591619207017864,-11.674690976760534 32.593071379295111,-11.673761567561058 32.597985220080766,-11.670775119014152 32.598823165415261,-11.670269859348751 32.599605579420647,-11.665098122339355 32.600288305840735,-11.662449353450681 32.59899209186765,-11.660448955572488 32.595650761540099,-11.657894037076206 32.595172732122201,-11.656175117324809 32.595860619680309,-11.654331228739171 32.598455504688829,-11.649776980292691 32.598271908362598,-11.648456385411182 32.596869381099751,-11.648065558203971 32.59458393992233,-11.646416447991811 32.594342853899036,-11.645213334400962 32.595095035430099,-11.644291964538267 32.600158163243599,-11.642580787970253 32.604584768891684,-11.641691599196855 32.6072697386264,-11.642011792156705 32.610771208326902,-11.642333064692572 32.612453436704413,-11.640933600400492 32.612020539925766,-11.637207122028025 32.613119306107002,-11.635824953069882 32.615394586205895,-11.635918432726198 32.62203975373486,-11.635402703875396 32.622343742714463,-11.637238922291516 32.62165056664643,-11.638278009391962 32.620911811733265,-11.641216157897311 32.621680841419099,-11.642817858372588 32.622847824090435,-11.642918866597638 32.625920069897276,-11.640083230132614 32.62883197407951,-11.639426824186806 32.631634548343911,-11.639927810860724 32.633685878410866,-11.641404509576278 32.634974585420828,-11.64225623027505 32.63696149499318,-11.64281039212063 32.639347971237626,-11.642098956649711 32.642024786521993,-11.641216036150023 32.643649863057199,-11.639997183080249 32.64550121192525,-11.637801904230757 32.645138151314029,-11.635857111548463 32.643203764586076,-11.634380638008029 32.642252553174181,-11.631684505339209 32.643463978504137,-11.629723572723988 32.645148392008416,-11.628676607541758 32.646433934525476,-11.629067055968827 32.647606947733216,-11.630036143697957 32.648266651001315,-11.63273190477487 32.649158234245846,-11.635247077072322 32.649925687862847,-11.636622618247122 32.652491334428547,-11.636544332085581 32.653412375495598,-11.634754832753853 32.653385741137235,-11.630793756989707 32.653187818479438,-11.627411257102372 32.654638829965421,-11.626363954189912 32.657081160384067,-11.62530878030036 32.660412018846422,-11.626262287171043 32.661121035170794,-11.627628687933512 32.66237393661541,-11.631808249124518 32.664751010717062,-11.629721976849691 32.66864038969986,-11.627049598049693 32.670650023257153,-11.62238545451735 32.671858746701929,-11.620080738720318 32.673369080133142,-11.619205232231991 32.675526339992757,-11.619135317639598 32.676644642286938,-11.620619707883678 32.678308454975308,-11.625134277109671 32.679325100673267,-11.628807071920976 32.681706693195252,-11.627407967018605 32.681805154497638,-11.624767371584058 32.681777102484652,-11.620688717984109 32.684083419924164,-11.616820628291137 32.685361081524199,-11.616062368428128 32.687010961023645,-11.618523998560182 32.687839248304435,-11.620234120158949 32.689531348343557,-11.620335424263169 32.692838235653191,-11.617842951473646 32.694095112288508,-11.614046006517524 32.69641134417666,-11.611670003689667 32.697622822590397,-11.60976309007409 32.701176032474748,-11.609160871464583 32.704555840276463,-11.608793563382083 32.70711126271852,-11.607276851452376 32.709193763153344,-11.604846242806481 32.711810052171991,-11.603736508237635 32.716470858407753,-11.603062852842248 32.717508048445708,-11.601273245802586 32.715907422427293,-11.597554777845991 32.716656847569809,-11.596289415987171 32.71905351190356,-11.597132805181763 32.72287892222996,-11.593826555070596 32.722399227679894,-11.591935991222559 32.72378431538624,-11.589857298202585 32.727626958122848,-11.589019890109846 32.728028332348629,-11.588640437962338 32.729770380965036,-11.586996141081702 32.72823770542373,-11.584652421743609 32.724603044894479,-11.581863567515137 32.72359427907584,-11.57934849435107 32.725100959806205,-11.578011480457405 32.728480366745679,-11.577643882427186 32.73313383275255,-11.576056538828603 32.736793835635247,-11.574133605657213 32.739861414572829,-11.57088973030412 32.740297842253938,-11.566639636307819 32.737403102231099,-11.561319398822674 32.735973261892525,-11.556968133962071 32.740092469535327,-11.554059816699487 32.742569702022855,-11.549847708468205 32.74058553126023,-11.549583677461882 32.736983827996866,-11.55144341665846 32.733026811907607,-11.552570252327438 32.731562851025544,-11.551664542658209 32.730087542685808,-11.549149055986199 32.726348976080047,-11.548150760556181 32.723306528600403,-11.546619510093512 32.724281251286563,-11.544260060494503 32.726375965186207,-11.543665164855952 32.731106782174557,-11.544836207847167 32.738794357702453,-11.543622339256224 32.740884223587216,-11.542340019999775 32.741561984201994,-11.539238667567469 32.740206303844502,-11.537184559927018 32.735819654341078,-11.53520909881505 32.734279916782498,-11.531771125324493 32.735957276022241,-11.529927758041451 32.737298708578471,-11.52997419135416 32.741645628322516,-11.534581284365849 32.744551838369908,-11.533353922477373 32.743950630604544,-11.530775964142096 32.741758023829405,-11.525736732427022 32.74359895872221,-11.522283699906573 32.747120205258256,-11.517312790596037 32.750619051400392,-11.517460507914677 32.75334820085402,-11.515943504488638 32.751758283964492,-11.513717420431773 32.749180018490449,-11.511843179569924 32.75117918784936,-11.508444490145511 32.755074290448889,-11.502895000066426 32.75873350900725,-11.499588080843154 32.765179482325564,-11.494673602064966 32.77174619217984,-11.486503353214744 32.774412926703263,-11.481522370572902</coordinates></LineString><LineString><coordinates>32.775235913334448,-11.47998558283231 32.77130173420538,-11.473389696781965 32.773514840116121,-11.467268857945381 32.780187210971121,-11.465447131018072 32.78593555106383,-11.460884339670969 32.786642269432321,-11.453378598710373 32.791925471620793,-11.449330830829645 32.793614552512736,-11.444348951549824 32.799243382548596,-11.441784454866943 32.801343527619061,-11.432914013700527 32.806626740721534,-11.428404735980001 32.813780431667404,-11.412953649543129 32.817900243503743,-11.410849045745596 32.82301842433781,-11.404847137398248 32.82402890957087,-11.405486904123109</coordinates></LineString><LineString><coordinates>32.824017145163367,-11.405387194424319 32.825083908590187,-11.404709374255402 32.825565692575985,-11.403878709650565 32.826288254638321,-11.402810771363393 32.826650576459976,-11.400555545874486 32.826651655543628,-11.398774936461622 32.826171471270868,-11.396994041696113 32.825811823716442,-11.394857095715748 32.82557198979891,-11.393551171905335 32.826536231985592,-11.390702764137647 32.825696279260455,-11.387022335812516 32.827261835457975,-11.384530402607892 32.828298436099352,-11.382606058965678 32.829818152742583,-11.379611500962969 32.831338866263032,-11.374869592345426 32.832859382057713,-11.370377293978022 32.833114394240432,-11.366882753801727 32.831852440131982,-11.361889627643491 32.830337415091748,-11.357145970129061 32.831097051099377,-11.355898303838423 32.832363775245113,-11.352653958306469 32.83388328654015,-11.349659369444016 32.83565572487354,-11.346664913562497 32.837428266217756,-11.343420824139235 32.837682771565852,-11.34067513435885 32.83869682207979,-11.336681755121147 32.840722489147737,-11.332938539117308 32.840723732452972,-11.330691950046738 32.839966011137577,-11.328694571949022 32.83794387807901,-11.326197258920127 32.835669126879985,-11.323200549295764 32.835164680264121,-11.320704056598421 32.83794935444525,-11.316462033699404 32.837318011647845,-11.314714338238826 32.837573051265807,-11.310970158101782 32.837069877014294,-11.306227074241427 32.836817801555377,-11.304729206849114 32.839600629136704,-11.303482618731344 32.841371756199266,-11.302235464969399 32.843902297390621,-11.299740592628336 32.84542140266295,-11.296745928247393 32.849216682604229,-11.293752422389488 32.851998839192483,-11.293504202400502 32.854022131665431,-11.293505205543973 32.856298708637524,-11.292757451740354 32.856299702103904,-11.290760476898203 32.855288816033379,-11.289262253926237 32.855037536006328,-11.286017045005597 32.855039288632234,-11.282522337677923 32.855294189518339,-11.278528507660532 32.854284355719223,-11.275033303819599 32.851756552632089,-11.272785452921262 32.850492730776857,-11.271536708791391 32.850240484222404,-11.270288470122699 32.850999543759734,-11.26953998480896 32.853022541686485,-11.269790614964222 32.854793027819504,-11.269292241799381 32.856563879054832,-11.268044989987908 32.85656437378092,-11.26704650136895 32.855806703536949,-11.265049154982949 32.853784240202522,-11.263800055372901 32.84999121446512,-11.263298920278816 32.849738847285444,-11.262300303907285 32.851256794391041,-11.261052954938599 32.855304047543619,-11.258808350316112 32.857327958054981,-11.257061970975331 32.858087331119386,-11.255564599356077 32.857139652197773,-11.254316032366081 32.85555947953744,-11.253691213492372 32.853031186181902,-11.252753889704282 32.853031660750467,-11.251817805409038 32.851926606667135,-11.249321032485014 32.853559114898133,-11.246396262786821 32.851980266809839,-11.243275198013178 32.850716731553987,-11.241714425078216 32.85071769462477,-11.239842255228451 32.85198169932945,-11.240466943284112 32.854509726137131,-11.241716302522921 32.859882985899119,-11.242030908544457 32.8624118009146,-11.241720058685996 32.86399294758629,-11.240160642927217 32.865575376755899,-11.235792960238513 32.864944530329474,-11.232984415696039 32.863048824830564,-11.231423407451469 32.860204478065768,-11.230798029083518 32.858307899322661,-11.231109161849723 32.857360451214888,-11.229548566127663 32.857044688912197,-11.228924358030591 32.857046224106028,-11.225804070634432 32.856415017528917,-11.223931594552552 32.855467757721456,-11.222058964007044 32.853572488722577,-11.219873837060529 32.853889331501122,-11.218313847680223 32.854205701505677,-11.217689945221869 32.855785366711935,-11.21893882833035 32.858629586776715,-11.219564247838303 32.861158058126179,-11.219565435327439 32.86337105758723,-11.21831834043356 32.864636159019014,-11.216446742757595 32.863689600750241,-11.213013991459166 32.864007548903245,-11.208957757406822 32.862112889462445,-11.205524566545211 32.860216627588422,-11.205523685097196 32.855791862310681,-11.205833610383353 32.855634614562057,-11.204273388095487 32.856900163131321,-11.20146573365918 32.858165838941517,-11.198346043127342 32.857218954792145,-11.195849357722077 32.856271625006343,-11.194288756314753 32.855007810259032,-11.193664086893655 32.852480827881216,-11.191166614995232 32.851217671840686,-11.18929381245375 32.851851149763164,-11.186485861271919 32.852800635599309,-11.183678063689134 32.851854002059966,-11.180869328914971 32.850907705199631,-11.177436532180019 32.85122499105411,-11.174940451697127 32.85185796105425,-11.173068586665037 32.853121838104116,-11.173381239594779 32.855333898777978,-11.173382316276111 32.857862120936858,-11.173071496332684 32.859127208919425,-11.170887884761738 32.85912871372701,-11.167767584893287 32.85818146201413,-11.166206987577311 32.856601457659842,-11.166206235686472 32.853756979555705,-11.167140951014735 32.85154417350229,-11.168700012843329 32.850596481861842,-11.168075482555121 32.851861442537256,-11.166203930030418 32.854390227720984,-11.164645019929539 32.856287143998067,-11.162773754125441 32.856603907247219,-11.161213755829593 32.855972684413722,-11.159653302228708 32.855658077113468,-11.156844879274944 32.855659309051198,-11.154348637639393 32.857240162906471,-11.152477212299699 32.858505315325168,-11.149981568380241 32.8572421419208,-11.148420817846187 32.855030269933273,-11.148419757602475 32.852817298709738,-11.150602892537414 32.849972642325696,-11.152161635349502 32.845551312909791,-11.147478938520493 32.843341119082311,-11.144357489691737 32.843341786884785,-11.143109369042797 32.844290544010605,-11.141549710407812 32.845555427687188,-11.139678181073883 32.846189174467142,-11.136246170656749 32.84713805659181,-11.134374471626487 32.849666269027274,-11.13343965528162 32.851879288828997,-11.130944508471602 32.850300748993568,-11.128447480435531 32.847774040628316,-11.126574027330077 32.848090483281631,-11.125638095093413 32.849354311297596,-11.125638730883814 32.851249738312248,-11.126263735457181 32.853777866892578,-11.12532888294926 32.85535857457527,-11.12345746206937 32.855517628000378,-11.121273322287143 32.853939263212141,-11.118464280483735 32.851728878643982,-11.115966952068733 32.851729666627527,-11.114406796987049 32.854257536198993,-11.113783969105931 32.857101796147809,-11.112225176730453 32.859946322812839,-11.110042295209448 32.8631076184341,-11.105987341153112 32.862793429958174,-11.10224282134984 32.860583237578673,-11.099433522889012 32.859004789102123,-11.096936537339054 32.859323252193988,-11.091632149197311 32.85932578795218,-11.086327610672441 32.858062880715984,-11.084766861157592 32.858379394071058,-11.083518882202513 32.861221866216368,-11.085080361965241 32.863749609074411,-11.084145418431028 32.865962560955786,-11.080714058313527 32.868806854241065,-11.078219051646528 32.870703114325117,-11.076347677304055 32.871336149689974,-11.07353965867728 32.869441432501098,-11.071978684675681 32.867862633126649,-11.070417837178292 32.869444334153158,-11.065426008413587 32.870709682580525,-11.061370132127957 32.872923051686342,-11.056378550427988 32.874818349994364,-11.056379340688197 32.878925469758627,-11.054820849149406 32.879084305337301,-11.052636684509677 32.876873542301205,-11.051699695086127 32.874978141776239,-11.052010950303387 32.872767261412008,-11.051385963296841 32.872452057839837,-11.049825667164022 32.873715695074949,-11.049514164674719 32.876242962631714,-11.048891142858539 32.878138728027459,-11.047643781349082 32.878139500272958,-11.045771585020685 32.879088647627412,-11.042027570541354 32.880036757506971,-11.040779816245575 32.883196162470398,-11.038908853215457 32.882881162564011,-11.036724499946633 32.880986366505361,-11.035787662589653 32.882250308560693,-11.034540024430727 32.883829607928973,-11.034540633915629 32.886672824684403,-11.033293577316439 32.885726333893444,-11.030484923514958 32.883516695845266,-11.027051717074613 32.880359060940947,-11.024866255501943 32.880044348680784,-11.022057830824854 32.878149655204325,-11.021120975904351 32.875307046451915,-11.021119821017779 32.874359907407246,-11.020183330488384 32.873413574432711,-11.017374637490038 32.870887795069024,-11.015189339701845 32.868045244041014,-11.015188117431695 32.864571300392655,-11.014562521575609 32.866467173722079,-11.012691161435482 32.86773177183273,-11.009883413537079 32.867100805179419,-11.008322971561741 32.86362852233048,-11.004264997142617 32.862682195129388,-11.001768302662231 32.862683206019902,-10.999584067681925 32.86457913750791,-10.997400683203745 32.865212477120991,-10.993656560423116 32.864581699563281,-10.991784076907727 32.861108766823477,-10.989598275158126 32.858583907477524,-10.986164740380081 32.857638128020291,-10.982731927112141 32.85827092632131,-10.980235950964122 32.859850670488399,-10.978676512123714 32.863168007793043,-10.975557680641112 32.863800886660762,-10.972749657297477 32.862539153534541,-10.969628748533836 32.863171882488864,-10.96713275919984 32.863806026979077,-10.961516425589148 32.862860261853278,-10.958083623166036 32.859704684154529,-10.953401670872692 32.858127600107366,-10.94965652779381 32.859077119829387,-10.944976448525518 32.859710116228371,-10.941856392429905 32.857816887716382,-10.939047204636871 32.85623915060247,-10.936862222547376 32.852135717954447,-10.934051952090316 32.85024276727183,-10.930930682137113 32.849930152465582,-10.924689830888981 32.848983397476509,-10.923753260218824 32.846458746210658,-10.921255723916106 32.846460188538657,-10.918447409631352 32.848040137703421,-10.915951917067929 32.848041722970834,-10.912831566813326 32.846464833362745,-10.909398393107473 32.843625740419974,-10.904716427896492 32.836052695938527,-10.896911588853314 32.836054403203455,-10.893791236509143 32.836056792503349,-10.889422741430442 32.837479157558583,-10.886303142039205 32.844426384108722,-10.88287434838017 32.845059391904897,-10.87975431011694 32.845061969063359,-10.874761738066171 32.846957382386421,-10.872266399931355 32.850430409673884,-10.871332001480388 32.852956512941049,-10.87008507527424 32.854852585012864,-10.866029506404328 32.85706428083941,-10.86197407003419 32.861484905972588,-10.85947980062886 32.862432499561343,-10.858232080210723 32.86243406962241,-10.854799679084607 32.861173696624334,-10.84980652750003 32.861175423690469,-10.846062088336328 32.865913798850691,-10.83826326559759 32.867493705747776,-10.834519504140534 32.867178745548358,-10.832959184133674 32.862761399275939,-10.829212805010458 32.86434185763671,-10.824220909256729 32.865449823155373,-10.816966527688923 32.865849038403958,-10.80643543630957 32.861792577575706,-10.80453904458758 32.860966820630964,-10.802468093527734 32.861628931822132,-10.800833720246997 32.863172547694994,-10.799853605217104 32.863394230881099,-10.797129253555445 32.861851973711182,-10.795166963951072 32.860308830709819,-10.795166271205751 32.858213901287151,-10.796582033106763 32.857331278734719,-10.798325274863418 32.856118329206033,-10.799305514684109 32.854685758041967,-10.798541999433803 32.855017897900261,-10.79549077240406 32.855680545152737,-10.79276663168311 32.855130314136957,-10.790913748695397 32.852155094008729,-10.789277672150874 32.849730472902394,-10.788731614910455 32.847525811412986,-10.789166449022447 32.84135393675556,-10.788073567660442 32.837716792396193,-10.787744749005993 32.835732742244836,-10.787852680790788 32.831875527641287,-10.786869809326395 32.830112353425456,-10.78621497961473 32.829231076559367,-10.785342671628786 32.828460209497749,-10.784143488569841 32.827909974935658,-10.782617492451685 32.827359994260128,-10.780655582775768 32.825928712250281,-10.777930333482379 32.825819245948708,-10.776622536528606 32.827473750253318,-10.774443901437298 32.829017461456132,-10.77324599871584 32.830726972084506,-10.771176354423011 32.829956868448498,-10.768669438452658 32.827642359082809,-10.768668160979386 32.824996766688258,-10.769429525670903 32.823674947804939,-10.768121040999114 32.823234852154719,-10.766813053501878 32.823787378085648,-10.764306873233506 32.825220964219433,-10.762890969408508 32.825772777930794,-10.761583542970371 32.826324212628933,-10.760929983605733 32.827868291273461,-10.758969237252769 32.827758760309564,-10.757770417420394 32.827539081752981,-10.756462558201394 32.826769226501568,-10.753628697732761 32.825448532184588,-10.750467592531001 32.82622104832317,-10.748615397010566 32.82941657440125,-10.749488993095264 32.831400495034238,-10.749163141427964 32.832723826481548,-10.747638161945767 32.831733531652048,-10.744804193068793 32.828097779405269,-10.742949574196247 32.825950584374553,-10.739788010552955 32.825622595917402,-10.735210740979491 32.826725862514259,-10.733031792151474 32.828269363543185,-10.73183388581921 32.830144246664545,-10.729219435444584 32.830806599773936,-10.727149207964413 32.830918251748535,-10.724533787454298 32.830147954871876,-10.722571757828064 32.829708685950585,-10.719847058693386 32.830921639067505,-10.718430999385575 32.831584383845239,-10.715597919678164 32.831034977045384,-10.712764183184198 32.830484671345104,-10.711565120684767 32.829383524035315,-10.710147800251773 32.829329646984093,-10.70796820168467 32.829330500611242,-10.706442503613292 32.828229682694349,-10.70448028587604 32.827789716526162,-10.703063323027152 32.82900328204623,-10.700448506438638 32.831319560724083,-10.696308581657735 32.830662175513694,-10.689551553243904 32.832647195651944,-10.686501221709976 32.832868042300227,-10.685629510848218 32.832868757289297,-10.684321766625938 32.832318673163364,-10.682795770873401 32.831437985123294,-10.681378574645469 32.83176901408148,-10.680506923659767 32.835572898693471,-10.675713883658764 32.836676630010999,-10.672118163611181 32.837228861908955,-10.669611938962133 32.836899544305375,-10.667323213148842 32.837671599668653,-10.6657979113886 32.839105109945429,-10.663510095448945 32.839876517934492,-10.663183554430484 32.840978510371528,-10.662748200713894 32.842410916540977,-10.662530967222997 32.843954497086443,-10.660352163035551 32.845827537469475,-10.660244111816734 32.847810210955885,-10.661225891533196 32.849352674309962,-10.661226637351174 32.85111586130715,-10.660464628284743 32.851117132003637,-10.657849134992635 32.850677388624689,-10.655887304103254 32.848804912761629,-10.654905595728907 32.847483479156182,-10.653597208145799 32.848255878031523,-10.651200046301707 32.851399327836049,-10.64389995881659 32.852722724357072,-10.641067127187705 32.851402809259433,-10.636707342558658 32.851513766721069,-10.635072708017432 32.852395675380677,-10.633874353967622 32.854379389371665,-10.632349572893411 32.856032384274798,-10.63126054395563 32.856914518039389,-10.629517280937335 32.858787968345851,-10.628101398954641 32.860109987331924,-10.627993011376086 32.861763183719859,-10.626359055577707 32.860993073941572,-10.624070152673525 32.858570347211447,-10.622216425122087 32.856146782370558,-10.622215325049584 32.854935154719676,-10.621887829604027 32.854384551778395,-10.621451658203672 32.854275371035762,-10.619381002844547 32.854386305720638,-10.617746366090428 32.854828335413757,-10.614804130434337 32.855930285843101,-10.614041782492784 32.857912596538931,-10.615241456166956 32.858463343934034,-10.615350684702097 32.859675198331239,-10.615133268419335 32.86077728605833,-10.614043965625775 32.860887888434242,-10.613063201098074 32.861494202807712,-10.612082655136506 32.862266042874168,-10.61044830461706 32.864470063446852,-10.608487634143851 32.867114069507181,-10.607943864332045 32.86953752216543,-10.607944878475209 32.872402732484332,-10.605221569124211 32.873284787211503,-10.603260296449088 32.87383627759349,-10.601516847467259 32.874277740947988,-10.599446414159809 32.876151408608962,-10.59683164997543 32.877473721047807,-10.595633393049239 32.879016499467291,-10.593999296275836 32.879017311725285,-10.591928686247917 32.879899115864056,-10.590403310468862 32.879679706950498,-10.588114656861832 32.879349896391794,-10.586479836910812 32.877368030589416,-10.584408461016741 32.875606531838713,-10.582228180121989 32.875166513517691,-10.580811272030658 32.875332086425125,-10.579939500090099 32.875553302558707,-10.577651016324403 32.876765649369446,-10.575798839042406 32.877647201795746,-10.574818365588866 32.877207920410605,-10.571548805407696 32.87577635530188,-10.570785387917937 32.875116065492307,-10.569368392156909 32.875667570417626,-10.567406976110014 32.876879919043233,-10.565445816154561 32.878642873165163,-10.56370282341566 32.880185820808073,-10.561196879082461 32.879085141816454,-10.559343803685044 32.878534486388844,-10.559234612802623 32.876001580458428,-10.558470771147904 32.875561242303995,-10.557925699486908 32.875121037620929,-10.557053688088327 32.875452506503471,-10.554438305187897 32.876003632419575,-10.553348724290196 32.87677524549872,-10.551714328561953 32.877106521218003,-10.549534861897662 32.877052058777267,-10.548009123659128 32.876832134227456,-10.547137199725102 32.876061753973637,-10.545720160531934 32.87496084595282,-10.544629929333798 32.872648650848539,-10.543103289980763 32.870996823850021,-10.542666701789834 32.870666832112185,-10.54168574881697 32.871218087367168,-10.540269235881414 32.873531900233267,-10.537763631317411 32.877828248664393,-10.53471388141733 32.881024176814094,-10.529157121047001 32.882456389428874,-10.527740916135535 32.883778379437366,-10.526542624036054 32.884880306139074,-10.524799345563478 32.886753188255518,-10.522838380124986 32.88708412313985,-10.521312777967243 32.884882285735976,-10.519459326058243 32.882240017555219,-10.517496714798282 32.881745078180586,-10.515861830225816 32.881525452999078,-10.514227047673524 32.881966858017542,-10.511829650912071 32.885052511927121,-10.505836877145502 32.887476192677596,-10.503004260717537 32.889568814766449,-10.502024173690376 32.890229953707525,-10.500825620993218 32.889790095545386,-10.499081785919307 32.888138986924922,-10.497228544990877 32.888580042539139,-10.495593996989866 32.891444188041469,-10.492434561602211 32.891554986996709,-10.490472954191997 32.889904683035994,-10.486440117725117 32.888693975872016,-10.484913972660975 32.888529312627412,-10.483497170480145 32.891394067328484,-10.478267106117125 32.893046293079649,-10.476632959430718 32.893156851387772,-10.475325232326103 32.892276497981548,-10.473799210728174 32.891836400500821,-10.472818238282803 32.892498482045347,-10.468677206863337 32.894701809652886,-10.465190569161461 32.89426201156045,-10.46333775615949 32.894042243822213,-10.462029916934567 32.89294167709118,-10.460612803420332 32.892942162562029,-10.45919605758176 32.893052788988179,-10.45767036808793 32.893163116222389,-10.457016522180366 32.893604494594015,-10.454183175968502 32.895586739377926,-10.452985045145383 32.896192264461412,-10.45309422322136 32.899715707191469,-10.452550447321739 32.901367579654476,-10.451461156722949 32.902799644807693,-10.449064022873875 32.902579714982039,-10.448192111271586 32.902249788449168,-10.446993224085089 32.901810072683219,-10.44481347743401 32.902141563006431,-10.44099925700506 32.903463611036557,-10.438166162746624 32.903463947039917,-10.43707635636604 32.904455945755053,-10.43337131088537 32.906217729652852,-10.432499987074777 32.908089471415913,-10.432064607858715 32.909851206645563,-10.43130224450498 32.912383470907123,-10.430976006279362 32.914475591932373,-10.429777784688351 32.914696343458715,-10.42770720866679 32.914146205737758,-10.426508273211907 32.913045428042743,-10.425963072107564 32.912054778093655,-10.425308916763049 32.910513827150304,-10.424109701112442 32.910073990725095,-10.422256904762946 32.90979916999634,-10.420840076411789 32.909799420734352,-10.419968230204255 32.911010694372699,-10.418987742114567 32.912221868970292,-10.41833419171363 32.916846859837449,-10.413758230572324 32.920260345663003,-10.410816615241863 32.922682965128637,-10.407983705881652 32.927967384653492,-10.406786146389898 32.929288759120219,-10.405260707631207 32.930390602940157,-10.40079272966838 32.932262662067558,-10.397850643135653 32.929621285074795,-10.395125549438255 32.928300377671633,-10.394798313917107 32.927860075822593,-10.394689234204041 32.927640037869331,-10.394144279610012 32.927970432098306,-10.393490466975043 32.928851156117268,-10.393163720430051 32.931493198582444,-10.392728371302127 32.934025175881672,-10.392183996715383 32.93534663936655,-10.38978668263178 32.937383357561032,-10.388588294732797 32.937603776026563,-10.387280564774674 32.936613393379659,-10.385645653631091 32.933972170796245,-10.382484669669934 32.942229598931668,-10.373658787091683 32.946302795761341,-10.371043943743675 32.950816131211312,-10.368974022695076 32.954118662131478,-10.366576923590747 32.955770505716281,-10.36112809067302 32.9570917755184,-10.357967810977096 32.958797985755695,-10.356878220726943 32.961109518742646,-10.356115638988175 32.963311011533108,-10.355026084048056 32.966503142048886,-10.353500693100903 32.969364978792271,-10.352629127202052 32.973988127241093,-10.34859722188258 32.975199071868822,-10.345763800907989 32.975969798011889,-10.342167471369265 32.976190015142656,-10.340968691852645 32.97586010075154,-10.337372278314652 32.978391640953504,-10.335628754220469 32.98114313697674,-10.33617383422092 32.984555007251444,-10.336827904525776 32.987086498810804,-10.334975330548096 32.991562643638026,-10.320978586096237</coordinates></LineString><LineString><coordinates>33.094720796687575,-10.003112442226369 33.093813730320392,-10.00346016117364 33.092760780880631,-10.003559707019015 33.091244238346967,-10.004001586822652 33.088433377048815,-10.005752452150405 33.086786922497986,-10.007345108988069 33.084510018056307,-10.008180724279955 33.082915498779876,-10.010292613460292 33.082206437094207,-10.011263234833882 33.081263522858272,-10.012346146981304 33.080551031695045,-10.013604830904992 33.080067597282984,-10.015154513564493 33.079418005206215,-10.016010637311643 33.077554030287629,-10.016332824678216 33.075609328994084,-10.018555499030947 33.07448584070108,-10.020154705356672 33.074347673786576,-10.021996853067105 33.075011570776233,-10.024828707306888 33.075968834340117,-10.027433781437816 33.076525412045243,-10.029515194650537 33.076446746333438,-10.031242850395541 33.075726661277145,-10.033135264971602 33.075362164141779,-10.034455957074817 33.075173406504959,-10.035663626000066 33.074345962199402,-10.036805599465833 33.072995390266229,-10.037940957199231 33.072516682588052,-10.039087336114781 33.071337726193363,-10.040455343531322 33.070971145673695,-10.04194886885813 33.071132493955545,-10.043045721024356 33.072050165049852,-10.044094517657307 33.0735012558414,-10.04428573220282 33.075068600229763,-10.044478410049036 33.076806215893754,-10.045018960930111 33.077553638832306,-10.045719861604038 33.077062612557107,-10.047903279670246 33.076058024666146,-10.049273506587562 33.074933064095703,-10.050987938385431 33.07434288545106,-10.051729558724412 33.074039915520842,-10.052762917595759 33.074707985776293,-10.055249090096147 33.07549985735298,-10.057102988352742 33.076760190136177,-10.058674694604969 33.078252365084197,-10.060306944121375 33.07991825877297,-10.061999001579082 33.081587588288137,-10.063402985997483 33.082800100773888,-10.064109740717793 33.083549631669882,-10.064637788372623 33.084996037093177,-10.065232241972224 33.085621799936661,-10.066392560382029 33.084844246500133,-10.068226645845632 33.082547769468079,-10.070675409426693 33.080252625704574,-10.073008930938471 33.078652289045344,-10.07558169630005 33.077579222937267,-10.077815384263742 33.076618297453024,-10.080396213694756 33.075883724832245,-10.083498494517091 33.075391261598398,-10.08579713061968 33.074611547854225,-10.08780402953084 33.073705962952893,-10.090616035949006 33.072755252336371,-10.092332661185241 33.072088348635916,-10.094629086743421 33.071830440799381,-10.096757819436341 33.071804386121684,-10.098947104168353 33.072019103471547,-10.100447976692983 33.072288530863375,-10.102237646899649 33.072159917406232,-10.103273205999074 33.071796700031484,-10.104478663395891 33.07114622372476,-10.105392380615847 33.069334376686307,-10.106176161371977 33.067458206126716,-10.107477710277742 33.065994475264823,-10.108323500985584 33.062940406644103,-10.110877779521962 33.061291922075014,-10.112585529839361 33.060280191699469,-10.114531831891863 33.059266386063811,-10.116650968305391 33.056562399010403,-10.119094385487314 33.055253724342926,-10.121555496044415 33.054534006951187,-10.123390244152128 33.053633661196919,-10.125741289423452 33.053026762888663,-10.127865573938113 33.053009537360282,-10.129305889308155 33.053049074996913,-10.130862169637526 33.052801349352436,-10.132126693712143 33.053892951806318,-10.133235361715473 33.054407274547827,-10.13399096986284 33.054139575693519,-10.136926260529307 33.053763164647201,-10.139226335031294 33.053048223660987,-10.140657790679853 33.052734767938524,-10.14255531380463 33.053195093592514,-10.142964509148316 33.054528262999277,-10.143327164440297 33.055395597869882,-10.143741523794271 33.056311439841693,-10.144963194542287 33.056168989401925,-10.147150996210046 33.055513563660647,-10.148467969132719 33.054498243175587,-10.150702312638852 33.053609533681943,-10.152073940882913 33.052428022645216,-10.153614711447874 33.051654897872531,-10.155045423392218 33.051290857525466,-10.156308467808339 33.050872804099988,-10.157225097534454 33.050096216820229,-10.158943868096438 33.049206086827446,-10.160430709284325 33.048149786836497,-10.161223979406939 33.046920419979699,-10.161899802746113 33.045465364429674,-10.161996537923145 33.044292755678129,-10.162788316659084 33.043235054525574,-10.163696796242863 33.042987265695253,-10.164961310656516 33.04296101243515,-10.16715058595932 33.043461548531297,-10.169058458773446 33.044025073239631,-10.170563783200642 33.04388805484124,-10.172290677319852 33.043456143943509,-10.174359546662116 33.044018987515855,-10.175922483186627 33.044581146180803,-10.177543031182751 33.044853250650149,-10.179102266399289 33.044137491714274,-10.180591311410518 33.042028184608121,-10.181889753108969 33.040449822335709,-10.182561109348091 33.039338043134862,-10.183123161036166 33.038622249692651,-10.184612193752432 33.039355392624927,-10.186523034252875 33.039266812841113,-10.189057239958647 33.038494928765331,-10.190372693223257 33.037770812783798,-10.192553072305353 33.038158511308211,-10.194171406770819 33.039248199909444,-10.195452956236569 33.041039193368711,-10.19645532718601 33.042137885393082,-10.196987905595313 33.043175664368057,-10.197750190146998 33.04398290531887,-10.198336674119542 33.044311106923523,-10.200069485467884 33.042547832728268,-10.201602817240646 33.040977670589442,-10.201582828012816 33.039762656495128,-10.201048764128611 33.03872487488357,-10.200286468900311 33.036867409184175,-10.199974693519723 33.036280333790252,-10.200428179914436 33.036030413821614,-10.201865523051348 33.035842107595563,-10.203015545837278 33.035940419050185,-10.204514949674452 33.034703245540328,-10.205824462676432 33.033880073430574,-10.206563038944424 33.034078759158646,-10.209389010478649 33.034404148721137,-10.211352279766921 33.033911198650991,-10.213650839065856 33.034589686518487,-10.215272883364012 33.035622660659399,-10.216438477230836 33.036060920572623,-10.218691287648465 33.034926852450866,-10.221096916515044 33.033570523336138,-10.22263538944768 33.032037628561788,-10.224344468087292 33.030328854974648,-10.22616653567397 33.029438447795606,-10.227653317920199 33.02866643077337,-10.228968745238223 33.028595094525585,-10.230062635340742 33.028813167546907,-10.231275463538484 33.029142708025532,-10.232893062007545 33.028775717480777,-10.234386523704345 33.028009924683822,-10.235183440229132 33.026139080405642,-10.235966236669293 33.024563195749465,-10.236407066186642 33.023154842607084,-10.237426241508381 33.022216630957395,-10.238048076553163 33.02116626215421,-10.238322747253989 33.020061206610265,-10.238308609291986 33.018143987111237,-10.238111207949109 33.01743979718529,-10.238620782465041 33.016508528309423,-10.238666478427445 33.015913698014522,-10.239753661335808 33.016074264383569,-10.240908139947177 33.016585888590924,-10.241894250736122 33.016628048446123,-10.243220075875049 33.01649989664709,-10.244197992786724 33.017237915012821,-10.245705591493081 33.018627547992779,-10.246241971490985 33.021289114460778,-10.247428448126691 33.022779804581944,-10.249233765211599 33.02328660055867,-10.25062315022311 33.022920257762657,-10.252058992383494 33.022737431906791,-10.252748107560164 33.023190931630005,-10.253733463248949 33.023921364232393,-10.25587477930612 33.023843755694955,-10.25748717547124 33.022832039028877,-10.259375734747859 33.021772568323456,-10.260399365101836 33.020251246830028,-10.261128977907978 33.018675924956433,-10.261512167116111 33.017453067260838,-10.261611755719478 33.015066212816656,-10.261754052133195 33.014133483072051,-10.261914965859699 33.012790113516338,-10.262358718667665 33.01138857629347,-10.262801720884752 33.010506341037654,-10.263597103098466 33.009743917601405,-10.26410591413142 33.008926114493988,-10.264383528917376 33.007927538188831,-10.265177411282073 33.007971059548346,-10.266388011199391 33.007316587376039,-10.267589654508152 33.006259132782894,-10.26844039715021 33.005603952341673,-10.269699648175317 33.004883621332311,-10.271534271899469 33.00347505014328,-10.272553360008514 33.002539489357567,-10.27294468825265 33.000673950655028,-10.273266440872446 32.999858212936324,-10.273371196986997 32.998554767480215,-10.275313551901984 32.99807194836216,-10.276747867478393 32.997930442473418,-10.278820403630654 32.99730960021332,-10.282039193514143 32.996760902485377,-10.284106490822097 32.996505843725821,-10.285947080609802 32.996474366934393,-10.288539619508617 32.996854979521537,-10.290734113156956 32.997518058704195,-10.293623690975265 32.998141157615109,-10.295014608290396 32.99830308640928,-10.296053867541859 32.998104800170857,-10.298010429699557 32.997209146006234,-10.299900400255471 32.996031713690698,-10.301037671311878 32.994672758668464,-10.302748810224422 32.992671086019214,-10.304682152643528 32.99113407474632,-10.306679088650059 32.991224503551209,-10.308812227318498 32.992128669299262,-10.31101346749076 32.993603391773611,-10.314143984631151 32.99393704026334,-10.315415939370178 32.993196234164408,-10.318921275923202 32.991644937565844,-10.320516237707096</coordinates></LineString><LineString><coordinates>33.315469111223038,-9.931313771338594 33.314416864519416,-9.930111808768778 33.313428048506601,-9.929715050770307 33.312148815425395,-9.929262520592943 33.31093029812002,-9.929212413263024 33.309415957011893,-9.928300965020226 33.309055951612677,-9.926519338016405 33.308228046745675,-9.924165133845742 33.30722961127811,-9.9223298493326 33.306346040028828,-9.92032123409437 33.303887888746701,-9.917056252533429 33.302950198539818,-9.915623382943846 33.302358614397747,-9.913900695437498 33.301533868952141,-9.912006793355101 33.30036572942884,-9.910805485726122 33.299720776531544,-9.909773629410193 33.299134599623905,-9.908856499806282 33.298311038842037,-9.907135210257698 33.297659956669015,-9.905182702184428 33.296486867110836,-9.903233353160609 33.295261926235803,-9.902204998287782 33.294271298929381,-9.901520478662016 33.293280291677959,-9.900778414968482 33.291471529859834,-9.899178146445705 33.290417177930962,-9.897630857227243 33.288778624989632,-9.895454117754596 33.287027150341856,-9.893738392058928 33.285505020411264,-9.891618476486142 33.284566338426394,-9.890012927559523 33.284205369868062,-9.888058642315501 33.283668883307996,-9.885875241215773 33.283136979812667,-9.884382325003157 33.282838980026497,-9.883175716501661 33.282599362628332,-9.882026299772603 33.282007186728293,-9.880188486839581 33.280724379162024,-9.879160422749791 33.279038641425778,-9.87859511497447 33.27723425328346,-9.877627709091632 33.275368458021994,-9.87614277556866 33.273385927665245,-9.874543443386507 33.272452286091465,-9.873685885645616 33.271169911982994,-9.872715323608732 33.270297310832156,-9.872317737946522 33.269194240196228,-9.8721516977925 33.267974043117057,-9.871813724844589 33.267335325246393,-9.871702451083738 33.266694715388446,-9.871303471603353 33.266454785162651,-9.870096499561955 33.265694028242144,-9.869065261663058 33.264757776236827,-9.867804896027284 33.263944702217678,-9.867637110792101 33.263016392953269,-9.867585095405037 33.262606268306754,-9.86695456309833 33.261851192865926,-9.866786428182726 33.260917980830897,-9.865986377145921 33.259987035852724,-9.865531567676307 33.259348709404868,-9.865477818778185 33.258068666180463,-9.864852448973558 33.257483439020085,-9.864050321704948 33.256664728928385,-9.863019405621632 33.255730786273091,-9.862104257661107 33.254859735581896,-9.861936794226113 33.254047808547838,-9.861941607767038 33.252022876068523,-9.862701662349297 33.250579011433572,-9.863630896925287 33.248558187381093,-9.865023879965809 33.247638512542537,-9.866295262108102 33.246429226721375,-9.867625894834101 33.246202490648969,-9.86843283667123 33.245054559179707,-9.870280989921696 33.244305475381736,-9.871033468853566 33.242458195469204,-9.872367849880297 33.241188999690905,-9.873411102116437 33.240151784749052,-9.874452983330251 33.238533470324988,-9.875325651115135 33.237376138961224,-9.8757352575608 33.235872312702618,-9.876377066683583 33.235003098111264,-9.876497257115618 33.234014532387988,-9.876100258204295 33.23337320827244,-9.875586132760917 33.232617752952372,-9.875360391137098 33.231518784061137,-9.875827177839138 33.230073315698519,-9.876526163549901 33.229320092205185,-9.876645659584858 33.228618917296259,-9.875844160186063 33.228731565423836,-9.875325613275457 33.228491769507258,-9.874118611200984 33.227679439194183,-9.874065820504088 33.226575266574869,-9.873727017907754 33.226685317765707,-9.872805684890521 33.226384192155599,-9.871081151439302 33.225104186179564,-9.870455656642251 33.224296317299761,-9.871093349095277 33.223662805905242,-9.871787564899247 33.222973149603192,-9.872769822927012 33.221759292697747,-9.873409877933423 33.220832822767747,-9.873645451394717 33.220132414942071,-9.8729590156964 33.219207426166506,-9.87342474890087 33.218803667728551,-9.873772358292246 33.21769839512131,-9.873260904564722 33.216355963856948,-9.871945221364051 33.214783402964635,-9.870918585552216 33.213274755044793,-9.87081226173248 33.211652695258913,-9.871109391777331 33.210608387969927,-9.8710579055055 33.209387143664706,-9.870547096085765 33.20909347756298,-9.869973365457874 33.208852651516921,-9.868593724499434 33.207802462588653,-9.867621572274475 33.206872318163235,-9.867281696919063 33.206577188029769,-9.866477800200411 33.206105128687589,-9.865214581230463 33.204657076732353,-9.865510670080813 33.203675926848717,-9.866264401667545 33.202926756863846,-9.867016790719505 33.20234936792243,-9.867422926928152 33.201946332637149,-9.867885599678791 33.201252581854583,-9.86823486244778 33.200787878553754,-9.868122457176122 33.199567392804838,-9.867726693898657 33.198929435807536,-9.867730371234186 33.197709687110454,-9.867449682591362 33.197360245432506,-9.867221522511912 33.196547935405739,-9.867168656317968 33.195799844849802,-9.868093652940804 33.195687512229554,-9.868669730820821 33.195167375860898,-9.86896043952189 33.194070566730367,-9.869772352048139 33.19314189253047,-9.869662603441737 33.19238793874505,-9.869666934561053 33.191174396917454,-9.870364422161822 33.190656445298679,-9.871000370249313 33.191066804526933,-9.871688533600304 33.191768611834881,-9.872605195756371 33.192005350609719,-9.873351897439886 33.191777016429043,-9.873928640624856 33.191259424848589,-9.874622131216283 33.190912536816377,-9.87479675240664 33.190215108376414,-9.874570581922905 33.189285326247827,-9.874288198943823 33.188535010965957,-9.874867933524753 33.187899957678837,-9.875331918859571 33.18720143559478,-9.874933119003261 33.186329653041668,-9.874650396244897 33.184944636653164,-9.875751645839344 33.185529348135546,-9.876496361098253 33.186525148947233,-9.878044326290628 33.186881886216383,-9.879423319201207 33.187407151198549,-9.879938198594255 33.188168789231774,-9.881142241396733 33.188464619227311,-9.882061236474437 33.188295001257522,-9.882752726802165 33.187772647523474,-9.882698177405148 33.187366292198732,-9.882642963009561 33.186203766320737,-9.882246819827602 33.185445775989123,-9.881618183460951 33.183993263733832,-9.881223692581894 33.182829655356315,-9.880654913528796 33.181840045656621,-9.880085137433923 33.180446632428911,-9.879862922584655 33.179639742529716,-9.880673132939629 33.179532101388219,-9.881997240781828 33.17907464995524,-9.883035628099133 33.179604995905407,-9.884356095491945 33.179723900853205,-9.884815762560127 33.179382444822203,-9.885853488567223 33.179326988807702,-9.886256607617394 33.178576628039345,-9.886836319500377 33.17759027369695,-9.886784400701723 33.175907925511275,-9.886736444132783 33.175328655241252,-9.886854829257501 33.173699958786052,-9.886116038465129 33.172948864083921,-9.886580655549107 33.171911389721153,-9.887622331867194 33.171336459904772,-9.888431203820078 33.170822782729552,-9.889757615527937 33.170188399075911,-9.890336651312639 33.169377843734367,-9.890571426225497 33.168101839841853,-9.890578666923865 33.167115835620336,-9.890584258366783 33.166305999264132,-9.890934108368686 33.165438882492239,-9.891399366796753 33.164463337602157,-9.893073644692439 33.164239629913261,-9.894398404118528 33.163551912968614,-9.895725790650927 33.163152754430612,-9.896821369805007 33.16176972979126,-9.898267771873991 33.161134953844744,-9.898789249144231 33.160385612292266,-9.899541545123162 33.160211607070501,-9.899542528035486 33.159230974616158,-9.900411214621554 33.158363462437805,-9.90081891433041 33.15714542005589,-9.900825786476776 33.155466234481182,-9.901295599430036 33.154370296675907,-9.902280007776515 33.153447642986663,-9.903148350777675 33.152059528101354,-9.903789137088278 33.150848642275101,-9.904946810369124 33.150333424890874,-9.906043026241839 33.149759484758796,-9.907024485891538 33.149414330752585,-9.907486769686862 33.148197336681079,-9.907666233918755 33.147450092704766,-9.908763747895467 33.147051939312242,-9.910031932265563 33.146707493612858,-9.91060929575513 33.145783365798813,-9.911247453900623 33.144624002362711,-9.911369038217664 33.143526927546446,-9.912180788310122 33.142496062601957,-9.914315656977824 33.141812141888622,-9.916275950601165 33.140602244138407,-9.917606210465767 33.139965257766789,-9.917782401711291 33.137409473888866,-9.917221246563925 33.135721992397933,-9.916367514694743 33.133163382330977,-9.915345997775409 33.131183413524091,-9.914091068818756 33.129554677352424,-9.913352065869733 33.127987142647079,-9.913130602717191 33.126597518730001,-9.91354111952516 33.124807523249764,-9.914874542613143 33.123655211463678,-9.916146878726515 33.122675139526891,-9.917130542307579 33.121633522151093,-9.917539111467232 33.120591549992625,-9.917890136575052 33.119195897356178,-9.917322422324157 33.118211222018857,-9.917558036581331 33.117001928287436,-9.919003295115394 33.116196196658379,-9.920043520111632 33.115446351562845,-9.92073817605098 33.114171634950928,-9.920975377833234 33.113707588748248,-9.920977935884851 33.112315451877883,-9.920985606188157 33.111218967468368,-9.921912333301373 33.110352041711565,-9.922434992580467 33.108960600591182,-9.922557731646364 33.107679204178261,-9.921701626157782 33.10727000569161,-9.921185984993572 33.10622239507336,-9.920616305446883 33.105645843696358,-9.921194901060112 33.105535090152543,-9.922058656633311 33.104680068526932,-9.924537703456695 33.104289789670965,-9.927129286011308 33.104299950190779,-9.928797981595384 33.104430680430475,-9.931214076700048 33.104267518296282,-9.932998808572306 33.104101902715975,-9.934380751665602 33.102665703432386,-9.936690349356852 33.102789073747779,-9.937898078672863 33.102449772020741,-9.939338515663772 33.102108718682722,-9.940491245427308 33.101885780983693,-9.941988587426396 33.101718751809408,-9.943140364608832 33.101263420507401,-9.944581434940529 33.100227985082945,-9.946025679807429 33.099829255557317,-9.947236266284886 33.099896706627021,-9.948789560119238 33.100250715613839,-9.949765855898448 33.100023567622856,-9.950572702027207 33.099448001789476,-9.951323909827899 33.098410091321803,-9.952365360576005 33.097372173365954,-9.9534068081014 33.096449575018525,-9.954332535925259 33.096224508229788,-9.955484625860077 33.096697330752974,-9.956920620879536 33.097399063401163,-9.957837476787587 33.097463711450132,-9.958930441389819 33.096480990581789,-9.959511239942033 33.095674398057739,-9.960436332298064 33.095101944849262,-9.961705402898602 33.095805428743361,-9.96290996742308 33.096101427050876,-9.963886582744141 33.095238903017567,-9.965157238083608 33.09443124638792,-9.965909703236171 33.093799370982829,-9.966948924112689 33.093865403361264,-9.968272053682144 33.094452867594917,-9.969477252744399 33.095039639551509,-9.970567369185339 33.095164041279332,-9.971947722079303 33.094361948228716,-9.973620845702325 33.094014904013193,-9.973795366876205 33.092862268954057,-9.975067596818438 33.092695888229784,-9.976334449993525 33.09293526963021,-9.977541547450786 33.093464034443507,-9.97863198248276 33.093704465187955,-9.98001170309324 33.093711786808981,-9.981220065907269 33.093256369984807,-9.982661122855168 33.092395876211548,-9.984277015907075 33.091708031730391,-9.985661793428147 33.091018789048988,-9.986816406730839 33.090331282387382,-9.988258722882614 33.089406826835365,-9.988896725163144 33.088769326457708,-9.989015278396227 33.088018919265522,-9.989652330498258 33.0877357825686,-9.990804728337833 33.087975503449499,-9.99206936994729 33.087867462752634,-9.993393444716336 33.088745393176602,-9.994654617124622 33.090427938343922,-9.994645462807309 33.092336983611695,-9.993714379611307 33.093551887701736,-9.993132329045544 33.09447948643556,-9.993012183996921 33.096043890935725,-9.992658389119683 33.097726774598279,-9.99270673958406 33.098780194634209,-9.994197097686945 33.09930970631472,-9.995402603180517 33.0998972400753,-9.996607790028468 33.100715456820737,-9.997581541996128 33.101707735722876,-9.998554338791514 33.102527713558857,-9.999815790944975 33.103170134507664,-10.000502785204157 33.102304039949921,-10.001198046136835 33.100967831733584,-10.000917648833314 33.099689995196655,-10.000694470911579 33.098414257929072,-10.000816533571253 33.096503792590518,-10.001517487148728 33.095753722061197,-10.002212097839671 33.095523037572853,-10.002443528115151</coordinates></LineString></MultiGeometry>
  </Placemark>
  <Placemark>
	<name>lukusashi</name>
	<Style><LineStyle><color>ff0000ff</color></LineStyle><PolyStyle><fill>0</fill></PolyStyle></Style>
	<ExtendedData><SchemaData schemaUrl="#Luangwa_river">
		<SimpleData name="Name">lukusashi</SimpleData>
		<SimpleData name="OBJECTID">202</SimpleData>
		<SimpleData name="ID">0</SimpleData>
		<SimpleData name="RIVERCODE">1</SimpleData>
		<SimpleData name="Corridors">0</SimpleData>
		<SimpleData name="Shape_Leng">46423.50440640000</SimpleData>
	</SchemaData></ExtendedData>
      <LineString><coordinates>30.663910438024818,-13.631762480071727 30.659526205103425,-13.631382416292089 30.658565505414192,-13.631222786217153 30.655771530248103,-13.629615363685865 30.655004019116092,-13.629382253579328 30.65425828074498,-13.630843357690193 30.6537685642338,-13.633662082256294 30.653732507364779,-13.63731327187706 30.653768954598586,-13.641416881639223 30.653625592609107,-13.644238872934828 30.652371976151485,-13.646448051582485 30.651201646749293,-13.648018050910967 30.648617985107887,-13.648482963718571 30.647313809738495,-13.648018870551734 30.646480099712953,-13.646693410609684 30.645662074251032,-13.643787031938162 30.644015266837844,-13.642943232801565 30.642408082083683,-13.641986867046027 30.641298643847939,-13.64129873203785 30.63997324365296,-13.639102768184182 30.638335099827167,-13.637393202986903 30.635910750774283,-13.637332493895174 30.632562330492817,-13.637300598575651 30.628096280451775,-13.637408562710112 30.625319920528582,-13.637909047772496 30.623226910869295,-13.639357137454249 30.621931191554584,-13.641904515020112 30.62185500307665,-13.645668170550721 30.621827097303491,-13.648453546840349 30.621266746295102,-13.650593874632047 30.620170169551969,-13.652465548725166 30.619312822189681,-13.653511348728635 30.617379262302141,-13.654396235813905 30.615362276921974,-13.655920245794848 30.615064082297899,-13.658778296368547 30.614007417963627,-13.660499738579082 30.612961725990409,-13.661129615662182 30.61165758700713,-13.660665334414391 30.609863318556368,-13.659179949469292 30.608907509003465,-13.658530796136205 30.607371695050084,-13.658139549543685 30.605020373549735,-13.658455644944256 30.602740322502392,-13.659337056326491 30.599873759551855,-13.661116205586589 30.598081083100073,-13.663282153772302 30.596828010583607,-13.665378028392126 30.595650750794714,-13.667587558408485 30.594705182225017,-13.66972404108466 30.593988634358322,-13.672050957021089 30.593082283366744,-13.674112523609157 30.591604648026635,-13.675566240856314 30.589866354588079,-13.676151622177352 30.575524776414017,-13.681959199445979 30.573771753316176,-13.683974726573306 30.573357875862047,-13.686793861663462 30.573437846375036,-13.690257759025103 30.574537592685786,-13.691887170485028 30.576633212517461,-13.694015689977872 30.579083035196685,-13.695394810030278 30.579554582377401,-13.698222624149777 30.579113398330438,-13.699949869165692 30.576928677772337,-13.702751667540646 30.575658176527885,-13.706503469954423 30.574827716106711,-13.708640947652841 30.573156085839713,-13.710205524289105 30.568071933459141,-13.706654806622559 30.563952288402408,-13.702925300990762 30.562944012557296,-13.703630567527668 30.56207069108611,-13.706181628731922 30.56176586825131,-13.709604062376089 30.561274368981366,-13.712460019054928 30.561169777277737,-13.715131580902568 30.560575195759245,-13.716781965323412 30.557982568593573,-13.718036179937631 30.557089703191153,-13.718742549929017 30.558552998798746,-13.722445943155151 30.559738693676465,-13.723210506397443 30.562708983324992,-13.722675210437869 30.564482289539761,-13.722466853751021 30.565593726559186,-13.722967163360144 30.565655583321316,-13.724435820908383 30.564221378542975,-13.725362731586552 30.560373338402393,-13.72513652629733 30.556946084789793,-13.725177919737643 30.555739729221873,-13.726408165723255 30.555141949205304,-13.728359629658073 30.555235994426845,-13.730430870059035 30.555508496966144,-13.733858989551113 30.557062473406866,-13.736245826910618 30.559748229895646,-13.737175817815917 30.56059176302287,-13.737522939550214 30.560611958329254,-13.739292318375375 30.559483316501638,-13.740448057053273 30.556611131167504,-13.742640496649177 30.554755590673338,-13.743337300802297 30.548478904400337,-13.743350261807562 30.546618249783002,-13.744536291988895 30.545682035576903,-13.745693866986272 30.545085668576156,-13.74749473094653 30.544173415152677,-13.750045277575895 30.543184523118011,-13.752557410805375 30.540880176769239,-13.755658676760286 30.540563492378759,-13.756483629340758 30.541430614511142,-13.758261438451035 30.543109888887997,-13.759708573520609 30.54641974612991,-13.759892132397008 30.550348833381438,-13.759780673349141 30.552004555226624,-13.75979713444182 30.553419856576927,-13.760714601387109 30.554139722535073,-13.761851007016629 30.554612290678481,-13.768254819846714 30.553983657854932,-13.769453113205014 30.551139345822666,-13.772624384336106 30.548331106503262,-13.776021818798817 30.5461998236919,-13.777280388624252 30.543500734821084,-13.777592227647254 30.541330122260813,-13.778925638809627 30.5414676151313,-13.780507956704261 30.54332815466433,-13.783048530704844 30.545892121140557,-13.784617436226805 30.550607896105788,-13.782970575660652 30.554273694906563,-13.782291864001213 30.555286676372997,-13.781172680063822 30.557122185360011,-13.782433100082008 30.556678229798148,-13.784386068047942 30.55397561860698,-13.788725650004192 30.549123772619254,-13.792328569956869 30.545792205829439,-13.794177404777701 30.542192199183425,-13.795910575819727 30.541644374181903,-13.796733207542065 30.542854655647869,-13.798853238562533 30.54468626380406,-13.800490137680985 30.545676542092814,-13.801553997644183 30.545315363846811,-13.802943125691117 30.543213244143637,-13.805067672657874 30.541539459829753,-13.806744786590551 30.541097272491516,-13.808509505842844 30.5412590487886,-13.811447157811813 30.54261277996229,-13.8145849555889 30.542818606147254,-13.816996069437049 30.540748512423949,-13.819723152297273 30.53836273176276,-13.823162227539232 30.536751941602837,-13.826157358078886 30.536425996880279,-13.827847940650061 30.536042513758204,-13.831344724012645 30.536297947898241,-13.83635357699608 30.536467945790861,-13.838500836379243 30.537441273822385,-13.841183150989547 30.538639789087018,-13.844432345422353 30.538648989163832,-13.847217892792193 30.537886602860326,-13.850108605021889 30.537569326310045,-13.85097116204817 30.536331537839597,-13.851448045060627 30.535177136465148,-13.851323500760534 30.533758658474799,-13.850669315615724 30.532183729036269,-13.850239393418125 30.528561711937968,-13.850315781128131 30.527286990134993,-13.850641678722056</coordinates></LineString>
  </Placemark>
  <Placemark>
	<name>Lukusashi</name>
	<Style><LineStyle><color>ff0000ff</color></LineStyle><PolyStyle><fill>0</fill></PolyStyle></Style>
	<ExtendedData><SchemaData schemaUrl="#Luangwa_river">
		<SimpleData name="Name">Lukusashi</SimpleData>
		<SimpleData name="OBJECTID">203</SimpleData>
		<SimpleData name="ID">0</SimpleData>
		<SimpleData name="RIVERCODE">1</SimpleData>
		<SimpleData name="Corridors">0</SimpleData>
		<SimpleData name="Shape_Leng">154037.98117300001</SimpleData>
	</SchemaData></ExtendedData>
      <LineString><coordinates>30.419084246424092,-14.002786837365464 30.417543067619402,-14.008552875056195 30.417656760707693,-14.0151396399093 30.417029259871555,-14.020986766371735 30.413992900562892,-14.024430045059937 30.407586336764851,-14.027654254777357 30.400049364931437,-14.031414905953998 30.397181383852686,-14.036506079383599 30.395803806948265,-14.042344972262899 30.391442927633346,-14.046871158595154 30.383380435782566,-14.047332776100154 30.37828647109793,-14.050387314693067 30.373731503838055,-14.055459767684109 30.368763948811477,-14.06382025494454 30.365180955919492,-14.065793342641769 30.360317822447694,-14.065008509066066 30.356924228690232,-14.066800606409453 30.358930640073002,-14.07157858860362 30.359071779126413,-14.075604454532172 30.357351762028966,-14.078512390309903 30.352458917638184,-14.08028795074555 30.347768172656359,-14.080785167888072 30.3440100757892,-14.08165840952684 30.343965661097812,-14.085499273112116 30.338672404186273,-14.089465147755785 30.333922005031251,-14.095083163953156 30.332931927287994,-14.099645203384805 30.331730991153186,-14.106217010783221 30.326809688707709,-14.110369547542515 30.317239617084873,-14.111360558483819 30.31198608513645,-14.11185068250666 30.308374005182852,-14.116200301316507 30.305703097085441,-14.12019455582382 30.30449042015595,-14.127680518712612 30.302540899236483,-14.134060693060642 30.301946310199924,-14.136797748644378 30.303605023689059,-14.139194274068593 30.302820846093532,-14.142112116961783 30.302782014381265,-14.145404158727947 30.304070247419453,-14.147430697849574 30.306308564887775,-14.148370402085227 30.308926063239451,-14.148948507529886 30.310403951925831,-14.150794234145161 30.310746523365523,-14.153541818640129 30.307346919152312,-14.155698688585838 30.30488226100892,-14.158048919105253 30.30127997842467,-14.161483809141986 30.303692884577888,-14.163523014448071 30.307062448451266,-14.163926706942844 30.310210115594835,-14.167254522249809 30.314495454734427,-14.169497559449729 30.314458865579663,-14.172606732584049 30.314967392813273,-14.177185346480444 30.315092400477962,-14.182491328754061 30.313181213897789,-14.185579475879221 30.308682255480942,-14.185528958177844 30.306245327678813,-14.18550155923946 30.303433493655447,-14.185469914344601 30.299119862607139,-14.18560421856065 30.295540867320756,-14.187027138669169 30.291427722243377,-14.186066081936287 30.29068225457906,-14.18569182267791 30.289374429465632,-14.185311196074174 30.286399131206554,-14.183265460869155 30.283397742065578,-14.18341434998235 30.282425607224052,-14.186329916755174 30.281651802855801,-14.188333166685528 30.281244166170492,-14.191072218499968 30.275724831911276,-14.197960096920102 30.27214335719524,-14.199565490769201 30.268731750933444,-14.202636042744119 30.266442655378981,-14.205902271628114 30.262644939828441,-14.209882838084518 30.2583023070904,-14.212393802359594 30.253562561480557,-14.216729188227129 30.249947494279642,-14.221077395035708 30.245613391059148,-14.222856538049129 30.239047271623306,-14.223146554432164 30.232624110957971,-14.227096142815181 30.228240723209726,-14.232898250138879 30.223113861948494,-14.238142875169796 30.22211153991147,-14.24343540851606 30.219805650291708,-14.247981123269335 30.215394528906074,-14.255977364987727 30.211367069694457,-14.263246352468624 30.207210419032329,-14.265758283145409 30.203796944360214,-14.268827551955486 30.202983683947551,-14.273939213714517 30.199556448280408,-14.278105625593673 30.19465160058127,-14.280425561710118 30.190268350514291,-14.2860437097456 30.184814345929308,-14.287259521503444 30.178386205229952,-14.291389993667282 30.174805001701042,-14.292810650485208 30.174400250749962,-14.295183491411086 30.17471816991571,-14.299759672858821 30.176367096825814,-14.302888503089404 30.174466624941488,-14.304877772712775 30.168996090616851,-14.307373196748395 30.162750041028211,-14.311871049516926 30.160465104640604,-14.314587154797987 30.159300755321674,-14.317682424432345 30.159243216987754,-14.322254079214137 30.158842799915401,-14.324261116688566 30.154890484674986,-14.325311129029723 30.149037250581301,-14.328350053105687 30.144311497008619,-14.331219487620844 30.144825524384991,-14.335066396958206 30.146694120290029,-14.335637560109234 30.150813392694513,-14.336235760616475 30.152311528643196,-14.336436647525758 30.152638131064581,-14.340281313061498 30.151105293371057,-14.342823392250748 30.146953485664095,-14.344785268818189 30.14334807244202,-14.348033885047281 30.139721650729939,-14.352928188730063 30.138362191956691,-14.356569579014801 30.136437632508223,-14.360387010135213 30.135263302683292,-14.364213492362229 30.131073660808738,-14.36910076388904 30.124630496334714,-14.374143438119045 30.120088690632723,-14.377197282194969 30.115603094259001,-14.37586241689271 30.111134014298198,-14.373247472385568 30.106847920167276,-14.371000469446962 30.102388482688657,-14.367653969927058 30.09869597380689,-14.363036617242589 30.093835715376251,-14.361696816752891 30.091176679130722,-14.364224533414665 30.087788606164231,-14.365097292173894 30.083645497801051,-14.366326461486947 30.077439090897077,-14.367530079082504 30.073656777715748,-14.369860795398296 30.071332095575915,-14.37550133564875 30.060800217698535,-14.391829818025228 30.060555168971298,-14.396215861588125 30.062404749233707,-14.398250538785268 30.064968861221946,-14.403037277173558 30.06546706152275,-14.407981213729926 30.065388083757803,-14.414015249926887 30.064565810554917,-14.419491396845464 30.061511282447739,-14.423476696612065 30.056034455758848,-14.426151558381251 30.050964051726641,-14.426453950784225 30.045898480434108,-14.42639053939239 30.040606658590235,-14.429250188255713 30.037390597742942,-14.431221418778417 30.035280813569113,-14.434669511339358 30.032203750012634,-14.440299881065011 30.031563235031577,-14.446143781330996 30.029818727422217,-14.450327880971166 30.030320890866982,-14.454906060172894 30.031025273349339,-14.45838954946765 30.027236034447711,-14.461084806156942 30.022881350093915,-14.463955702689923 30.019452572144033,-14.467752593125565 30.017885480757727,-14.472670264133706 30.017081127473499,-14.476683234420818 30.014395300131397,-14.48103803890529 30.013800516516277,-14.483407803500416 30.01562079415633,-14.487636972832224 30.019161884795871,-14.489510659057663 30.020984744224091,-14.493556972596133 30.020360625775712,-14.49812084832438 30.017123738305155,-14.50155428933806 30.013869585493531,-14.506267543043407 30.009898954653195,-14.50841140886941 30.005162787496701,-14.511642636523389 29.999490558391955,-14.514678896842245 29.996991501454758,-14.519035738220902 29.997137222921999,-14.522146363443637 29.997863282418709,-14.523984347215976 29.999927842145425,-14.524010788341103 30.002555469726985,-14.524044414467324 30.005933858353131,-14.524087604918787 30.007593530067862,-14.526303240607509 30.006795994623136,-14.529767573066239 30.003746071834762,-14.533203092741475 30.003131198858462,-14.537035470845318 30.001592590802371,-14.539758801536708 30.000994924801393,-14.542311304309656 29.997576721496845,-14.545193369053116 29.996233104756694,-14.547370539607007 29.992809807889945,-14.550618177195879 29.988089807872743,-14.55256898669532 29.984333140034302,-14.552703450367153 29.982060743025233,-14.554137066392901 29.98162811221253,-14.558337388906956 29.981395610451735,-14.561625963545572 29.981908989045383,-14.565289900099589 29.983358496386554,-14.569148790828672 29.982760481992187,-14.571701185941869 29.97840542535949,-14.57438787219329 29.973276878761673,-14.578710211305141 29.970788890682162,-14.582152358617403 29.970746368494424,-14.585260486783177 29.971059294342748,-14.589836135442571 29.974556331958286,-14.595001690894701 29.977297529207597,-14.600523154336535 29.980987597486521,-14.605325439274687 29.986545423687904,-14.610883311087044 29.990631301009074,-14.614227695806234 29.994917508224006,-14.616660281674003 29.999055798301498,-14.616165021544823 30.002270140591499,-14.614560591312655 30.009765898990686,-14.615754120486107 30.012154933554886,-14.61962502291248 30.012834287911328,-14.624936945432282 30.013866942210868,-14.63189922566159 30.010798040810649,-14.636614423496948 30.008650574509975,-14.642621485713926 30.008576144760042,-14.648106580020597 30.009630957851964,-14.653423334334551 30.013557391368337,-14.654753896859479 30.018052240564028,-14.655725956715211 30.020837130098965,-14.658138981590715 30.025317287749001,-14.660207952804289 30.031112212840469,-14.662293657286805 30.036163405649432,-14.663821130674748 30.041219604086471,-14.664982824045198 30.047027139815885,-14.666153969620593 30.051307725044808,-14.669134341643382 30.053488107303238,-14.674648255116916 30.058110361291078,-14.680193134292344 30.059354254062576,-14.685512283661602 30.056880579704636,-14.687858289400733 30.056243589992636,-14.693336449661814 30.057516842551326,-14.696461484315595 30.059949023322435,-14.697223842033981 30.065211132537041,-14.697107643072778 30.068980249535226,-14.696240945282364 30.071990655052538,-14.695913230479421 30.074788863854788,-14.69741157203042 30.078133633036479,-14.700196921418758 30.081293067737047,-14.702797023694577 30.084871994261732,-14.702110555490359 30.087872798036205,-14.70251404069357 30.09381636390297,-14.707709290250818 30.098062180198884,-14.713431808223687 30.098565312779687,-14.718010125568942 30.101720426388034,-14.720975737669477 30.105473047470181,-14.721388453767881 30.110911742607271,-14.722187926536671 30.112708607149688,-14.728428348871461 30.115876106115238,-14.730479564681623 30.115999001094373,-14.735418932085011 30.119354517714228,-14.737472465238483 30.121934504283352,-14.741345143208669 30.124124367573383,-14.746310256912933 30.125750605581533,-14.751268353444637 30.130616886163168,-14.752791913364474 30.135649608884837,-14.755963413253756 30.138593934875782,-14.760754932466961 30.142083000647006,-14.767016266758551 30.145072976769271,-14.768333470283093 30.148070153891503,-14.7691020700469 30.150658132167205,-14.77242600266276 30.152137691419505,-14.774273141295671 30.156038912990937,-14.777796129308271 30.160344664349196,-14.779129390678152 30.169877079225042,-14.783270118336496 30.176393387172659,-14.788105152568354 30.180809496547894,-14.795474842842799 30.18416425694793,-14.797710558516224 30.185054445082123,-14.801562160294312 30.184981244467757,-14.807230903782209 30.18642353896216,-14.81200371405453 30.18961657677113,-14.812225609843139 30.196176541712699,-14.813768746365 30.198223016800966,-14.815439704608163 30.200807583385114,-14.819129024072177 30.200746458978855,-14.82388351082359 30.203284145103435,-14.831230128047945 30.208613652231268,-14.840805398288266 30.208153123015936,-14.847383996104854 30.20770193029222,-14.853231122527514 30.207088546539705,-14.857064436369518 30.208898099465706,-14.862573267712525 30.21160315878554,-14.871567976617728 30.207602967061256,-14.875542975953827 30.206434790800266,-14.878637939143186 30.206169007089859,-14.884670186039244 30.206678892241122,-14.888882952069038 30.20695830295956,-14.896384991464233 30.205749832314673,-14.902588619514935 30.206283290509898,-14.904972742792072 30.206252605945071,-14.907349979806069</coordinates></LineString>
  </Placemark>
  <Placemark>
	<name>lukusashi</name>
	<Style><LineStyle><color>ff0000ff</color></LineStyle><PolyStyle><fill>0</fill></PolyStyle></Style>
	<ExtendedData><SchemaData schemaUrl="#Luangwa_river">
		<SimpleData name="Name">lukusashi</SimpleData>
		<SimpleData name="OBJECTID">204</SimpleData>
		<SimpleData name="ID">0</SimpleData>
		<SimpleData name="RIVERCODE">1</SimpleData>
		<SimpleData name="Corridors">0</SimpleData>
		<SimpleData name="Shape_Leng">24668.00229640000</SimpleData>
	</SchemaData></ExtendedData>
      <LineString><coordinates>30.429692304317321,-13.999254088020521 30.429918562087021,-13.999062884679377 30.432138816430061,-13.996978676415008 30.433785100227912,-13.99451198458406 30.43546779940991,-13.992233852242698 30.436192809626466,-13.989418646677587 30.436335955088524,-13.986936031723356 30.436053497908048,-13.984599472817195 30.435882487601575,-13.982640474481959 30.434980087323197,-13.980598471638119 30.434192478189324,-13.978632957380286 30.433863575740023,-13.977011035648111 30.433774241211555,-13.974638881288483 30.434071105115358,-13.972195530430485 30.435749433821531,-13.970293704050126 30.440256263228019,-13.967029060657822 30.4433296813609,-13.964426727944696 30.444905961349725,-13.961281667814117 30.445735936178643,-13.959408461769247 30.446368671899762,-13.954446810731483 30.446719622505995,-13.954074110112456 30.446807462285502,-13.953096427498314 30.45008444486281,-13.949479856133616 30.452231060770366,-13.947018190410372 30.453057190885502,-13.945483649995715 30.453073711374078,-13.943978269009866 30.451490051621047,-13.940800027040769 30.451004424404491,-13.939402304706569 30.450570141150227,-13.936838318848512 30.45054441788707,-13.935671246403846 30.44925833188945,-13.933474725461291 30.44823329911635,-13.932071351261651 30.447862465079705,-13.930750108954456 30.448495068105125,-13.92928882696455 30.449712217697879,-13.92723144148162 30.450373003837218,-13.926711416399453 30.452686434755392,-13.926585064708632 30.453454967809993,-13.926781295409427 30.455514972029476,-13.928684770784514 30.456319572879408,-13.929107203863779 30.458669919401853,-13.92913174063426 30.459438468953721,-13.929327953793004 30.461130927442465,-13.929609077071552 30.463989167542572,-13.928998991753485 30.466973246307727,-13.927449198883895 30.469229315366949,-13.925515406666927 30.470636875370047,-13.923648058162527 30.471816098247022,-13.921514852750896 30.472748578331682,-13.920809377374491 30.474060212564659,-13.920672419752549 30.475523920436743,-13.920725227162128 30.477057747358117,-13.921418623713992 30.478672316642943,-13.921774091526553 30.480508091651867,-13.919497064238845 30.481208958469324,-13.918826795814724 30.48309444965254,-13.919072113648086 30.484633590278968,-13.919276202391538 30.485933419276211,-13.920230608799564 30.486923393456745,-13.921332373149898 30.488217957711967,-13.922776034106276 30.490064154388346,-13.923096178427715 30.491943653181682,-13.920330180045047 30.493584219100967,-13.918276862427374 30.49547254697443,-13.914682834179706 30.496471414607019,-13.911380770987222 30.497656006029363,-13.90872048552021 30.499340617776014,-13.906140596284002 30.500785943973252,-13.904311040976209 30.501408846689888,-13.903715178595325 30.503306780205971,-13.902793604503827 30.50436032974482,-13.901562254724055 30.50572732404866,-13.899844779180395 30.506797365067854,-13.897070328865309 30.507515004151152,-13.894819236858442 30.507916368776787,-13.893317720235872 30.509636045177974,-13.891039202934344 30.510449504902123,-13.890633452896612 30.511565538206245,-13.890757751392782 30.513222940443669,-13.890699356277779 30.515121529773403,-13.889702389104796 30.516284113408624,-13.889074327610317 30.51949414185826,-13.887940093989556 30.521781542273985,-13.886608249768743 30.522832120232184,-13.88564024730246 30.524318452631849,-13.88354743151335 30.524793135588521,-13.882385375407406 30.524933076331639,-13.880090701875524 30.5246897697177,-13.877603941288793 30.523322096164772,-13.875783326051421 30.522258230924567,-13.874379834421163 30.521777417727549,-13.872492920851785 30.52199201189681,-13.870424852920197 30.52234950188608,-13.869412174204948 30.524530703000323,-13.867175814429588 30.526004112805804,-13.866287342579522 30.527324222742031,-13.865322028552413 30.528466851600346,-13.862924555604401 30.528451432773092,-13.860741222728533 30.528624631730853,-13.85893620535602 30.526795958129942,-13.856998040192298 30.525465284364433,-13.855328387985635 30.524830376871435,-13.853439922277127 30.525770790801168,-13.851943793106008 30.526389493903697,-13.851724199656733</coordinates></LineString>
  </Placemark>
  <Placemark>
	<Style><LineStyle><color>ff0000ff</color></LineStyle><PolyStyle><fill>0</fill></PolyStyle></Style>
	<ExtendedData><SchemaData schemaUrl="#Luangwa_river">
		<SimpleData name="OBJECTID">205</SimpleData>
		<SimpleData name="ID">0</SimpleData>
		<SimpleData name="RIVERCODE">1</SimpleData>
		<SimpleData name="Corridors">0</SimpleData>
		<SimpleData name="Shape_Leng">1226.84442534000</SimpleData>
	</SchemaData></ExtendedData>
      <LineString><coordinates>30.419084246424092,-14.002786837365464 30.422746399804012,-14.000843914167035 30.426560780453936,-13.999559232117923 30.429692304317321,-13.999254088020521</coordinates></LineString>
  </Placemark>
  <Placemark>
	<Style><LineStyle><color>ff0000ff</color></LineStyle><PolyStyle><fill>0</fill></PolyStyle></Style>
	<ExtendedData><SchemaData schemaUrl="#Luangwa_river">
		<SimpleData name="OBJECTID">206</SimpleData>
		<SimpleData name="ID">0</SimpleData>
		<SimpleData name="RIVERCODE">1</SimpleData>
		<SimpleData name="Corridors">0</SimpleData>
		<SimpleData name="Shape_Leng">154.20975040300</SimpleData>
	</SchemaData></ExtendedData>
      <LineString><coordinates>30.526389493903697,-13.851724199656733 30.527286990134993,-13.850641678722056</coordinates></LineString>
  </Placemark>
  <Placemark>
	<name>lukusashi</name>
	<Style><LineStyle><color>ff0000ff</color></LineStyle><PolyStyle><fill>0</fill></PolyStyle></Style>
	<ExtendedData><SchemaData schemaUrl="#Luangwa_river">
		<SimpleData name="Name">lukusashi</SimpleData>
		<SimpleData name="OBJECTID">207</SimpleData>
		<SimpleData name="ID">0</SimpleData>
		<SimpleData name="RIVERCODE">0</SimpleData>
		<SimpleData name="Corridors">0</SimpleData>
		<SimpleData name="Shape_Leng">115901.25553400000</SimpleData>
	</SchemaData></ExtendedData>
      <MultiGeometry><LineString><coordinates>30.696063822808323,-13.658188782332367 30.697701834431172,-13.659973338214348 30.699380554878058,-13.661532389241215 30.701334227217622,-13.662529296310908 30.703478198264499,-13.663753827903363 30.703935384949567,-13.664247457774531 30.704417578993233,-13.666134211110817 30.70570597752651,-13.668254304384055 30.707347042924948,-13.669737676913842 30.710452763609727,-13.671046349346879 30.713137254201531,-13.672125224380574 30.715781100043838,-13.67342957548469 30.71757770434299,-13.674763744416641 30.719104494587373,-13.676133064972818 30.720505667769981,-13.67855531461109 30.723037038410098,-13.679557399331033 30.728028277462769,-13.680996149644821</coordinates></LineString><LineString><coordinates>30.696140807950087,-13.65818949746337 30.695800224878575,-13.657584004865139 30.695535897615368,-13.657054510575671 30.695356600555407,-13.655697603850447 30.692543374118873,-13.656010260814933 30.691930794657068,-13.655665752224298 30.686928699151675,-13.651478166772945 30.686205805446878,-13.650605583754373 30.685684547684787,-13.648793744587261 30.685256059944045,-13.645364020450412 30.684622648448677,-13.643212327274906 30.683297535028043,-13.640941245518794 30.682027748274773,-13.640891749948107 30.680713959668733,-13.641406516317272 30.679337900540077,-13.640414882823791 30.678310095470955,-13.639238272981698 30.678066059378512,-13.636638472082828 30.678743904200147,-13.634235511865928 30.679217160542965,-13.633072931112723 30.679383978808147,-13.631756905149256 30.678968331662169,-13.630962471731447 30.677065874003326,-13.632638727633475 30.675128761836362,-13.629985446746982 30.671736332351681,-13.630518360572729 30.670425789727258,-13.626779216695649 30.669227049765187,-13.623417569709819 30.670550332155553,-13.621924169270956 30.673169599595042,-13.62172282513094 30.674878445609693,-13.620157714695166 30.675198473187571,-13.618918415296779 30.67606832481081,-13.616554896953371 30.677728708364693,-13.616005726322809 30.679733984497457,-13.615610342644278 30.681576514395601,-13.616116912827037 30.683142690469733,-13.617336159538359 30.684446442599484,-13.617837691577565 30.685756058912826,-13.617736945659166 30.686558771863314,-13.618309096308963 30.687364415409235,-13.618580107282657 30.690743881689595,-13.619364423760643 30.69392401184334,-13.62086211500276 30.696913574978321,-13.622169778059472 30.698194206055245,-13.621089911564841 30.70051396481411,-13.620019647231988 30.702598787307544,-13.619361292681246 30.705256541672849,-13.619159957794707 30.707721500819616,-13.618994461646182 30.70922719250115,-13.61851893867374 30.710542258407667,-13.617853420267453 30.711519266979359,-13.616318923574852 30.711924399348145,-13.614214470831117 30.711826313551654,-13.612406556304238 30.711689740766669,-13.610598288694549 30.712891830345047,-13.609668187989184 30.713615096766688,-13.610503049037126</coordinates></LineString><LineString><coordinates>30.671812938476741,-13.63055672334592 30.672143472603494,-13.632178559252216 30.671561361706132,-13.632662490995848 30.668139270134457,-13.632291590402138 30.663910438024818,-13.631762480071727 30.659526205103425,-13.631382416292089 30.658565505414192,-13.631222786217153 30.655771530248103,-13.629615363685865 30.655004019116092,-13.629382253579328 30.65425828074498,-13.630843357690193 30.6537685642338,-13.633662082256294 30.653732507364779,-13.63731327187706 30.653768954598586,-13.641416881639223 30.653625592609107,-13.644238872934828 30.652371976151485,-13.646448051582485 30.651201646749293,-13.648018050910967 30.648617985107887,-13.648482963718571 30.647313809738495,-13.648018870551734 30.646480099712953,-13.646693410609684 30.645662074251032,-13.643787031938162 30.644015266837844,-13.642943232801565 30.642408082083683,-13.641986867046027 30.641298643847939,-13.64129873203785 30.63997324365296,-13.639102768184182 30.638335099827167,-13.637393202986903 30.635910750774283,-13.637332493895174 30.632562330492817,-13.637300598575651 30.628096280451775,-13.637408562710112 30.625319920528582,-13.637909047772496 30.623226910869295,-13.639357137454249 30.621931191554584,-13.641904515020112 30.62185500307665,-13.645668170550721 30.621827097303491,-13.648453546840349 30.621266746295102,-13.650593874632047 30.620170169551969,-13.652465548725166 30.619312822189681,-13.653511348728635 30.617379262302141,-13.654396235813905 30.615362276921974,-13.655920245794848 30.615064082297899,-13.658778296368547 30.614007417963627,-13.660499738579082 30.612961725990409,-13.661129615662182 30.61165758700713,-13.660665334414391 30.609863318556368,-13.659179949469292 30.608907509003465,-13.658530796136205 30.607371695050084,-13.658139549543685 30.605020373549735,-13.658455644944256 30.602740322502392,-13.659337056326491 30.599873759551855,-13.661116205586589 30.598081083100073,-13.663282153772302 30.596828010583607,-13.665378028392126 30.595650750794714,-13.667587558408485 30.594705182225017,-13.66972404108466 30.593988634358322,-13.672050957021089 30.593082283366744,-13.674112523609157 30.591604648026635,-13.675566240856314 30.589866354588079,-13.676151622177352 30.575524776414017,-13.681959199445979 30.573771753316176,-13.683974726573306 30.573357875862047,-13.686793861663462 30.573437846375036,-13.690257759025103 30.574537592685786,-13.691887170485028 30.576633212517461,-13.694015689977872 30.579083035196685,-13.695394810030278 30.579554582377401,-13.698222624149777 30.579113398330438,-13.699949869165692 30.576928677772337,-13.702751667540646 30.575658176527885,-13.706503469954423 30.574827716106711,-13.708640947652841 30.573156085839713,-13.710205524289105 30.568071933459141,-13.706654806622559 30.563952288402408,-13.702925300990762 30.562944012557296,-13.703630567527668 30.56207069108611,-13.706181628731922 30.56176586825131,-13.709604062376089 30.561274368981366,-13.712460019054928 30.561169777277737,-13.715131580902568 30.560575195759245,-13.716781965323412 30.557982568593573,-13.718036179937631 30.557089703191153,-13.718742549929017 30.558552998798746,-13.722445943155151 30.559738693676465,-13.723210506397443 30.562708983324992,-13.722675210437869 30.564482289539761,-13.722466853751021 30.565593726559186,-13.722967163360144 30.565655583321316,-13.724435820908383 30.564221378542975,-13.725362731586552 30.560373338402393,-13.72513652629733 30.556946084789793,-13.725177919737643 30.555739729221873,-13.726408165723255 30.555141949205304,-13.728359629658073 30.555235994426845,-13.730430870059035 30.555508496966144,-13.733858989551113 30.557062473406866,-13.736245826910618 30.559748229895646,-13.737175817815917 30.56059176302287,-13.737522939550214 30.560611958329254,-13.739292318375375 30.559483316501638,-13.740448057053273 30.556611131167504,-13.742640496649177 30.554755590673338,-13.743337300802297 30.548478904400337,-13.743350261807562 30.546618249783002,-13.744536291988895 30.545682035576903,-13.745693866986272 30.545085668576156,-13.74749473094653 30.544173415152677,-13.750045277575895 30.543184523118011,-13.752557410805375 30.540880176769239,-13.755658676760286 30.540563492378759,-13.756483629340758 30.541430614511142,-13.758261438451035 30.543109888887997,-13.759708573520609 30.54641974612991,-13.759892132397008 30.550348833381438,-13.759780673349141 30.552004555226624,-13.75979713444182 30.553419856576927,-13.760714601387109 30.554139722535073,-13.761851007016629 30.554612290678481,-13.768254819846714 30.553983657854932,-13.769453113205014 30.551139345822666,-13.772624384336106 30.548331106503262,-13.776021818798817 30.5461998236919,-13.777280388624252 30.543500734821084,-13.777592227647254 30.541330122260813,-13.778925638809627 30.5414676151313,-13.780507956704261 30.54332815466433,-13.783048530704844 30.545892121140557,-13.784617436226805 30.550607896105788,-13.782970575660652 30.554273694906563,-13.782291864001213 30.555286676372997,-13.781172680063822 30.557122185360011,-13.782433100082008 30.556678229798148,-13.784386068047942 30.55397561860698,-13.788725650004192 30.549123772619254,-13.792328569956869 30.545792205829439,-13.794177404777701 30.542192199183425,-13.795910575819727 30.541644374181903,-13.796733207542065 30.542854655647869,-13.798853238562533 30.54468626380406,-13.800490137680985 30.545676542092814,-13.801553997644183 30.545315363846811,-13.802943125691117 30.543213244143637,-13.805067672657874 30.541539459829753,-13.806744786590551 30.541097272491516,-13.808509505842844 30.5412590487886,-13.811447157811813 30.54261277996229,-13.8145849555889 30.542818606147254,-13.816996069437049 30.540748512423949,-13.819723152297273 30.53836273176276,-13.823162227539232 30.536751941602837,-13.826157358078886 30.536425996880279,-13.827847940650061 30.536042513758204,-13.831344724012645 30.536297947898241,-13.83635357699608 30.536467945790861,-13.838500836379243 30.537441273822385,-13.841183150989547 30.538639789087018,-13.844432345422353 30.538648989163832,-13.847217892792193 30.537886602860326,-13.850108605021889 30.537569326310045,-13.85097116204817 30.536331537839597,-13.851448045060627 30.535177136465148,-13.851323500760534 30.533758658474799,-13.850669315615724 30.532183729036269,-13.850239393418125 30.528561711937968,-13.850315781128131 30.527286990134993,-13.850641678722056 30.526428411662373,-13.851686952047457 30.526790504695402,-13.853873785544108 30.527853134028987,-13.855390159985344 30.529496369428518,-13.856648906553943 30.531018890267934,-13.85839576003095 30.531185636000259,-13.860844110508372 30.530719403136775,-13.861215816477319 30.530553776502963,-13.86230573437048 30.52989333951091,-13.862826040319376 30.529425109493406,-13.863385927137363 30.52906606904379,-13.864549171673538 30.52859185713897,-13.865673609494985 30.528392075202788,-13.866349127999191 30.527106098396008,-13.867728842679707 30.52468060447347,-13.871204904071254 30.524250067422379,-13.87184043916684 30.524238886746218,-13.8728942694373 30.524836089993798,-13.874707078480691 30.525895183929617,-13.876562203388243 30.52672474537879,-13.87826443994881 30.526862878109601,-13.879771474133245 30.526340505619231,-13.881798793689036 30.525583378016687,-13.88416250025775 30.524563748682223,-13.885846006608618 30.52401440386851,-13.886781458709443 30.522503519295977,-13.88755659368363 30.521300429879901,-13.888372481677951 30.520136257524644,-13.889151117885364 30.518389385108037,-13.890375512624074 30.515446589926476,-13.89173828863583 30.514365057612341,-13.891990763451853 30.510970770068422,-13.892332588648197 30.510118779714301,-13.892737945726877 30.509727889055359,-13.893260924242286 30.509403588714868,-13.894763232917319 30.508768252971215,-13.896525847945959 30.508130489394361,-13.898514277315989 30.50754654664329,-13.899072919694104 30.507615946705897,-13.899788795106897 30.505517755827089,-13.901423528819864 30.504427702185836,-13.902466310482311 30.502862390737786,-13.904708707106867 30.501498575189846,-13.906125070081938 30.500141210858594,-13.906939245394096 30.498970411139187,-13.908319926769373 30.498534061456564,-13.909482295124445 30.498410469452615,-13.913809637571378 30.496612214803324,-13.916200140987554 30.496138923755307,-13.917211561156629 30.495356580402547,-13.91829508276305 30.494723481943581,-13.919831815176568 30.493030581113047,-13.923164359243264 30.491784615223558,-13.924356011598864 30.49066073044645,-13.924946676042879 30.488203317593058,-13.924130915849139 30.486130412412223,-13.923394380402849 30.483484463759893,-13.922200234644784 30.481444827108032,-13.921953322553316 30.480441013286537,-13.922131143191427 30.479272468472278,-13.923285884156661 30.478265382371927,-13.923764776275085 30.476107704384514,-13.923742433501381 30.473213052829085,-13.924164101971131 30.472134215727326,-13.92415291029447 30.471315671698004,-13.925010121325162 30.469988854970715,-13.926539557947454 30.468928454009507,-13.92837286659628 30.467675380342673,-13.930204165188952 30.466080432449189,-13.931580225450771 30.464841283111745,-13.932131915576736 30.463027861259601,-13.932338863432401 30.460216338434829,-13.932196635900304 30.457949608671349,-13.931570757960252 30.455341478765479,-13.930451987791487 30.453077675230709,-13.929562627382749 30.451997178178722,-13.929701880917948 30.451331431863611,-13.930673524140378 30.45231506132102,-13.932339926337624 30.453033526128198,-13.933589525511012 30.454436070452971,-13.935711971586436 30.454958185805886,-13.937298264993416 30.454821964258418,-13.939178785943996 30.454673359072562,-13.942188342962227 30.45550580597407,-13.943589688483579 30.45583485976087,-13.9452116027063 30.455810515517499,-13.947432043810014 30.455027879902513,-13.948515384099377 30.453513512166555,-13.949553421646804 30.451374322569261,-13.951337676623512 30.44908220803055,-13.953007386242 30.448026469254298,-13.954388939616715 30.447241285733973,-13.95569805017886 30.447391282336106,-13.959576407188163 30.447407853177346,-13.961571429719228 30.447192792312279,-13.963601657196588 30.446291542878928,-13.964947177126685 30.444927848769829,-13.966287828796322 30.442945897512288,-13.967772517628593 30.440272345665793,-13.96906170610904 30.438756945151095,-13.970174883591696 30.437238198626087,-13.971589120810874 30.436173544374672,-13.973760907200852 30.436146459502346,-13.976207112681488 30.436613276548478,-13.979298384388432 30.439034121172,-13.98692688940085 30.439573054869573,-13.990470585309849 30.439178270199857,-13.994794828661872 30.438177222366374,-13.998171703719901 30.435333236610756,-14.000889225906739 30.431347989434524,-14.002239638336464 30.428027549288,-14.002731357569859 30.425984845529936,-14.002709671644375</coordinates></LineString><LineString><coordinates>30.419084246424092,-14.002786837365464 30.422022209706981,-14.002027710025661 30.425804294782338,-14.0016162528013 30.427895163458576,-14.000772774547054 30.429918562087021,-13.999062884679377 30.432138816430061,-13.996978676415008 30.433785100227912,-13.99451198458406 30.43546779940991,-13.992233852242698 30.436192809626466,-13.989418646677587 30.436335955088524,-13.986936031723356 30.436053497908048,-13.984599472817195 30.435882487601575,-13.982640474481959 30.434980087323197,-13.980598471638119 30.434192478189324,-13.978632957380286 30.433863575740023,-13.977011035648111 30.433774241211555,-13.974638881288483 30.434071105115358,-13.972195530430485 30.435749433821531,-13.970293704050126 30.440256263228019,-13.967029060657822 30.4433296813609,-13.964426727944696 30.444905961349725,-13.961281667814117 30.445735936178643,-13.959408461769247 30.446368671899762,-13.954446810731483 30.446719622505995,-13.954074110112456 30.446807462285502,-13.953096427498314 30.45008444486281,-13.949479856133616 30.452231060770366,-13.947018190410372 30.453057190885502,-13.945483649995715 30.453073711374078,-13.943978269009866 30.451490051621047,-13.940800027040769 30.451004424404491,-13.939402304706569 30.450570141150227,-13.936838318848512 30.45054441788707,-13.935671246403846 30.44925833188945,-13.933474725461291 30.44823329911635,-13.932071351261651 30.447862465079705,-13.930750108954456 30.448495068105125,-13.92928882696455 30.449712217697879,-13.92723144148162 30.450373003837218,-13.926711416399453 30.452686434755392,-13.926585064708632 30.453454967809993,-13.926781295409427 30.455514972029476,-13.928684770784514 30.456319572879408,-13.929107203863779 30.458669919401853,-13.92913174063426 30.459438468953721,-13.929327953793004 30.461130927442465,-13.929609077071552 30.463989167542572,-13.928998991753485 30.466973246307727,-13.927449198883895 30.469229315366949,-13.925515406666927 30.470636875370047,-13.923648058162527 30.471816098247022,-13.921514852750896 30.472748578331682,-13.920809377374491 30.474060212564659,-13.920672419752549 30.475523920436743,-13.920725227162128 30.477057747358117,-13.921418623713992 30.478672316642943,-13.921774091526553 30.480508091651867,-13.919497064238845 30.481208958469324,-13.918826795814724 30.48309444965254,-13.919072113648086 30.484633590278968,-13.919276202391538 30.485933419276211,-13.920230608799564 30.486923393456745,-13.921332373149898 30.488217957711967,-13.922776034106276 30.490064154388346,-13.923096178427715 30.491943653181682,-13.920330180045047 30.493584219100967,-13.918276862427374 30.49547254697443,-13.914682834179706 30.496471414607019,-13.911380770987222 30.497656006029363,-13.90872048552021 30.499340617776014,-13.906140596284002 30.500785943973252,-13.904311040976209 30.501408846689888,-13.903715178595325 30.503306780205971,-13.902793604503827 30.50436032974482,-13.901562254724055 30.50572732404866,-13.899844779180395 30.506797365067854,-13.897070328865309 30.507515004151152,-13.894819236858442 30.507916368776787,-13.893317720235872 30.509636045177974,-13.891039202934344 30.510449504902123,-13.890633452896612 30.511565538206245,-13.890757751392782 30.513222940443669,-13.890699356277779 30.515121529773403,-13.889702389104796 30.516284113408624,-13.889074327610317 30.51949414185826,-13.887940093989556 30.521781542273985,-13.886608249768743 30.522832120232184,-13.88564024730246 30.524318452631849,-13.88354743151335 30.524793135588521,-13.882385375407406 30.524933076331639,-13.880090701875524 30.5246897697177,-13.877603941288793 30.523322096164772,-13.875783326051421 30.522258230924567,-13.874379834421163 30.521777417727549,-13.872492920851785 30.52199201189681,-13.870424852920197 30.52234950188608,-13.869412174204948 30.524530703000323,-13.867175814429588 30.526004112805804,-13.866287342579522 30.527324222742031,-13.865322028552413 30.528466851600346,-13.862924555604401 30.528451432773092,-13.860741222728533 30.528624631730853,-13.85893620535602 30.526795958129942,-13.856998040192298 30.525465284364433,-13.855328387985635 30.524830376871435,-13.853439922277127 30.525770790801168,-13.851943793106008 30.526389493903697,-13.851724199656733</coordinates></LineString></MultiGeometry>
  </Placemark>
  <Placemark>
	<name>lukusashi</name>
	<Style><LineStyle><color>ff0000ff</color></LineStyle><PolyStyle><fill>0</fill></PolyStyle></Style>
	<ExtendedData><SchemaData schemaUrl="#Luangwa_river">
		<SimpleData name="Name">lukusashi</SimpleData>
		<SimpleData name="OBJECTID">208</SimpleData>
		<SimpleData name="ID">0</SimpleData>
		<SimpleData name="RIVERCODE">0</SimpleData>
		<SimpleData name="Corridors">0</SimpleData>
		<SimpleData name="Shape_Leng">165402.09112600001</SimpleData>
	</SchemaData></ExtendedData>
      <MultiGeometry><LineString><coordinates>30.119897050312428,-13.346703998921212 30.122784305822101,-13.347701997643165 30.125379030268338,-13.348923751461649 30.127688612085702,-13.349744817376605 30.129704981658719,-13.350846422301093 30.132417078830848,-13.351955894091862 30.133797099406546,-13.352936713130738 30.135003203081883,-13.35391555764825 30.135625448638184,-13.355235547206746 30.136038667366503,-13.357071253103294 30.136017561166881,-13.358859461697161 30.135991425392472,-13.361073435049434 30.136011282255492,-13.363075018178003 30.136209597863683,-13.364695382414137 30.136676361262197,-13.365680054112033 30.137144635801175,-13.366536996872822 30.138131713823849,-13.367655302942747 30.139466178581493,-13.368820118301825 30.140883107267165,-13.370369100778815 30.142429005166917,-13.372047284305062 30.143759500974369,-13.373552698372199 30.144697632398152,-13.37513884219827 30.145379871099284,-13.376296271107165 30.145502806358152,-13.376936395133002 30.147067826565578,-13.376996646825793 30.148157000506309,-13.376838608119765 30.148989260410055,-13.376337007315783 30.150382337773657,-13.376224968064012 30.151168602884642,-13.375935753117265 30.152692640331477,-13.375782593900903 30.154874477621075,-13.375168421036777 30.156661930657517,-13.374805287182161 30.157623632533344,-13.374390274155735 30.158504848363993,-13.373420776094676 30.159381066024043,-13.372877045025021 30.16065264913934,-13.371997088580272 30.161654331353507,-13.371880585787661 30.1627414916417,-13.371892787249649 30.16447547045977,-13.372380651504034 30.16607601184112,-13.373122507759918 30.167327673252743,-13.373945613653307 30.168492369930796,-13.374767739944554 30.169656577737257,-13.375632440727776 30.170693812333059,-13.376197633387468 30.171470125791323,-13.376759903920773 30.173629608294572,-13.3780615583438 30.17505776045595,-13.378673692112869 30.176831346859551,-13.379502594344526 30.178645956158658,-13.380544862567604 30.179979231514526,-13.381837249172586 30.181097552440228,-13.382914316303768 30.181262588790034,-13.38368266084761 30.182038458500237,-13.384287486069242 30.182816809970983,-13.38467941930506 30.183463704715134,-13.385155051865301 30.18410465918998,-13.386141620253287 30.184360151215941,-13.386612888079304 30.185479504287159,-13.387604786808197 30.187076270750616,-13.388687167872503 30.188417054652977,-13.389340853975904 30.189238430213557,-13.389775834789672 30.190668186690555,-13.390260165818772 30.191752985811739,-13.390485150801807 30.192487391519631,-13.390919154725704 30.193090833679939,-13.391394285888541 30.194393592373075,-13.391579099811022 30.195957300765926,-13.391766805275468 30.197127619828027,-13.392120470505656 30.198560370583522,-13.392349291001141 30.199863636910607,-13.392491499995954 30.20095043310166,-13.392546134029031 30.20204707498679,-13.391749189357597 30.203232661388647,-13.390782885555492 30.20406735863947,-13.390068196252615 30.204851675842392,-13.389949126079488 30.206113905121185,-13.389877924172065 30.207108310099336,-13.390399935498586 30.208620197818426,-13.391310924385071 30.209958622267497,-13.392177405323343 30.210952555461862,-13.392741983765539 30.212030535319318,-13.393562995078172 30.213064539374511,-13.39442610201891 30.213925562153861,-13.395202127322861 30.21577516252329,-13.397011087557239 30.217885750382436,-13.398822916134119 30.219179292270649,-13.399816620314459 30.22042935079903,-13.400809840791094 30.221979476569029,-13.402189624189626 30.223701152815075,-13.403784213312862 30.22520635641887,-13.405291243366696 30.226623611004566,-13.406882471246579 30.228123967919309,-13.408815288140836 30.229190854002333,-13.410615581554527 30.230216697546737,-13.412202497889687 30.230981087360746,-13.413829125972471 30.231620362077628,-13.414985943582872 30.233049415286402,-13.415555239152773 30.234388069584497,-13.416421632060386 30.236342031117232,-13.416741157798397 30.238903989929181,-13.417152500937561 30.240032976784232,-13.417335205641082 30.241546635769659,-13.418118312430332 30.242105298344288,-13.418720621086395 30.242347324138159,-13.420384100666601 30.242583028645416,-13.422601122365709 30.242822623912023,-13.424477503014442 30.243201956667708,-13.425546290306425 30.243494294680872,-13.426614125642871 30.24452855513902,-13.427477149815124 30.245869751015672,-13.428130600603692 30.247381554079947,-13.429084008767063 30.248675385174838,-13.430077614241171 30.24945062083248,-13.430767452164297 30.250523571329996,-13.432056738720304 30.251381939668963,-13.433088165451489 30.252546276229879,-13.43399517282233 30.254322545399223,-13.434653336080039 30.256019575038252,-13.434629251624608 30.258501079486177,-13.434485940741629 30.260858851235884,-13.433745055478729 30.262696048468605,-13.432870728281753 30.264416730915912,-13.430760122830554 30.265526928774126,-13.42877063086709 30.266549140716261,-13.426865348659568 30.267436015398555,-13.425384452689689 30.268373122257721,-13.423307889137334 30.269255634671346,-13.422210211578731 30.270784853602972,-13.421630570664425 30.272788230282515,-13.421439327772763 30.273922099768516,-13.421196076753523 30.275142966385111,-13.420953761768873 30.276235735343239,-13.420497123365957 30.276927403982349,-13.420887876864413 30.277443636436278,-13.421404492708227 30.278048791015458,-13.42175172281484 30.279530658233938,-13.421512205281854 30.280274948453869,-13.421094372644893 30.28197718661426,-13.420601697654645 30.283073299190598,-13.419846955223559 30.283077610456463,-13.419463721764595 30.283861558716747,-13.419386997281437 30.28447102922242,-13.419350977979548 30.284997330636493,-13.418973366500664 30.286132621998938,-13.418602312262468 30.286613507046397,-13.41839455523111 30.288137420347258,-13.418283194419077 30.289620700785388,-13.417915865667357 30.291014114575848,-13.417803084271114 30.291883625986664,-13.41785501428412 30.292793774139088,-13.4181628999244 30.29439848849681,-13.41860600083057 30.295094482660204,-13.418613470798524 30.29605910448856,-13.417942426440799 30.297240265234585,-13.417358874123911 30.298635109129965,-13.41711830249498 30.299898976647146,-13.416918906858001 30.301201585342842,-13.417145792435567 30.302370845746783,-13.417626768634168 30.303499939544704,-13.417809198258002 30.304805411691586,-13.417780572828132 30.305809234334188,-13.417493192052289 30.306420607480092,-13.417286788271387 30.307556351142384,-13.416873046451988 30.308600347353519,-13.416884194823423 30.309820241297949,-13.416726865511611 30.310950765259292,-13.416781515739466 30.312690763992489,-13.41680007042978 30.313999079776409,-13.416515899315668 30.315357045267298,-13.415678610055146 30.316752353750129,-13.415395349279059 30.31761620510472,-13.415958184024332 30.31782283120021,-13.416939902261463 30.31811835078156,-13.417752214788017 30.318678655777976,-13.418226641753922 30.319847499271308,-13.418750127877477 30.321366244321144,-13.419106975406955 30.322884522613808,-13.419506398297623 30.324101603639129,-13.419604498477318 30.325319629968856,-13.419617427191858 30.326363654216813,-13.419628504282219 30.326854419103348,-13.41852641894026 30.327635078247567,-13.418747637465112 30.328150494898438,-13.419349335887702 30.329143483963357,-13.420041271037267 30.330007387074318,-13.420604070705968 30.330740320947591,-13.421208069902443 30.331209424526584,-13.422064802980195 30.33119342191641,-13.423512633019081 30.330396732958587,-13.424739251056076 30.329429795497578,-13.425623355510565 30.328547971177997,-13.426678710299466 30.328235912621828,-13.427356810956319 30.329052093244798,-13.428302405361032 30.330080611395076,-13.429718718998055 30.330673167079382,-13.43121558599597 30.330880791493847,-13.43211213878252 30.331086532594075,-13.433179024684863 30.331384463380765,-13.433778417549311 30.332591268350139,-13.434813322142164 30.334014663715305,-13.435935693464982 30.335223844706423,-13.436757672655537 30.335691574109973,-13.437742155496387 30.3363678942181,-13.439538022694309 30.3374806851232,-13.441210743965177 30.338380664123513,-13.442455326963568 30.341869871988454,-13.445643756952157 30.344325331787466,-13.447884293562428 30.346396776038905,-13.449439343566072 30.348163226982532,-13.451033754715695 30.349588198745749,-13.452028316082005 30.351612462554417,-13.453923548150293 30.353159101125847,-13.455728564078239 30.35458225199201,-13.456893441717826 30.356985557365128,-13.459942533694772 30.358013427412612,-13.461443954039236 30.358611815815053,-13.462429789954928 30.359373037740497,-13.464439472689154 30.360219889200359,-13.466577821335235 30.361375532960935,-13.468336112498427 30.362141457057678,-13.469919951995763 30.363640087370488,-13.472150318994647 30.364621263602537,-13.473949360714668 30.366504556104903,-13.476822594465022 30.367959749683155,-13.479052493387083 30.369112703038336,-13.481066274796232 30.371222050564246,-13.483175252581626 30.37234317384933,-13.484123959571487 30.373676759159771,-13.485543369984583 30.374021152411789,-13.485887690125494 30.37506457464854,-13.485983787044423 30.376938962539739,-13.485705263934985 30.378518965008805,-13.484486680194607 30.379400865647177,-13.483431153812782 30.380557765775769,-13.481100805213876 30.382472383835175,-13.481120780050563 30.384605039204267,-13.481100421987273 30.385740112976855,-13.480771529838485 30.387306623219622,-13.480787841260661 30.388091729465803,-13.480625653037945 30.389523074030393,-13.48106644265369 30.391345593526527,-13.481553880847622 30.392561227555479,-13.481822052727164 30.393994438722622,-13.48209247851247 30.395252211777038,-13.482488846357608 30.39646093874665,-13.483395780424267 30.397060462422704,-13.484296391604151 30.397396131868966,-13.485449805883517 30.397646616649965,-13.486431975998205 30.398639637208014,-13.487166305915244 30.399858079362705,-13.487178936721159 30.401299167523696,-13.486725375660372 30.40252589534353,-13.485971454782835 30.404679320839485,-13.48403458374916 30.40696233903849,-13.48218420835283 30.408681924705128,-13.480115037429604 30.409648427942187,-13.479273203589798 30.411169608529178,-13.479459258778119 30.41299081531406,-13.480074303364493 30.414857380422415,-13.480519440652213 30.416464236627686,-13.480834119611034 30.418419678456921,-13.481109784035816 30.419377016036961,-13.481119628965148 30.421217454269719,-13.47994600216955 30.424636279511127,-13.477681192044701 30.427136680946287,-13.475832825084474 30.429270722831664,-13.475684319144682 30.430703980419889,-13.475954536045437 30.432396512400544,-13.476397761775353 30.434177900083537,-13.476671520060044 30.436482839120668,-13.476822838372408 30.440013920549081,-13.476262588569462 30.441271331034709,-13.47670132051109 30.443217295364658,-13.477871115218379 30.444547269007018,-13.479673500146923 30.446659650694475,-13.481569026567872 30.448480107440894,-13.482269006096836 30.450824132904625,-13.482846517348845 30.452650934533175,-13.482950249604446 30.453859030753225,-13.48394212110925 30.455156425435487,-13.484721933927663 30.456104337919129,-13.485625974448984 30.457268493854578,-13.486659979249245 30.458520146824512,-13.487652275761127 30.459384199561626,-13.488257313915161 30.460329441173059,-13.48941686786633 30.46066183152227,-13.490910952433428 30.461609338666527,-13.491857566994941 30.462371077526484,-13.493909692187341 30.462708432081339,-13.494935313873968 30.463605244419728,-13.496562884399655 30.464761838180909,-13.498320857364236 30.465671263389915,-13.498755973509491 30.467020837078646,-13.498727021104576 30.469066287448339,-13.498747679697919 30.470367857218086,-13.499144146120436 30.47106014542188,-13.499534461509148 30.47179191953547,-13.500308503478424 30.472824756337076,-13.501426318537789 30.474249292874195,-13.502548078549635 30.475589040872855,-13.503456016538109 30.477230763777669,-13.504622543569184 30.478529699760156,-13.505274503899253 30.478682305036418,-13.507320476830497 30.480639013160086,-13.507510530230334 30.48299055625036,-13.507406387899177 30.48429622511788,-13.507419501295145 30.486555819475598,-13.507782920389626 30.488043165009959,-13.507073760755102 30.488696447162027,-13.507037716872722 30.489343044132855,-13.507640495140468 30.491854886928589,-13.508858253588983 30.494670975743137,-13.510121625729441 30.496488726355203,-13.511119436960698 30.49813639745701,-13.511732202017617 30.500396517998727,-13.512052918258657 30.502221854168347,-13.512326686523538 30.504618768711264,-13.512052426216368 30.506410776205751,-13.511346187922513 30.508253820007909,-13.509916355571081 30.509756170747313,-13.507759033552892 30.510604324272236,-13.505722979233793 30.510673913712502,-13.503210659842225 30.510862579205757,-13.501806951211636 30.511477630949255,-13.501259344186685 30.512215741490763,-13.501437044218628 30.513459354020306,-13.50323831089398 30.514443610222877,-13.504866627594383 30.515215555148398,-13.505981714970417 30.515947070271867,-13.506798245667815 30.517468623729645,-13.506983699297882 30.520100276845291,-13.505050451483285 30.522868612844601,-13.502522206806468 30.524496964872622,-13.500791948609354 30.525728764316987,-13.49952629461394 30.527004949956869,-13.498175883620084 30.528407302999437,-13.497252645039216 30.530021121752952,-13.496927796952447 30.531068714227668,-13.496639956806685 30.53210579988912,-13.497374265020223 30.533183351142025,-13.498407126281666 30.534351893348472,-13.499057532996181 30.535786387353241,-13.499242014161188 30.537404150357432,-13.498533809782895 30.539288276796039,-13.497317076116092 30.541038767454268,-13.49639717533522 30.542743108451905,-13.495732373844971 30.54453492199632,-13.495025821480976 30.54579358070972,-13.495378898805146 30.547094026995193,-13.495902756375362 30.548391869930889,-13.496682149571189 30.549612239309578,-13.496523700350391 30.551232997874997,-13.495517264228816 30.552983443234375,-13.494597269784638 30.555133379637606,-13.492914450291631 30.556187875577155,-13.49194504853741 30.558146796686447,-13.491921532419422 30.559455485095651,-13.49163610597814 30.560637931222423,-13.490923494750085 30.562741242145162,-13.489538307395328 30.564882008609089,-13.48874979225732 30.566934427204522,-13.488088184435309 30.568503790750047,-13.487847828283828 30.570107198410184,-13.48854488470324 30.572182901140248,-13.489885430758005 30.573524342515864,-13.490665124534583 30.574343524617618,-13.491439761653231 30.575945258696343,-13.492307152271595 30.577638775950891,-13.492706872122914 30.57964254008667,-13.492555834774871 30.581123602977144,-13.492442335884842 30.583292459921928,-13.493187366447671 30.585328194750087,-13.494186672784346 30.587144618443016,-13.495354236873931 30.589003730384633,-13.496607391919602 30.59077581515615,-13.49785969987931 30.592548346580351,-13.499069407709127 30.594405811893431,-13.500492898904747 30.596090906184958,-13.501744342982654 30.597042059862847,-13.502392401294635 30.598256927893619,-13.502787408669571 30.599292161455022,-13.503734436872719 30.600202362048119,-13.504126516870206 30.603081432596408,-13.503515129088479 30.605699765040203,-13.502858618342442 30.607270080759452,-13.502532844503127 30.60915101146939,-13.501613676763499 30.610550607056023,-13.500945482362207 30.612560821164173,-13.500155306498463 30.614743854703665,-13.499494545275834 30.615967212323078,-13.499037621386437 30.617504118090565,-13.497689145012545 30.618909165266622,-13.496467193293505 30.619744156861771,-13.495665787449267 30.621493580854043,-13.4948304551323 30.623243414845575,-13.493952516064537 30.625073127170392,-13.493799462373227 30.627554024298075,-13.493822942813916 30.62951178922129,-13.493926648909518 30.630556380252518,-13.493936520004308 30.63146493791837,-13.494498860717668 30.632821763904559,-13.493744927816136 30.634357714765407,-13.49248151187186 30.636553638104335,-13.490500154177996 30.637659753168887,-13.488678900660709 30.638286670479378,-13.486895727368518 30.639003552623613,-13.484815217080516 30.639757250835412,-13.483416601562835 30.640765388698011,-13.482701929055324 30.642244751751146,-13.482758428098506 30.643837568436496,-13.484562468009786 30.644906453067296,-13.486531974552095 30.646589281937445,-13.488038667683208 30.649091592984352,-13.490319785952449 30.651634563012614,-13.49289944842905 30.653925171408812,-13.494582186364861 30.655435259066969,-13.495959427539976 30.655381751349239,-13.496981267669048 30.654242170627498,-13.49777996076098 30.652461765602212,-13.497337324404905 30.650760086865787,-13.497747359772912 30.650228604602116,-13.498679522067441 30.650128210793156,-13.500041695326022 30.65041621911843,-13.5017482892401 30.651709936309519,-13.502995736060107 30.653491212132266,-13.503353198394212 30.655360381652834,-13.503626275575336 30.657405329336488,-13.503730592104308 30.658141969040152,-13.504078257066475 30.658961509731277,-13.504852669503279 30.660475008392627,-13.505889146013862 30.660980732859205,-13.507597771290987 30.660918101819973,-13.509556676348124 30.661206188980881,-13.511263271038031 30.661930815016905,-13.512846147820351 30.662567975607267,-13.51447080497889 30.661802224170799,-13.517104708858326 30.66135986232554,-13.517824736881357 30.66099208905981,-13.519823388427097 30.660759888078193,-13.521312134511341 30.661441830675617,-13.522809421205276 30.662646155263865,-13.524311587129347 30.664017973971934,-13.526496874400383 30.66452374443319,-13.528205502007554 30.664209051971461,-13.529224907579568 30.663066413041289,-13.530321775560688 30.662363244935342,-13.530996767682463 30.66157342323433,-13.531628349772367 30.661519492646814,-13.532692784111015 30.66259741568339,-13.533767799104833 30.664066314791242,-13.534931657765418 30.665452731094931,-13.535626165677328 30.667190744347014,-13.535983165056845 30.668926691894885,-13.536553123578845 30.669220644111146,-13.53766340536397 30.670204094390801,-13.539504274852614 30.670880743808848,-13.541555272432456 30.671638669584429,-13.544203397298526 30.672051638726217,-13.546507525772174 30.672730386817872,-13.548345554082751 30.673673675202053,-13.549845262952219 30.674874051420176,-13.551773340712231 30.67612336428013,-13.553148098375205 30.677805166474013,-13.554825058554407 30.679103012645939,-13.555689081803543 30.680837483821321,-13.556429360345055 30.682442593607014,-13.557040633316163 30.68291201140865,-13.558024745537391 30.682422354897419,-13.559127750983116 30.68167518253761,-13.559844981102673 30.680492208806747,-13.560600757666455 30.679046342684359,-13.56152447556998 30.67821000585614,-13.562453853207861 30.678155704688585,-13.563560894371477 30.678364705889546,-13.564457394946123 30.678784367160429,-13.566080019582841 30.679722782864268,-13.568090850049114 30.680665349374486,-13.569675737817809 30.681610408815665,-13.571005058133311 30.682902562710225,-13.572465395863555 30.683848471044243,-13.57370952310443 30.685097523693276,-13.575126854379924 30.685387854798911,-13.57662048221494 30.685370090451507,-13.578452034723146 30.684572286009356,-13.579892961532213 30.682996503793195,-13.580730283688631 30.681990483512983,-13.581189510227171 30.679638382062432,-13.581252825897941 30.677978809697755,-13.581748548920814 30.676670473561114,-13.581949348879654 30.67605134018709,-13.582923328532537 30.676036815747466,-13.584414115991127 30.677243977510965,-13.585660704959166 30.677970104480259,-13.587115798618798 30.678043504237557,-13.588522211480893 30.678115658102616,-13.590056406650115 30.677934845624389,-13.59073628622466 30.676929189516759,-13.591152889874918 30.675795390188686,-13.591312706921762 30.675138495746072,-13.591689958163196 30.674784743517737,-13.592240427196234 30.675250017894253,-13.593650495386647 30.675235476526222,-13.595141281610674 30.674751916071443,-13.595605342940479 30.67318639272915,-13.59537773415709 30.672311760489354,-13.59575294127451 30.671826113151145,-13.596429964695641 30.67225074115979,-13.597541472394221 30.673591896941019,-13.598448556417503 30.67441592701697,-13.598797035551705 30.675631450563472,-13.599191763672444 30.67689800002368,-13.598820203535579 30.677552423825176,-13.598698514070252 30.677543704491022,-13.599592986751219 30.67688429394703,-13.600225802504291 30.676563273919022,-13.601884120092425 30.676722084941815,-13.603461719851 30.677226773818056,-13.605298134121645 30.67786210890791,-13.607135767346886 30.678455565278917,-13.608802618061848 30.679306160837879,-13.61089784517719 30.679690199494345,-13.611710786012548 30.679452527136942,-13.613753264680044 30.679476968696033,-13.615712991570264</coordinates></LineString><LineString><coordinates>30.679436388430698,-13.610941657444124 30.680437980701985,-13.61095099688675 30.682666369277303,-13.610204999169367 30.684765347914869,-13.609329980966374 30.686080049421903,-13.608490249270242 30.687921443892609,-13.607229423077131 30.689019628586628,-13.606259867049404 30.690513444500969,-13.604910592396353 30.692052852873562,-13.603348737811718 30.693636200329692,-13.601744679470332 30.69490852154355,-13.600776702733473 30.695695236343091,-13.600485796214487 30.696698855323817,-13.600282090658126 30.698179422204582,-13.600295782180122 30.69913579149334,-13.600475015273732 30.70074289011194,-13.600915845305439 30.702174988537227,-13.601440247363225 30.703522876156775,-13.601665676139001 30.704697812142307,-13.601761707563544 30.705657888591301,-13.60155756404599 30.706884983652824,-13.600759496325265 30.70850603713648,-13.599752053868256</coordinates></LineString><LineString><coordinates>30.706494690279321,-13.582481100190726 30.704056277206707,-13.582458655010946 30.702708495222389,-13.582233245962886 30.701406310747377,-13.581795258763844 30.69946372423432,-13.580030803988606 30.697692457764667,-13.578566109409318 30.695961466406317,-13.577442563901192</coordinates></LineString><LineString><coordinates>30.694357824922918,-13.576660972209371 30.6925767346846,-13.576218517659104 30.691143160808242,-13.57586446390334 30.689272529611532,-13.575676746680802 30.687966290285036,-13.575664641198019 30.68626694095418,-13.575776677082859 30.685221538085536,-13.575809574664037</coordinates></LineString><LineString><coordinates>30.716559510944855,-13.563702169377207 30.714953827930866,-13.563133690240988 30.713823830086184,-13.562910349308959 30.711957331814947,-13.562296864346695 30.710218606499197,-13.561982730919734 30.708217424920193,-13.561793972518759 30.706039638944311,-13.561859168669159 30.703329556999957,-13.562941814324326 30.702364724340072,-13.563657112139611 30.701570357539374,-13.564757360526789 30.70099040280774,-13.566200369987632 30.700454389100777,-13.567601182574451 30.699354805515,-13.568741206599798 30.697905243723032,-13.570048389247345 30.696236729310321,-13.57148133387045 30.694392385516171,-13.573083032681792 30.693118581792646,-13.574221410157072 30.692023875096492,-13.574850257585085 30.691149341301863,-13.57522554733425 30.690229615159865,-13.575770809060199</coordinates></LineString><LineString><coordinates>30.647478110377801,-13.552709572058433 30.649028649205235,-13.554428056011188 30.650581720802762,-13.555890975193968 30.651790284298993,-13.556967271877141 30.653517956414493,-13.55838922244442 30.654646577366226,-13.558740603807658 30.656735946477085,-13.558802817632225 30.658741999836533,-13.558480856791853 30.660746800665983,-13.558286659123816 30.662618905723278,-13.55830419039739 30.664265833075607,-13.559086357196533 30.665775085797222,-13.56059138754463 30.666452140375782,-13.562599803898715 30.66634634092761,-13.564515707618778 30.666416773081899,-13.566220269776759 30.666792395618135,-13.567885088189012 30.667730291169509,-13.569938541975461 30.669140487284196,-13.572677970183923 30.67042757301946,-13.574649486990802 30.671802591067998,-13.576536625018663 30.673397412929006,-13.578212820603543 30.675650775565288,-13.579341377906019 30.677820396077088,-13.58012835458929 30.678991053134961,-13.580650429445862 30.67968192488399,-13.581253231147738</coordinates></LineString><LineString><coordinates>30.706496312453961,-13.473172627600405 30.706045239007484,-13.474829866249085 30.705331794529673,-13.476612502605692 30.704971815136883,-13.477844581159122 30.704173335648921,-13.479413438645404 30.703506231403615,-13.480898297300204 30.702710986017063,-13.48212638632249 30.701786378284726,-13.483225491132368 30.701078980059126,-13.484369179522938 30.700550158776561,-13.485045914951883 30.70040327996885,-13.486748519405372 30.699827255671298,-13.487808207423358 30.699032371608972,-13.488993682676892 30.698245641514799,-13.489327256071022 30.697718432671657,-13.489833602353542 30.696932922521803,-13.490039385787156 30.69632355885987,-13.490033790947676 30.695402566841892,-13.490749508118201 30.695090528268132,-13.491513416454076 30.694557992917552,-13.492573486355399 30.69415685119764,-13.493549565573257 30.693402581319312,-13.495033579141314 30.695056193611219,-13.495091381141597 30.695973526723368,-13.494759022222244 30.697673933960655,-13.494476446995538 30.698634381988704,-13.494187071692822 30.699594012331236,-13.493982881911526 30.700163939333798,-13.49356212140159 30.701167501015057,-13.493315729248021 30.701778506228393,-13.493150933332124 30.702867897506671,-13.493033117028741 30.704522729084953,-13.492963068989155 30.706263801320432,-13.492978996855589 30.707350753496268,-13.493116731633876 30.707870637357175,-13.493377076574811 30.709043834535969,-13.493600790133407 30.710481039596331,-13.49352871599066 30.711046892197245,-13.493533880653848</coordinates></LineString><LineString><coordinates>30.693575870721599,-13.49512036963951 30.692392460692854,-13.4959614535273 30.691735052572199,-13.496423986410285 30.691297735634055,-13.496632952940365 30.691156915069229,-13.49769661830987 30.690403841004432,-13.499052832936881 30.690091772334476,-13.499816729387545 30.689743551218662,-13.499813520740879 30.689514024610521,-13.501046759087803 30.689073825911347,-13.501553882034599 30.688233259237798,-13.502951878587577 30.686866646390271,-13.504728399577223 30.686338556893048,-13.50531990165296 30.68628435040868,-13.50642695737012 30.685844955660244,-13.506848883088082 30.685705741276614,-13.507742161538657 30.685388711262792,-13.509017180966923 30.684904547504729,-13.509566485575847 30.684282802840901,-13.510838686263082 30.683787115131306,-13.512580631240379 30.683550952392821,-13.514495366586415 30.683317664229168,-13.516111940365857 30.682829774390324,-13.51704458637272 30.682340233157362,-13.518147608406526 30.681018244354405,-13.519796695052669 30.681344240586828,-13.522100013501335 30.681466181352906,-13.52299570380919 30.680418126386908,-13.523326778942094 30.679149111893,-13.523996584553309 30.678573709130173,-13.524971003177564 30.678523987133747,-13.525609512811975 30.677430322738488,-13.526153139109342 30.676466836464726,-13.526740567318361 30.67577032384094,-13.526734099098121 30.674375232297081,-13.526934127338443 30.673150543683661,-13.527519112430435 30.672147236811256,-13.527722770103578 30.671573453790295,-13.528526791009023 30.670912187240354,-13.529372592345309 30.670158879057695,-13.530728708357554 30.669580520935753,-13.532001255363884 30.670217765730445,-13.533625907411013 30.670205746578741,-13.534861131092509 30.66975880521154,-13.536049705732815 30.669445777609322,-13.536898743428374 30.669179598935212,-13.537407435441123</coordinates></LineString><LineString><coordinates>30.696921025820792,-13.413872715170656 30.69621508402788,-13.414888639847186 30.696026006975334,-13.416463069139402 30.695710856176529,-13.417567757690509 30.695436776580308,-13.418928414387313 30.695111806677847,-13.419921190856451 30.694997133932642,-13.421677341629417 30.694755270544562,-13.423080889129997 30.694514013024904,-13.424420543489815 30.694437760954525,-13.425570012340469 30.694396888677741,-13.426432263362098 30.694319718474837,-13.427677570243153 30.694081501423359,-13.428697760358462 30.693807898441051,-13.430005167107774 30.693569370066932,-13.431057301057784 30.693560516287892,-13.431983742025473 30.693448254769304,-13.433484318931505 30.693369238884991,-13.434921301244524 30.693319192206403,-13.436741937187996 30.693242308798151,-13.43795529526758 30.693095871994309,-13.43961530196305 30.693082121176452,-13.441052881998715 30.69309275450717,-13.443353307765912 30.693112249227337,-13.444727293518165 30.693266576702708,-13.445655229196104 30.693291878656069,-13.446422236838787 30.69325373762646,-13.446996969602838 30.692757431600715,-13.447695296744271 30.692489288076278,-13.448427664030106 30.692349556381529,-13.449384851512354 30.692143933274561,-13.450405332775361 30.691873029656051,-13.45142521362161 30.691635068284601,-13.452413447264064 30.691364771129056,-13.453369434679262 30.691290920929369,-13.454263327284663 30.691020619146492,-13.455219314548195 30.690130158560972,-13.456169604214349 30.689340369180623,-13.456833274904199 30.688000602944623,-13.456980703191377 30.686860050024716,-13.456778520900558 30.685982458948946,-13.456387059791741 30.684973392079431,-13.456090232609329 30.683700446259362,-13.456078510036754 30.683338031467027,-13.456426607449634 30.683040280149037,-13.456839198220562 30.682443236375747,-13.457824107147252 30.682368734464703,-13.458781882850205 30.682131645660931,-13.459674262123549 30.681730430760275,-13.460660974029738 30.681072089327099,-13.46122997828571 30.679756937524317,-13.462208251422776 30.678541544709649,-13.462995746176631 30.677489962773919,-13.463720849698708 30.676307196359318,-13.464508632756738 30.675484395904579,-13.465203892666977 30.675311627960589,-13.46619270064275 30.67481214057041,-13.467210433428743 30.674573159210681,-13.468294473579064 30.674140180243626,-13.46918502559976 30.673380785320017,-13.470072553431095 30.6727858277054,-13.470833806998346 30.67138225024657,-13.470820799803056 30.669815158198595,-13.470838216373037 30.669254377019644,-13.471440034872904 30.669467084044182,-13.473071379915091 30.669913854038533,-13.474129824920032 30.67029410703266,-13.475315445966736 30.670742740670477,-13.47618221679841 30.671384137024926,-13.477370259559702 30.672286987227558,-13.478528777323394 30.673385391249447,-13.479721053868476 30.674711688332483,-13.480979335116977 30.675781488530479,-13.481756008850791 30.676067553961534,-13.482557371412097 30.675442702619023,-13.483030813626923 30.674300814625678,-13.482956338567959 30.672995093549645,-13.482944236301506 30.671885231735498,-13.482933944046405 30.671262849615793,-13.483151809616025 30.670604107835953,-13.483752717835911 30.670140602370633,-13.484419332999536 30.669774403971807,-13.48515074707041 30.669439917796357,-13.485978299669965 30.669169785968332,-13.486902295017217 30.66886390889762,-13.488145442305361 30.668687982266306,-13.489453692800694 30.668614635112341,-13.49028366922332 30.668344491680902,-13.491207662078745 30.667357726915423,-13.49196524975781 30.666828285043543,-13.492695137881253 30.666067225671444,-13.493742352247319 30.665831264345393,-13.494506917115418 30.665825675662443,-13.495081934753593 30.665884444087407,-13.495753396933631 30.666401479760555,-13.49630133135061 30.667145790544811,-13.496979171624048 30.667271713885878,-13.497459569403082 30.666937816128385,-13.49822322304858 30.666411150599391,-13.498665598653638 30.665454815852822,-13.499647093432456 30.664826169797212,-13.500503843238148 30.663867334658942,-13.501740892593897 30.662879576595664,-13.502594288426595 30.661889009776523,-13.503735186963745 30.660963414889967,-13.504908634544627 30.660269133954106,-13.505796703462803</coordinates></LineString><LineString><coordinates>30.723229019075216,-13.352283535017959 30.721889234231821,-13.35249513589129 30.720158230662545,-13.352671258271023 30.718853170883612,-13.352659506889665 30.716569319750963,-13.352638925827343 30.715202618964039,-13.352243203892456 30.713712034349456,-13.351143465559929 30.712184926766582,-13.350458735314158 30.710845453568439,-13.350638331100219 30.709795999098617,-13.351203936628016 30.708910875822486,-13.351643225125896 30.708152636528574,-13.35246705161199 30.707296814230673,-13.353258043128911 30.706470896616878,-13.354336845720459 30.705641952972933,-13.355735112867469 30.704716024347917,-13.357036646793041 30.704052611166045,-13.358180810224301 30.702837253783443,-13.359032418653845 30.701952091046024,-13.359471675899302 30.700517714823807,-13.359330852637022 30.699244962110793,-13.359351238180224 30.698687274723461,-13.359665661453011 30.698702331160803,-13.361518857183192 30.698689908457368,-13.362828665306674 30.698485658801541,-13.363721387926269 30.697924928288248,-13.364355272388588 30.697914014537361,-13.365505346690073 30.697832992796112,-13.367165971856535 30.697979758694434,-13.36889256692116 30.698382093490846,-13.371196574831702 30.698532802428407,-13.372507866286446 30.698516728686872,-13.37420103049687 30.698182249581176,-13.375060616181575 30.69748945396864,-13.37585304015937 30.697579754121492,-13.376652592886797 30.69711505294379,-13.377479040952014 30.696681156632557,-13.378497462815298 30.695658403711271,-13.379670262388858 30.695164402239161,-13.380144996308484 30.694725627193055,-13.381674555527299 30.694976332138797,-13.382763114056226 30.695615863318256,-13.384142760833955 30.696676254778247,-13.385877684343669 30.698356035386492,-13.387682148075289 30.699549107651411,-13.389194629452374 30.701103564313339,-13.39045480156687 30.702205140646857,-13.391295506693536 30.702751080811698,-13.392227002472618 30.702548924966223,-13.392896099057495 30.701823145941919,-13.393720176591714 30.7010970584044,-13.394576198473345 30.700238921030383,-13.395590760426048 30.699516465233994,-13.396063417930117 30.69859517886028,-13.39685375337638 30.697611356644277,-13.397355970818083 30.696855043825206,-13.397956107385212 30.695969111117488,-13.39845921015376 30.695246640438995,-13.398931852603388 30.693967288716145,-13.399623049898796 30.692687930437749,-13.400314239485175 30.691342385613606,-13.401100663762508 30.689607074158701,-13.40169181675479 30.688326473958043,-13.402510765508547 30.687050448097065,-13.402850513888296 30.685903726600028,-13.403319236173553 30.684725592207958,-13.40365986827732 30.68413606477877,-13.403878101465418 30.683186660569529,-13.404188876642143 30.682398580916068,-13.40469282197593 30.682392457866378,-13.40533174328672 30.682677886564822,-13.406196983521612 30.683193278101001,-13.406904591668008 30.68354795632273,-13.407355132675507 30.683442098676945,-13.408184832044784 30.682881212546054,-13.408818658830766 30.68235203775604,-13.409548621428376 30.681398625627146,-13.410274683295885 30.679830385149792,-13.410451956653791 30.67881721819688,-13.410602379698501 30.678091306400574,-13.411426366122811 30.677464210670919,-13.412155413738221 30.676995059379621,-13.413429043181695 30.676754031989574,-13.414736721277992 30.676450804989759,-13.41572433768132 30.676438516678907,-13.417002173738791 30.676724236801522,-13.417835472986098 30.677433284417422,-13.418768519265832 30.677915737867661,-13.419507784541972 30.678266427765571,-13.420373631150573 30.678158696457857,-13.421394999291955 30.677464765269256,-13.422283170711045 30.676449087796303,-13.422689141786577 30.674521475610881,-13.422895004088829 30.673343849526688,-13.423171673881637 30.672848168922034,-13.423806069328677 30.672964854634237,-13.42524483602144 30.672819534478851,-13.426777027544647 30.67274348545574,-13.427894527085273 30.672728393908105,-13.429459870266337 30.672650184236161,-13.430800989750363 30.67218434562373,-13.431723194718293 30.671618437259532,-13.432868113271232 30.670688896914822,-13.434488894993862 30.670187320607806,-13.435730248392314 30.669751319925901,-13.436940259283887 30.66990092623152,-13.438347379662712 30.670972392018811,-13.438932367693951 30.671955818613068,-13.438494183527652 30.672913693545397,-13.437320941030471 30.673931287602525,-13.436723320800853 30.674845117325322,-13.436731761218727 30.675557893846911,-13.437281469245708 30.675543733193713,-13.438750976430564 30.675532957645885,-13.439869079991075 30.675516330590018,-13.44159415410185 30.675110820875219,-13.443028097501941 30.674962095373953,-13.444911692815285 30.67474962887065,-13.446634955918171 30.674446948196117,-13.447558668460825 30.674175669802985,-13.448610464459311 30.674124840793201,-13.450494962953163 30.673944996374853,-13.452218523817887 30.673926491485368,-13.454135268857884 30.674241162727693,-13.455352225517226 30.675537795656588,-13.456290724349474 30.676283880206196,-13.456776849607012 30.677653201249999,-13.456949244056903 30.678958169083852,-13.457025190699381 30.679666084950327,-13.458086031065028 30.680245601358287,-13.458922045488515 30.68089193959015,-13.459598931706875 30.681447127260846,-13.45957210406872 30.68219877035245,-13.459483188375584</coordinates></LineString><LineString><coordinates>30.666163659048721,-13.402881871955097 30.666542606033133,-13.404195265785342 30.667184773101368,-13.405287454162467 30.667730279798121,-13.406250953596789 30.668148957307437,-13.406829898019858 30.668108622576639,-13.4076282391151 30.666927680766115,-13.408256292363765 30.665325283299111,-13.408592901772446 30.66418313702831,-13.408582329328254 30.662843961012424,-13.408697720713633 30.661694400712104,-13.409453830416131 30.660086427468428,-13.410365424083148 30.658672384576199,-13.411470496146269 30.65843002668058,-13.412905923354645 30.658579574810439,-13.414313039694575 30.659218935379165,-13.415692755330964 30.660122157662428,-13.416787383070513 30.660631616186919,-13.418101995049438 30.660677394397794,-13.420115168937032 30.660529839054075,-13.42187096031298 30.660617840758178,-13.42289412600258 30.661066680482236,-13.423728950426929 30.661384983249583,-13.424562562199871 30.663437887758633,-13.424901090225287 30.665038235577601,-13.424788129754765 30.667027116072116,-13.42499824183446 30.668587737318841,-13.425619708040097 30.669332177970919,-13.426265565167329 30.670470404908205,-13.426691422617191 30.671670826197595,-13.427437335932769 30.672323227611422,-13.427475312551826 30.672747489014228,-13.42747923179097</coordinates></LineString><LineString><coordinates>30.666230155756086,-13.402754692294877 30.664271928413108,-13.402768525222342 30.663129502779508,-13.402789898023283 30.661887018991614,-13.403033977859774 30.660903736317241,-13.403472144465887 30.659790540398195,-13.403845205401408 30.658705026325521,-13.404729691671159 30.657652754541679,-13.405550584091323 30.656765805354397,-13.406149367028517 30.655681818349102,-13.406874109117155 30.654959880210178,-13.407282728279593 30.654177944270774,-13.407147666580187 30.653111000125445,-13.406115399180134 30.651389254708217,-13.405300673501927 30.650115675898032,-13.405384660608808 30.648479418606826,-13.405848639891355 30.646647364445371,-13.406310781414465 30.645404549074289,-13.406586720223107 30.644461332726809,-13.406258434787947 30.643974966055907,-13.405934413313565 30.643067188874547,-13.405318921904193 30.642032005061274,-13.40438275734523 30.641093477203967,-13.403575285709355 30.639960725819144,-13.402606254146837 30.638370211284109,-13.401728781384623 30.636876042852787,-13.401011941456387 30.635932863136077,-13.400683629488595 30.635282742066629,-13.400421956482532 30.63401357165889,-13.400058637028359 30.632320519202761,-13.399659387647915 30.630980780757167,-13.399838505014053 30.629572650179398,-13.400336450286945 30.628259589232297,-13.401122809752792 30.626256253673855,-13.402413834083378 30.624907090786756,-13.403551257935375 30.623459706388481,-13.404719694975919 30.622207783663868,-13.405921911862924 30.621186154885834,-13.406934605231879 30.62036376492005,-13.407597749435849</coordinates></LineString><LineString><coordinates>30.64625484806481,-13.406402964999813 30.646177144081868,-13.407680164528971 30.645644452616978,-13.408761430043192 30.645041200580941,-13.410385152143389 30.644144866293619,-13.411942238064686 30.643381543338137,-13.413244977492681 30.642124039548534,-13.415022312323091 30.641231097264392,-13.416227985954073 30.640107526812947,-13.417655131266176 30.639211753045956,-13.419148298378072 30.638183870803601,-13.420799963441977 30.63741985752219,-13.422166563726922 30.636026091767494,-13.424517637655889 30.635360267631,-13.425853201039461 30.634107639952074,-13.427119355496737 30.632982091501969,-13.42873812274606 30.631926812211361,-13.429846376945504 30.630444758319637,-13.431206193461874</coordinates></LineString></MultiGeometry>
  </Placemark>
  <Placemark>
	<name>lukusashi</name>
	<Style><LineStyle><color>ff0000ff</color></LineStyle><PolyStyle><fill>0</fill></PolyStyle></Style>
	<ExtendedData><SchemaData schemaUrl="#Luangwa_river">
		<SimpleData name="Name">lukusashi</SimpleData>
		<SimpleData name="OBJECTID">209</SimpleData>
		<SimpleData name="ID">0</SimpleData>
		<SimpleData name="RIVERCODE">1</SimpleData>
		<SimpleData name="Corridors">0</SimpleData>
		<SimpleData name="Shape_Leng">165402.09112600001</SimpleData>
	</SchemaData></ExtendedData>
      <MultiGeometry><LineString><coordinates>30.119897050312428,-13.346703998921212 30.122784305822101,-13.347701997643165 30.125379030268338,-13.348923751461649 30.127688612085702,-13.349744817376605 30.129704981658719,-13.350846422301093 30.132417078830848,-13.351955894091862 30.133797099406546,-13.352936713130738 30.135003203081883,-13.35391555764825 30.135625448638184,-13.355235547206746 30.136038667366503,-13.357071253103294 30.136017561166881,-13.358859461697161 30.135991425392472,-13.361073435049434 30.136011282255492,-13.363075018178003 30.136209597863683,-13.364695382414137 30.136676361262197,-13.365680054112033 30.137144635801175,-13.366536996872822 30.138131713823849,-13.367655302942747 30.139466178581493,-13.368820118301825 30.140883107267165,-13.370369100778815 30.142429005166917,-13.372047284305062 30.143759500974369,-13.373552698372199 30.144697632398152,-13.37513884219827 30.145379871099284,-13.376296271107165 30.145502806358152,-13.376936395133002 30.147067826565578,-13.376996646825793 30.148157000506309,-13.376838608119765 30.148989260410055,-13.376337007315783 30.150382337773657,-13.376224968064012 30.151168602884642,-13.375935753117265 30.152692640331477,-13.375782593900903 30.154874477621075,-13.375168421036777 30.156661930657517,-13.374805287182161 30.157623632533344,-13.374390274155735 30.158504848363993,-13.373420776094676 30.159381066024043,-13.372877045025021 30.16065264913934,-13.371997088580272 30.161654331353507,-13.371880585787661 30.1627414916417,-13.371892787249649 30.16447547045977,-13.372380651504034 30.16607601184112,-13.373122507759918 30.167327673252743,-13.373945613653307 30.168492369930796,-13.374767739944554 30.169656577737257,-13.375632440727776 30.170693812333059,-13.376197633387468 30.171470125791323,-13.376759903920773 30.173629608294572,-13.3780615583438 30.17505776045595,-13.378673692112869 30.176831346859551,-13.379502594344526 30.178645956158658,-13.380544862567604 30.179979231514526,-13.381837249172586 30.181097552440228,-13.382914316303768 30.181262588790034,-13.38368266084761 30.182038458500237,-13.384287486069242 30.182816809970983,-13.38467941930506 30.183463704715134,-13.385155051865301 30.18410465918998,-13.386141620253287 30.184360151215941,-13.386612888079304 30.185479504287159,-13.387604786808197 30.187076270750616,-13.388687167872503 30.188417054652977,-13.389340853975904 30.189238430213557,-13.389775834789672 30.190668186690555,-13.390260165818772 30.191752985811739,-13.390485150801807 30.192487391519631,-13.390919154725704 30.193090833679939,-13.391394285888541 30.194393592373075,-13.391579099811022 30.195957300765926,-13.391766805275468 30.197127619828027,-13.392120470505656 30.198560370583522,-13.392349291001141 30.199863636910607,-13.392491499995954 30.20095043310166,-13.392546134029031 30.20204707498679,-13.391749189357597 30.203232661388647,-13.390782885555492 30.20406735863947,-13.390068196252615 30.204851675842392,-13.389949126079488 30.206113905121185,-13.389877924172065 30.207108310099336,-13.390399935498586 30.208620197818426,-13.391310924385071 30.209958622267497,-13.392177405323343 30.210952555461862,-13.392741983765539 30.212030535319318,-13.393562995078172 30.213064539374511,-13.39442610201891 30.213925562153861,-13.395202127322861 30.21577516252329,-13.397011087557239 30.217885750382436,-13.398822916134119 30.219179292270649,-13.399816620314459 30.22042935079903,-13.400809840791094 30.221979476569029,-13.402189624189626 30.223701152815075,-13.403784213312862 30.22520635641887,-13.405291243366696 30.226623611004566,-13.406882471246579 30.228123967919309,-13.408815288140836 30.229190854002333,-13.410615581554527 30.230216697546737,-13.412202497889687 30.230981087360746,-13.413829125972471 30.231620362077628,-13.414985943582872 30.233049415286402,-13.415555239152773 30.234388069584497,-13.416421632060386 30.236342031117232,-13.416741157798397 30.238903989929181,-13.417152500937561 30.240032976784232,-13.417335205641082 30.241546635769659,-13.418118312430332 30.242105298344288,-13.418720621086395 30.242347324138159,-13.420384100666601 30.242583028645416,-13.422601122365709 30.242822623912023,-13.424477503014442 30.243201956667708,-13.425546290306425 30.243494294680872,-13.426614125642871 30.24452855513902,-13.427477149815124 30.245869751015672,-13.428130600603692 30.247381554079947,-13.429084008767063 30.248675385174838,-13.430077614241171 30.24945062083248,-13.430767452164297 30.250523571329996,-13.432056738720304 30.251381939668963,-13.433088165451489 30.252546276229879,-13.43399517282233 30.254322545399223,-13.434653336080039 30.256019575038252,-13.434629251624608 30.258501079486177,-13.434485940741629 30.260858851235884,-13.433745055478729 30.262696048468605,-13.432870728281753 30.264416730915912,-13.430760122830554 30.265526928774126,-13.42877063086709 30.266549140716261,-13.426865348659568 30.267436015398555,-13.425384452689689 30.268373122257721,-13.423307889137334 30.269255634671346,-13.422210211578731 30.270784853602972,-13.421630570664425 30.272788230282515,-13.421439327772763 30.273922099768516,-13.421196076753523 30.275142966385111,-13.420953761768873 30.276235735343239,-13.420497123365957 30.276927403982349,-13.420887876864413 30.277443636436278,-13.421404492708227 30.278048791015458,-13.42175172281484 30.279530658233938,-13.421512205281854 30.280274948453869,-13.421094372644893 30.28197718661426,-13.420601697654645 30.283073299190598,-13.419846955223559 30.283077610456463,-13.419463721764595 30.283861558716747,-13.419386997281437 30.28447102922242,-13.419350977979548 30.284997330636493,-13.418973366500664 30.286132621998938,-13.418602312262468 30.286613507046397,-13.41839455523111 30.288137420347258,-13.418283194419077 30.289620700785388,-13.417915865667357 30.291014114575848,-13.417803084271114 30.291883625986664,-13.41785501428412 30.292793774139088,-13.4181628999244 30.29439848849681,-13.41860600083057 30.295094482660204,-13.418613470798524 30.29605910448856,-13.417942426440799 30.297240265234585,-13.417358874123911 30.298635109129965,-13.41711830249498 30.299898976647146,-13.416918906858001 30.301201585342842,-13.417145792435567 30.302370845746783,-13.417626768634168 30.303499939544704,-13.417809198258002 30.304805411691586,-13.417780572828132 30.305809234334188,-13.417493192052289 30.306420607480092,-13.417286788271387 30.307556351142384,-13.416873046451988 30.308600347353519,-13.416884194823423 30.309820241297949,-13.416726865511611 30.310950765259292,-13.416781515739466 30.312690763992489,-13.41680007042978 30.313999079776409,-13.416515899315668 30.315357045267298,-13.415678610055146 30.316752353750129,-13.415395349279059 30.31761620510472,-13.415958184024332 30.31782283120021,-13.416939902261463 30.31811835078156,-13.417752214788017 30.318678655777976,-13.418226641753922 30.319847499271308,-13.418750127877477 30.321366244321144,-13.419106975406955 30.322884522613808,-13.419506398297623 30.324101603639129,-13.419604498477318 30.325319629968856,-13.419617427191858 30.326363654216813,-13.419628504282219 30.326854419103348,-13.41852641894026 30.327635078247567,-13.418747637465112 30.328150494898438,-13.419349335887702 30.329143483963357,-13.420041271037267 30.330007387074318,-13.420604070705968 30.330740320947591,-13.421208069902443 30.331209424526584,-13.422064802980195 30.33119342191641,-13.423512633019081 30.330396732958587,-13.424739251056076 30.329429795497578,-13.425623355510565 30.328547971177997,-13.426678710299466 30.328235912621828,-13.427356810956319 30.329052093244798,-13.428302405361032 30.330080611395076,-13.429718718998055 30.330673167079382,-13.43121558599597 30.330880791493847,-13.43211213878252 30.331086532594075,-13.433179024684863 30.331384463380765,-13.433778417549311 30.332591268350139,-13.434813322142164 30.334014663715305,-13.435935693464982 30.335223844706423,-13.436757672655537 30.335691574109973,-13.437742155496387 30.3363678942181,-13.439538022694309 30.3374806851232,-13.441210743965177 30.338380664123513,-13.442455326963568 30.341869871988454,-13.445643756952157 30.344325331787466,-13.447884293562428 30.346396776038905,-13.449439343566072 30.348163226982532,-13.451033754715695 30.349588198745749,-13.452028316082005 30.351612462554417,-13.453923548150293 30.353159101125847,-13.455728564078239 30.35458225199201,-13.456893441717826 30.356985557365128,-13.459942533694772 30.358013427412612,-13.461443954039236 30.358611815815053,-13.462429789954928 30.359373037740497,-13.464439472689154 30.360219889200359,-13.466577821335235 30.361375532960935,-13.468336112498427 30.362141457057678,-13.469919951995763 30.363640087370488,-13.472150318994647 30.364621263602537,-13.473949360714668 30.366504556104903,-13.476822594465022 30.367959749683155,-13.479052493387083 30.369112703038336,-13.481066274796232 30.371222050564246,-13.483175252581626 30.37234317384933,-13.484123959571487 30.373676759159771,-13.485543369984583 30.374021152411789,-13.485887690125494 30.37506457464854,-13.485983787044423 30.376938962539739,-13.485705263934985 30.378518965008805,-13.484486680194607 30.379400865647177,-13.483431153812782 30.380557765775769,-13.481100805213876 30.382472383835175,-13.481120780050563 30.384605039204267,-13.481100421987273 30.385740112976855,-13.480771529838485 30.387306623219622,-13.480787841260661 30.388091729465803,-13.480625653037945 30.389523074030393,-13.48106644265369 30.391345593526527,-13.481553880847622 30.392561227555479,-13.481822052727164 30.393994438722622,-13.48209247851247 30.395252211777038,-13.482488846357608 30.39646093874665,-13.483395780424267 30.397060462422704,-13.484296391604151 30.397396131868966,-13.485449805883517 30.397646616649965,-13.486431975998205 30.398639637208014,-13.487166305915244 30.399858079362705,-13.487178936721159 30.401299167523696,-13.486725375660372 30.40252589534353,-13.485971454782835 30.404679320839485,-13.48403458374916 30.40696233903849,-13.48218420835283 30.408681924705128,-13.480115037429604 30.409648427942187,-13.479273203589798 30.411169608529178,-13.479459258778119 30.41299081531406,-13.480074303364493 30.414857380422415,-13.480519440652213 30.416464236627686,-13.480834119611034 30.418419678456921,-13.481109784035816 30.419377016036961,-13.481119628965148 30.421217454269719,-13.47994600216955 30.424636279511127,-13.477681192044701 30.427136680946287,-13.475832825084474 30.429270722831664,-13.475684319144682 30.430703980419889,-13.475954536045437 30.432396512400544,-13.476397761775353 30.434177900083537,-13.476671520060044 30.436482839120668,-13.476822838372408 30.440013920549081,-13.476262588569462 30.441271331034709,-13.47670132051109 30.443217295364658,-13.477871115218379 30.444547269007018,-13.479673500146923 30.446659650694475,-13.481569026567872 30.448480107440894,-13.482269006096836 30.450824132904625,-13.482846517348845 30.452650934533175,-13.482950249604446 30.453859030753225,-13.48394212110925 30.455156425435487,-13.484721933927663 30.456104337919129,-13.485625974448984 30.457268493854578,-13.486659979249245 30.458520146824512,-13.487652275761127 30.459384199561626,-13.488257313915161 30.460329441173059,-13.48941686786633 30.46066183152227,-13.490910952433428 30.461609338666527,-13.491857566994941 30.462371077526484,-13.493909692187341 30.462708432081339,-13.494935313873968 30.463605244419728,-13.496562884399655 30.464761838180909,-13.498320857364236 30.465671263389915,-13.498755973509491 30.467020837078646,-13.498727021104576 30.469066287448339,-13.498747679697919 30.470367857218086,-13.499144146120436 30.47106014542188,-13.499534461509148 30.47179191953547,-13.500308503478424 30.472824756337076,-13.501426318537789 30.474249292874195,-13.502548078549635 30.475589040872855,-13.503456016538109 30.477230763777669,-13.504622543569184 30.478529699760156,-13.505274503899253 30.478682305036418,-13.507320476830497 30.480639013160086,-13.507510530230334 30.48299055625036,-13.507406387899177 30.48429622511788,-13.507419501295145 30.486555819475598,-13.507782920389626 30.488043165009959,-13.507073760755102 30.488696447162027,-13.507037716872722 30.489343044132855,-13.507640495140468 30.491854886928589,-13.508858253588983 30.494670975743137,-13.510121625729441 30.496488726355203,-13.511119436960698 30.49813639745701,-13.511732202017617 30.500396517998727,-13.512052918258657 30.502221854168347,-13.512326686523538 30.504618768711264,-13.512052426216368 30.506410776205751,-13.511346187922513 30.508253820007909,-13.509916355571081 30.509756170747313,-13.507759033552892 30.510604324272236,-13.505722979233793 30.510673913712502,-13.503210659842225 30.510862579205757,-13.501806951211636 30.511477630949255,-13.501259344186685 30.512215741490763,-13.501437044218628 30.513459354020306,-13.50323831089398 30.514443610222877,-13.504866627594383 30.515215555148398,-13.505981714970417 30.515947070271867,-13.506798245667815 30.517468623729645,-13.506983699297882 30.520100276845291,-13.505050451483285 30.522868612844601,-13.502522206806468 30.524496964872622,-13.500791948609354 30.525728764316987,-13.49952629461394 30.527004949956869,-13.498175883620084 30.528407302999437,-13.497252645039216 30.530021121752952,-13.496927796952447 30.531068714227668,-13.496639956806685 30.53210579988912,-13.497374265020223 30.533183351142025,-13.498407126281666 30.534351893348472,-13.499057532996181 30.535786387353241,-13.499242014161188 30.537404150357432,-13.498533809782895 30.539288276796039,-13.497317076116092 30.541038767454268,-13.49639717533522 30.542743108451905,-13.495732373844971 30.54453492199632,-13.495025821480976 30.54579358070972,-13.495378898805146 30.547094026995193,-13.495902756375362 30.548391869930889,-13.496682149571189 30.549612239309578,-13.496523700350391 30.551232997874997,-13.495517264228816 30.552983443234375,-13.494597269784638 30.555133379637606,-13.492914450291631 30.556187875577155,-13.49194504853741 30.558146796686447,-13.491921532419422 30.559455485095651,-13.49163610597814 30.560637931222423,-13.490923494750085 30.562741242145162,-13.489538307395328 30.564882008609089,-13.48874979225732 30.566934427204522,-13.488088184435309 30.568503790750047,-13.487847828283828 30.570107198410184,-13.48854488470324 30.572182901140248,-13.489885430758005 30.573524342515864,-13.490665124534583 30.574343524617618,-13.491439761653231 30.575945258696343,-13.492307152271595 30.577638775950891,-13.492706872122914 30.57964254008667,-13.492555834774871 30.581123602977144,-13.492442335884842 30.583292459921928,-13.493187366447671 30.585328194750087,-13.494186672784346 30.587144618443016,-13.495354236873931 30.589003730384633,-13.496607391919602 30.59077581515615,-13.49785969987931 30.592548346580351,-13.499069407709127 30.594405811893431,-13.500492898904747 30.596090906184958,-13.501744342982654 30.597042059862847,-13.502392401294635 30.598256927893619,-13.502787408669571 30.599292161455022,-13.503734436872719 30.600202362048119,-13.504126516870206 30.603081432596408,-13.503515129088479 30.605699765040203,-13.502858618342442 30.607270080759452,-13.502532844503127 30.60915101146939,-13.501613676763499 30.610550607056023,-13.500945482362207 30.612560821164173,-13.500155306498463 30.614743854703665,-13.499494545275834 30.615967212323078,-13.499037621386437 30.617504118090565,-13.497689145012545 30.618909165266622,-13.496467193293505 30.619744156861771,-13.495665787449267 30.621493580854043,-13.4948304551323 30.623243414845575,-13.493952516064537 30.625073127170392,-13.493799462373227 30.627554024298075,-13.493822942813916 30.62951178922129,-13.493926648909518 30.630556380252518,-13.493936520004308 30.63146493791837,-13.494498860717668 30.632821763904559,-13.493744927816136 30.634357714765407,-13.49248151187186 30.636553638104335,-13.490500154177996 30.637659753168887,-13.488678900660709 30.638286670479378,-13.486895727368518 30.639003552623613,-13.484815217080516 30.639757250835412,-13.483416601562835 30.640765388698011,-13.482701929055324 30.642244751751146,-13.482758428098506 30.643837568436496,-13.484562468009786 30.644906453067296,-13.486531974552095 30.646589281937445,-13.488038667683208 30.649091592984352,-13.490319785952449 30.651634563012614,-13.49289944842905 30.653925171408812,-13.494582186364861 30.655435259066969,-13.495959427539976 30.655381751349239,-13.496981267669048 30.654242170627498,-13.49777996076098 30.652461765602212,-13.497337324404905 30.650760086865787,-13.497747359772912 30.650228604602116,-13.498679522067441 30.650128210793156,-13.500041695326022 30.65041621911843,-13.5017482892401 30.651709936309519,-13.502995736060107 30.653491212132266,-13.503353198394212 30.655360381652834,-13.503626275575336 30.657405329336488,-13.503730592104308 30.658141969040152,-13.504078257066475 30.658961509731277,-13.504852669503279 30.660475008392627,-13.505889146013862 30.660980732859205,-13.507597771290987 30.660918101819973,-13.509556676348124 30.661206188980881,-13.511263271038031 30.661930815016905,-13.512846147820351 30.662567975607267,-13.51447080497889 30.661802224170799,-13.517104708858326 30.66135986232554,-13.517824736881357 30.66099208905981,-13.519823388427097 30.660759888078193,-13.521312134511341 30.661441830675617,-13.522809421205276 30.662646155263865,-13.524311587129347 30.664017973971934,-13.526496874400383 30.66452374443319,-13.528205502007554 30.664209051971461,-13.529224907579568 30.663066413041289,-13.530321775560688 30.662363244935342,-13.530996767682463 30.66157342323433,-13.531628349772367 30.661519492646814,-13.532692784111015 30.66259741568339,-13.533767799104833 30.664066314791242,-13.534931657765418 30.665452731094931,-13.535626165677328 30.667190744347014,-13.535983165056845 30.668926691894885,-13.536553123578845 30.669220644111146,-13.53766340536397 30.670204094390801,-13.539504274852614 30.670880743808848,-13.541555272432456 30.671638669584429,-13.544203397298526 30.672051638726217,-13.546507525772174 30.672730386817872,-13.548345554082751 30.673673675202053,-13.549845262952219 30.674874051420176,-13.551773340712231 30.67612336428013,-13.553148098375205 30.677805166474013,-13.554825058554407 30.679103012645939,-13.555689081803543 30.680837483821321,-13.556429360345055 30.682442593607014,-13.557040633316163 30.68291201140865,-13.558024745537391 30.682422354897419,-13.559127750983116 30.68167518253761,-13.559844981102673 30.680492208806747,-13.560600757666455 30.679046342684359,-13.56152447556998 30.67821000585614,-13.562453853207861 30.678155704688585,-13.563560894371477 30.678364705889546,-13.564457394946123 30.678784367160429,-13.566080019582841 30.679722782864268,-13.568090850049114 30.680665349374486,-13.569675737817809 30.681610408815665,-13.571005058133311 30.682902562710225,-13.572465395863555 30.683848471044243,-13.57370952310443 30.685097523693276,-13.575126854379924 30.685387854798911,-13.57662048221494 30.685370090451507,-13.578452034723146 30.684572286009356,-13.579892961532213 30.682996503793195,-13.580730283688631 30.681990483512983,-13.581189510227171 30.679638382062432,-13.581252825897941 30.677978809697755,-13.581748548920814 30.676670473561114,-13.581949348879654 30.67605134018709,-13.582923328532537 30.676036815747466,-13.584414115991127 30.677243977510965,-13.585660704959166 30.677970104480259,-13.587115798618798 30.678043504237557,-13.588522211480893 30.678115658102616,-13.590056406650115 30.677934845624389,-13.59073628622466 30.676929189516759,-13.591152889874918 30.675795390188686,-13.591312706921762 30.675138495746072,-13.591689958163196 30.674784743517737,-13.592240427196234 30.675250017894253,-13.593650495386647 30.675235476526222,-13.595141281610674 30.674751916071443,-13.595605342940479 30.67318639272915,-13.59537773415709 30.672311760489354,-13.59575294127451 30.671826113151145,-13.596429964695641 30.67225074115979,-13.597541472394221 30.673591896941019,-13.598448556417503 30.67441592701697,-13.598797035551705 30.675631450563472,-13.599191763672444 30.67689800002368,-13.598820203535579 30.677552423825176,-13.598698514070252 30.677543704491022,-13.599592986751219 30.67688429394703,-13.600225802504291 30.676563273919022,-13.601884120092425 30.676722084941815,-13.603461719851 30.677226773818056,-13.605298134121645 30.67786210890791,-13.607135767346886 30.678455565278917,-13.608802618061848 30.679306160837879,-13.61089784517719 30.679690199494345,-13.611710786012548 30.679452527136942,-13.613753264680044 30.679476968696033,-13.615712991570264</coordinates></LineString><LineString><coordinates>30.679436388430698,-13.610941657444124 30.680437980701985,-13.61095099688675 30.682666369277303,-13.610204999169367 30.684765347914869,-13.609329980966374 30.686080049421903,-13.608490249270242 30.687921443892609,-13.607229423077131 30.689019628586628,-13.606259867049404 30.690513444500969,-13.604910592396353 30.692052852873562,-13.603348737811718 30.693636200329692,-13.601744679470332 30.69490852154355,-13.600776702733473 30.695695236343091,-13.600485796214487 30.696698855323817,-13.600282090658126 30.698179422204582,-13.600295782180122 30.69913579149334,-13.600475015273732 30.70074289011194,-13.600915845305439 30.702174988537227,-13.601440247363225 30.703522876156775,-13.601665676139001 30.704697812142307,-13.601761707563544 30.705657888591301,-13.60155756404599 30.706884983652824,-13.600759496325265 30.70850603713648,-13.599752053868256</coordinates></LineString><LineString><coordinates>30.706494690279321,-13.582481100190726 30.704056277206707,-13.582458655010946 30.702708495222389,-13.582233245962886 30.701406310747377,-13.581795258763844 30.69946372423432,-13.580030803988606 30.697692457764667,-13.578566109409318 30.695961466406317,-13.577442563901192</coordinates></LineString><LineString><coordinates>30.694357824922918,-13.576660972209371 30.6925767346846,-13.576218517659104 30.691143160808242,-13.57586446390334 30.689272529611532,-13.575676746680802 30.687966290285036,-13.575664641198019 30.68626694095418,-13.575776677082859 30.685221538085536,-13.575809574664037</coordinates></LineString><LineString><coordinates>30.716559510944855,-13.563702169377207 30.714953827930866,-13.563133690240988 30.713823830086184,-13.562910349308959 30.711957331814947,-13.562296864346695 30.710218606499197,-13.561982730919734 30.708217424920193,-13.561793972518759 30.706039638944311,-13.561859168669159 30.703329556999957,-13.562941814324326 30.702364724340072,-13.563657112139611 30.701570357539374,-13.564757360526789 30.70099040280774,-13.566200369987632 30.700454389100777,-13.567601182574451 30.699354805515,-13.568741206599798 30.697905243723032,-13.570048389247345 30.696236729310321,-13.57148133387045 30.694392385516171,-13.573083032681792 30.693118581792646,-13.574221410157072 30.692023875096492,-13.574850257585085 30.691149341301863,-13.57522554733425 30.690229615159865,-13.575770809060199</coordinates></LineString><LineString><coordinates>30.647478110377801,-13.552709572058433 30.649028649205235,-13.554428056011188 30.650581720802762,-13.555890975193968 30.651790284298993,-13.556967271877141 30.653517956414493,-13.55838922244442 30.654646577366226,-13.558740603807658 30.656735946477085,-13.558802817632225 30.658741999836533,-13.558480856791853 30.660746800665983,-13.558286659123816 30.662618905723278,-13.55830419039739 30.664265833075607,-13.559086357196533 30.665775085797222,-13.56059138754463 30.666452140375782,-13.562599803898715 30.66634634092761,-13.564515707618778 30.666416773081899,-13.566220269776759 30.666792395618135,-13.567885088189012 30.667730291169509,-13.569938541975461 30.669140487284196,-13.572677970183923 30.67042757301946,-13.574649486990802 30.671802591067998,-13.576536625018663 30.673397412929006,-13.578212820603543 30.675650775565288,-13.579341377906019 30.677820396077088,-13.58012835458929 30.678991053134961,-13.580650429445862 30.67968192488399,-13.581253231147738</coordinates></LineString><LineString><coordinates>30.706496312453961,-13.473172627600405 30.706045239007484,-13.474829866249085 30.705331794529673,-13.476612502605692 30.704971815136883,-13.477844581159122 30.704173335648921,-13.479413438645404 30.703506231403615,-13.480898297300204 30.702710986017063,-13.48212638632249 30.701786378284726,-13.483225491132368 30.701078980059126,-13.484369179522938 30.700550158776561,-13.485045914951883 30.70040327996885,-13.486748519405372 30.699827255671298,-13.487808207423358 30.699032371608972,-13.488993682676892 30.698245641514799,-13.489327256071022 30.697718432671657,-13.489833602353542 30.696932922521803,-13.490039385787156 30.69632355885987,-13.490033790947676 30.695402566841892,-13.490749508118201 30.695090528268132,-13.491513416454076 30.694557992917552,-13.492573486355399 30.69415685119764,-13.493549565573257 30.693402581319312,-13.495033579141314 30.695056193611219,-13.495091381141597 30.695973526723368,-13.494759022222244 30.697673933960655,-13.494476446995538 30.698634381988704,-13.494187071692822 30.699594012331236,-13.493982881911526 30.700163939333798,-13.49356212140159 30.701167501015057,-13.493315729248021 30.701778506228393,-13.493150933332124 30.702867897506671,-13.493033117028741 30.704522729084953,-13.492963068989155 30.706263801320432,-13.492978996855589 30.707350753496268,-13.493116731633876 30.707870637357175,-13.493377076574811 30.709043834535969,-13.493600790133407 30.710481039596331,-13.49352871599066 30.711046892197245,-13.493533880653848</coordinates></LineString><LineString><coordinates>30.693575870721599,-13.49512036963951 30.692392460692854,-13.4959614535273 30.691735052572199,-13.496423986410285 30.691297735634055,-13.496632952940365 30.691156915069229,-13.49769661830987 30.690403841004432,-13.499052832936881 30.690091772334476,-13.499816729387545 30.689743551218662,-13.499813520740879 30.689514024610521,-13.501046759087803 30.689073825911347,-13.501553882034599 30.688233259237798,-13.502951878587577 30.686866646390271,-13.504728399577223 30.686338556893048,-13.50531990165296 30.68628435040868,-13.50642695737012 30.685844955660244,-13.506848883088082 30.685705741276614,-13.507742161538657 30.685388711262792,-13.509017180966923 30.684904547504729,-13.509566485575847 30.684282802840901,-13.510838686263082 30.683787115131306,-13.512580631240379 30.683550952392821,-13.514495366586415 30.683317664229168,-13.516111940365857 30.682829774390324,-13.51704458637272 30.682340233157362,-13.518147608406526 30.681018244354405,-13.519796695052669 30.681344240586828,-13.522100013501335 30.681466181352906,-13.52299570380919 30.680418126386908,-13.523326778942094 30.679149111893,-13.523996584553309 30.678573709130173,-13.524971003177564 30.678523987133747,-13.525609512811975 30.677430322738488,-13.526153139109342 30.676466836464726,-13.526740567318361 30.67577032384094,-13.526734099098121 30.674375232297081,-13.526934127338443 30.673150543683661,-13.527519112430435 30.672147236811256,-13.527722770103578 30.671573453790295,-13.528526791009023 30.670912187240354,-13.529372592345309 30.670158879057695,-13.530728708357554 30.669580520935753,-13.532001255363884 30.670217765730445,-13.533625907411013 30.670205746578741,-13.534861131092509 30.66975880521154,-13.536049705732815 30.669445777609322,-13.536898743428374 30.669179598935212,-13.537407435441123</coordinates></LineString><LineString><coordinates>30.696921025820792,-13.413872715170656 30.69621508402788,-13.414888639847186 30.696026006975334,-13.416463069139402 30.695710856176529,-13.417567757690509 30.695436776580308,-13.418928414387313 30.695111806677847,-13.419921190856451 30.694997133932642,-13.421677341629417 30.694755270544562,-13.423080889129997 30.694514013024904,-13.424420543489815 30.694437760954525,-13.425570012340469 30.694396888677741,-13.426432263362098 30.694319718474837,-13.427677570243153 30.694081501423359,-13.428697760358462 30.693807898441051,-13.430005167107774 30.693569370066932,-13.431057301057784 30.693560516287892,-13.431983742025473 30.693448254769304,-13.433484318931505 30.693369238884991,-13.434921301244524 30.693319192206403,-13.436741937187996 30.693242308798151,-13.43795529526758 30.693095871994309,-13.43961530196305 30.693082121176452,-13.441052881998715 30.69309275450717,-13.443353307765912 30.693112249227337,-13.444727293518165 30.693266576702708,-13.445655229196104 30.693291878656069,-13.446422236838787 30.69325373762646,-13.446996969602838 30.692757431600715,-13.447695296744271 30.692489288076278,-13.448427664030106 30.692349556381529,-13.449384851512354 30.692143933274561,-13.450405332775361 30.691873029656051,-13.45142521362161 30.691635068284601,-13.452413447264064 30.691364771129056,-13.453369434679262 30.691290920929369,-13.454263327284663 30.691020619146492,-13.455219314548195 30.690130158560972,-13.456169604214349 30.689340369180623,-13.456833274904199 30.688000602944623,-13.456980703191377 30.686860050024716,-13.456778520900558 30.685982458948946,-13.456387059791741 30.684973392079431,-13.456090232609329 30.683700446259362,-13.456078510036754 30.683338031467027,-13.456426607449634 30.683040280149037,-13.456839198220562 30.682443236375747,-13.457824107147252 30.682368734464703,-13.458781882850205 30.682131645660931,-13.459674262123549 30.681730430760275,-13.460660974029738 30.681072089327099,-13.46122997828571 30.679756937524317,-13.462208251422776 30.678541544709649,-13.462995746176631 30.677489962773919,-13.463720849698708 30.676307196359318,-13.464508632756738 30.675484395904579,-13.465203892666977 30.675311627960589,-13.46619270064275 30.67481214057041,-13.467210433428743 30.674573159210681,-13.468294473579064 30.674140180243626,-13.46918502559976 30.673380785320017,-13.470072553431095 30.6727858277054,-13.470833806998346 30.67138225024657,-13.470820799803056 30.669815158198595,-13.470838216373037 30.669254377019644,-13.471440034872904 30.669467084044182,-13.473071379915091 30.669913854038533,-13.474129824920032 30.67029410703266,-13.475315445966736 30.670742740670477,-13.47618221679841 30.671384137024926,-13.477370259559702 30.672286987227558,-13.478528777323394 30.673385391249447,-13.479721053868476 30.674711688332483,-13.480979335116977 30.675781488530479,-13.481756008850791 30.676067553961534,-13.482557371412097 30.675442702619023,-13.483030813626923 30.674300814625678,-13.482956338567959 30.672995093549645,-13.482944236301506 30.671885231735498,-13.482933944046405 30.671262849615793,-13.483151809616025 30.670604107835953,-13.483752717835911 30.670140602370633,-13.484419332999536 30.669774403971807,-13.48515074707041 30.669439917796357,-13.485978299669965 30.669169785968332,-13.486902295017217 30.66886390889762,-13.488145442305361 30.668687982266306,-13.489453692800694 30.668614635112341,-13.49028366922332 30.668344491680902,-13.491207662078745 30.667357726915423,-13.49196524975781 30.666828285043543,-13.492695137881253 30.666067225671444,-13.493742352247319 30.665831264345393,-13.494506917115418 30.665825675662443,-13.495081934753593 30.665884444087407,-13.495753396933631 30.666401479760555,-13.49630133135061 30.667145790544811,-13.496979171624048 30.667271713885878,-13.497459569403082 30.666937816128385,-13.49822322304858 30.666411150599391,-13.498665598653638 30.665454815852822,-13.499647093432456 30.664826169797212,-13.500503843238148 30.663867334658942,-13.501740892593897 30.662879576595664,-13.502594288426595 30.661889009776523,-13.503735186963745 30.660963414889967,-13.504908634544627 30.660269133954106,-13.505796703462803</coordinates></LineString><LineString><coordinates>30.723229019075216,-13.352283535017959 30.721889234231821,-13.35249513589129 30.720158230662545,-13.352671258271023 30.718853170883612,-13.352659506889665 30.716569319750963,-13.352638925827343 30.715202618964039,-13.352243203892456 30.713712034349456,-13.351143465559929 30.712184926766582,-13.350458735314158 30.710845453568439,-13.350638331100219 30.709795999098617,-13.351203936628016 30.708910875822486,-13.351643225125896 30.708152636528574,-13.35246705161199 30.707296814230673,-13.353258043128911 30.706470896616878,-13.354336845720459 30.705641952972933,-13.355735112867469 30.704716024347917,-13.357036646793041 30.704052611166045,-13.358180810224301 30.702837253783443,-13.359032418653845 30.701952091046024,-13.359471675899302 30.700517714823807,-13.359330852637022 30.699244962110793,-13.359351238180224 30.698687274723461,-13.359665661453011 30.698702331160803,-13.361518857183192 30.698689908457368,-13.362828665306674 30.698485658801541,-13.363721387926269 30.697924928288248,-13.364355272388588 30.697914014537361,-13.365505346690073 30.697832992796112,-13.367165971856535 30.697979758694434,-13.36889256692116 30.698382093490846,-13.371196574831702 30.698532802428407,-13.372507866286446 30.698516728686872,-13.37420103049687 30.698182249581176,-13.375060616181575 30.69748945396864,-13.37585304015937 30.697579754121492,-13.376652592886797 30.69711505294379,-13.377479040952014 30.696681156632557,-13.378497462815298 30.695658403711271,-13.379670262388858 30.695164402239161,-13.380144996308484 30.694725627193055,-13.381674555527299 30.694976332138797,-13.382763114056226 30.695615863318256,-13.384142760833955 30.696676254778247,-13.385877684343669 30.698356035386492,-13.387682148075289 30.699549107651411,-13.389194629452374 30.701103564313339,-13.39045480156687 30.702205140646857,-13.391295506693536 30.702751080811698,-13.392227002472618 30.702548924966223,-13.392896099057495 30.701823145941919,-13.393720176591714 30.7010970584044,-13.394576198473345 30.700238921030383,-13.395590760426048 30.699516465233994,-13.396063417930117 30.69859517886028,-13.39685375337638 30.697611356644277,-13.397355970818083 30.696855043825206,-13.397956107385212 30.695969111117488,-13.39845921015376 30.695246640438995,-13.398931852603388 30.693967288716145,-13.399623049898796 30.692687930437749,-13.400314239485175 30.691342385613606,-13.401100663762508 30.689607074158701,-13.40169181675479 30.688326473958043,-13.402510765508547 30.687050448097065,-13.402850513888296 30.685903726600028,-13.403319236173553 30.684725592207958,-13.40365986827732 30.68413606477877,-13.403878101465418 30.683186660569529,-13.404188876642143 30.682398580916068,-13.40469282197593 30.682392457866378,-13.40533174328672 30.682677886564822,-13.406196983521612 30.683193278101001,-13.406904591668008 30.68354795632273,-13.407355132675507 30.683442098676945,-13.408184832044784 30.682881212546054,-13.408818658830766 30.68235203775604,-13.409548621428376 30.681398625627146,-13.410274683295885 30.679830385149792,-13.410451956653791 30.67881721819688,-13.410602379698501 30.678091306400574,-13.411426366122811 30.677464210670919,-13.412155413738221 30.676995059379621,-13.413429043181695 30.676754031989574,-13.414736721277992 30.676450804989759,-13.41572433768132 30.676438516678907,-13.417002173738791 30.676724236801522,-13.417835472986098 30.677433284417422,-13.418768519265832 30.677915737867661,-13.419507784541972 30.678266427765571,-13.420373631150573 30.678158696457857,-13.421394999291955 30.677464765269256,-13.422283170711045 30.676449087796303,-13.422689141786577 30.674521475610881,-13.422895004088829 30.673343849526688,-13.423171673881637 30.672848168922034,-13.423806069328677 30.672964854634237,-13.42524483602144 30.672819534478851,-13.426777027544647 30.67274348545574,-13.427894527085273 30.672728393908105,-13.429459870266337 30.672650184236161,-13.430800989750363 30.67218434562373,-13.431723194718293 30.671618437259532,-13.432868113271232 30.670688896914822,-13.434488894993862 30.670187320607806,-13.435730248392314 30.669751319925901,-13.436940259283887 30.66990092623152,-13.438347379662712 30.670972392018811,-13.438932367693951 30.671955818613068,-13.438494183527652 30.672913693545397,-13.437320941030471 30.673931287602525,-13.436723320800853 30.674845117325322,-13.436731761218727 30.675557893846911,-13.437281469245708 30.675543733193713,-13.438750976430564 30.675532957645885,-13.439869079991075 30.675516330590018,-13.44159415410185 30.675110820875219,-13.443028097501941 30.674962095373953,-13.444911692815285 30.67474962887065,-13.446634955918171 30.674446948196117,-13.447558668460825 30.674175669802985,-13.448610464459311 30.674124840793201,-13.450494962953163 30.673944996374853,-13.452218523817887 30.673926491485368,-13.454135268857884 30.674241162727693,-13.455352225517226 30.675537795656588,-13.456290724349474 30.676283880206196,-13.456776849607012 30.677653201249999,-13.456949244056903 30.678958169083852,-13.457025190699381 30.679666084950327,-13.458086031065028 30.680245601358287,-13.458922045488515 30.68089193959015,-13.459598931706875 30.681447127260846,-13.45957210406872 30.68219877035245,-13.459483188375584</coordinates></LineString><LineString><coordinates>30.666163659048721,-13.402881871955097 30.666542606033133,-13.404195265785342 30.667184773101368,-13.405287454162467 30.667730279798121,-13.406250953596789 30.668148957307437,-13.406829898019858 30.668108622576639,-13.4076282391151 30.666927680766115,-13.408256292363765 30.665325283299111,-13.408592901772446 30.66418313702831,-13.408582329328254 30.662843961012424,-13.408697720713633 30.661694400712104,-13.409453830416131 30.660086427468428,-13.410365424083148 30.658672384576199,-13.411470496146269 30.65843002668058,-13.412905923354645 30.658579574810439,-13.414313039694575 30.659218935379165,-13.415692755330964 30.660122157662428,-13.416787383070513 30.660631616186919,-13.418101995049438 30.660677394397794,-13.420115168937032 30.660529839054075,-13.42187096031298 30.660617840758178,-13.42289412600258 30.661066680482236,-13.423728950426929 30.661384983249583,-13.424562562199871 30.663437887758633,-13.424901090225287 30.665038235577601,-13.424788129754765 30.667027116072116,-13.42499824183446 30.668587737318841,-13.425619708040097 30.669332177970919,-13.426265565167329 30.670470404908205,-13.426691422617191 30.671670826197595,-13.427437335932769 30.672323227611422,-13.427475312551826 30.672747489014228,-13.42747923179097</coordinates></LineString><LineString><coordinates>30.666230155756086,-13.402754692294877 30.664271928413108,-13.402768525222342 30.663129502779508,-13.402789898023283 30.661887018991614,-13.403033977859774 30.660903736317241,-13.403472144465887 30.659790540398195,-13.403845205401408 30.658705026325521,-13.404729691671159 30.657652754541679,-13.405550584091323 30.656765805354397,-13.406149367028517 30.655681818349102,-13.406874109117155 30.654959880210178,-13.407282728279593 30.654177944270774,-13.407147666580187 30.653111000125445,-13.406115399180134 30.651389254708217,-13.405300673501927 30.650115675898032,-13.405384660608808 30.648479418606826,-13.405848639891355 30.646647364445371,-13.406310781414465 30.645404549074289,-13.406586720223107 30.644461332726809,-13.406258434787947 30.643974966055907,-13.405934413313565 30.643067188874547,-13.405318921904193 30.642032005061274,-13.40438275734523 30.641093477203967,-13.403575285709355 30.639960725819144,-13.402606254146837 30.638370211284109,-13.401728781384623 30.636876042852787,-13.401011941456387 30.635932863136077,-13.400683629488595 30.635282742066629,-13.400421956482532 30.63401357165889,-13.400058637028359 30.632320519202761,-13.399659387647915 30.630980780757167,-13.399838505014053 30.629572650179398,-13.400336450286945 30.628259589232297,-13.401122809752792 30.626256253673855,-13.402413834083378 30.624907090786756,-13.403551257935375 30.623459706388481,-13.404719694975919 30.622207783663868,-13.405921911862924 30.621186154885834,-13.406934605231879 30.62036376492005,-13.407597749435849</coordinates></LineString><LineString><coordinates>30.64625484806481,-13.406402964999813 30.646177144081868,-13.407680164528971 30.645644452616978,-13.408761430043192 30.645041200580941,-13.410385152143389 30.644144866293619,-13.411942238064686 30.643381543338137,-13.413244977492681 30.642124039548534,-13.415022312323091 30.641231097264392,-13.416227985954073 30.640107526812947,-13.417655131266176 30.639211753045956,-13.419148298378072 30.638183870803601,-13.420799963441977 30.63741985752219,-13.422166563726922 30.636026091767494,-13.424517637655889 30.635360267631,-13.425853201039461 30.634107639952074,-13.427119355496737 30.632982091501969,-13.42873812274606 30.631926812211361,-13.429846376945504 30.630444758319637,-13.431206193461874</coordinates></LineString></MultiGeometry>
  </Placemark>
  <Placemark>
	<name>mwanshe</name>
	<Style><LineStyle><color>ff0000ff</color></LineStyle><PolyStyle><fill>0</fill></PolyStyle></Style>
	<ExtendedData><SchemaData schemaUrl="#Luangwa_river">
		<SimpleData name="Name">mwanshe</SimpleData>
		<SimpleData name="OBJECTID">210</SimpleData>
		<SimpleData name="ID">0</SimpleData>
		<SimpleData name="RIVERCODE">1</SimpleData>
		<SimpleData name="Corridors">0</SimpleData>
		<SimpleData name="Shape_Leng">6210.37740539000</SimpleData>
	</SchemaData></ExtendedData>
      <LineString><coordinates>30.666239978906177,-13.402779195776461 30.666859033381666,-13.40188848303117 30.667305328385495,-13.400825421965115 30.66731767538862,-13.399544911941826 30.66688784892996,-13.398900627296202 30.666461729430988,-13.397872190238315 30.665859568266644,-13.397012874948036 30.665560959268916,-13.39632711488137 30.665220811415232,-13.395427533921843 30.665753059363958,-13.394493331165659 30.666544016460136,-13.393860329731705 30.667378979737684,-13.393185043305481 30.667865970146064,-13.392421166474771 30.668315114179766,-13.391059312034653 30.66810863307413,-13.389862156015292 30.667812489347192,-13.388920296874401 30.666731583518498,-13.387971190219286 30.665778188878502,-13.387364759073131 30.664519203666806,-13.386798187796234 30.663258166929435,-13.386445028692624 30.662388687463327,-13.386180861265281 30.661871698653162,-13.385535767719759 30.661881999656767,-13.384468679352425 30.662241898887466,-13.383319449615115 30.662604677489835,-13.381871434252616 30.662617854752522,-13.380505558709029 30.662193832686867,-13.379263703898728 30.661460934533078,-13.378403177530384 30.660725570305893,-13.377798750558316 30.660029271299305,-13.377664245062093 30.65872881705803,-13.37688383363886 30.658216803658952,-13.375726535558783 30.65822670057085,-13.374702131641804 30.657931842848434,-13.373632219092336 30.656939469113084,-13.372555844409556 30.656206609383581,-13.371695308798323 30.655688011864918,-13.371220942987676 30.655567958340072,-13.37010996270598 30.654878291443445,-13.369292512435248 30.654189453853263,-13.368389694427185 30.653714461745185,-13.367915730498117 30.653069225749483,-13.367013314981628 30.652468001777372,-13.366068619792182 30.652255818002647,-13.365469030317165 30.652181023399045,-13.364187721622521 30.652290514047269,-13.361883630923016 30.65230372891363,-13.360517764238736 30.651309774400893,-13.359612113213396 30.650528418131209,-13.359263364987612 30.649616700517761,-13.358870717333188 30.648759071101669,-13.358057667329319</coordinates></LineString>
  </Placemark>
  <Placemark>
	<name>mwanshe</name>
	<Style><LineStyle><color>ff0000ff</color></LineStyle><PolyStyle><fill>0</fill></PolyStyle></Style>
	<ExtendedData><SchemaData schemaUrl="#Luangwa_river">
		<SimpleData name="Name">mwanshe</SimpleData>
		<SimpleData name="OBJECTID">211</SimpleData>
		<SimpleData name="ID">0</SimpleData>
		<SimpleData name="RIVERCODE">1</SimpleData>
		<SimpleData name="Corridors">0</SimpleData>
		<SimpleData name="Shape_Leng">12399.63842120000</SimpleData>
	</SchemaData></ExtendedData>
      <LineString><coordinates>30.648759071101669,-13.358057667329319 30.648752713256794,-13.358051640251452 30.648280231623367,-13.357321571124746 30.648985142770265,-13.356559750262294 30.650431521121359,-13.355762121219428 30.651875827640431,-13.355177899482227 30.6530145737323,-13.354633523576782 30.654951566790732,-13.352687854827053 30.65632555363959,-13.350352772283474 30.657731165290109,-13.349255902648217 30.658778166699172,-13.349180206979568 30.659777875176268,-13.349488256737533 30.660639824862621,-13.350520716394316 30.660849557007175,-13.351376402018978 30.661098359825537,-13.352702010180138 30.661089314269095,-13.353641050002013 30.661165806627693,-13.354751630092533 30.661511663461209,-13.355053635787302 30.662467808306989,-13.355361276751022 30.662653683081807,-13.354167743219643 30.663182535646076,-13.353574999581415 30.663457639534613,-13.352168850800551 30.663948642384245,-13.350978129534651 30.66461564601294,-13.349618279393633 30.665322538520382,-13.348642981976266 30.666598975063796,-13.347374114543227 30.667827300466556,-13.346574359564544 30.669540026624574,-13.34526680104611 30.670595198902454,-13.34433737395479 30.672043492309548,-13.343326176494735 30.674184312251754,-13.342833579662264 30.675626460303857,-13.342462619847371 30.676721925942314,-13.341875034352906 30.678255324120432,-13.341078015110737 30.679400481275021,-13.339850551168972 30.680237648286884,-13.338919078236037 30.681898530132077,-13.338464703100721 30.683081957933776,-13.337792513079005 30.683923577373033,-13.336391495289442 30.684198528463568,-13.334985299323852 30.684176890375163,-13.332679943740979 30.684495421356278,-13.331274144137749 30.684852253973752,-13.330423638641356 30.685902837673673,-13.329963655689133 30.68677460096653,-13.329971607214244 30.687554724938067,-13.330448290657147 30.688683153097401,-13.33097083448742 30.689594455463325,-13.331406019879527 30.691250820540365,-13.33142110273053 30.692383718480908,-13.331474100921197 30.693822144395696,-13.331487184062901 30.694873126906081,-13.330984477289364 30.696012092107207,-13.330397187041212 30.697109483598986,-13.329596072333691 30.70065830593121,-13.327707278925745 30.703158147118252,-13.326107755377684 30.705527598118593,-13.324464333438684 30.707981379089411,-13.32312046766236 30.709960092425675,-13.321302709693953 30.712199495222507,-13.319572659686328 30.7132096174543,-13.318770672462593 30.714923532409507,-13.317291990755139 30.717077693420084,-13.315347674169049 30.719139052881754,-13.31400014754213 30.721116013524579,-13.312353018767544 30.721397493669226,-13.310221085215955 30.721160332334787,-13.307614917608479 30.720832409536264,-13.305392138781784 30.720938339099451,-13.303386696745585 30.721001477241057,-13.301295493129112</coordinates></LineString>
  </Placemark>
  <Placemark>
	<name>lupangala</name>
	<Style><LineStyle><color>ff0000ff</color></LineStyle><PolyStyle><fill>0</fill></PolyStyle></Style>
	<ExtendedData><SchemaData schemaUrl="#Luangwa_river">
		<SimpleData name="Name">lupangala</SimpleData>
		<SimpleData name="OBJECTID">212</SimpleData>
		<SimpleData name="ID">0</SimpleData>
		<SimpleData name="RIVERCODE">1</SimpleData>
		<SimpleData name="Corridors">0</SimpleData>
		<SimpleData name="Shape_Leng">16772.79043120000</SimpleData>
	</SchemaData></ExtendedData>
      <MultiGeometry><LineString><coordinates>30.656079398339593,-13.298971970770546 30.656766859930563,-13.300002807561071 30.657278768422035,-13.301160088321131 30.657743818661533,-13.302658436020224 30.65808427530747,-13.303515323468543 30.658464216749671,-13.304799449619399 30.65876355614423,-13.305399832588643 30.65923517864826,-13.306215240708383 30.659879087035698,-13.307245673473503 30.661092454499208,-13.307982534898843 30.66191439653603,-13.308630415175747 30.662823919850947,-13.309236410852559 30.663210441954295,-13.309837593087988 30.663766389253684,-13.310952585643456 30.663799739322489,-13.312020082580592 30.663260348815072,-13.313722624602915 30.662593062525364,-13.315125174343647 30.662013756012804,-13.316443155334079 30.661830399210633,-13.317380592874841 30.662166375249495,-13.318707001283098 30.662895033606073,-13.319994338087984 30.66366605651778,-13.32141012637392 30.664218746277704,-13.322866591663759 30.664296907198914,-13.323806438183139 30.664198262163641,-13.325000783187519 30.663706925020339,-13.326234199753859 30.662862785480215,-13.327891240172338 30.662325795561522,-13.329337668462365 30.661922432411355,-13.330486514289234 30.660950783025868,-13.331800868029633 30.660766579341256,-13.332823668378166 30.660367307318889,-13.333545672463156 30.659927319951038,-13.333968487327352 30.660088527972139,-13.335335973396241 30.659860727127782,-13.33635836950554 30.659109859080683,-13.33737593588522 30.658313340692612,-13.338606514755412 30.657430457535206,-13.339750917060062 30.656724391281262,-13.340640825191693 30.655406422881189,-13.3416958195861 30.654440455185267,-13.34241256583929 30.65343048046309,-13.343171587157356 30.652944811844002,-13.343807397725564 30.652975207475286,-13.345173670607617 30.652919659264928,-13.346411085853942 30.652989106157285,-13.348247279715473 30.65288666415324,-13.349825758043096 30.652743515236921,-13.351105047962417 30.652342532385859,-13.351997762662455 30.652283258025204,-13.353619326735851 30.652534489081571,-13.354688835186519</coordinates></LineString><LineString><coordinates>30.606920078852312,-13.285195870402646 30.606116842638627,-13.287109189348882 30.605582600303123,-13.28825668523128 30.605396559453073,-13.289450144204899 30.60503829757236,-13.290428550303341 30.604854345721815,-13.291408597900741 30.604627652054013,-13.292302869680155 30.60443866588172,-13.293795100230257 30.604291159748428,-13.295501151522716 30.604447449016305,-13.297338122818834 30.604608351577184,-13.298705591513203 30.604723576856863,-13.300286060381472 30.605104059507333,-13.301484854701878 30.605178640871223,-13.30276613831365 30.605561224140718,-13.303751521909357 30.605721291393742,-13.305204355020612 30.605710388501979,-13.306314089488565 30.605435898396546,-13.307634769144718 30.60507465922073,-13.30891194412934 30.605061652245112,-13.310235087523067 30.605271170597664,-13.311090783125684 30.606660351958745,-13.311658795906263 30.608484946273922,-13.312273588678853 30.610048892823524,-13.312800544811592 30.611571358618658,-13.31311367178116 30.613570731562781,-13.313687389285896 30.614783112860962,-13.314509819151942 30.616344586680746,-13.315292835746639 30.617950908767206,-13.315948205372468 30.619558075514,-13.316518202380148 30.621597753177536,-13.317433733467409 30.622769934871503,-13.317914263554094 30.623464778937322,-13.318176887716135 30.625202314627327,-13.31879076013664 30.626199342014068,-13.319355010696166 30.626499855328074,-13.319827373041765 30.625920352839969,-13.321145236714285 30.625252839570383,-13.322547647295933 30.624592817486587,-13.323181768435218 30.62397054261357,-13.324413851240706 30.623220005236337,-13.325388610790236 30.622642553031174,-13.326493048080719 30.622238185984969,-13.327727165399539 30.622396676568734,-13.329350735553687 30.622559757568197,-13.330504797218781 30.623463391701147,-13.331708486613026 30.6241067644673,-13.332781676774845 30.625139506910436,-13.334157317816453 30.626000828960148,-13.335232545538023 30.626945583419381,-13.33669273131828 30.628020695881947,-13.338196822354149 30.629401353339862,-13.339661081076322 30.630608506156037,-13.341038339738731 30.631901601665835,-13.342544458358043 30.63280449065255,-13.34383349402518 30.633358674586219,-13.345119271159625 30.633389374247642,-13.346442845256256 30.63346491012117,-13.347638777426139 30.633761722213045,-13.348495283790665 30.634675030814837,-13.348717247153312 30.635454663239869,-13.349236766280024 30.635527714458295,-13.350688796944638 30.635952814016839,-13.351802620757876 30.637169195586591,-13.352240839577238</coordinates></LineString></MultiGeometry>
  </Placemark>
  <Placemark>
	<Style><LineStyle><color>ff0000ff</color></LineStyle><PolyStyle><fill>0</fill></PolyStyle></Style>
	<ExtendedData><SchemaData schemaUrl="#Luangwa_river">
		<SimpleData name="OBJECTID">213</SimpleData>
		<SimpleData name="ID">0</SimpleData>
		<SimpleData name="RIVERCODE">1</SimpleData>
		<SimpleData name="Corridors">0</SimpleData>
		<SimpleData name="Shape_Leng">1411.40641634000</SimpleData>
	</SchemaData></ExtendedData>
      <LineString><coordinates>30.637169195586591,-13.352240839577238 30.648759071101669,-13.358057667329319</coordinates></LineString>
  </Placemark>
  <Placemark>
	<name>lupangala</name>
	<Style><LineStyle><color>ff0000ff</color></LineStyle><PolyStyle><fill>0</fill></PolyStyle></Style>
	<ExtendedData><SchemaData schemaUrl="#Luangwa_river">
		<SimpleData name="Name">lupangala</SimpleData>
		<SimpleData name="OBJECTID">214</SimpleData>
		<SimpleData name="ID">0</SimpleData>
		<SimpleData name="RIVERCODE">1</SimpleData>
		<SimpleData name="Corridors">0</SimpleData>
		<SimpleData name="Shape_Leng">6169.04770178000</SimpleData>
	</SchemaData></ExtendedData>
      <MultiGeometry><LineString><coordinates>30.639441889704898,-13.248105789665846 30.639436127416715,-13.248703356733097 30.640405413603769,-13.247602457896052 30.641595015695557,-13.246247467920826 30.64260415410924,-13.245531110940808 30.643837306091058,-13.244176509101175 30.645025641595197,-13.242949547076716 30.645864575080083,-13.241804730258613 30.646707190906277,-13.24027575611135 30.647151918695268,-13.239340734065163 30.647686654307009,-13.238107728070887 30.648093130154372,-13.236617414611786 30.648276833212464,-13.235637296643858</coordinates></LineString><LineString><coordinates>30.639304176239616,-13.248830196769523 30.63890255687922,-13.249808283100048 30.638843337511378,-13.2514298452587 30.638819451098421,-13.253905475364352 30.638587992096497,-13.255312006698004 30.638310894353012,-13.256931548537205 30.638386503511587,-13.25812748727445 30.63828534367244,-13.259577910160882 30.638402052425221,-13.261030352395801 30.638777324020637,-13.262783999320607 30.639287444954995,-13.264112024866535 30.640320885403526,-13.265402210178323 30.641007379216397,-13.266518431654983 30.641692644196034,-13.26776270286584 30.641637536842975,-13.268957432735826 30.641144607212699,-13.270361543303792 30.640912716091787,-13.27181075700214 30.640857188446407,-13.273048168756935 30.641800629347902,-13.274636330890246 30.642701739983679,-13.276096037307095 30.643260007453087,-13.276954948659769 30.643542809481069,-13.279262672798852 30.644098202910119,-13.280420367605476 30.645010871031968,-13.280684936187896 30.645833092400693,-13.281290164051889 30.647126453855641,-13.282753490064739 30.647818775551801,-13.283272137011762 30.648553856681811,-13.283876552933101</coordinates></LineString></MultiGeometry>
  </Placemark>
  <Placemark>
	<Style><LineStyle><color>ff0000ff</color></LineStyle><PolyStyle><fill>0</fill></PolyStyle></Style>
	<ExtendedData><SchemaData schemaUrl="#Luangwa_river">
		<SimpleData name="OBJECTID">215</SimpleData>
		<SimpleData name="ID">0</SimpleData>
		<SimpleData name="RIVERCODE">1</SimpleData>
		<SimpleData name="Corridors">0</SimpleData>
		<SimpleData name="Shape_Leng">1865.94783318000</SimpleData>
	</SchemaData></ExtendedData>
      <LineString><coordinates>30.648553856681811,-13.283876552933101 30.652067306187703,-13.28934249091837 30.656079398339593,-13.298971970770546</coordinates></LineString>
  </Placemark>
  <Placemark>
	<name>kaombe</name>
	<Style><LineStyle><color>ff0000ff</color></LineStyle><PolyStyle><fill>0</fill></PolyStyle></Style>
	<ExtendedData><SchemaData schemaUrl="#Luangwa_river">
		<SimpleData name="Name">kaombe</SimpleData>
		<SimpleData name="OBJECTID">216</SimpleData>
		<SimpleData name="ID">0</SimpleData>
		<SimpleData name="RIVERCODE">1</SimpleData>
		<SimpleData name="Corridors">0</SimpleData>
		<SimpleData name="Shape_Leng">3331.66494379000</SimpleData>
	</SchemaData></ExtendedData>
      <LineString><coordinates>30.803555485535835,-13.282707934277994 30.802988860317999,-13.281601809564243 30.802136771537011,-13.280182614964193 30.801544381230077,-13.278737425190135 30.800838726846031,-13.277065362383551 30.800535369115895,-13.275537958067751 30.800612338099121,-13.273392629775362 30.801317869117273,-13.271873936863095 30.80170428133242,-13.270578381206413 30.80172307342978,-13.268489021961249 30.801311523424289,-13.266170054775237 30.801069369235588,-13.264247865416626 30.800949875575768,-13.261507866873959 30.800686007494367,-13.258794860063146 30.800595081129185,-13.25608334516045 30.800474059292196,-13.253512753773041</coordinates></LineString>
  </Placemark>
  <Placemark>
	<name>kaombe</name>
	<Style><LineStyle><color>ff0000ff</color></LineStyle><PolyStyle><fill>0</fill></PolyStyle></Style>
	<ExtendedData><SchemaData schemaUrl="#Luangwa_river">
		<SimpleData name="Name">kaombe</SimpleData>
		<SimpleData name="OBJECTID">217</SimpleData>
		<SimpleData name="ID">0</SimpleData>
		<SimpleData name="RIVERCODE">1</SimpleData>
		<SimpleData name="Corridors">0</SimpleData>
		<SimpleData name="Shape_Leng">52178.56499140000</SimpleData>
	</SchemaData></ExtendedData>
      <LineString><coordinates>30.713560970061319,-13.610456757124272 30.714447624784466,-13.611311941287473 30.715282246942042,-13.611573718305616 30.715898690379607,-13.610506461804537 30.716457671165394,-13.609410441217344 30.717068688296969,-13.608907823737875 30.718397783030362,-13.608778839497534 30.720446585298685,-13.608854085252029 30.722899218803057,-13.608961244328913 30.724511296567382,-13.60640662468057 30.727284648763522,-13.606177850845324 30.72985326254674,-13.606229526557421 30.731530327700217,-13.605934232758743 30.731909860209758,-13.605485932995162 30.732016078457175,-13.603425750395733 30.732555779532905,-13.601313045995777 30.733662256378977,-13.600306661403474 30.735928078868127,-13.598802583920028 30.7389718354029,-13.597446719942253 30.740795023647458,-13.596955033812067 30.742910847554779,-13.596042458283394 30.745102292919327,-13.596288189335612 30.746744814373521,-13.596585406037217 30.748332817209789,-13.596543297752573 30.749531667361932,-13.594916487994881 30.750182640820157,-13.593228252597141 30.750807671198203,-13.591229191350521 30.751028883108017,-13.5891982475019 30.751108175266481,-13.586911904371149 30.750986760934062,-13.584482573033112 30.750990638520125,-13.581009665950425 30.751006871514498,-13.579287458069629 30.751659637272024,-13.577401578434033 30.751664690798549,-13.576865152238366 30.752713248740886,-13.575858130541206 30.753498332810935,-13.575244025552497 30.754825920912392,-13.575255979292294 30.755439162344828,-13.574499142970483 30.755134174406209,-13.573169334700314 30.754996775920912,-13.572433977785199 30.754604679918732,-13.571159856667368 30.754841401676348,-13.570540808709083 30.756269074554645,-13.569113645232086 30.757227815723571,-13.568444613818357 30.758008092257967,-13.568338683036123 30.75910026396858,-13.568828496472538 30.760278756045032,-13.569347315762688 30.761380466365488,-13.568820727887863 30.762199127851446,-13.567698649401898 30.763411727621655,-13.564575374291872 30.764147747926781,-13.56302901250573 30.765498513455452,-13.560556374349426 30.766174675389092,-13.559235350983077 30.766648291140758,-13.557968984737769 30.766944528061472,-13.557152800506456 30.76690896502679,-13.554780689761408 30.767436325805068,-13.553938334858376 30.768725325498707,-13.551888649170632 30.770444274066261,-13.550153382343963 30.771842343016861,-13.548782302949805 30.773358192343867,-13.547158141825914 30.774057342983241,-13.546458476368731 30.775875106434938,-13.546502895664855 30.777403772212384,-13.546601202859692 30.777643550089266,-13.545643316331699 30.777610749254634,-13.542960621015672 30.777278886514846,-13.541404698998667 30.776948862166016,-13.53965114282688 30.777131442011573,-13.538636275993758 30.777077136893553,-13.538268727659213 30.777866748920836,-13.537146311177947 30.77880796932509,-13.535234634382618 30.780260730414934,-13.534174567619651 30.78124393339241,-13.533957403476208 30.782940174788237,-13.53465010677049 30.784521262556868,-13.535313544235809 30.785642745689518,-13.5357470157854 30.786916867914485,-13.535278281008056 30.788290333689972,-13.533426851987388 30.789082225014081,-13.532050286276164 30.788682410510024,-13.531594975072176 30.787095590836184,-13.531552708068054 30.78628944933175,-13.531347924255584 30.785544416234814,-13.530776610398185 30.78572929675876,-13.529507626739091 30.787440651428504,-13.528562740313332 30.788772442610465,-13.528094500600355 30.790133084854315,-13.527626506896567 30.791147194990835,-13.5271836832046 30.792487038106941,-13.525840171219448 30.792983301829313,-13.525223353411297 30.793813865596583,-13.522774131026081 30.794994302356219,-13.519932677867507 30.795824560980375,-13.517511675502249 30.796530301446609,-13.516077839832313 30.797723182773247,-13.515015355390295 30.802128178110944,-13.512964562851346 30.805692470564139,-13.511329865970916 30.807228956313352,-13.510552699485244 30.808800991481981,-13.509041686342352 30.810111005691077,-13.507782498746694 30.811046426689263,-13.506463557249827 30.811790675104817,-13.503957008924068 30.811888817288519,-13.502687223365077 30.810461619322698,-13.50098057262937 30.809641375744128,-13.499166274011468 30.810044525865269,-13.496092019064093 30.810585227812556,-13.493753111137332 30.812451034676933,-13.491651651267272 30.813677195672241,-13.49008109356925 30.813028001405499,-13.488494188666291 30.813786012380607,-13.484462965858274 30.814856979964958,-13.480914482488076 30.816512343187966,-13.476552209009638 30.817516042752459,-13.474047872460559 30.819019114271175,-13.470559581375163 30.819233852517275,-13.469149610975482 30.818790690886711,-13.46711272300672 30.817248469701134,-13.465376894491097 30.815325349560869,-13.46428719177201 30.814121661362933,-13.463401391256159 30.812425133840271,-13.45960292842968 30.811069432885642,-13.456400395807343 30.809246304863862,-13.453843230394611 30.809453010573247,-13.450146041878879 30.80946892027805,-13.44839551339617 30.8079582879922,-13.446377562394535 30.80800202374888,-13.444740224230133 30.808977031216269,-13.442207423028011 30.809235751003932,-13.439131888827392 30.808726537838581,-13.438026231170324 30.805545440667171,-13.432548876928168 30.805294313300553,-13.43161488365506 30.804879433499714,-13.423309729572884 30.80468368977883,-13.422630347967933 30.802915953218111,-13.420356024587409 30.800106313651739,-13.418467915273689 30.798769742229261,-13.416366752629807 30.798208587160069,-13.414639431219484 30.797393005432713,-13.412345158952711 30.796281041513446,-13.410923625452581 30.794455778431164,-13.408648762311735 30.790235759696557,-13.403303407809805 30.790660416328137,-13.401019982785071 30.791374237008419,-13.398654376319868 30.792026754791024,-13.396683537875109 30.79268672549787,-13.393893906645303 30.793002406115338,-13.390903607692255 30.790622404011661,-13.389386275215484 30.787408686825675,-13.387579261950147 30.786365136164211,-13.385000619332745 30.786145782172181,-13.383756300800476 30.786505256179801,-13.382291161517312 30.786786205091381,-13.379950009140249 30.787179143698328,-13.377976906374906 30.787307640711568,-13.376537978635072 30.78773197863045,-13.374282784819044 30.788304611839134,-13.371577104293968 30.788664300705705,-13.370083721978995 30.788815169375695,-13.366188422561203 30.789100168958768,-13.363395511791859 30.789429936404321,-13.35885233365804 30.791083576340323,-13.357765546246798 30.79261621181174,-13.357298894283161 30.793689533084581,-13.356602337237479 30.793567579079653,-13.350982216822224 30.793476863849779,-13.348270723734599 30.793209809526122,-13.345924769628297 30.793014127559346,-13.345245389853288 30.792238179457115,-13.344956266222654 30.792246645097599,-13.344024536545703 30.791817731894501,-13.343625488837798 30.79176930058663,-13.342608554205873 30.792878564280358,-13.341121682617713 30.795468549662274,-13.338518224233974 30.801425045327772,-13.333515591223213 30.805022973076102,-13.33103368935523 30.805983355572607,-13.330053712385883 30.80642322329378,-13.329238651675732 30.806523466138032,-13.327714734406747 30.804944020373188,-13.323804406081264 30.801624811687287,-13.320980244808146 30.8014298788835,-13.320216166369946 30.801238771770539,-13.319028571020805 30.801222665361184,-13.314425853112429 30.801026971078493,-13.313746478417388 30.800266657130638,-13.31173509034215 30.799483132979177,-13.309102294327817 30.798564656620101,-13.305451809346884 30.79767783350874,-13.301490995099007 30.796669339192647,-13.298235042034696 30.795885110967962,-13.295686948384795 30.795579229548224,-13.294441885244426 30.795214419588255,-13.293337494608565 30.7950919694084,-13.290936320961968 30.795280750324444,-13.289187286397597 30.797379790342106,-13.289798439207866 30.798580559499936,-13.287719318769385 30.799234105127539,-13.285578983332462 30.801124386101581,-13.283759938124835 30.802778182534027,-13.282588277171113 30.803527167192854,-13.28265121602772 30.80389759597967,-13.283134438272397 30.804905516009359,-13.28325608060139 30.806319705617593,-13.286289614495674 30.807542026791182,-13.288220254977709 30.809280033889184,-13.287303410278932 30.810620778956224,-13.285677210843378 30.810910603924931,-13.282291276304321 30.81142469898748,-13.279613190275612 30.81218278644139,-13.278659651333722 30.813590980558544,-13.279151777743326 30.814798912016848,-13.279472755408674 30.815449510583118,-13.277642934810478 30.81549752621315,-13.275497335670366 30.815676618883238,-13.265135889701881 30.816092775988832,-13.263727605066384 30.816850788119488,-13.262774039734051</coordinates></LineString>
  </Placemark>
  <Placemark>
	<name>kaombe</name>
	<Style><LineStyle><color>ff0000ff</color></LineStyle><PolyStyle><fill>0</fill></PolyStyle></Style>
	<ExtendedData><SchemaData schemaUrl="#Luangwa_river">
		<SimpleData name="Name">kaombe</SimpleData>
		<SimpleData name="OBJECTID">218</SimpleData>
		<SimpleData name="ID">0</SimpleData>
		<SimpleData name="RIVERCODE">0</SimpleData>
		<SimpleData name="Corridors">0</SimpleData>
		<SimpleData name="Shape_Leng">98013.12634839999</SimpleData>
	</SchemaData></ExtendedData>
      <MultiGeometry><LineString><coordinates>30.713560970061319,-13.610456757124272 30.714447624784466,-13.611311941287473 30.715282246942042,-13.611573718305616 30.715898690379607,-13.610506461804537 30.716457671165394,-13.609410441217344 30.717068688296969,-13.608907823737875 30.718397783030362,-13.608778839497534 30.720446585298685,-13.608854085252029 30.722899218803057,-13.608961244328913 30.724511296567382,-13.60640662468057 30.727284648763522,-13.606177850845324 30.72985326254674,-13.606229526557421 30.731530327700217,-13.605934232758743 30.731909860209758,-13.605485932995162 30.732016078457175,-13.603425750395733 30.732555779532905,-13.601313045995777 30.733662256378977,-13.600306661403474 30.735928078868127,-13.598802583920028 30.7389718354029,-13.597446719942253 30.740795023647458,-13.596955033812067 30.742910847554779,-13.596042458283394 30.745102292919327,-13.596288189335612 30.746744814373521,-13.596585406037217 30.748332817209789,-13.596543297752573 30.749531667361932,-13.594916487994881 30.750182640820157,-13.593228252597141 30.750807671198203,-13.591229191350521 30.751028883108017,-13.5891982475019 30.751108175266481,-13.586911904371149 30.750986760934062,-13.584482573033112 30.750990638520125,-13.581009665950425 30.751006871514498,-13.579287458069629 30.751659637272024,-13.577401578434033 30.751664690798549,-13.576865152238366 30.752713248740886,-13.575858130541206 30.753498332810935,-13.575244025552497 30.754825920912392,-13.575255979292294 30.755439162344828,-13.574499142970483 30.755134174406209,-13.573169334700314 30.754996775920912,-13.572433977785199 30.754604679918732,-13.571159856667368 30.754841401676348,-13.570540808709083 30.756269074554645,-13.569113645232086 30.757227815723571,-13.568444613818357 30.758008092257967,-13.568338683036123 30.75910026396858,-13.568828496472538 30.760278756045032,-13.569347315762688 30.761380466365488,-13.568820727887863 30.762199127851446,-13.567698649401898 30.763411727621655,-13.564575374291872 30.764147747926781,-13.56302901250573 30.765498513455452,-13.560556374349426 30.766174675389092,-13.559235350983077 30.766648291140758,-13.557968984737769 30.766944528061472,-13.557152800506456 30.76690896502679,-13.554780689761408 30.767436325805068,-13.553938334858376 30.768725325498707,-13.551888649170632 30.770444274066261,-13.550153382343963 30.771842343016861,-13.548782302949805 30.773358192343867,-13.547158141825914 30.774057342983241,-13.546458476368731 30.775875106434938,-13.546502895664855 30.777403772212384,-13.546601202859692 30.777643550089266,-13.545643316331699 30.777610749254634,-13.542960621015672 30.777278886514846,-13.541404698998667 30.776948862166016,-13.53965114282688 30.777131442011573,-13.538636275993758 30.777077136893553,-13.538268727659213 30.777866748920836,-13.537146311177947 30.77880796932509,-13.535234634382618 30.780260730414934,-13.534174567619651 30.78124393339241,-13.533957403476208 30.782940174788237,-13.53465010677049 30.784521262556868,-13.535313544235809 30.785642745689518,-13.5357470157854 30.786916867914485,-13.535278281008056 30.788290333689972,-13.533426851987388 30.789082225014081,-13.532050286276164 30.788682410510024,-13.531594975072176 30.787095590836184,-13.531552708068054 30.78628944933175,-13.531347924255584 30.785544416234814,-13.530776610398185 30.78572929675876,-13.529507626739091 30.787440651428504,-13.528562740313332 30.788772442610465,-13.528094500600355 30.790133084854315,-13.527626506896567 30.791147194990835,-13.5271836832046 30.792487038106941,-13.525840171219448 30.792983301829313,-13.525223353411297 30.793813865596583,-13.522774131026081 30.794994302356219,-13.519932677867507 30.795824560980375,-13.517511675502249 30.796530301446609,-13.516077839832313 30.797723182773247,-13.515015355390295 30.802128178110944,-13.512964562851346 30.805692470564139,-13.511329865970916 30.807228956313352,-13.510552699485244 30.808800991481981,-13.509041686342352 30.810111005691077,-13.507782498746694 30.811046426689263,-13.506463557249827 30.811790675104817,-13.503957008924068 30.811888817288519,-13.502687223365077 30.810461619322698,-13.50098057262937 30.809641375744128,-13.499166274011468 30.810044525865269,-13.496092019064093 30.810585227812556,-13.493753111137332 30.812451034676933,-13.491651651267272 30.813677195672241,-13.49008109356925 30.813028001405499,-13.488494188666291 30.813786012380607,-13.484462965858274 30.814856979964958,-13.480914482488076 30.816512343187966,-13.476552209009638 30.817516042752459,-13.474047872460559 30.819019114271175,-13.470559581375163 30.819233852517275,-13.469149610975482 30.818790690886711,-13.46711272300672 30.817248469701134,-13.465376894491097 30.815325349560869,-13.46428719177201 30.814121661362933,-13.463401391256159 30.812425133840271,-13.45960292842968 30.811069432885642,-13.456400395807343 30.809246304863862,-13.453843230394611 30.809453010573247,-13.450146041878879 30.80946892027805,-13.44839551339617 30.8079582879922,-13.446377562394535 30.80800202374888,-13.444740224230133 30.808977031216269,-13.442207423028011 30.809235751003932,-13.439131888827392 30.808726537838581,-13.438026231170324 30.805545440667171,-13.432548876928168 30.805294313300553,-13.43161488365506 30.804879433499714,-13.423309729572884 30.80468368977883,-13.422630347967933 30.802915953218111,-13.420356024587409 30.800106313651739,-13.418467915273689 30.798769742229261,-13.416366752629807 30.798208587160069,-13.414639431219484 30.797393005432713,-13.412345158952711 30.796281041513446,-13.410923625452581 30.794455778431164,-13.408648762311735 30.790235759696557,-13.403303407809805 30.790660416328137,-13.401019982785071 30.791374237008419,-13.398654376319868 30.792026754791024,-13.396683537875109 30.79268672549787,-13.393893906645303 30.793002406115338,-13.390903607692255 30.790622404011661,-13.389386275215484 30.787408686825675,-13.387579261950147 30.786365136164211,-13.385000619332745 30.786145782172181,-13.383756300800476 30.786505256179801,-13.382291161517312 30.786786205091381,-13.379950009140249 30.787179143698328,-13.377976906374906 30.787307640711568,-13.376537978635072 30.78773197863045,-13.374282784819044 30.788304611839134,-13.371577104293968 30.788664300705705,-13.370083721978995 30.788738643867056,-13.368164299022792</coordinates></LineString><LineString><coordinates>30.788738643867056,-13.368164299022792 30.788710642869177,-13.368164054286504</coordinates></LineString><LineString><coordinates>30.788738643867056,-13.368164299022792 30.788815169375695,-13.366188422561203 30.789100168958768,-13.363395511791859 30.789429936404321,-13.35885233365804 30.791083576340323,-13.357765546246798 30.79261621181174,-13.357298894283161 30.793689533084581,-13.356602337237479 30.793567579079653,-13.350982216822224 30.793476863849779,-13.348270723734599 30.793209809526122,-13.345924769628297 30.793014127559346,-13.345245389853288 30.792317357188974,-13.344985768725246</coordinates></LineString><LineString><coordinates>30.792317357188974,-13.344985768725246 30.791285637937953,-13.345060911067295 30.790766116404484,-13.345112855482691 30.787743753120616,-13.347684235653571 30.786087348035558,-13.349081584975082 30.785070428345744,-13.349919785991716 30.783454680690994,-13.350018598210321 30.782561335901057,-13.349954306886998 30.781535682201962,-13.348589985444661 30.78042328091707,-13.347253138350903 30.77990788423282,-13.346853314921873 30.777948738745664,-13.346666723614312 30.776481578269053,-13.346286781505409 30.775367665901552,-13.345119321433554 30.775142686272972,-13.344496149796788 30.774470595215977,-13.342316064139993 30.77405335494398,-13.340646466233046 30.774038224941052,-13.339149816378178 30.774826013247274,-13.338140230007529 30.776330993708566,-13.337532237544789 30.778442482748535,-13.33681660613415 30.780554220530259,-13.336072720514183 30.783672510443818,-13.335619977997482 30.785783970309581,-13.334904278402893 30.787980634354099,-13.334330484907643 30.789978029119023,-13.333472570142721 30.791313038334842,-13.332524159619913 30.79184509263942,-13.331088731711212 30.791856882431674,-13.329789956211961 30.790427592469648,-13.328422160323258 30.788534960337302,-13.327276211376686 30.787484620400701,-13.325459923546054 30.785946734182819,-13.323357015835326 30.785111402695751,-13.323265017793467 30.783403941782723,-13.323956019069705 30.781612551943986,-13.32436391074005 30.779713046156385,-13.32398022704345 30.778542053953558,-13.322755819828823 30.778109108156862,-13.31964603996407 30.77785633278808,-13.318909684068142</coordinates></LineString><LineString><coordinates>30.792317357188974,-13.344985768725246 30.792238179457115,-13.344956266222654 30.792246645097599,-13.344024536545703 30.791817731894501,-13.343625488837798 30.79176930058663,-13.342608554205873 30.792878564280358,-13.341121682617713 30.795468549662274,-13.338518224233974 30.801425045327772,-13.333515591223213 30.805022973076102,-13.33103368935523 30.805983355572607,-13.330053712385883 30.80642322329378,-13.329238651675732 30.806523466138032,-13.327714734406747 30.804944020373188,-13.323804406081264 30.801624811687287,-13.320980244808146 30.8014298788835,-13.320216166369946 30.801238771770539,-13.319028571020805 30.801222665361184,-13.314425853112429 30.801026971078493,-13.313746478417388 30.800266657130638,-13.31173509034215 30.799483132979177,-13.309102294327817 30.798564656620101,-13.305451809346884 30.79767783350874,-13.301490995099007 30.796669339192647,-13.298235042034696 30.795885110967962,-13.295686948384795 30.795579229548224,-13.294441885244426 30.795214419588255,-13.293337494608565 30.7950919694084,-13.290936320961968 30.795280750324444,-13.289187286397597 30.797379790342106,-13.289798439207866 30.797381887968864,-13.289794806623808</coordinates></LineString><LineString><coordinates>30.792324424311659,-13.344985253769313 30.792317357188974,-13.344985768725246</coordinates></LineString><LineString><coordinates>30.812386681454957,-13.342646166966045 30.812465318207682,-13.337112428297958 30.81237183192161,-13.33468325433255 30.812182194059094,-13.33332625063419 30.811820830434861,-13.33182658109847 30.811201249164032,-13.330183499215664 30.810128745282803,-13.327604694105926 30.809006223422031,-13.324178350835018 30.80874408770773,-13.32126769843987 30.810598434912787,-13.320267174392312 30.813977523489953,-13.319646847940103 30.815653535560706,-13.319237721370175 30.816291620432583,-13.318819657068358 30.814829847248824,-13.317847023883214 30.814487929767036,-13.317392290759676 30.815620442548973,-13.316498455182678 30.816866245301661,-13.315831483141263 30.819323441197351,-13.315118436383189 30.82063143837609,-13.313943710283416 30.821335244155428,-13.31262260974583 30.82123684137408,-13.310729884504536 30.82109748732573,-13.310192186049486 30.820590665782092,-13.308832461478698 30.819276106978329,-13.307522278347667 30.817243600817999,-13.305895317885776 30.816127340464167,-13.304982143884699 30.811547575379372,-13.301271950407456 30.797381887968864,-13.289794806623808</coordinates></LineString><LineString><coordinates>30.848473055232883,-13.318473207921453 30.846880318442221,-13.319250354010371 30.845577141266741,-13.319888758844382 30.844822513902784,-13.320447100750057 30.843810147160507,-13.320805590175345 30.842356037914112,-13.322205101594662 30.84171296926251,-13.323187941489476 30.840462915103643,-13.32433503841796 30.838839782840239,-13.325281288608792 30.837158974731228,-13.326227035805614 30.836148081728226,-13.326416077554796 30.834386287533647,-13.326739893612533 30.833168284772778,-13.327520137008344 30.832228537901841,-13.329432236860056 30.831926872870522,-13.330926229061589 30.831683121808894,-13.332392478476811 30.830723319336975,-13.333316096923173 30.829130943790815,-13.334036636041329 30.827627329943315,-13.334503791255148 30.825717520063698,-13.335249824455147 30.824588727896188,-13.335720173198302 30.823372420913273,-13.336302712778512 30.820217436598835,-13.337630984086836 30.81795702280516,-13.338882201468161 30.815289365166404,-13.340525202140974 30.812705887789285,-13.342423027095531 30.811108579874514,-13.343679892952908 30.808295894439347,-13.345406262324037 30.808110917546585,-13.346731789193102 30.808246682453955,-13.347664775870722 30.808780783980861,-13.349194179722273 30.809429974227694,-13.350752815015767 30.809736208109918,-13.351969644059848 30.810149381343514,-13.354119209761796 30.810418891406513,-13.356211060376328 30.810288012983499,-13.357932370089117 30.809502824823028,-13.358659733331708 30.808456579881039,-13.359554253885507 30.807231189039712,-13.361124897754886 30.806783337565747,-13.362815218611441 30.806687640720604,-13.363830909716533 30.805868732869662,-13.365094461017623 30.805399687366577,-13.365937493226655 30.804352371998245,-13.36694492649165 30.803368602868428,-13.36730346430541 30.802007395233264,-13.367941083860188 30.800909552264464,-13.368157436742754 30.799608826723105,-13.368484965994247 30.798594159304372,-13.369069106114043 30.797782371429992,-13.369542061876011 30.796685289737376,-13.369673690987936 30.795621664570653,-13.369297351006308 30.79465584855507,-13.367679454973567 30.793451649335879,-13.366906571685586 30.791804889698877,-13.367231042258876 30.790269099877328,-13.368036489567992 30.78931620910063,-13.368169346407997 30.788738643867056,-13.368164299022792</coordinates></LineString><LineString><coordinates>30.821097739839431,-13.310163950589944 30.821648038484444,-13.309886300196263 30.822119669866741,-13.30873262508945 30.822740490444417,-13.307015486371467 30.823820810866206,-13.305499939452263 30.825562182800095,-13.304215939112941 30.827299008369021,-13.303440154609259 30.828993414470602,-13.30418880134278 30.830459707860125,-13.304653118286792 30.832128822114946,-13.305006209341791 30.833863129914111,-13.304512728410401 30.835570107200166,-13.303849578142332 30.837276325238161,-13.303271120473166 30.838666411195927,-13.302577012031293 30.839763440684852,-13.302416914531809 30.840998365860646,-13.302963918364771 30.843646460924266,-13.303466436221367 30.845464490979158,-13.30328419255917 30.846709164381672,-13.302729991595456 30.848643506757369,-13.302435760609024 30.849137102036696,-13.302044612735873 30.851703455321598,-13.30200984163246 30.853779952033673,-13.30194267130498 30.855109356367315,-13.301586804650238 30.856242907380764,-13.300551575641157 30.857324000262508,-13.298922906409937 30.857801395027483,-13.297091481312819 30.85875640567123,-13.293400389134757 30.8596930512612,-13.291798724319493 30.861060381370237,-13.290398339649098 30.862509977004024,-13.289478678584377 30.864823182503141,-13.288707446327596 30.866816794841931,-13.288215889445057 30.869071583509086,-13.287528838573509 30.8717048255359,-13.286421362119276 30.873932729157854,-13.285508134888328 30.876021390042645,-13.284028963497521 30.877846893272565,-13.282971147446952 30.879100236017898,-13.281400265124622 30.879975369730278,-13.280221556989492</coordinates></LineString><LineString><coordinates>30.797381887968864,-13.289794806623808 30.798580559499936,-13.287719318769385 30.799234105127539,-13.285578983332462 30.801124386101581,-13.283759938124835 30.802778182534027,-13.282588277171113 30.803526397399438,-13.282651151550352</coordinates></LineString><LineString><coordinates>30.797381887968864,-13.289794806623808 30.78776032851723,-13.281998375442839</coordinates></LineString><LineString><coordinates>30.795251668296117,-13.289215270675639 30.794708033121246,-13.288758772993756 30.793883529469205,-13.287480977215099 30.79362817001067,-13.287026976635515 30.792479432266887,-13.28653699020138 30.791244986775919,-13.285961546471803 30.790527894356757,-13.285560008697864 30.78958249269477,-13.28490235728909 30.788871289144122,-13.28385142736219 30.788274629156348,-13.282886201273488 30.787763684832278,-13.282006428083152 30.78776032851723,-13.281998375442839</coordinates></LineString><LineString><coordinates>30.810832444465866,-13.284577792972208 30.812136998562941,-13.283770142172939 30.814197868470952,-13.282206581284266 30.816492102692685,-13.280334394237034 30.818142284184404,-13.279557907371613 30.820224351026901,-13.278841580027432 30.822880419321265,-13.278412514721564 30.824872971530876,-13.278034226070748 30.826141589245303,-13.278016824531365 30.827237249403513,-13.277997939726237 30.829896067963872,-13.27725821150068 30.83198210349688,-13.276090017577516 30.833696133028187,-13.274608028518466 30.834566176769624,-13.274022444653941 30.836857698713128,-13.272432389827454 30.838101217147003,-13.271991150316389 30.840438125409904,-13.271785075490833 30.842287483248644,-13.271292474676789 30.844341107971729,-13.270519213459124 30.845527702880599,-13.26999273904349 30.846050302706818,-13.26957359565399</coordinates></LineString><LineString><coordinates>30.803555485535835,-13.282707934277994 30.803526397399438,-13.282651151550352</coordinates></LineString><LineString><coordinates>30.803526397399438,-13.282651151550352 30.803527167192854,-13.28265121602772 30.80389759597967,-13.283134438272397 30.804905516009359,-13.28325608060139 30.806319705617593,-13.286289614495674 30.807542026791182,-13.288220254977709 30.809280033889184,-13.287303410278932 30.810620778956224,-13.285677210843378 30.810910603924931,-13.282291276304321 30.81142469898748,-13.279613190275612 30.81218278644139,-13.278659651333722 30.813590980558544,-13.279151777743326 30.814798912016848,-13.279472755408674 30.815449510583118,-13.277642934810478 30.81549752621315,-13.275497335670366 30.815676618883238,-13.265135889701881 30.816092775988832,-13.263727605066384 30.816850788119488,-13.262774039734051</coordinates></LineString><LineString><coordinates>30.803526397399438,-13.282651151550352 30.802988860317999,-13.281601809564243 30.802136771537011,-13.280182614964193 30.801544381230077,-13.278737425190135 30.800838726846031,-13.277065362383551 30.800535369115895,-13.275537958067751 30.800612338099121,-13.273392629775362 30.801317869117273,-13.271873936863095 30.80170428133242,-13.270578381206413 30.80172307342978,-13.268489021961249 30.801311523424289,-13.266170054775237 30.801069369235588,-13.264247865416626 30.800949875575768,-13.261507866873959 30.800686007494367,-13.258794860063146 30.800595081129185,-13.25608334516045 30.800474059292196,-13.253512753773041</coordinates></LineString><LineString><coordinates>30.78776032851723,-13.281998375442839 30.787255813973122,-13.280787843945156 30.786778308234972,-13.279400103558192 30.786442121185139,-13.278324193440699 30.786276587419824,-13.277503896436755 30.785803697320258,-13.275607939039672 30.785527727372344,-13.274250187875579 30.785454046749308,-13.27283772253595 30.786096896965656,-13.271883270869994 30.786512211703208,-13.270588001462269 30.786475785181139,-13.268244054166466 30.78642938625422,-13.267001244102177 30.786378639841157,-13.266238417305084</coordinates></LineString></MultiGeometry>
  </Placemark>
  <Placemark>
	<name>kaombe</name>
	<Style><LineStyle><color>ff0000ff</color></LineStyle><PolyStyle><fill>0</fill></PolyStyle></Style>
	<ExtendedData><SchemaData schemaUrl="#Luangwa_river">
		<SimpleData name="Name">kaombe</SimpleData>
		<SimpleData name="OBJECTID">219</SimpleData>
		<SimpleData name="ID">0</SimpleData>
		<SimpleData name="RIVERCODE">1</SimpleData>
		<SimpleData name="Corridors">0</SimpleData>
		<SimpleData name="Shape_Leng">8108.42078639000</SimpleData>
	</SchemaData></ExtendedData>
      <LineString><coordinates>30.821257046493741,-13.31111851765831 30.822119669866741,-13.30873262508945 30.822740490444417,-13.307015486371467 30.823820810866206,-13.305499939452263 30.825562182800095,-13.304215939112941 30.827299008369021,-13.303440154609259 30.828993414470602,-13.30418880134278 30.830459707860125,-13.304653118286792 30.832128822114946,-13.305006209341791 30.833863129914111,-13.304512728410401 30.835570107200166,-13.303849578142332 30.837276325238161,-13.303271120473166 30.838666411195927,-13.302577012031293 30.839763440684852,-13.302416914531809 30.840998365860646,-13.302963918364771 30.843646460924266,-13.303466436221367 30.845464490979158,-13.30328419255917 30.846709164381672,-13.302729991595456 30.848643506757369,-13.302435760609024 30.849137102036696,-13.302044612735873 30.851703455321598,-13.30200984163246 30.853779952033673,-13.30194267130498 30.855109356367315,-13.301586804650238 30.856242907380764,-13.300551575641157 30.857324000262508,-13.298922906409937 30.857801395027483,-13.297091481312819 30.85875640567123,-13.293400389134757 30.8596930512612,-13.291798724319493 30.861060381370237,-13.290398339649098 30.862509977004024,-13.289478678584377 30.864823182503141,-13.288707446327596 30.866816794841931,-13.288215889445057 30.869071583509086,-13.287528838573509 30.8717048255359,-13.286421362119276 30.873932729157854,-13.285508134888328 30.876021390042645,-13.284028963497521 30.877846893272565,-13.282971147446952 30.879100236017898,-13.281400265124622 30.879975369730278,-13.280221556989492</coordinates></LineString>
  </Placemark>
  <Placemark>
	<name>kaombe</name>
	<Style><LineStyle><color>ff0000ff</color></LineStyle><PolyStyle><fill>0</fill></PolyStyle></Style>
	<ExtendedData><SchemaData schemaUrl="#Luangwa_river">
		<SimpleData name="Name">kaombe</SimpleData>
		<SimpleData name="OBJECTID">220</SimpleData>
		<SimpleData name="ID">0</SimpleData>
		<SimpleData name="RIVERCODE">1</SimpleData>
		<SimpleData name="Corridors">0</SimpleData>
		<SimpleData name="Shape_Leng">4572.06565976000</SimpleData>
	</SchemaData></ExtendedData>
      <LineString><coordinates>30.812432821697918,-13.339399432695711 30.812465318207682,-13.337112428297958 30.81237183192161,-13.33468325433255 30.812182194059094,-13.33332625063419 30.811820830434861,-13.33182658109847 30.811201249164032,-13.330183499215664 30.810128745282803,-13.327604694105926 30.809006223422031,-13.324178350835018 30.80874408770773,-13.32126769843987 30.810598434912787,-13.320267174392312 30.813977523489953,-13.319646847940103 30.815653535560706,-13.319237721370175 30.816291620432583,-13.318819657068358 30.814829847248824,-13.317847023883214 30.814487929767036,-13.317392290759676 30.815620442548973,-13.316498455182678 30.816866245301661,-13.315831483141263 30.819323441197351,-13.315118436383189 30.82063143837609,-13.313943710283416 30.821335244155428,-13.31262260974583 30.82123684137408,-13.310729884504536 30.82109748732573,-13.310192186049486 30.820590665782092,-13.308832461478698</coordinates></LineString>
  </Placemark>
  <Placemark>
	<name>kaombe</name>
	<Style><LineStyle><color>ff0000ff</color></LineStyle><PolyStyle><fill>0</fill></PolyStyle></Style>
	<ExtendedData><SchemaData schemaUrl="#Luangwa_river">
		<SimpleData name="Name">kaombe</SimpleData>
		<SimpleData name="OBJECTID">221</SimpleData>
		<SimpleData name="ID">0</SimpleData>
		<SimpleData name="RIVERCODE">1</SimpleData>
		<SimpleData name="Corridors">0</SimpleData>
		<SimpleData name="Shape_Leng">15281.81986590000</SimpleData>
	</SchemaData></ExtendedData>
      <MultiGeometry><LineString><coordinates>30.795251668296117,-13.289215270675639 30.794708033121246,-13.288758772993756 30.793883529469205,-13.287480977215099 30.79362817001067,-13.287026976635515 30.792479432266887,-13.28653699020138 30.791244986775919,-13.285961546471803 30.790527894356757,-13.285560008697864 30.78958249269477,-13.28490235728909 30.788871289144122,-13.28385142736219 30.788274629156348,-13.282886201273488 30.787763684832278,-13.282006428083152 30.787255813973122,-13.280787843945156 30.786778308234972,-13.279400103558192 30.786442121185139,-13.278324193440699 30.786276587419824,-13.277503896436755 30.785803697320258,-13.275607939039672 30.785527727372344,-13.274250187875579 30.785454046749308,-13.27283772253595 30.786096896965656,-13.271883270869994 30.786512211703208,-13.270588001462269 30.786475785181139,-13.268244054166466 30.78642938625422,-13.267001244102177 30.786378639841157,-13.266238417305084</coordinates></LineString><LineString><coordinates>30.792324424311659,-13.344985253769313 30.791285637937953,-13.345060911067295 30.790766116404484,-13.345112855482691 30.787743753120616,-13.347684235653571 30.786087348035558,-13.349081584975082 30.785070428345744,-13.349919785991716 30.783454680690994,-13.350018598210321 30.782561335901057,-13.349954306886998 30.781535682201962,-13.348589985444661 30.78042328091707,-13.347253138350903 30.77990788423282,-13.346853314921873 30.777948738745664,-13.346666723614312 30.776481578269053,-13.346286781505409 30.775367665901552,-13.345119321433554 30.775142686272972,-13.344496149796788 30.774470595215977,-13.342316064139993 30.77405335494398,-13.340646466233046 30.774038224941052,-13.339149816378178 30.774826013247274,-13.338140230007529 30.776330993708566,-13.337532237544789 30.778442482748535,-13.33681660613415 30.780554220530259,-13.336072720514183 30.783672510443818,-13.335619977997482 30.785783970309581,-13.334904278402893 30.787980634354099,-13.334330484907643 30.789978029119023,-13.333472570142721 30.791313038334842,-13.332524159619913 30.79184509263942,-13.331088731711212 30.791856882431674,-13.329789956211961 30.790427592469648,-13.328422160323258 30.788534960337302,-13.327276211376686 30.787484620400701,-13.325459923546054 30.785946734182819,-13.323357015835326 30.785111402695751,-13.323265017793467 30.783403941782723,-13.323956019069705 30.781612551943986,-13.32436391074005 30.779713046156385,-13.32398022704345 30.778542053953558,-13.322755819828823 30.778109108156862,-13.31964603996407 30.77785633278808,-13.318909684068142</coordinates></LineString><LineString><coordinates>30.848473055232883,-13.318473207921453 30.846880318442221,-13.319250354010371 30.845577141266741,-13.319888758844382 30.844822513902784,-13.320447100750057 30.843810147160507,-13.320805590175345 30.842356037914112,-13.322205101594662 30.84171296926251,-13.323187941489476 30.840462915103643,-13.32433503841796 30.838839782840239,-13.325281288608792 30.837158974731228,-13.326227035805614 30.836148081728226,-13.326416077554796 30.834386287533647,-13.326739893612533 30.833168284772778,-13.327520137008344 30.832228537901841,-13.329432236860056 30.831926872870522,-13.330926229061589 30.831683121808894,-13.332392478476811 30.830723319336975,-13.333316096923173 30.829130943790815,-13.334036636041329 30.827627329943315,-13.334503791255148 30.825717520063698,-13.335249824455147 30.824588727896188,-13.335720173198302 30.823372420913273,-13.336302712778512 30.820217436598835,-13.337630984086836 30.81795702280516,-13.338882201468161 30.815289365166404,-13.340525202140974 30.814244125391692,-13.341293043052111</coordinates></LineString></MultiGeometry>
  </Placemark>
  <Placemark>
	<name>kaombe</name>
	<Style><LineStyle><color>ff0000ff</color></LineStyle><PolyStyle><fill>0</fill></PolyStyle></Style>
	<ExtendedData><SchemaData schemaUrl="#Luangwa_river">
		<SimpleData name="Name">kaombe</SimpleData>
		<SimpleData name="OBJECTID">222</SimpleData>
		<SimpleData name="ID">0</SimpleData>
		<SimpleData name="RIVERCODE">1</SimpleData>
		<SimpleData name="Corridors">0</SimpleData>
		<SimpleData name="Shape_Leng">4982.94880824000</SimpleData>
	</SchemaData></ExtendedData>
      <MultiGeometry><LineString><coordinates>30.811108579874514,-13.343679892952908 30.808295894439347,-13.345406262324037 30.808110917546585,-13.346731789193102 30.808246682453955,-13.347664775870722 30.808780783980861,-13.349194179722273 30.809429974227694,-13.350752815015767 30.809736208109918,-13.351969644059848 30.810149381343514,-13.354119209761796 30.810418891406513,-13.356211060376328 30.810288012983499,-13.357932370089117 30.809502824823028,-13.358659733331708 30.808456579881039,-13.359554253885507 30.807231189039712,-13.361124897754886 30.806783337565747,-13.362815218611441 30.806687640720604,-13.363830909716533 30.805868732869662,-13.365094461017623 30.805399687366577,-13.365937493226655 30.804352371998245,-13.36694492649165 30.803368602868428,-13.36730346430541 30.802007395233264,-13.367941083860188 30.800909552264464,-13.368157436742754 30.799608826723105,-13.368484965994247 30.798594159304372,-13.369069106114043 30.797782371429992,-13.369542061876011 30.796685289737376,-13.369673690987936 30.795621664570653,-13.369297351006308 30.79465584855507,-13.367679454973567 30.793451649335879,-13.366906571685586 30.791804889698877,-13.367231042258876 30.790269099877328,-13.368036489567992 30.78931620910063,-13.368169346407997 30.788710642869177,-13.368164054286504</coordinates></LineString><LineString><coordinates>30.812386681454957,-13.342646166966045 30.812393968350062,-13.342133440794145</coordinates></LineString></MultiGeometry>
  </Placemark>
  <Placemark>
	<Style><LineStyle><color>ff0000ff</color></LineStyle><PolyStyle><fill>0</fill></PolyStyle></Style>
	<ExtendedData><SchemaData schemaUrl="#Luangwa_river">
		<SimpleData name="OBJECTID">223</SimpleData>
		<SimpleData name="ID">0</SimpleData>
		<SimpleData name="RIVERCODE">1</SimpleData>
		<SimpleData name="Corridors">0</SimpleData>
		<SimpleData name="Shape_Leng">430.37920187700</SimpleData>
	</SchemaData></ExtendedData>
      <LineString><coordinates>30.811108579874514,-13.343679892952908 30.814244125391692,-13.341293043052111</coordinates></LineString>
  </Placemark>
  <Placemark>
	<Style><LineStyle><color>ff0000ff</color></LineStyle><PolyStyle><fill>0</fill></PolyStyle></Style>
	<ExtendedData><SchemaData schemaUrl="#Luangwa_river">
		<SimpleData name="OBJECTID">224</SimpleData>
		<SimpleData name="ID">0</SimpleData>
		<SimpleData name="RIVERCODE">1</SimpleData>
		<SimpleData name="Corridors">0</SimpleData>
		<SimpleData name="Shape_Leng">366.07786113600</SimpleData>
	</SchemaData></ExtendedData>
      <LineString><coordinates>30.812432821697918,-13.339399432695711 30.812386561367678,-13.342707075901295</coordinates></LineString>
  </Placemark>
  <Placemark>
	<Style><LineStyle><color>ff0000ff</color></LineStyle><PolyStyle><fill>0</fill></PolyStyle></Style>
	<ExtendedData><SchemaData schemaUrl="#Luangwa_river">
		<SimpleData name="OBJECTID">225</SimpleData>
		<SimpleData name="ID">0</SimpleData>
		<SimpleData name="RIVERCODE">1</SimpleData>
		<SimpleData name="Corridors">0</SimpleData>
		<SimpleData name="Shape_Leng">10146.87158150000</SimpleData>
	</SchemaData></ExtendedData>
      <MultiGeometry><LineString><coordinates>30.696063822808323,-13.658188782332367 30.697701834431172,-13.659973338214348 30.699380554878058,-13.661532389241215 30.701334227217622,-13.662529296310908 30.703478198264499,-13.663753827903363 30.703935384949567,-13.664247457774531 30.704417578993233,-13.666134211110817 30.70570597752651,-13.668254304384055 30.707347042924948,-13.669737676913842 30.710452763609727,-13.671046349346879 30.713137254201531,-13.672125224380574 30.715781100043838,-13.67342957548469 30.71757770434299,-13.674763744416641 30.719104494587373,-13.676133064972818 30.720505667769981,-13.67855531461109 30.723037038410098,-13.679557399331033 30.728028277462769,-13.680996149644821</coordinates></LineString><LineString><coordinates>30.696140807950087,-13.65818949746337 30.695800224878575,-13.657584004865139 30.695535897615368,-13.657054510575671 30.695356600555407,-13.655697603850447 30.692543374118873,-13.656010260814933 30.691930794657068,-13.655665752224298 30.686928699151675,-13.651478166772945 30.686205805446878,-13.650605583754373 30.685684547684787,-13.648793744587261 30.685256059944045,-13.645364020450412 30.684622648448677,-13.643212327274906 30.683297535028043,-13.640941245518794 30.682027748274773,-13.640891749948107 30.680713959668733,-13.641406516317272 30.679337900540077,-13.640414882823791 30.678310095470955,-13.639238272981698 30.678066059378512,-13.636638472082828 30.678743904200147,-13.634235511865928 30.679217160542965,-13.633072931112723 30.679383978808147,-13.631756905149256 30.678968331662169,-13.630962471731447 30.677065874003326,-13.632638727633475 30.675128761836362,-13.629985446746982 30.671736332351681,-13.630518360572729 30.670425789727258,-13.626779216695649</coordinates></LineString></MultiGeometry>
  </Placemark>
  <Placemark>
	<Style><LineStyle><color>ff0000ff</color></LineStyle><PolyStyle><fill>0</fill></PolyStyle></Style>
	<ExtendedData><SchemaData schemaUrl="#Luangwa_river">
		<SimpleData name="OBJECTID">226</SimpleData>
		<SimpleData name="ID">0</SimpleData>
		<SimpleData name="RIVERCODE">1</SimpleData>
		<SimpleData name="Corridors">0</SimpleData>
		<SimpleData name="Shape_Leng">7821.78718782000</SimpleData>
	</SchemaData></ExtendedData>
      <MultiGeometry><LineString><coordinates>30.670425789727258,-13.626779216695649 30.669227049765187,-13.623417569709819 30.670550332155553,-13.621924169270956 30.673169599595042,-13.62172282513094 30.674878445609693,-13.620157714695166 30.675198473187571,-13.618918415296779 30.67606832481081,-13.616554896953371 30.677728708364693,-13.616005726322809 30.679733984497457,-13.615610342644278 30.681576514395601,-13.616116912827037 30.683142690469733,-13.617336159538359 30.684446442599484,-13.617837691577565 30.685756058912826,-13.617736945659166 30.686558771863314,-13.618309096308963 30.687364415409235,-13.618580107282657 30.690743881689595,-13.619364423760643 30.69392401184334,-13.62086211500276 30.696913574978321,-13.622169778059472 30.698194206055245,-13.621089911564841 30.70051396481411,-13.620019647231988 30.702598787307544,-13.619361292681246 30.705256541672849,-13.619159957794707 30.707721500819616,-13.618994461646182 30.70922719250115,-13.61851893867374 30.710542258407667,-13.617853420267453 30.711519266979359,-13.616318923574852 30.711924399348145,-13.614214470831117 30.711826313551654,-13.612406556304238 30.711689740766669,-13.610598288694549 30.712891830345047,-13.609668187989184 30.713615096766688,-13.610503049037126</coordinates></LineString><LineString><coordinates>30.671812938476741,-13.63055672334592 30.672143472603494,-13.632178559252216 30.671561361706132,-13.632662490995848 30.668139270134457,-13.632291590402138 30.663910438024818,-13.631762480071727</coordinates></LineString></MultiGeometry>
  </Placemark>
  <Placemark>
	<name>Luangwa</name>
	<Style><LineStyle><color>ff0000ff</color></LineStyle><PolyStyle><fill>0</fill></PolyStyle></Style>
	<ExtendedData><SchemaData schemaUrl="#Luangwa_river">
		<SimpleData name="Name">Luangwa</SimpleData>
		<SimpleData name="OBJECTID">227</SimpleData>
		<SimpleData name="ID">0</SimpleData>
		<SimpleData name="RIVERCODE">1</SimpleData>
		<SimpleData name="Corridors">1</SimpleData>
		<SimpleData name="Shape_Leng">114873.31326700000</SimpleData>
	</SchemaData></ExtendedData>
      <LineString><coordinates>31.544428465168316,-13.428657624472946 31.541680917512043,-13.433079920082122 31.538497233290702,-13.436150952846747 31.527907524511864,-13.438480373766049 31.516968980925391,-13.439432029316219 31.502502823413636,-13.440357963015241 31.482750154400691,-13.439526321724484 31.468999333467671,-13.437019418939764 31.458414532542321,-13.437629847945475 31.452434274901467,-13.431741552630971 31.439041122900502,-13.427518230752122 31.42279741900343,-13.433244476106035 31.41749029730078,-13.438706662740534 31.416060605320798,-13.445228537725324 31.406841703051722,-13.461663969492678 31.394477392221713,-13.467762306937352 31.392008063247786,-13.467744302065659 31.386377622267901,-13.462889971933942 31.377218587799401,-13.458353718965547 31.365568632060686,-13.461363017652417 31.362732802068891,-13.466155613781542 31.350360639027631,-13.475004336730047 31.342243203857109,-13.476320367664114 31.339420132306532,-13.476643587120215 31.326007351500319,-13.479296226850284 31.301624620747312,-13.493902061393277 31.29524351080601,-13.504857300324664 31.282862515627727,-13.516800204846206 31.266960776573157,-13.526310801104449 31.260612054574281,-13.52592070257489 31.248945414018269,-13.534774568513678 31.2439861457378,-13.541958316929367 31.236511554592955,-13.551773932327082 31.23513374417595,-13.553583146173498 31.223092749832944,-13.569997998259266 31.222001096459017,-13.581679416350612 31.215964895902431,-13.595387611321243 31.208187462844453,-13.601175589351804 31.192664983734893,-13.60140620772566 31.182089015155302,-13.598922453450809 31.147487980944476,-13.609328112149727 31.140771775570023,-13.614092412683993 31.11639296811984,-13.627323050641463 31.106479337450452,-13.639971555963998 31.103983507963861,-13.649236098885842 31.101117251415111,-13.664686434186454 31.101450383838301,-13.671564967823713 31.102453705219073,-13.690825376510498 31.102415427888797,-13.704233501465309 31.103453101224016,-13.711460978041483 31.092473333858258,-13.726852150174199 31.079750370180278,-13.735010702230053 31.068802010432737,-13.739400336245069 31.053613643802223,-13.746165689208375 31.045469706975698,-13.756764266389578 31.043677437310443,-13.766721548932249 31.043276583596445,-13.783565081708044 31.04327560228171,-13.783908880323784 31.028812387149188,-13.783803416530763 31.006564867669894,-13.791892515216558 30.999402892974299,-13.796182907066353 30.995963379711412,-13.798347509572579 30.978656481470143,-13.805785024319137 30.963831671624465,-13.808771169862945 30.959229089679912,-13.814582297376193 30.957440745555093,-13.823164386912724 30.959183940924973,-13.830397008073019 30.959495479370393,-13.844839098143817 30.950638167249906,-13.85818291404988 30.941812263643165,-13.860525193043042 30.932636542628188,-13.861833505218561 30.931195070032889,-13.872480955221167 30.931177403906865,-13.878669320461929 30.921974200460721,-13.889603977932033 30.908654968082061,-13.903065041830052 30.905827271921126,-13.911115403082896 30.897385438242843,-13.933593935486991 30.891375643160988,-13.938811053409282 30.88555173263503,-13.939176517311962 30.87843250492913,-13.941471777325463 30.876723974054592,-13.942011514015784 30.875434960373237,-13.943248193847909 30.872766175899706,-13.945422389357049 30.868441380920657,-13.949257223588083 30.860575380147665,-13.952386222706524 30.853987318562968,-13.953836756668167 30.849499271863017,-13.956363036412652 30.847305790428461,-13.961754154462025 30.846281527377489,-13.96759922352595 30.846291060505987,-13.972178766946284 30.845301128829249,-13.979062386643282 30.844454251772731,-13.984908409243664 30.84104768324972,-13.989115063019696</coordinates></LineString>
  </Placemark>
  <Placemark>
	<name>Lunsemfwa</name>
	<Style><LineStyle><color>ff0000ff</color></LineStyle><PolyStyle><fill>0</fill></PolyStyle></Style>
	<ExtendedData><SchemaData schemaUrl="#Luangwa_river">
		<SimpleData name="Name">Lunsemfwa</SimpleData>
		<SimpleData name="OBJECTID">228</SimpleData>
		<SimpleData name="ID">0</SimpleData>
		<SimpleData name="RIVERCODE">1</SimpleData>
		<SimpleData name="Corridors">0</SimpleData>
		<SimpleData name="Shape_Leng">135726.11906600001</SimpleData>
	</SchemaData></ExtendedData>
      <LineString><coordinates>29.188719771597764,-14.883180526398727 29.194323715602174,-14.885877132018525 29.198199499221406,-14.885362965131735 29.200283532234263,-14.885252915492396 29.202942004876281,-14.886309459087366 29.204922160637526,-14.89212773520272 29.206804382917181,-14.895051661221979 29.210513953399619,-14.895547018870653 29.217207434008149,-14.895513104796619 29.220226651903609,-14.892959492165069 29.227708804527403,-14.881801019524149 29.229371974522177,-14.88023736298382 29.238194342232074,-14.877489573731946 29.240603315990683,-14.875793410159391 29.243208540091739,-14.871352233235472 29.24790258083133,-14.866511265078872 29.24915947801254,-14.862626470277577 29.25025265435611,-14.859606840981705 29.255853218963029,-14.853912566299748 29.261073995897785,-14.852985178280756 29.266708432866732,-14.85394478336028 29.271730887984724,-14.855906840508744 29.273943574175167,-14.856955309547629 29.27769509047458,-14.854991145802343 29.28084443719116,-14.853451090601979 29.283951671287817,-14.854369316425792 29.286739332057969,-14.856584168799163 29.289048879841648,-14.860671698492991 29.29090751728803,-14.865041228276917 29.293108067811463,-14.866812600668787 29.295073040318591,-14.864963916146058 29.298073803615729,-14.863421226990845 29.30227136190145,-14.861463834915495 29.304543423067702,-14.859041386519786 29.306255172819622,-14.854584768774016 29.308113047509405,-14.850275123309025 29.312580612591713,-14.849912982577091 29.317316103356806,-14.851290882203276 29.325290753290499,-14.854601085754055 29.326879727894326,-14.857374954082006 29.327951715861069,-14.864335515475421 29.328621716813597,-14.868685870523596 29.330537547302864,-14.869729122885305 29.334269470793117,-14.86892089353554 29.338154953739622,-14.867825738890202 29.340972748581223,-14.868304690721112 29.346420723183218,-14.871574016789598 29.351276527876539,-14.87468916258695 29.35814137767451,-14.882175921797065 29.363585153823426,-14.88573421377539 29.371327614009907,-14.885278366076276 29.376436893747876,-14.882176712234555 29.382669033457766,-14.874174141580127 29.384998410798129,-14.868279742725512 29.387727962325517,-14.865140184817241 29.391733150992327,-14.865781888291341 29.396014150357438,-14.867729834716856 29.400367243713013,-14.865338918741422 29.403700944447966,-14.861629934938788 29.40404866168975,-14.858597423519903 29.403986212989405,-14.853388507473655 29.404791923284545,-14.849639838891083 29.407652889691903,-14.847514646661764 29.413185390246081,-14.845720486073676 29.416801595978306,-14.8428836118202 29.417637999614879,-14.837254650249662 29.419136734911731,-14.83655468021146 29.42211037835423,-14.836601009558851 29.424172902528316,-14.837790463766185 29.425624063778653,-14.839983068480759 29.426461474321123,-14.843323464702616 29.428509821715402,-14.845380687525747 29.43089360859739,-14.845128414621646 29.431958189283328,-14.843698271184845 29.432154370862534,-14.840807941309224 29.431319242767071,-14.837322914924716 29.425401510565635,-14.826380808412166 29.425420521585455,-14.825223759259629 29.425309865746343,-14.822907349234653 29.426100737600596,-14.820026277827623 29.426136358965589,-14.817856807914833 29.425270463264081,-14.816252002572549 29.423821783868249,-14.813914796811552 29.423859787589127,-14.811600699869032 29.423904908416464,-14.808852709245812 29.425582930372489,-14.806274749233888 29.428443082593098,-14.804149117415124 29.431298446247176,-14.802312703319306 29.435616709858742,-14.801945589719599 29.439755597702423,-14.803456332312079 29.442110587242091,-14.804939446392629 29.443429677048258,-14.806117196597874 29.447132160318702,-14.807042403021228 29.452448833497296,-14.809294491496912 29.455361007945573,-14.813100845062914 29.45694226632105,-14.81645266925546 29.457197244898641,-14.81906070226637 29.45685750973481,-14.821659573433916 29.457131318593213,-14.823110516375063 29.459196351197491,-14.824155034962709 29.462337448174857,-14.823045999888755 29.466396430893663,-14.820359611359418 29.468208738215093,-14.818651362126397 29.467110853373388,-14.812992218562272 29.46612411905441,-14.80964956734679 29.4649699593819,-14.807461736496061 29.465455859292554,-14.80500974513131 29.46534003884722,-14.802982533891244 29.464178868187417,-14.801228620107283 29.46464597976188,-14.799933729592617 29.466281288589506,-14.799958831252464 29.469547230776257,-14.80029827721463 29.47160513271654,-14.801776566233608 29.473054345222735,-14.804113568262608 29.473876128774005,-14.808466404132957 29.473826955187253,-14.811503822837841 29.473938156634109,-14.813820324420583 29.474922681874386,-14.817307610057961 29.476643603399904,-14.821240206672442 29.477365936764137,-14.822553349877788 29.479730809573248,-14.823457618560386 29.48389393755626,-14.82352131732069 29.485717850460361,-14.821089702209242 29.487072332065797,-14.820097660879428 29.490050636512962,-14.819853779576526 29.494058069437322,-14.820348936858311 29.495679610873548,-14.821241716461293 29.500298125012833,-14.820733334243755 29.504907348692431,-14.820803429073042 29.509676879567149,-14.820152466251356 29.512847937699878,-14.817162287121832 29.516151391479728,-14.815186815173186 29.517224562942495,-14.813177533895201 29.518011911215982,-14.810440514282478 29.520128096734634,-14.808302307506972 29.524876605161619,-14.808952780928074 29.527669248724887,-14.811020481639764 29.531008292087737,-14.816134729792326 29.533620151457747,-14.82022522113971 29.536111036777438,-14.822577680411447 29.538650293556756,-14.821892497818164 29.542431915982949,-14.817898232961944 29.547832901578595,-14.814940972812103 29.552311869729436,-14.813850653075304 29.556463699536721,-14.814636257617714 29.561041084268936,-14.816730334193132 29.563571120024069,-14.816623454913918 29.564637066077584,-14.815047818654746 29.564664450678166,-14.813311983270955 29.566034587782671,-14.811306814023919 29.569305734368864,-14.81135560400557 29.572844679066257,-14.813289281749297 29.577198525993492,-14.820154456761427 29.579561752281268,-14.821202436052998 29.583148656169481,-14.820098238834998 29.585555037100296,-14.818397698068811 29.585451714944323,-14.815502369362806 29.582530051532348,-14.812131132038388 29.580216854579845,-14.80790078197353 29.58071059208622,-14.804869643500407 29.585399197471091,-14.799875087769426 29.590682307350811,-14.794889192347217 29.594618039728481,-14.790461981410621 29.598959045021925,-14.7886451029492 29.602687263441226,-14.78797663383491 29.60363337449472,-14.784517961680624 29.605025464700194,-14.781065846548774 29.607872748532142,-14.779660825233416 29.611736013763224,-14.7798623210023 29.615112896892615,-14.782661103699562 29.618953836042312,-14.784309106444052 29.621143689254321,-14.786945719646782 29.625914888897103,-14.786147446449135 29.626842750777975,-14.783845900491736 29.627191524956729,-14.780523006504254 29.626641525873726,-14.777621051153968 29.625492372023338,-14.774999721997332 29.625516960841352,-14.77340843311141 29.626721974984381,-14.772413188999165 29.630139186016944,-14.772607829861396 29.632538010848208,-14.771340593495374 29.636765404684834,-14.767206052134458 29.642002186595004,-14.76511185415546 29.647376463094613,-14.763743004656307 29.653012586809584,-14.764692997112551 29.654827627770835,-14.762693522570586 29.656647059775693,-14.760404691101414 29.65831778499118,-14.758113684392839 29.658794733668891,-14.75609478988553 29.656884207499566,-14.754620142122873 29.654687446703811,-14.75241784174484 29.652637177489975,-14.750362349921883 29.651931513912462,-14.747892240228401 29.653158398010902,-14.745450130384537 29.65568777928484,-14.745342052574395 29.658334892612057,-14.747261447265892 29.661272752841967,-14.749619122802423 29.663808816854065,-14.749076959512871 29.666519984191744,-14.746800881758581 29.670083423487302,-14.747141668333315 29.674259122280152,-14.746333599708972 29.677409556877912,-14.74449779332328 29.679071159865359,-14.742785247557716 29.681454093717051,-14.742530070266872 29.685150861453547,-14.743885451777222 29.688272740862502,-14.743930210704656 29.691106056824662,-14.743391979666807 29.694074915671443,-14.74372387708401 29.697927036918237,-14.744647179094232 29.700454313406837,-14.74468327800567 29.702706064535494,-14.743268363039082 29.703925867892568,-14.741259882477973 29.704717084539286,-14.738087634962026 29.705348728388792,-14.735636636154831 29.709099971623111,-14.733374754327633 29.711810553033871,-14.731098003285013 29.71392646047849,-14.728812762047289 29.718259128030475,-14.727427193862638 29.724369120726038,-14.726500830171414 29.726045390115793,-14.72377509225147 29.727437266594901,-14.72017705949148 29.729688614367685,-14.718761789892099 29.732956771782746,-14.71895265192758 29.736688125595649,-14.717992319053007 29.741643059183236,-14.714733772735544 29.746326310923578,-14.709734738570074 29.748885464153336,-14.707600001705147 29.752297895284279,-14.708082009738504 29.755676122647461,-14.710878892579139 29.759364566413975,-14.712811805494969 29.761868136791204,-14.71443867585597 29.764953556424306,-14.716941939637678 29.766860465633588,-14.718705146542202 29.771320150374599,-14.718767395786053 29.780955256255613,-14.710652798633049 29.784832949071212,-14.709838368182224 29.790205618444837,-14.708465723413775 29.798158103859858,-14.703510666273298 29.808694051445634,-14.694683433815054 29.810940544231336,-14.693556591383137 29.816149433507299,-14.693194023830822 29.822264858395911,-14.691830715700688 29.825840723972057,-14.691300809440104 29.82953808597356,-14.692653891143019 29.834550404947088,-14.695616827688379 29.839300972177611,-14.696115818196606 29.842899801231749,-14.693994008140956 29.849797902064275,-14.689890836537742 29.853817632434602,-14.689511233608645 29.859893637083132,-14.690896116836829 29.861838495570389,-14.690054090137815 29.864576137947623,-14.685749335892581 29.866413541563308,-14.682011278426078 29.869553642887986,-14.680751126138357 29.874869913282907,-14.683283157184734 29.878889566595632,-14.682903085370425 29.881471996391163,-14.679030149142138 29.883133760439055,-14.677171004234074 29.888666374482316,-14.674929573783535 29.891521281326206,-14.67279687987968 29.89229515396438,-14.670636296032107 29.891148952682748,-14.667581630585103 29.891945273599021,-14.663829317789123 29.892764014003689,-14.658485268338563 29.892990209024109,-14.652988556801983 29.894702626383378,-14.647511694891703 29.899489207892909,-14.645404610109303 29.904218813481847,-14.647349129131811 29.908777559539981,-14.650883344773108 29.910638737003811,-14.655973707965302 29.912512153407679,-14.660195839330701 29.913035690241138,-14.665268424882756 29.913864634245911,-14.669766142543116 29.915611850406513,-14.672394542389892 29.91960503737004,-14.673894890263908 29.923343492094702,-14.67235240170765 29.926784611132565,-14.670805906726061 29.93034809457578,-14.671142515376472 29.930681719488963,-14.668541708670626 29.930418738560853,-14.666077749838955 29.930615805177592,-14.662606730780849 29.933614837497778,-14.660764786309393 29.936854737629034,-14.662978551559215 29.939652799138841,-14.664896991274164 29.944280867596252,-14.663510565094054 29.952349736231206,-14.660577093833927 29.956557747232193,-14.657303293022466 29.957628218881233,-14.655146245846094 29.955725894846577,-14.652950275431072 29.953237063348361,-14.650167661540616 29.953574342102208,-14.647277337068319 29.95496202599033,-14.643677079257781 29.957649388052367,-14.642843822409656 29.967019210993186,-14.642531976757809 29.972641447001017,-14.644486834262713 29.978230078981966,-14.648901717753688 29.984177627862351,-14.648834198293784 29.989086700157916,-14.64860833914843 29.991740495346527,-14.650234847227912 29.995135576336779,-14.652015657010299 29.998118302302871,-14.651330482041436 30.002609101031467,-14.649072540146141 30.006800572064662,-14.646955386418263 30.008451341356508,-14.645818680162389 30.008606919841647,-14.645838890024271</coordinates></LineString>
  </Placemark>
</Folder></Document></kml>
