<?xml version="1.0" encoding="utf-8" ?>
<kml xmlns="http://www.opengis.net/kml/2.2">
<Document><Folder><name>National_Parks_Zambia</name>
<Schema name="National_Parks_Zambia" id="National_Parks_Zambia">
	<SimpleField name="Name" type="string"></SimpleField>
	<SimpleField name="Description" type="string"></SimpleField>
	<SimpleField name="OBJECTID" type="int"></SimpleField>
	<SimpleField name="ID" type="int"></SimpleField>
	<SimpleField name="PROVINCE" type="string"></SimpleField>
	<SimpleField name="STATUS" type="int"></SimpleField>
	<SimpleField name="Size_SqKm" type="int"></SimpleField>
	<SimpleField name="Shape_Leng" type="float"></SimpleField>
	<SimpleField name="Shape_Area" type="float"></SimpleField>
</Schema>
  <Placemark>
	<name>Lavushi Manda</name>
	<Style><LineStyle><color>ff0000ff</color></LineStyle><PolyStyle><fill>0</fill></PolyStyle></Style>
	<ExtendedData><SchemaData schemaUrl="#National_Parks_Zambia">
		<SimpleData name="Name">Lavushi Manda</SimpleData>
		<SimpleData name="OBJECTID">1</SimpleData>
		<SimpleData name="ID">0</SimpleData>
		<SimpleData name="PROVINCE">Northern</SimpleData>
		<SimpleData name="STATUS">9</SimpleData>
		<SimpleData name="Size_SqKm">1500</SimpleData>
		<SimpleData name="Shape_Leng">2.32939124155</SimpleData>
		<SimpleData name="Shape_Area">0.12934868889</SimpleData>
	</SchemaData></ExtendedData>
      <Polygon><outerBoundaryIs><LinearRing><coordinates>30.785406495570214,-11.969019896670146 30.786249212472338,-11.968910889846995 30.78747835186266,-11.969074380296661 30.790051709688843,-11.969114135726272 30.79104732482574,-11.969336487702092 30.792979707063349,-11.969724296944833 30.793861769304268,-11.970462978476007 30.794978124718849,-11.971257342429906 30.796447621411343,-11.972392999093927 30.797211234847115,-11.972903342761811 30.799156141942603,-11.975181439675906 30.799626618664945,-11.975579214306094 30.800449105318023,-11.976146433797112 30.801153501995426,-11.976542605835389 30.802680017503231,-11.977448707853512 30.80326708323275,-11.977788393475123 30.806084719405138,-11.979373047454146 30.806494456816949,-11.979427519389446 30.807549371449852,-11.97976398453892 30.808724670228916,-11.980615188343052 30.809430613740233,-11.981240474359536 30.809961119308696,-11.981866965467475 30.811314541406201,-11.983117935000791 30.811432644871669,-11.983288978856137 30.812139744011802,-11.984086109124632 30.812611018432786,-11.98459843399894 30.812905708275363,-11.984940117914164 30.813084198517174,-11.985397173154524 30.814026757251668,-11.986421821104555 30.814673484903945,-11.986932935491437 30.816203162427996,-11.988297245680712 30.816909142811479,-11.988922519106666 30.818324932891699,-11.990745893621749 30.819327921569993,-11.992056542164903 30.820624865344708,-11.993594301895996 30.821215814346768,-11.99450679179847 30.82168712294197,-11.995019107679582 30.822039936866584,-11.995303098287934 30.824448108121768,-11.996833162520488 30.824799395896889,-11.99688801756696 30.827847861953842,-11.997955336548614 30.829075268350664,-11.99783225263775 30.830715140702235,-11.99816459079841 30.832588957290625,-11.998495293991652 30.833231905092415,-11.998433539346536 30.833348874512861,-11.998432726359397 30.833931029044773,-11.998027674415368 30.834632461556794,-11.997965509679432 30.835332352630868,-11.997674208482294 30.836732516990825,-11.997148883907983 30.838428572687572,-11.997137066816549 30.839071518690726,-11.99707529778226 30.841292392643421,-11.996830657009298 30.84439440883062,-11.997152706026611 30.846153218319269,-11.997770559146545 30.847032045698821,-11.997993555036885 30.847500314585599,-11.998047563821387 30.84517831636731,-12.001167895601041 30.850036484546536,-12.00118288999721 30.850740602434087,-12.001692509710892 30.850800212196191,-12.001863665981544 30.850745164694725,-12.002321651120894 30.85127377449237,-12.002775358185318 30.851517608573484,-12.00420351394348 30.852113716986086,-12.005915076649956 30.852298773178006,-12.007286466302276 30.853647024173824,-12.008077347181938 30.853707466708101,-12.008362893617459 30.854130152558469,-12.010304518187525 30.853669021590633,-12.011108670362374 30.852637479437927,-12.01374733155842 30.852060429457879,-12.014666723757443 30.85154008622834,-12.01535690754946 30.85131779810439,-12.01690287359412 30.85174088325374,-12.018901695045257 30.851693284836696,-12.020389183574252 30.851523974874169,-12.021191190866091 30.852360624949881,-12.023873357664568 30.852490622848563,-12.025702732456239 30.853027975854953,-12.027357532654207 30.852975404187081,-12.028158685590141 30.853798819839824,-12.02901062234173 30.854797771461506,-12.029918469943821 30.854977861597206,-12.030603524003027 30.856151525408787,-12.03145288959297 30.857616643302318,-12.032242917016049 30.858728627112551,-12.032635144627932 30.861423749544201,-12.033988106272545 30.863419253396383,-12.035460587814839 30.864419096246191,-12.03648280040079 30.865533194362509,-12.037160980042415 30.867404910134667,-12.037661982452391 30.869333757137323,-12.037990957148679 30.8712013117464,-12.037919983553422 30.874531990452116,-12.038352972936309 30.877101722211876,-12.038505563602996 30.87850816114161,-12.039238733189393 30.879738225934314,-12.039801608955031 30.880856163256396,-12.04099449667433 30.880857842290595,-12.041223278802645 30.8818636566387,-12.043046181173677 30.882927019502741,-12.044754258108014 30.884752231332751,-12.046857070863325 30.885580856757993,-12.048395288349353 30.885935323636545,-12.048964644629507 30.88805331424976,-12.051179668492409 30.889873552828931,-12.052596110581135 30.891043220053465,-12.052873403938348 30.891393067114734,-12.052813601721368 30.892506469155819,-12.053377303963885 30.893980274500109,-12.055311096338414 30.893939617050535,-12.057713761944113 30.895522190897683,-12.058559957423824 30.897287096890352,-12.060377172482333 30.897825194535354,-12.062089136286488 30.897600123009738,-12.06323479970672 30.898250338232856,-12.064316735369346 30.898199563410397,-12.065346700111149 30.898558723850609,-12.066545205895238 30.89938409462945,-12.067625833943564 30.899624807163832,-12.068596425445094 30.900985353690427,-12.07098864182808 30.901047542708053,-12.071502971291238 30.902284577246458,-12.072980917114194 30.903459431760492,-12.073944530776032 30.90649959527644,-12.074493792604754 30.908422850294752,-12.074021797826845 30.910052061183706,-12.073265995002885 30.91121505004287,-12.072628078008506 30.912318799660625,-12.071876200725228 30.914067735492662,-12.071519869552162 30.91698688443773,-12.071497926094651 30.921308088117708,-12.071579786882353 30.923351073475033,-12.071507179218997 30.924986232479906,-12.07155203740183 30.925863267510689,-12.071717013531497 30.928666099943143,-12.071753026882163 30.930361367833768,-12.072026200445178 30.934063610429064,-12.075201378278052 30.935299144898352,-12.076450420564241 30.935775254973862,-12.077648020730976 30.936836512525073,-12.079012782379946 30.937370157626727,-12.080095543620189 30.939312388339886,-12.08214001915411 30.94060938067798,-12.083788984550779 30.941841964471678,-12.084637626186463 30.943254894707817,-12.086171301196885 30.944082240397847,-12.087480625038665 30.944144511253796,-12.087994958099102 30.945094684547939,-12.090104157839505 30.945749042048305,-12.091700800680485 30.945638309426158,-12.09250245543808 30.945353272006969,-12.093419838551711 30.945241241663098,-12.094049900867446 30.945545701740173,-12.095706407978639 30.94596478580587,-12.097076038557077 30.947379956253197,-12.098895694375585 30.949488481502097,-12.099737645055313 30.950774365414475,-12.099899444779565 30.951768732292464,-12.100120664508948 30.954398469515983,-12.100386594033012 30.956446477586837,-12.100942954210495 30.95761819886286,-12.101448803966264 30.958616922056763,-12.102241980815052 30.960902869152847,-12.103368504863909 30.962366568815526,-12.103872100918579 30.965637372459188,-12.103961412589342 30.967331605230186,-12.104062803953582 30.969200143697549,-12.104048441780719 30.971767638843403,-12.103799879064411 30.972934602705944,-12.103676488484666 30.974159083608125,-12.103438245488633 30.975850698452685,-12.103196393513256 30.977544502247095,-12.103240523245233 30.97906707782505,-12.103800784681653 30.981235049159409,-12.104756462725959 30.981881755227956,-12.105323481668108 30.983526851741257,-12.106626402337042 30.984649062641608,-12.108276577321817 30.986594514726221,-12.11066400121774 30.987184612969656,-12.1114602600432 30.989122185194674,-12.112818093315241 30.991231877763539,-12.113774162564596 30.992460812108447,-12.114107833520507 30.994740859652037,-12.114433328739835 30.998016285810873,-12.115094272874783 30.999830962982628,-12.11565216279905 31.001590353433301,-12.11661089314225 31.003940365532795,-12.118423045917098 31.005926722380597,-12.118521938964705 31.007150823768935,-12.118226356994683 31.008029875079668,-12.11861990391202 31.009382767476492,-12.119867786072744 31.010794069040454,-12.121115205981935 31.011849662661518,-12.121678970277742 31.012850868883501,-12.122757984942382 31.015320042950577,-12.124855144559433 31.017319840166071,-12.126669956629485 31.018554682157401,-12.12774712318736 31.01949530824885,-12.128540581523964 31.019800691030351,-12.130254281918951 31.019801137094074,-12.130311481497984 31.021093957477316,-12.131330982628015 31.022796480198792,-12.132461663343234 31.023034547827024,-12.133031825415967 31.025270296566134,-12.135130758496075 31.026857403895633,-12.136433939968354 31.028327725266422,-12.137738036051188 31.03027065115549,-12.139724841660721 31.032036604858316,-12.14148422042018 31.035741095758677,-12.144658367630029 31.036800436854605,-12.145679661108886 31.036921287748893,-12.146193540011723 31.038627125371363,-12.147724549431643 31.040152371036474,-12.148570534470023 31.044433443370167,-12.150767560201189 31.046072378628253,-12.151212186811108 31.049171441441899,-12.151645201375004 31.052155067279841,-12.15225071489732 31.054441018872581,-12.153262188678923 31.054794621502591,-12.153659802330479 31.058487780945423,-12.155346484393704 31.060948099388437,-12.156242112008101 31.062937093048447,-12.156626646819348 31.063696831305549,-12.156677775075366 31.065570387989908,-12.157234830428818 31.066804212848012,-12.158140227378397 31.067979640230135,-12.159046087478885 31.06950597497416,-12.160006336776974 31.071554794233521,-12.160561950517206 31.073666144252911,-12.161631894619859 31.074841612104535,-12.162537732237295 31.075663896410159,-12.163103173768604 31.077484615227263,-12.164347045852423 31.080010838686576,-12.166157279474019 31.08212502336897,-12.167570379682047 31.083830363666383,-12.168986765113457 31.085709575287577,-12.170230122785084 31.088527048682689,-12.17192353447507 31.090988113562958,-12.172876133240663 31.092388591786346,-12.172693185059586 31.093673168084536,-12.172625579425358 31.095077793981034,-12.172957434650129 31.096841656760148,-12.174373281387602 31.0980181912077,-12.17539344351934 31.099365352225217,-12.175840158355015 31.100135329263651,-12.177149642276106 31.099917385764453,-12.179096411867533 31.099340648748409,-12.1800163859279 31.097488513015488,-12.182148022853596 31.096736981971219,-12.183126611126568 31.094305731414806,-12.185892172956187 31.09332098188662,-12.186929842189841 31.092395558834085,-12.188081437538187 31.090322973191459,-12.191873748134071 31.089926010649094,-12.193364295257311 31.08936756674245,-12.196572308236794 31.088801762784328,-12.198865089281012 31.087712028201111,-12.201390911642704 31.088200917642663,-12.204075623522499 31.089105160762074,-12.207557863171132 31.089169082773306,-12.208243812055798 31.089476310963619,-12.210129112986463 31.089564538051945,-12.213846751974927 31.088662818430119,-12.217972800975872 31.087572061317758,-12.220384205293724 31.087284991430746,-12.221015773074555 31.086306931059823,-12.222911413510644 31.085215669427726,-12.225265600263015 31.084870622048182,-12.225954834371009 31.084755149099578,-12.226127377396208 31.084358989651776,-12.227732303892422 31.084189661702847,-12.228477331039812 31.083614569546796,-12.229626051255593 31.083389554678433,-12.230714754316466 31.083105200743947,-12.231689522269448 31.083002050305822,-12.233406502491846 31.082660635287937,-12.234553343124674 31.082617727734597,-12.236498658512346 31.082584397960886,-12.239645202831184 31.082537377807913,-12.241075704920434 31.082162600640626,-12.245369084476124 31.081939379919731,-12.246686587651766 31.081714788632098,-12.247832485795071 31.081542697965858,-12.248234299280453 31.0809698172427,-12.24966901019684 31.080519704768388,-12.25184640013083 31.07954418318354,-12.254085195772916 31.07862252199504,-12.255751506393551 31.07798617341825,-12.256557459910425 31.07712110476643,-12.257994491077682 31.0749987218644,-12.262988242844699 31.074375044735064,-12.265395811554072 31.073695189656462,-12.268089848504019 31.074353806345982,-12.270086760694483 31.074889670075152,-12.271340991169438 31.076009860198894,-12.272590562256935 31.077663672941295,-12.274808351535114 31.079668566614771,-12.277080537205507 31.081211024404183,-12.27998566122352 31.083385827887977,-12.281570013030375 31.084208007872231,-12.282078281962356 31.0847959972055,-12.282531216509142 31.08574279624338,-12.284010968170774 31.086402439958643,-12.28612227142537 31.086529334296984,-12.287379764640662 31.087370221978063,-12.290233281963367 31.087519900640014,-12.294350841364349 31.08753265572437,-12.295952477241201 31.087774151568226,-12.296923029172547 31.088554350300853,-12.299491008153609 31.069925171455111,-12.301241215627044 31.06927738350214,-12.300617107722474 31.068394492985643,-12.299823250986151 31.067865843617824,-12.299484217372992 31.067159627611939,-12.29886056992126 31.066221467461503,-12.298467575187656 31.062469309795574,-12.296952769752011 31.060951741642665,-12.297193586607762 31.057861755686247,-12.298133258518533 31.055827215862109,-12.299522202936885 31.054894456140403,-12.299815575272646 31.053376870900365,-12.300056347162297 31.051915483394623,-12.300010649012677 31.05080427569931,-12.299904984969487 31.049576640874704,-12.299857435115825 31.048524767748916,-12.299865702583245 31.047530437743148,-12.29975910774175 31.04571754122901,-12.29960172998392 31.044433259908484,-12.299783416416233 31.043386293483646,-12.300420863964462 31.04152030729216,-12.300950314628208 31.040357345412698,-12.301703063354523 31.039131491245769,-12.301884265052252 31.038549783676842,-12.302232034679605 31.036856871110615,-12.302474080908551 31.034812886606456,-12.302661653403504 31.034170517068731,-12.302723870300156 31.032243407556223,-12.30291051109748 31.030841791690531,-12.303035841514827 31.029847467980005,-12.302929181022819 31.02990413426107,-12.302699927649767 31.029257338260319,-12.30219013796426 31.028492342566611,-12.301509657856855 31.028081513377856,-12.301284044040072 31.0264935426992,-12.299980732166034 31.025257975854341,-12.29890348556853 31.024435005365998,-12.298280651103878 31.022671323350608,-12.296921485036592 31.021727965118828,-12.295841957758398 31.021133020428973,-12.294473711236604 31.020536316665247,-12.292876666398625 31.019647004989451,-12.291224690071829 31.018523525145724,-12.289517324501219 31.017581088718995,-12.288552187387893 31.01429999323409,-12.287433552191885 31.012251743245539,-12.287048981407736 31.009271202082175,-12.287014811667234 31.007693064590569,-12.286969791606452 31.006465966661267,-12.286979257870144 31.004947579225981,-12.287105367100366 31.003780666624838,-12.287343165831317 31.000629644581579,-12.287939437021178 30.998590593758138,-12.288755935988206 30.996723343119864,-12.289113485742631 30.99590702041996,-12.289348556829907 30.994794171461933,-12.2890138813313 30.992449008506807,-12.288002223188641 30.990100388557831,-12.286532962118541 30.988280726444088,-12.285460050253164 30.987051912608308,-12.285240638161099 30.986237332794531,-12.28570447339024 30.985012857288211,-12.286057032806751 30.983207088800498,-12.286814430128629 30.982214170730344,-12.286879202898433 30.98045860329762,-12.286549372946922 30.97817499264016,-12.28593754438532 30.977186398510302,-12.286574277871864 30.97433098721541,-12.287625597914655 30.973572230118577,-12.28774576082759 30.970358025306894,-12.28771294096947 30.969013654885657,-12.287665926212412 30.964684101899987,-12.286955076899403 30.962226107305067,-12.286458839996897 30.957601458882603,-12.285349709735442 30.955903961572684,-12.284962091148941 30.953915170260128,-12.28469105437506 30.952567417488694,-12.284186385429166 30.952040687274124,-12.28407594328803 30.95088315550106,-12.28557184497464 30.949493587852544,-12.287298282467532 30.948677250763524,-12.287533206965293 30.946367629914274,-12.291268523926872 30.945619059438116,-12.292761329247696 30.943643814613324,-12.294320506332951 30.943598112866422,-12.296036846238051 30.945245283216305,-12.297511726272205 30.946242902042737,-12.298076261286949 30.948184821590417,-12.299892121966479 30.950009474042133,-12.301651652711428 30.95130610665143,-12.303129133584887 30.951956131218257,-12.304096661096196 30.952023083944709,-12.305240162546282 30.951155064617293,-12.306390676010208 30.950337390236367,-12.306454005368208 30.950345047963481,-12.307483550126674 30.950537371576729,-12.309770114157686 30.951424982634535,-12.31125066531655 30.95160369770684,-12.311706927354919 30.952199984185143,-12.313304061225722 30.950867410170929,-12.314858451219834 30.949762621836271,-12.315610325805096 30.948013313684896,-12.316138217044452 30.947737255996113,-12.318313881179449 30.945880803517468,-12.320158153240527 30.944426194201867,-12.321027012534728 30.94579529507962,-12.324391583989721 30.946740080535449,-12.325700126320669 30.948737646533004,-12.327115198741865 30.94979551453946,-12.327908088706977 30.950800046454333,-12.329387775617361 30.951046978699875,-12.331159128849661 30.951109242361266,-12.331673463708738 30.951997334556381,-12.333211219842553 30.955526395607819,-12.336216397033638 30.957227190731658,-12.337004448646212 30.957520682677281,-12.337173847641623 30.958699339524799,-12.338480610214274 30.959064915728391,-12.340479876829816 30.95930849260338,-12.341793655013589 30.959254311149092,-12.342366064492012 30.959856652762593,-12.344763956496363 30.960968804746074,-12.344984409104084 30.961903491714846,-12.34492018851796 30.964707553520554,-12.344727506075229 30.965408461727804,-12.344665031972511 30.966924601757338,-12.344196013051146 30.967505624942135,-12.343734031324686 30.968674087075158,-12.34366802558435 30.970629756357365,-12.347256919429753 30.971169050100688,-12.349026072021047 30.971246350426437,-12.351542319301075 30.970511385793202,-12.354865499459663 30.971112988164066,-12.357148990507312 30.97217447144504,-12.358399400662279 30.971955671791246,-12.360403074855071 30.970417360775738,-12.365734325092546 30.969991670290483,-12.371343186147952 30.969905544018332,-12.375462273497078 30.969454593375925,-12.377696485294791 30.968993382368467,-12.378557960255819 30.964054881349622,-12.398329135086554 30.963938819345113,-12.398444403889014 30.963540677791567,-12.399934589484815 30.963375934586338,-12.401365827219536 30.963440342231419,-12.402166148282561 30.964266825471611,-12.403246767337691 30.964115259132708,-12.406451112881996 30.965653043145547,-12.408842011758223 30.967357293464602,-12.410030454128787 30.9680067325728,-12.410883592374603 30.968192755535938,-12.412312205887645 30.967795029469126,-12.413859594659698 30.965642207214383,-12.415248518393637 30.964367123260217,-12.416745260046978 30.96320682337398,-12.41795513595946 30.961634316537584,-12.418767681506836 30.959192082561287,-12.420559102210859 30.957631820893653,-12.423030324933507 30.95606434036813,-12.424529190785506 30.95536702045575,-12.425106377462555 30.95426974865455,-12.426944928936166 30.952118018176748,-12.42850530571701 30.950954238813551,-12.429257539131811 30.950311566204331,-12.429319506016952 30.949551125576644,-12.429267945187007 30.948032770516985,-12.429507996719678 30.945061241459594,-12.430902780435929 30.944078701565672,-12.432454429296513 30.942222126779196,-12.434412923349212 30.940648628889956,-12.43511092764561 30.939307725355146,-12.435635610103986 30.938143882140078,-12.436387776069578 30.936230444121065,-12.438575430865171 30.935366838666138,-12.440412154017167 30.934557929077755,-12.441733678960929 30.931465103961671,-12.442557180049221 30.929776685307615,-12.443541945765219 30.928322118260155,-12.444524985682222 30.927402463459089,-12.446705272332451 30.926937227086167,-12.447051870143241 30.925243782121299,-12.447350253501327 30.924659534866976,-12.44741172396067 30.923378254584065,-12.448107470059481 30.920637377345539,-12.449099853033088 30.919186059548561,-12.450540396052814 30.917913019753371,-12.45238001861901 30.917225462880936,-12.454329766764998 30.916355057652137,-12.455251273270108 30.914019236854301,-12.455668643227966 30.912791826860204,-12.455734756886955 30.910803102097475,-12.455634794545404 30.908934195807376,-12.455934335330992 30.906947118602659,-12.456063124540888 30.905374241245628,-12.456875277084519 30.903565844039576,-12.457460329232049 30.901640913584345,-12.458103407435544 30.900769627020001,-12.458910462621928 30.897508089091215,-12.460707098494424 30.89798564437729,-12.462076400820308 30.89687719130529,-12.462427567186978 30.894312727774032,-12.463589963392904 30.892740588760375,-12.464516417068467 30.891807121272279,-12.464809105020208 30.89122568709729,-12.465270856520249 30.889836257944349,-12.467225529353641 30.888507307298596,-12.469465743226579 30.885074614897857,-12.471892584407044 30.883455267772945,-12.474420822347668 30.881427801116502,-12.477123545849111 30.879566816954139,-12.478566731076967 30.879041379964633,-12.478684867817377 30.877416278977364,-12.480412337731934 30.875147959492377,-12.482144364511214 30.872593282383377,-12.48473634729663 30.870389393925848,-12.487325811081005 30.869350122100286,-12.48922065201981 30.867730502480807,-12.491748750565534 30.866625101707765,-12.492557312116276 30.865049896006042,-12.493083205062078 30.864177980815555,-12.493832909583318 30.863187911797581,-12.494411855334306 30.861617884392047,-12.49568123668746 30.861032336718093,-12.495570969914127 30.858461039238701,-12.495817852696916 30.856356741702655,-12.49594703760846 30.854429063818657,-12.496246554112361 30.852790577322253,-12.496086462200651 30.848704491494342,-12.497144605399626 30.84690088497678,-12.498472716078595 30.845619184710472,-12.499168017013005 30.844983475551654,-12.500259168927755 30.844641720590005,-12.50157704891933 30.844773702393066,-12.503749553736041 30.844331192787195,-12.50741314526914 30.843644481277522,-12.509591356284146 30.843478528484127,-12.510965201085583 30.843188114018457,-12.511253200871579 30.842087295291204,-12.512747945130684 30.840351083966539,-12.515391005810045 30.839185450201342,-12.515971060425045 30.837268240425711,-12.517814618424438 30.835761145777155,-12.519769704945986 30.834077802896555,-12.521611609092133 30.832803404225782,-12.523393474499642 30.831757032252881,-12.524315830864111 30.830244374398205,-12.525470183533798 30.829492736334601,-12.526733659938486 30.828980098496228,-12.528739014064854 30.828583241174499,-12.530571983446691 30.828122813476508,-12.531661858324128 30.827425718394689,-12.532353000793478 30.826378117947797,-12.533103751226291 30.825154674863196,-12.533798512567442 30.823871184046762,-12.534264901871211 30.822005590858964,-12.53513564704366 30.82066010707706,-12.535087696092374 30.818964507336545,-12.535156529301217 30.817033426417993,-12.534998189268777 30.81293890135214,-12.534911832770263 30.810374200399792,-12.536187627188838 30.806643301807355,-12.537986085987086 30.805537532312371,-12.538794330077167 30.802284822128623,-12.542133687240437 30.801474130083985,-12.543340259943077 30.799322527309869,-12.545185053610965 30.797928504420042,-12.546624339378525 30.79734596317968,-12.546971446205532 30.796123925735397,-12.547894813407936 30.793560178064407,-12.549341982632427 30.791354188790649,-12.551816185708219 30.790316341491177,-12.554053717802899 30.788396229603393,-12.555553674532518 30.786414563619243,-12.556596484290878 30.784377440042931,-12.558097191055081 30.782983644681565,-12.559593562187786 30.782055831231045,-12.56080083546226 30.779376807563036,-12.562534568255444 30.776467583535922,-12.564841731257559 30.773853767909596,-12.567604422451211 30.770878416733638,-12.568768100191051 30.767899282109852,-12.569359844193798 30.766729893675173,-12.569424806720576 30.765742730366636,-12.570518012686819 30.763232980688311,-12.571335350721313 30.75880094905807,-12.573366406571948 30.755651513418965,-12.574759808030251 30.753785084761031,-12.575572799641348 30.7502883867121,-12.577540331880414 30.749121571237765,-12.578005533179748 30.748188710792018,-12.578469193041087 30.747195130820842,-12.578590099693372 30.74421512925062,-12.579067172942757 30.742059156670791,-12.580339495978308 30.739853170994309,-12.582927518149459 30.738637423408306,-12.584879951671041 30.736948566784406,-12.586034789075313 30.735496606871489,-12.587645596238247 30.734684723225143,-12.58873750897942 30.733994596090326,-12.590572106134118 30.733828313245795,-12.592002957160389 30.733142944423832,-12.594580996857019 30.733029265622747,-12.595096452271321 30.732629732817994,-12.596643198028175 30.730256814087113,-12.600604754734718 30.728568913442469,-12.60193107756146 30.727053186201772,-12.60274155916477 30.72238495483515,-12.604544627887776 30.719362167120096,-12.607538004175183 30.719072601614471,-12.607997389558932 30.718031321602833,-12.609834173864783 30.716461383230182,-12.611331208697152 30.715829178729336,-12.613108160209094 30.715893481153724,-12.614022786001328 30.714270079885125,-12.616320802898429 30.713983754636725,-12.617294867581561 30.713815508572168,-12.618439743195722 30.713063731113664,-12.619817118735455 30.713082553024378,-12.622790868218885 30.712983647386235,-12.625650991961209 30.71223436914363,-12.627428671924008 30.710727109919159,-12.629611520742628 30.709687104246825,-12.631676993647316 30.706905022770911,-12.635812393798744 30.705749750094753,-12.638164522002965 30.704181706593658,-12.640004561854596 30.702663887529866,-12.640528915161042 30.700383386727992,-12.640714964204506 30.698802760812324,-12.640553421686377 30.696106674307483,-12.639769853194082 30.6918824436226,-12.637852136200877 30.690357501029041,-12.63723268498569 30.688950991052874,-12.636841235287363 30.687721767126281,-12.63673460537234 30.683736992622926,-12.635673098708935 30.682733623531419,-12.63424969047179 30.682021343397135,-12.632595697865042 30.681664319746062,-12.631625735888973 30.680828674213043,-12.628943124825412 30.680526256496307,-12.627343745347446 30.680110391104165,-12.626316964205614 30.679454158517327,-12.624262299353063 30.67712639024893,-12.616785225384831 30.676298602991782,-12.615360708283674 30.675234013452496,-12.613480169263084 30.674231469039341,-12.612171122412519 30.672529125282946,-12.611209586184543 30.671062888632832,-12.61058969250297 30.669773199688905,-12.610140253620841 30.668776690625862,-12.609803353199538 30.667604703150463,-12.609467545454436 30.667823204229361,-12.57852740435743 30.666913035477076,-12.573214607308612 30.667028592062593,-12.572985130004383 30.667143440881659,-12.572641281421054 30.667258288801403,-12.572297431938408 30.667314298577423,-12.571896763289942 30.667831463602909,-12.570406627156899 30.668349330099545,-12.569030859604936 30.668458863026107,-12.567829218784311 30.668745971583974,-12.566969592829366 30.668856563012582,-12.565939509377017 30.667969038289637,-12.564286621137683 30.666380436286943,-12.562752508157416 30.665671567281038,-12.561613190353398 30.664437423163633,-12.560648728630838 30.664125569760131,-12.557505335536405 30.664236875250424,-12.556589627859751 30.664343228174289,-12.554873316732937 30.664515841346599,-12.554414729047835 30.663685085427456,-12.552475541640433 30.663566002600305,-12.552133158952017 30.66303331527655,-12.551107112556281 30.662968471460317,-12.550078132572025 30.66296069142544,-12.548820043106275 30.662361400312193,-12.546479087179589 30.661823776609879,-12.544652438233015 30.661582084713814,-12.543395815561439 30.661337211915733,-12.541624519885772 30.661565466142061,-12.540708079261606 30.661850426219587,-12.539505342167443 30.662311523013155,-12.538415874682869 30.662712721362254,-12.53709802976482 30.663344279250566,-12.535206854462615 30.663572870722646,-12.534347595431086 30.663920185293076,-12.533773531200154 30.663913450270396,-12.532686997303983 30.663376889566678,-12.53103191022228 30.662962244554535,-12.530176692743964 30.662543705478068,-12.528692429183764 30.663344273854648,-12.525770799009193 30.664029290142306,-12.523078642541577 30.664078181784475,-12.521534251209857 30.663900986566372,-12.521249425131316 30.66342823186136,-12.520451764262814 30.662718394285665,-12.519140899882414 30.66124629315658,-12.51749169796409 30.66065696203481,-12.516751955232905 30.660301167756984,-12.515953556920408 30.659943958845588,-12.514926414251079 30.659469454059884,-12.513842821137985 30.658644832416311,-12.512875801743576 30.658460921061305,-12.51150444266824 30.658281259002877,-12.510819313065952 30.658277364039176,-12.510190268782763 30.658447463606478,-12.509331379372554 30.658441796978366,-12.508416404643356 30.658609413517524,-12.507157213508094 30.658719975268468,-12.506127132753702 30.658831953451621,-12.50532579455745 30.659175681525767,-12.504179871233134 30.659403530157817,-12.50320623912387 30.66003462849261,-12.501257871437245 30.660612925832307,-12.500224843604542 30.662001957484904,-12.497928563298331 30.663281497579703,-12.496833917517506 30.66438455651814,-12.495568812440581 30.665722542652301,-12.494473781749889 30.666654456111928,-12.493896006916259 30.668395269267478,-12.49176901768675 30.669553530390711,-12.489988835810095 30.670075082309037,-12.48924207836717 30.670925960558574,-12.485061908166472 30.67109348266894,-12.48380269364884 30.671081668275409,-12.481915540114755 30.670602853039213,-12.480145729219769 30.669468771088074,-12.476435659824858 30.669051295909526,-12.475122968921369 30.668224226311395,-12.473755687372091 30.667632802467267,-12.472672854186101 30.667276663749135,-12.47181728327422 30.667329046559363,-12.47084474474053 30.665907369517129,-12.467879949806559 30.665729840650556,-12.467537943934076 30.664023391489138,-12.465775909476633 30.663435212398952,-12.465207748395471 30.66272690277134,-12.464125650854895 30.661367332009153,-12.461732338198317 30.661070396559467,-12.460990767145516 30.659343703659147,-12.455969107617305 30.658743081549343,-12.453399428917519 30.658438673632926,-12.451456949092233 30.658366670313967,-12.449284247323988 30.6577749721767,-12.44814422175358 30.655942517207048,-12.444896068434559 30.655467035757624,-12.443640930543722 30.653877349172546,-12.441820944674021 30.652820888605046,-12.441141353096839 30.651056227227972,-12.439379648690588 30.650993154176774,-12.438636600950986 30.65033061824187,-12.435495431879929 30.650090764560048,-12.434524746848979 30.650136070605239,-12.432408501819793 30.651118746296788,-12.430629472873987 30.651565730029802,-12.427309738018037 30.652024088387808,-12.42581995082196 30.652937577437005,-12.422325697130304 30.652989256078111,-12.421238793612813 30.651517665763947,-12.419589636660589 30.651459215227931,-12.419590006281908 30.650162280446462,-12.417825365589238 30.649099869964399,-12.416173617690276 30.646271929360235,-12.412588609815371 30.644030665978502,-12.409343018664856 30.642909876906231,-12.40769162689736 30.642146163645748,-12.40706736790662 30.640913817273084,-12.406274491431361 30.637928792989328,-12.405606996634788 30.636526079051407,-12.405615800098133 30.634714241938639,-12.405627160334006 30.633487575683887,-12.405749220816404 30.631793690950531,-12.405931384788744 30.630914531721146,-12.405536571625985 30.629912850657096,-12.404227523876102 30.629497041922267,-12.403143562040952 30.629024199083688,-12.402288706989395 30.628796047380092,-12.403205129627054 30.628735138997001,-12.402805198422698 30.627137424164179,-12.399612687056958 30.626899426682993,-12.398927925277404 30.62577176139456,-12.39613278834355 30.625707693693187,-12.395218192228922 30.624759245298719,-12.393050996110162 30.623756932910624,-12.391627568087983 30.620752161313757,-12.387700383469394 30.620457146815966,-12.387244724876155 30.619393281230884,-12.385306988974492 30.618800459840369,-12.383938190268964 30.61820694327389,-12.382455022082979 30.617669769232577,-12.380628381230281 30.61689428924268,-12.378059792508848 30.616656679369271,-12.377432214120516 30.614592763191009,-12.374414140651536 30.614061568741874,-12.373559639033543 30.613883805152284,-12.373160435380669 30.612180010789469,-12.371684160498091 30.610653993506102,-12.370607082073718 30.609243816993967,-12.369357719628965 30.608714044372956,-12.368731950676533 30.608477854529095,-12.368333107651836 30.608116421502135,-12.366562561111378 30.607932740373538,-12.365191220022439 30.607745572573489,-12.363248034229343 30.607796681943739,-12.36204679810362 30.607787958520074,-12.36061718634312 30.607838715356081,-12.359358765027537 30.608533299530848,-12.358267909889035 30.613667155777474,-12.356863522312835 30.615127320205257,-12.356740055290743 30.617688961663983,-12.355180033742101 30.619892580324969,-12.352421287874165 30.620940164583995,-12.351728491551626 30.621342155235823,-12.350582231880876 30.6212214131595,-12.349953927739703 30.621214013537834,-12.348753041450209 30.621377682952584,-12.346864837508008 30.621955309398118,-12.345774662256986 30.622534343282606,-12.344913225067501 30.622706817060074,-12.344454645476274 30.623289021054685,-12.344107872297684 30.623384699925392,-12.340676030655571 30.623543038159141,-12.337930042569951 30.623529964714802,-12.335814191443831 30.623872063217501,-12.334439545346468 30.624675934803857,-12.332146999025326 30.624905052379347,-12.331402122064731 30.625246426028411,-12.329913101990313 30.625163566993251,-12.325967685416231 30.624973408947422,-12.32356700551361 30.624549187055038,-12.321110610812582 30.624421352925197,-12.31933860287387 30.623820440334384,-12.31665456998212 30.623814418474065,-12.315682420854898 30.622843613833254,-12.31366314252557 30.62359806317755,-12.3137997234615 30.624554133326225,-12.313942809193634 30.624980858931114,-12.31391829277578 30.625538189477084,-12.313885984631895 30.626762023766787,-12.313363390399331 30.627579961649019,-12.313358121271561 30.628221601836628,-12.313182414431424 30.629622413708432,-12.312944618398433 30.630380215725207,-12.312653774956175 30.63213328304272,-12.312699644876261 30.633536837846691,-12.312919336657501 30.636116103319296,-12.314332419778451 30.637642370614177,-12.31552354482659 30.638522532587668,-12.316146941367435 30.640809044458024,-12.317447505812652 30.641982384513707,-12.318240565749647 30.642921337866195,-12.318920761671222 30.643920794007499,-12.319943709003267 30.644742905643341,-12.320624659456087 30.646328716150432,-12.321986936278279 30.648382999690455,-12.323517729860953 30.650029006317652,-12.325165556715945 30.651026781626115,-12.325902540327093 30.65431159041168,-12.327997190835674 30.655834205559813,-12.328559158285996 30.657359958442555,-12.329635823921535 30.657773482000096,-12.330376610765541 30.659710000219661,-12.331736537659253 30.662463512932728,-12.332919522943712 30.665097399628053,-12.333645734475624 30.667844318511978,-12.333742066254102 30.669829197773705,-12.333443043477985 30.670881643767643,-12.333550496272721 30.672340999704883,-12.333312108485812 30.674912639826005,-12.333409524846671 30.676195297870265,-12.332943512358838 30.676836625093813,-12.332710503416989 30.677822196602335,-12.331445750874309 30.67811047427881,-12.330814726283961 30.678625422475477,-12.329038348539484 30.67879894935902,-12.328751237283711 30.679606033323694,-12.326972921500214 30.681004452998934,-12.326334534160424 30.682519370849828,-12.325638172026061 30.683688306026223,-12.325687605060011 30.685907904740301,-12.325558470510543 30.688188415434748,-12.325829262668776 30.689649148234022,-12.325819534702418 30.690585083461826,-12.325984875956806 30.692569196501154,-12.325571291245353 30.693855710838303,-12.325734282571318 30.694906374375989,-12.325555684410856 30.696190042358921,-12.325261137560517 30.698173434142006,-12.324733127610671 30.701442268270341,-12.324196482370724 30.70336900906085,-12.323954778783444 30.704889608828296,-12.324173340116941 30.706466489967056,-12.324048352341263 30.708338750728327,-12.324436110322722 30.709158922526516,-12.324773749986718 30.711272107162813,-12.326303745870803 30.713730501056659,-12.326973488972442 30.715538964812534,-12.326503723613826 30.71851422695562,-12.325740078701813 30.720730606096819,-12.32509593120443 30.723476111246498,-12.324962922375617 30.725929102912971,-12.324774678986387 30.727039645109983,-12.324824323361042 30.729850131672208,-12.325720310704241 30.731374428552552,-12.326510651091439 30.732195012240254,-12.326905421086678 30.733191621128015,-12.327413377054596 30.73524291981823,-12.3283716892131 30.737057586198091,-12.328874046901376 30.739223220194447,-12.329431187690375 30.741509023399029,-12.330502245153696 30.743092191698057,-12.331349322868389 30.745552597375305,-12.332304765290244 30.747072586503119,-12.332408719722251 30.749003815809886,-12.33285301088506 30.749940952531858,-12.333189737737257 30.752398832912888,-12.333744775012065 30.753511647696659,-12.334137477465958 30.755561619886862,-12.334866885188376 30.757963317822032,-12.335765439196621 30.758959654215232,-12.336216121841119 30.759954515720324,-12.336438028652537 30.76094974954475,-12.336717126049734 30.762174281708326,-12.336308282564005 30.762641386872357,-12.336247852620261 30.763571149153673,-12.335440671528829 30.764906235873642,-12.334058716641323 30.765486124114091,-12.333368343991594 30.766932857167372,-12.331184855754998 30.767683571627231,-12.329806936125406 30.768084796956032,-12.328603030811905 30.769129148152384,-12.327451849151714 30.76982326737766,-12.326360294340645 30.770691187779679,-12.325038742417235 30.770807679660095,-12.324980735247038 30.771558725969783,-12.323659991814109 30.772597072392955,-12.321593690633847 30.774223445920935,-12.320095243865921 30.775437795061176,-12.318142089987418 30.775838211000121,-12.316823775623334 30.777166021305558,-12.314355046720664 30.778850751839965,-12.312856151191054 30.779894613805141,-12.311647714193837 30.781692416098334,-12.309576035967154 30.781800637813376,-12.308259752272193 30.782541425556698,-12.305394718231582 30.782763486152191,-12.303620059091486 30.783618086695583,-12.30029664331056 30.784474918456961,-12.297316385433589 30.784814179598641,-12.295598093100296 30.784331705920408,-12.293313610100483 30.78367132655973,-12.290629999890143 30.784065985938412,-12.288453742202591 30.783531878585222,-12.287199167287326 30.782752403806793,-12.28417321395875 30.784642291279848,-12.278383024401251 30.784499035575834,-12.274380245470864 30.783549580840031,-12.272156251770012 30.783190756746251,-12.270900446582173 30.782536438816066,-12.26913194869735 30.780641746265417,-12.26531309461177 30.779809182708956,-12.263088275333303 30.778739567758176,-12.260350351468333 30.778669849616506,-12.258634937864883 30.779595111690412,-12.257198505646159 30.780112573492147,-12.255936531109226 30.781600088101527,-12.251178704785389 30.781589137057153,-12.249520069878315 30.78174851940383,-12.247116673123799 30.781967065448782,-12.244827251047354 30.781488033475966,-12.243057523789274 30.780113154454224,-12.238319873755243 30.779750587382182,-12.236492128535076 30.77989521904885,-12.231858153243877 30.780002592703223,-12.230427471290168 30.780805982253014,-12.22824831238978 30.780908806237274,-12.226131294842958 30.781478907156043,-12.224010974985674 30.782053162942589,-12.222519791142474 30.783962868775173,-12.219818011929133 30.784717638278096,-12.219126301088295 30.785469366273958,-12.21797702958804 30.785988212132278,-12.216943801206526 30.787377099893316,-12.214989241687759 30.787598945550826,-12.21321454927272 30.786767167102539,-12.211104150736048 30.786472847780658,-12.210763054977463 30.785063469866543,-12.209629106125988 30.782310746758238,-12.208504669403624 30.780962840202733,-12.207827845939619 30.779556155758083,-12.207094236584737 30.777390577519665,-12.206423180472882 30.774055004703484,-12.20547438134281 30.772707894947303,-12.20491191207077 30.770362620476245,-12.203555713766207 30.7695954385307,-12.202359984189229 30.769574332342017,-12.199157116231049 30.770323407337795,-12.197607528616629 30.77107850958987,-12.196973042535774 30.772362640723657,-12.196849594399453 30.772944036227784,-12.19644511442425 30.774851319286878,-12.193400212380482 30.775656096490533,-12.191449828413852 30.776292848862909,-12.190587370493859 30.778043415165826,-12.190346196607321 30.780500887254618,-12.191015156399487 30.782205212217431,-12.192604594771694 30.783496170104684,-12.193510592468385 30.785252846401473,-12.194184488639223 30.786302973943233,-12.194005436321106 30.788625402936756,-12.191929813668025 30.789791565503378,-12.19163552492307 30.790726784870795,-12.191743259205566 30.792186872856178,-12.19173285404969 30.793407230366878,-12.190808988622905 30.794218756982445,-12.189888034301473 30.79585213353101,-12.189590382092149 30.796962561514132,-12.189696842934666 30.79784282780895,-12.190319725962695 30.799141897580963,-12.192426755639019 30.799966842980496,-12.193507613014503 30.800964705523203,-12.194244043542597 30.803834214590211,-12.195367446044656 30.804597322606984,-12.195933955071267 30.805538728410628,-12.196956768404334 30.806891288058296,-12.198319817744162 30.807769297954163,-12.198599505096638 30.809231752055833,-12.198932188596928 30.812395704551196,-12.200396591529454 30.815729116296495,-12.20100176510806 30.816484143005535,-12.200367137833666 30.81864517876835,-12.200351544489022 30.820279782891529,-12.200225341729322 30.822497287983939,-12.199923316116951 30.824413428465672,-12.198250682363152 30.826373158186815,-12.194404156138773 30.827591489524991,-12.193194140831395 30.829050448861267,-12.193011952577422 30.83051214033787,-12.193230129900371 30.83326070767907,-12.19372493418291 30.834607553933889,-12.194229923287423 30.836070043109089,-12.194562465594231 30.837005710338929,-12.194727244772366 30.839868382759846,-12.194820759874233 30.841441810501976,-12.194294473025421 30.842426855007773,-12.193143284170617 30.843297438302329,-12.192336123763539 30.844758756560285,-12.192497030461027 30.846044073899801,-12.192544819534362 30.847791516857285,-12.191845618240279 30.850346368434767,-12.189653283372877 30.850979350849173,-12.188275837686035 30.852434336980703,-12.187521548421046 30.853832493154584,-12.186996467563063 30.854936246369615,-12.186130345805111 30.855797268072312,-12.183950403595247 30.856428224314183,-12.182286952818686 30.857243499303877,-12.18193774337675 30.859505368851327,-12.179633050812241 30.862882820396404,-12.178178090761037 30.864446169436572,-12.176221711014421 30.865664259756439,-12.175011482567754 30.867760767365041,-12.174137936906448 30.867265438777732,-12.153377795626511 30.863313704466407,-12.14780146754549 30.861551846276086,-12.146384517339868 30.859323639251556,-12.145085412494325 30.85655120660169,-12.141101905135713 30.856479288718333,-12.139157626666304 30.856823289287092,-12.138239877528633 30.856924160843164,-12.135951118252535 30.85736781978261,-12.132573014698949 30.857062716690223,-12.130687662506885 30.856763586894829,-12.129660270725367 30.855113485654442,-12.127498873435059 30.853397065709654,-12.124193955808948 30.851923384471775,-12.122202844245519 30.851329150246325,-12.120720032191116 30.850032258632325,-12.118956409530938 30.848324673627133,-12.116909816093653 30.846618700207046,-12.115092004784628 30.842570887726026,-12.112376242912376 30.841164434407116,-12.111642999581591 30.840223509740781,-12.110677526121776 30.838935428784623,-12.110172202469414 30.83805764371931,-12.109892656310533 30.836362044878115,-12.109561916245069 30.835367491840483,-12.109283219945496 30.833613122304712,-12.108895695787851 30.830037366654892,-12.106862719884644 30.828335517525598,-12.105616791051375 30.825105457666549,-12.102894844541538 30.824219088572416,-12.10135694091889 30.823215566596218,-12.09976269387181 30.821567871042248,-12.097887150585107 30.820444867839168,-12.095893375229876 30.819736434105153,-12.094754561046216 30.816149258864186,-12.091005571691824 30.814558091095702,-12.088843597936091 30.813667915171436,-12.086733717408947 30.813003855785041,-12.083535412610729 30.812815046722282,-12.081534825790413 30.812278691963286,-12.079937161319606 30.812217579434105,-12.079537213927438 30.812089496192069,-12.077879378517594 30.811786665686498,-12.076280014328177 30.811370594349626,-12.075196263833675 30.811304015741143,-12.073995572697127 30.810998067286103,-12.071938640653741 30.810161255332446,-12.069084788783242 30.809561477686028,-12.066744001029804 30.808081770091178,-12.063780428274413 30.806372487166016,-12.061390507860551 30.80484264326742,-12.059628464409911 30.803724947862975,-12.058378211636294 30.802134428505667,-12.056273407781987 30.800368811149266,-12.054169869273721 30.798312130016765,-12.05218282984049 30.796374942701558,-12.050595304326237 30.795025384091502,-12.049575501923357 30.792853584343273,-12.047818061202804 30.79220722901033,-12.047193552200611 30.79056390955736,-12.045889865309277 30.788975109703809,-12.044013796818547 30.78902845209063,-12.043269836267086 30.787554871576841,-12.041164140285332 30.786317111285538,-12.039399927669933 30.784027939220607,-12.037528892684575 30.78233020628829,-12.036797546023934 30.781444641188102,-12.035316774531168 30.780736889140144,-12.034235107765824 30.780955328165817,-12.032002820517278 30.780360080404478,-12.030291168777865 30.779879260579492,-12.028235506577175 30.77963114212821,-12.026063774278157 30.778918790947444,-12.024295767423098 30.778443766353575,-12.023098031458744 30.777381616674973,-12.021389736888466 30.77614168811823,-12.019282334892807 30.776886956283931,-12.017275056217329 30.776934533117242,-12.015673176624148 30.776917576400365,-12.013156596594968 30.777374851075304,-12.011723361466011 30.777950775104269,-12.010575259084419 30.778521291509772,-12.008626423750343 30.781702269969799,-12.004313642221234 30.782399523332341,-12.003851023774757 30.783612354417013,-12.001954726833615 30.783660647110647,-12.001554515040709 30.786320115021109,-11.997807632797844 30.785036877813411,-11.971235685856072 30.786922296555304,-11.971445176627583 30.785406495570214,-11.969019896670146</coordinates></LinearRing></outerBoundaryIs></Polygon>
  </Placemark>
  <Placemark>
	<name>Kasanka</name>
	<Style><LineStyle><color>ff0000ff</color></LineStyle><PolyStyle><fill>0</fill></PolyStyle></Style>
	<ExtendedData><SchemaData schemaUrl="#National_Parks_Zambia">
		<SimpleData name="Name">Kasanka</SimpleData>
		<SimpleData name="OBJECTID">2</SimpleData>
		<SimpleData name="ID">0</SimpleData>
		<SimpleData name="PROVINCE">Central</SimpleData>
		<SimpleData name="STATUS">10</SimpleData>
		<SimpleData name="Size_SqKm">390</SimpleData>
		<SimpleData name="Shape_Leng">1.12450614235</SimpleData>
		<SimpleData name="Shape_Area">0.03886013844</SimpleData>
	</SchemaData></ExtendedData>
      <MultiGeometry><Polygon><outerBoundaryIs><LinearRing><coordinates>30.089169584562626,-12.41036416375556 30.089114149453451,-12.410611074417318 30.089471730684181,-12.41134675760884 30.089526850131332,-12.411523926746554 30.091228153372128,-12.413231582798176 30.092983220781775,-12.413795742795628 30.094039312627217,-12.414877341212446 30.094803053766725,-12.41590302068488 30.095328878364057,-12.41590077867505 30.096961488690283,-12.415093524738495 30.097652945922331,-12.41274687610337 30.09852672181006,-12.41211434065201 30.100455195594122,-12.412220404893503 30.10232737631571,-12.412841169118792 30.103325323394699,-12.413980152375018 30.103620284832516,-12.41466484760474 30.104442968437066,-12.415804582694193 30.104741482196914,-12.41734671582833 30.104979207183529,-12.418317474603668 30.106210888957207,-12.419455449719919 30.106861631183051,-12.421396214538106 30.1076845818863,-12.422593109636409 30.108972112457312,-12.423102036872137 30.110140419906941,-12.423039834364658 30.11031095204811,-12.421895822099657 30.109311758508795,-12.420471037899802 30.109711244548802,-12.418182761559647 30.109413887317089,-12.416926441060298 30.110057284779938,-12.417095153872992 30.111984389795847,-12.416858168129124 30.11239194185509,-12.416513420223794 30.112622547808485,-12.415769290599769 30.112031619490832,-12.414171257406906 30.111555878137324,-12.412172578048683 30.111721616892112,-12.409885302653947 30.112588914063902,-12.407709312065037 30.113984156434409,-12.406045498861715 30.114100046668398,-12.405816339018145 30.115907586820526,-12.404951018556117 30.116896229513767,-12.403860594192848 30.117887985659873,-12.403513286817031 30.121151262877447,-12.401498283864612 30.122725789591072,-12.400805418294226 30.12342565728272,-12.400516529078798 30.124941025694,-12.39965241370828 30.126342688324424,-12.39953192793871 30.12739623778651,-12.399984614272682 30.12827549324339,-12.400666723951588 30.128979482527939,-12.401349603450115 30.129802022240995,-12.402432113779469 30.130156448650045,-12.403345190039886 30.130395728564391,-12.404658928653532 30.130457065924077,-12.405344637419205 30.130754043641897,-12.406486628008279 30.13140011478907,-12.407284090126552 30.131811031212067,-12.407739598533055 30.132107772408173,-12.408824425515945 30.132287663793701,-12.409909766911085 30.132292279114377,-12.410995880823862 30.132365759120091,-12.414539785185355 30.132312429323747,-12.415740483516515 30.132432922287876,-12.416597427693148 30.132320193170813,-12.417569727906482 30.132095698110618,-12.419742983657102 30.131573726208899,-12.420659917109674 30.131459535693523,-12.421289232988157 30.130819974738468,-12.422035185537878 30.129835885312673,-12.424211767880649 30.129025373132436,-12.425987429764803 30.1287392619227,-12.427417801452407 30.128629399844272,-12.429076059543604 30.12840098643801,-12.430334682307318 30.12834593084267,-12.431135229100164 30.128116548866554,-12.432165197439303 30.127652237896029,-12.432910367578927 30.127538988970858,-12.433768332486068 30.127598623014649,-12.434053895109344 30.128124980010568,-12.434165923654517 30.128650627441456,-12.434109468714155 30.128651578924181,-12.434335115805879 30.129121675233304,-12.434961871314499 30.129297932458485,-12.435189758617412 30.12976779134658,-12.435759350519959 30.131117017207483,-12.43701106828911 30.13264082665529,-12.438090522722234 30.132701432866153,-12.438604740669462 30.13276518040891,-12.439862089093879 30.133005190572764,-12.441347323921887 30.133656405841975,-12.443345240655049 30.134418935594677,-12.444027875537984 30.135356043538369,-12.444538248883532 30.136646904298857,-12.445790210369012 30.137874254038362,-12.445841980740909 30.138341481510221,-12.44578276128459 30.139105730766627,-12.446865536014684 30.139866101247151,-12.44703368405311 30.139525688073999,-12.449436120331711 30.139475257691853,-12.451322792728488 30.138955400995542,-12.452754206730333 30.139188900067893,-12.452696015199081 30.139544602614929,-12.453894919382776 30.141121636638385,-12.453716484898962 30.142112613971616,-12.453140467340573 30.142578639949246,-12.452795421759618 30.143338301764004,-12.452792070885721 30.144561064061804,-12.45175769676797 30.144556435251332,-12.450671573861996 30.143847177738337,-12.448788248741778 30.145891660466873,-12.448607714340994 30.147762061430168,-12.448713762394732 30.148806302909232,-12.446936997941748 30.149737825163811,-12.446132543594672 30.150431927301952,-12.444471654986557 30.150661492739744,-12.443498816079341 30.150536774760724,-12.441670067215796 30.154101708868605,-12.441768518696335 30.155096804197395,-12.442164239274973 30.157322964364994,-12.443469111472723 30.158203674924948,-12.444436995115552 30.158965299060352,-12.444890916218696 30.159604617198454,-12.444087727217664 30.159778683675196,-12.443801115984911 30.160828026108788,-12.443224750388879 30.16311663609741,-12.445443964193146 30.164635198001175,-12.445265640325886 30.165685534185627,-12.444917915664632 30.166864928477253,-12.447370764338871 30.167046203919366,-12.448741944449123 30.16751717257085,-12.449540153904024 30.168979317305741,-12.449819396991415 30.169741977460149,-12.450501957230642 30.169512715993221,-12.451531990320973 30.168813469733035,-12.451992475575594 30.168347469835794,-12.452337575115848 30.168531238198568,-12.454280410173396 30.16807119990699,-12.455997477630035 30.169832288277686,-12.457818877233931 30.170768790078281,-12.458157655439662 30.171766972779661,-12.459239320406311 30.171772455046717,-12.460496962909019 30.170666103690337,-12.461416617710086 30.17014388537439,-12.462276468495531 30.169915847884678,-12.463592327710501 30.170738972157096,-12.464731953981982 30.17173841840588,-12.466099451368507 30.173373241064326,-12.465749079103205 30.175597704211267,-12.466596535432416 30.176187101882814,-12.467737208514732 30.177416601901257,-12.468246149240258 30.178645858203481,-12.468697920064415 30.178239274714031,-12.469271431212292 30.177658865766151,-12.470188728890321 30.178603428190115,-12.472356799150077 30.177905378028239,-12.473103127616469 30.177968067968266,-12.474074682291814 30.179022523946969,-12.474641581624155 30.182939408630315,-12.474909662326525 30.183176441138926,-12.47565175948273 30.18475966699458,-12.476845078876636 30.186161040043313,-12.476552868464921 30.188082853448407,-12.47500059637423 30.189608671981659,-12.476422822902178 30.190719595491203,-12.476532086032137 30.191661003992863,-12.477956973653988 30.191959033917442,-12.479270465853403 30.193010264027976,-12.479094157366831 30.194060480602616,-12.478689177368551 30.19429982616748,-12.479945771261782 30.195820639973586,-12.480224643828535 30.197347296674938,-12.48181834138984 30.198403363339366,-12.482728180090987 30.199337973865795,-12.482609552320753 30.200104368904586,-12.484092396750782 30.200926419386459,-12.484946137542352 30.201458536540031,-12.486315722255313 30.201173683481841,-12.48797490395026 30.201529447182736,-12.489116629239334 30.201298458118117,-12.489746538670316 30.200545512440272,-12.491293532640043 30.201312692587237,-12.492947880479051 30.201671508587079,-12.494775607712766 30.201386381235636,-12.49637762040561 30.200979529748228,-12.496893999423605 30.200925903175627,-12.497980436192961 30.20192587642714,-12.499405046823654 30.202053945280053,-12.50191985069182 30.201939076675895,-12.502377721617279 30.20246867662706,-12.503175643289126 30.203112131646492,-12.503287026121086 30.203931444592111,-12.503511934869437 30.204223948182854,-12.503567759385078 30.204465374778916,-12.505281691805124 30.203888747480164,-12.50705655059471 30.203425204530674,-12.507973366236115 30.203079321680889,-12.509061145693293 30.202857690062046,-12.511806225463658 30.203213726257502,-12.5130051206541 30.203804333517212,-12.514374445463032 30.20322158543269,-12.514777292269457 30.203169975140096,-12.516321064867666 30.203054590325106,-12.516664600486934 30.203411388246309,-12.518034998187034 30.203296762459104,-12.518550034517318 30.203536402102316,-12.519863801009874 30.204245700084755,-12.521632760246973 30.204365142640764,-12.522203893587402 30.204716120149843,-12.522259453702416 30.206010990087915,-12.524254401773533 30.207184906609026,-12.525335211484956 30.209525139480828,-12.525781810308104 30.210752442455544,-12.525718998060313 30.211571579134098,-12.52588673330996 30.213445210462112,-12.526564121548176 30.214557142111687,-12.526844835027077 30.216602065508027,-12.52660671793609 30.217593505992109,-12.526087615770962 30.218703137175904,-12.525853805533188 30.22092547702357,-12.526072180706988 30.222912715206913,-12.526005786459505 30.223729294213623,-12.525601809205284 30.224545355210807,-12.525083493047646 30.224895058380525,-12.524853189266423 30.22454458179385,-12.524911989638666 30.225886739882927,-12.524391220130497 30.226587174147479,-12.524159279583216 30.227111465400753,-12.523756651312056 30.227458321316931,-12.522897497501162 30.230428659671926,-12.520482513881632 30.23071911910364,-12.520080970192851 30.230715488540628,-12.519280616754259 30.231005946173696,-12.518879072166101 30.231062584575795,-12.518478622052896 30.231178196019922,-12.518192233852005 30.234390589597066,-12.51760547569063 30.234969145042268,-12.516287860099737 30.235378323975052,-12.51628593734921 30.236488170996157,-12.516109208879243 30.237832617859791,-12.516102880350161 30.23905989655287,-12.516039927808094 30.241280899108627,-12.515972278107085 30.242861526822931,-12.51647933655164 30.244028519463711,-12.51601645730176 30.245776109910025,-12.51469327041093 30.246476509101054,-12.514461268709738 30.246771148581558,-12.514974401175264 30.247711157738134,-12.515999001461182 30.248704360893381,-12.515879945613674 30.250165728614032,-12.515872999250291 30.252155041533339,-12.516263722296458 30.253734118816453,-12.516427707373223 30.254789487607013,-12.517108718080578 30.25572530142631,-12.517218590950904 30.256480448644481,-12.516185914753123 30.25641775061052,-12.515271486811685 30.256530150575717,-12.51429905080073 30.256587013808311,-12.513955755300458 30.259860475847855,-12.51394008371477 30.25997711971371,-12.513882353535733 30.259559956599904,-12.512169233203506 30.259674469971852,-12.511654148309844 30.261831680018812,-12.510443210298092 30.261538609855222,-12.510273105334875 30.261709439671961,-12.509300381540866 30.262118082608879,-12.509184076719405 30.262702620344154,-12.509181267237409 30.263409940717505,-12.510435623617411 30.264112191612579,-12.51060375816604 30.265744363069643,-12.509623991781268 30.26562504731805,-12.50911002834215 30.26562290693164,-12.508652670929619 30.265617287967583,-12.507452108396079 30.265906878654224,-12.506879001943048 30.265965064789494,-12.506821550553866 30.267134401962892,-12.506873079907507 30.26900706202315,-12.507321404529648 30.269241681650723,-12.507491783786065 30.270121173629317,-12.508059242496698 30.270419889736555,-12.509429905496802 30.271528638685478,-12.50902434183854 30.27252101536379,-12.508733680059379 30.273988026330187,-12.509927165827833 30.275097314872312,-12.50963592758319 30.275388777947455,-12.509462997849539 30.276031237417389,-12.50934553560063 30.277255810949782,-12.508710696985588 30.278190810882617,-12.508648977413998 30.279244613953491,-12.508986876982133 30.280358769626446,-12.509724679875658 30.281701874701582,-12.509432272512413 30.281989809736388,-12.508516120570619 30.281984657520521,-12.507429882551435 30.284556105186653,-12.507302974723302 30.286429097096743,-12.507808354133601 30.287719184440334,-12.50865961279635 30.288772463206438,-12.508883135689416 30.28958946849178,-12.508593266212927 30.289530740065288,-12.508536382295972 30.291634024964711,-12.508297361386324 30.292693324691864,-12.509778629304831 30.294218912998645,-12.510971737358091 30.296325511899738,-12.51141873548022 30.299429721533329,-12.512661204621621 30.30018827898067,-12.512371591451938 30.30042182841504,-12.512313264123064 30.302529560461892,-12.512988902280654 30.303942720025187,-12.515097289933237 30.304652478460522,-12.516808952464487 30.304718381678185,-12.518352289790869 30.304664059030298,-12.519210150376637 30.306417799939993,-12.519201452133984 30.306531955381786,-12.518629157768771 30.306122197285557,-12.518516845937143 30.307055314038053,-12.518054830935739 30.30705503794621,-12.517997659235732 30.307815542425715,-12.518108227281912 30.308289012091787,-12.519306504638166 30.309342366400926,-12.519529960082139 30.310509869856674,-12.519181113066963 30.312035330459704,-12.520316975675712 30.312735724254765,-12.520084792311479 30.313547758087907,-12.518765760288375 30.315714888556155,-12.519612536730165 30.316824209473907,-12.519321124916416 30.317293827343686,-12.519718988579482 30.317412972224076,-12.52017577941916 30.318116706101193,-12.520629644764311 30.319458751775016,-12.520108362642532 30.319925027764153,-12.519820158710445 30.321329436024769,-12.52009898271376 30.322614974597514,-12.519978182181546 30.323489620129635,-12.519516399205258 30.32448678210045,-12.520197469267885 30.324725939707033,-12.521282565148056 30.32484397842137,-12.521510666489633 30.325193614141938,-12.521280213420994 30.326885290140407,-12.520528437761071 30.327760214462383,-12.520123812095676 30.330329891363476,-12.519596279685857 30.330680927328444,-12.519651679721505 30.33144033463509,-12.519533493518395 30.332619946562602,-12.521642965753358 30.33315284882428,-12.523012446145003 30.335202340776505,-12.52368815804698 30.336491011687883,-12.524196194054525 30.338132432672069,-12.525102653103431 30.338831133043751,-12.524527362197261 30.339122020552733,-12.524240013520398 30.340176295767716,-12.524634875246534 30.340938553925181,-12.525088393453359 30.341583325552048,-12.525428159114652 30.342697207831065,-12.526051408166722 30.344155045712796,-12.525300710793942 30.344855442205812,-12.525068441094787 30.345558681455767,-12.525407900087316 30.347435137554324,-12.526541809368666 30.348720151822306,-12.526306541329859 30.349595934097518,-12.526073361516808 30.351053760288039,-12.525322623674526 30.351577341076847,-12.52480536601888 30.351688261657326,-12.52360412539656 30.352270584362486,-12.523143739966713 30.353213115218011,-12.524568275953641 30.355561889850378,-12.526614510561499 30.356793606697636,-12.527408628101169 30.358318504325094,-12.528372757074521 30.359313228233933,-12.528539158629597 30.361245370352488,-12.529100948913538 30.362182789461599,-12.529496338541662 30.361892777892251,-12.529955238291507 30.361668996893741,-12.531957527528391 30.362204089004592,-12.533727201726492 30.363203732204848,-12.534865549162021 30.364431479444701,-12.534859208941725 30.366074824978,-12.536108573185174 30.366488692975906,-12.537021240254033 30.365965971039543,-12.537710048982717 30.364506078207057,-12.538060645179257 30.364338458969939,-12.539605246053043 30.364515006676125,-12.53983303622914 30.365863456422119,-12.540569351644024 30.367966196332418,-12.540158248162072 30.368903378919811,-12.540496449902378 30.368732603062369,-12.541412143189916 30.368270939695947,-12.542615219328468 30.367747919184694,-12.543246856357143 30.367113441197777,-12.54496540139985 30.36729143591316,-12.545479060868102 30.368817344378556,-12.54661467976058 30.370624041865938,-12.545461814569533 30.371320438174564,-12.544429043043635 30.371492944327596,-12.54385639164758 30.374008746443163,-12.544186387973694 30.375410786788905,-12.543950397779268 30.375936696821782,-12.543890486744315 30.376348578217346,-12.544402926731889 30.37676830170096,-12.546459074566483 30.376831415221655,-12.54737356096382 30.376667333018077,-12.54960427439886 30.376495120943336,-12.550234104689537 30.376438393508408,-12.550577455048483 30.375689033427477,-12.552696855798615 30.375288155237001,-12.554357035741019 30.375821042210191,-12.555669312956297 30.375942327477048,-12.556526320085482 30.376008040937737,-12.557955375165646 30.374961082606774,-12.559047147612603 30.37455815666004,-12.560307104070887 30.374558735823424,-12.560421452866931 30.375736540113675,-12.562073441784262 30.375807166570606,-12.564474458932636 30.37551741310665,-12.564990542973076 30.37546328111506,-12.565848460216159 30.376109942217507,-12.566531217406862 30.376295773625028,-12.568588582024177 30.375479474307554,-12.56905021931027 30.350292558833925,-12.572095426224166 30.325498623704789,-12.632252351103375 30.323749582652056,-12.633404453669355 30.323399223876546,-12.633520529163661 30.323107074618694,-12.633579143376265 30.322992849929108,-12.634151438640799 30.323169952517045,-12.634493603693272 30.319205565644094,-12.637143083733291 30.317921072982873,-12.637606777768893 30.317746162942058,-12.637721981820164 30.317162947210132,-12.638067881757024 30.316230180293871,-12.638701357899208 30.315064011432014,-12.639450319580476 30.312614954299473,-12.641005964128794 30.310693060854707,-12.642730526535217 30.308767620483877,-12.64371184514988 30.308482500327045,-12.645256889389429 30.307607634461025,-12.645775698375587 30.304346672098347,-12.648821669713241 30.303066415243901,-12.650200007527529 30.302076161864871,-12.651062384508577 30.301199652038179,-12.651238141710733 30.299794602560947,-12.650959073991144 30.298857994640343,-12.650792081581471 30.298331070172196,-12.650680281464075 30.296987733071944,-12.651086963878925 30.29617345812829,-12.652062809219728 30.295650279336371,-12.652751390419951 30.295068609539044,-12.653440250409972 30.29361361981017,-12.654990883036589 30.292506610150099,-12.655910946129893 30.29087213013338,-12.656604845021263 30.288710447757978,-12.657129741518247 30.285905649407596,-12.657714860215549 30.284737732263693,-12.658120631617237 30.283219145178915,-12.658585239364013 30.281233436742294,-12.659223571845132 30.28099921821234,-12.659167514405112 30.280644326853803,-12.658311635925031 30.279998842064572,-12.657857335308051 30.206705310761318,-12.642474381634827 30.145917584323684,-12.607812591472396 30.145735555249697,-12.606212756937566 30.145558490433299,-12.605813362628394 30.145438713329494,-12.60512789847837 30.145082930742884,-12.603928962818371 30.144787510650811,-12.603187086895387 30.144725260479273,-12.602272717409903 30.143957835716776,-12.600503900265721 30.143192073800662,-12.59913522836456 30.141953853056464,-12.596625287130621 30.141365870917806,-12.595827499457755 30.140777892376377,-12.595029711784889 30.139423010679248,-12.592577431482198 30.138600942210928,-12.591723478450604 30.138185083114081,-12.590124649357788 30.13858845782249,-12.588693810022733 30.138761263449741,-12.588064260320492 30.138754191181306,-12.586349353035359 30.139038970495108,-12.584518866681663 30.139436657891054,-12.581716096302443 30.139550280034879,-12.580915303994686 30.139604019022727,-12.579771780061547 30.139127330683152,-12.577601568516059 30.138826743986041,-12.57560209595573 30.137766381260292,-12.573663047043965 30.137473832703446,-12.573607137092722 30.136652525960866,-12.572924682074188 30.133132557954468,-12.569967192333024 30.132488305236393,-12.569684123529726 30.129909436364866,-12.568094528675488 30.128852450593282,-12.566955748666089 30.125451918847659,-12.564569325715581 30.12457315082332,-12.564115747254164 30.122691005613603,-12.561322702143343 30.122223333876718,-12.561324686047726 30.119350233816817,-12.55922179505137 30.118704400090621,-12.558538563018601 30.118749823047668,-12.555337202324097 30.11833689574064,-12.554424330209825 30.118328513160005,-12.55236647186473 30.118676924003978,-12.551793359116457 30.118957317324259,-12.548876819104635 30.118661539302021,-12.548020616868653 30.118189463585111,-12.546936505746032 30.117660333979359,-12.546195619077309 30.117132139668509,-12.545683383235826 30.116252751111972,-12.545058305862085 30.049858171804999,-12.501831958151229 30.07875456761758,-12.408801199625259 30.078999068096323,-12.408710327630786 30.080161497577194,-12.407219206740079 30.081269434438298,-12.406700070400746 30.082027994583601,-12.406468216188328 30.082611287657187,-12.406237101218665 30.083542555403593,-12.405375724283772 30.083889831303225,-12.404573978694657 30.08475870858382,-12.402741093849102 30.085283802931656,-12.4025673799066 30.086686152644173,-12.4026185926989 30.08901904255157,-12.401636909858837 30.090124133058453,-12.400431784165335 30.09146641525393,-12.400083084638936 30.09228665989724,-12.400651215143171 30.091879821000305,-12.401167418793419 30.091414323824036,-12.401626707949731 30.089784371893757,-12.403062724681718 30.089376822532419,-12.403407436614144 30.088795408142513,-12.404095864030296 30.088921131563549,-12.406267518088384 30.088990766068324,-12.409011038434356 30.089053158332717,-12.409982541848365 30.089169584562626,-12.41036416375556</coordinates></LinearRing></outerBoundaryIs></Polygon><Polygon><outerBoundaryIs><LinearRing><coordinates>30.132183158077282,-12.405624480354334 30.132563503846541,-12.406078495886275 30.132736482143628,-12.406971582915958 30.132330778191086,-12.406308182732573 30.132183158077282,-12.405624480354334</coordinates></LinearRing></outerBoundaryIs></Polygon></MultiGeometry>
  </Placemark>
  <Placemark>
	<name>Isangano</name>
	<Style><LineStyle><color>ff0000ff</color></LineStyle><PolyStyle><fill>0</fill></PolyStyle></Style>
	<ExtendedData><SchemaData schemaUrl="#National_Parks_Zambia">
		<SimpleData name="Name">Isangano</SimpleData>
		<SimpleData name="OBJECTID">3</SimpleData>
		<SimpleData name="ID">0</SimpleData>
		<SimpleData name="PROVINCE">Northern</SimpleData>
		<SimpleData name="STATUS">8</SimpleData>
		<SimpleData name="Size_SqKm">840</SimpleData>
		<SimpleData name="Shape_Leng">1.32537751563</SimpleData>
		<SimpleData name="Shape_Area">0.06735452954</SimpleData>
	</SchemaData></ExtendedData>
      <Polygon><outerBoundaryIs><LinearRing><coordinates>30.620117135639763,-11.326127358211522 30.621163126300132,-11.325490144486992 30.62110442035674,-11.325433249778143 30.62127869008026,-11.325317498939057 30.621452959803772,-11.325201748100026 30.621684456085969,-11.324913744716751 30.622265600679267,-11.324566098296486 30.62278729648915,-11.324046982641505 30.623310101163042,-11.323699726527023 30.623890870739103,-11.323294789696206 30.625519092373789,-11.322481764810163 30.628771799859575,-11.320282810932611 30.629872373071862,-11.319072291105556 30.630684236033858,-11.31832203619922 30.631321460550225,-11.317630249815352 30.631611276067417,-11.317341839938479 30.63317589854756,-11.315727134214569 30.635142506283611,-11.313135762068837 30.636708205252205,-11.311692890704308 30.63821406063499,-11.310021254298647 30.638850500043247,-11.309214868207846 30.640236294136514,-11.307028420302402 30.641043602032422,-11.305590673274821 30.641503526110057,-11.304556318042842 30.642656691674631,-11.302486014879548 30.643232142660167,-11.301278997012503 30.644324695718691,-11.29886535248346 30.644320191913948,-11.298177899033076 30.64466455041287,-11.297316193845631 30.645010033963612,-11.296626350896645 30.645524873342364,-11.295075995261129 30.646268518231807,-11.29283658897941 30.646257989868783,-11.291232528530315 30.64546698488266,-11.286253667737469 30.644634959120822,-11.283910447317908 30.643747999172145,-11.28208321650993 30.643275357781643,-11.281169800305804 30.641984999742135,-11.280090097659809 30.640926460841456,-11.278779647866827 30.640395129695378,-11.27780933965181 30.639396433481181,-11.276727640510899 30.638634053015892,-11.27610264857276 30.637108178724702,-11.274680797961366 30.636344684898798,-11.273883939288169 30.634938856608695,-11.272976874995493 30.634116298909188,-11.272065835699493 30.631776152372311,-11.270993249388708 30.630137052538313,-11.270087753513677 30.629258808818744,-11.269578112216266 30.627619353752547,-11.268615319635444 30.625333863512022,-11.266969425423497 30.623746057409335,-11.26497505291843 30.622629704692656,-11.263722246969621 30.622218085899135,-11.263209429266793 30.620983609931894,-11.261728262072324 30.620744733813122,-11.260870537284177 30.620330889197643,-11.260013996903124 30.620033319725909,-11.25909937920477 30.619497997388692,-11.257498898057349 30.618594517793611,-11.253093725578879 30.618469316878642,-11.251776915780509 30.618634605073055,-11.250286271530513 30.618691810048059,-11.250114015388988 30.38987656958852,-11.133177998488293 30.389583801597094,-11.132950662469796 30.388355441918971,-11.132213506188805 30.387653666765285,-11.131816819738276 30.386079569028251,-11.131769117899182 30.384505804939689,-11.131778685786285 30.383749059626265,-11.131955121976546 30.382875738795462,-11.132132265033931 30.381943138253803,-11.132137925366806 30.381359603262577,-11.132026906760245 30.378378040469329,-11.130498433428443 30.377673320935283,-11.12958623130902 30.376730844039113,-11.127873556141139 30.376200003922861,-11.126788461160288 30.375316816630061,-11.125247264220375 30.375077742660437,-11.124217683489007 30.374957546472555,-11.123588338832233 30.375763652874241,-11.121865078644076 30.376973450545673,-11.1193947354584 30.378244483054058,-11.117439525729765 30.379230689483958,-11.116631626079993 30.380911997198723,-11.115074864573728 30.382595276227445,-11.113861754699258 30.383636758586533,-11.11253798145043 30.38415334714659,-11.111160120276793 30.384494416824847,-11.109668768260349 30.38430761594816,-11.107607833334612 30.384301639053945,-11.106576833473127 30.384575776690152,-11.103596611569001 30.384689017521449,-11.103023122904176 30.385487671241432,-11.100039695816349 30.386298284145767,-11.099118266652908 30.387341016562459,-11.098023575905984 30.389826748047426,-11.09451428375138 30.425666220192284,-11.093719840657172 30.426831855756177,-11.093712559745995 30.428755838325969,-11.09381509684647 30.431145739854117,-11.093857422538461 30.431962372820063,-11.093966871828057 30.433422162230613,-11.094415979759674 30.433769802355584,-11.09407010770178 30.436624602111525,-11.093880345357661 30.438663452386152,-11.0936956875654 30.443497793927577,-11.093149710960063 30.445419046155678,-11.092793898695788 30.447748963803804,-11.092550056520736 30.449903343684301,-11.092192739690688 30.451300740830387,-11.091954765591936 30.453162665683578,-11.091427426536313 30.455663959936206,-11.090609601968652 30.457584157259589,-11.090081861815406 30.459446066824285,-11.089554477793683 30.461600428718381,-11.089197070132116 30.463987220390948,-11.088723595969496 30.465732903375223,-11.088254193936962 30.467653777888131,-11.087840944672621 30.469921547887335,-11.086967193965904 30.471026112290875,-11.086501856868949 30.472828660306387,-11.085802908284391 30.474863978943457,-11.085045171018805 30.476956167108312,-11.084057915080109 30.480038432385125,-11.082949706623763 30.482130947903215,-11.082019689834283 30.484281733193594,-11.081089280041056 30.48660594014677,-11.079928594345629 30.48794146843386,-11.079117984139259 30.490671495352103,-11.077610929060882 30.491891859158045,-11.077030181068608 30.492703896588523,-11.076394788471134 30.493748700143836,-11.075700598199431 30.496713218985978,-11.074421093178216 30.498050479367237,-11.073896840595808 30.500720713961076,-11.07216091975215 30.501533078744728,-11.071582778894424 30.503680894473749,-11.070193936099486 30.504723869707387,-11.069213282983128 30.505765049894251,-11.067946209290255 30.506053232242607,-11.067428759179734 30.50627955742317,-11.066338859121231 30.506621365444797,-11.065076346789681 30.506620292553631,-11.064904498041072 30.507083665531241,-11.064443186309575 30.50964258474221,-11.063567164814685 30.511098491779535,-11.063385774259359 30.51249181139951,-11.06251735833092 30.512896175362183,-11.061941850688129 30.512882168421584,-11.059707800768365 30.512798741014876,-11.055698348868473 30.512558083339176,-11.054496929281072 30.512143672150785,-11.053468505977207 30.511729623389158,-11.0524973667886 30.511545809160964,-11.051066431226104 30.511304438322895,-11.049750444307392 30.511354449620907,-11.048432546329364 30.511411288571818,-11.048203030354273 30.511640799150996,-11.047628666649073 30.51251314511671,-11.047336510196658 30.513384050368529,-11.046815217283097 30.51489274850826,-11.045774154907406 30.515239161957993,-11.045256303699205 30.515467581659554,-11.044510084950105 30.515520811631173,-11.043707732318637 30.559464821918652,-11.007839623062353 30.560996188369472,-11.008192128519568 30.560853161093288,-11.009121800868684 30.561046020702459,-11.008653427660589 30.562395033424021,-11.010397782346217 30.562809607389681,-11.011426164281318 30.563177409415289,-11.014230789961857 30.564060019343284,-11.015542447544306 30.563832494467192,-11.016403307369103 30.564189546896554,-11.017546654135799 30.565071426575059,-11.01874373989034 30.56618120704638,-11.019137249935454 30.570728357292236,-11.019392889416849 30.573412275070723,-11.019890272954967 30.577677806220436,-11.02163722847996 30.580192180212691,-11.022937754254315 30.582878409248789,-11.02377878222967 30.585448108632928,-11.024620584521301 30.587432826016705,-11.025122631943475 30.590228144613604,-11.024817075592864 30.590983464501562,-11.024468171920375 30.591852323795763,-11.023660175143846 30.594973170886927,-11.019685823782822 30.596360436271024,-11.017957620021491 30.599327116183986,-11.017135180133153 30.600089210664859,-11.017817413019145 30.601143435517766,-11.018612213144252 30.601906293523033,-11.019409016958775 30.603258712876428,-11.021232974234577 30.604493082723703,-11.022828582855198 30.6048461403646,-11.023341757588865 30.606371904938495,-11.024935354426134 30.608584863058692,-11.024690928591099 30.610215063201903,-11.024450511933708 30.612603227239848,-11.024262135444815 30.615165078240633,-11.023900666445002 30.616270033849219,-11.023549271650495 30.617378796287994,-11.023770748586003 30.619721655180062,-11.025530499664796 30.62124561661329,-11.026837601281841 30.622477443177839,-11.028032146451665 30.623359235622161,-11.029171830279722 30.624412045841492,-11.029737419299863 30.626870022449964,-11.031267171467675 30.627453946847648,-11.031434980461711 30.629618268733168,-11.032623014540036 30.631020774927716,-11.033186149310382 30.631839354026564,-11.033581478683971 30.632306731685215,-11.033750091671889 30.633417857542209,-11.034315249916801 30.724911823108297,-11.032803582215706 30.724909413824602,-11.032459832557834 30.724613187940005,-11.031774453843354 30.725014331430483,-11.030797523920228 30.725476163869473,-11.03016391917498 30.726461318092614,-11.029354614784209 30.727216560638904,-11.029005341490404 30.727501933505266,-11.028143839549726 30.728485064253785,-11.027048066918383 30.729702517853639,-11.026122464001444 30.730512806102752,-11.025314417762159 30.734004393304531,-11.024544057612559 30.734704566765686,-11.024653523989286 30.734881426536671,-11.024938705300031 30.795676047176983,-11.151575847426384 30.794969133297226,-11.152141378889951 30.79513482708586,-11.152493574081063 30.794320432532402,-11.153153586518327 30.794906933487713,-11.153240127377897 30.794390781098851,-11.154447197405601 30.793699286095265,-11.155598270247877 30.793067735401507,-11.156978082950332 30.792549925562124,-11.157955971550734 30.791625995384152,-11.159223353711013 30.790355884680821,-11.16100896839208 30.788971184163131,-11.163081904770308 30.787581147068575,-11.164410015449276 30.785895459655475,-11.165167337228127 30.784556363757925,-11.165463715997417 30.78373961028279,-11.1654124528431 30.783564679557568,-11.165413744269529 30.78298198453308,-11.165475343331934 30.782282668125841,-11.165537801246899 30.781002694557799,-11.165948319270228 30.780363317963744,-11.166239516145993 30.779495991114285,-11.16727724203696 30.778336697569383,-11.168259819702484 30.776533132420639,-11.168846058955069 30.77600996082333,-11.169079093077926 30.775369761349623,-11.169255690246871 30.775196047407121,-11.169428855602915 30.773858146708562,-11.169897059738503 30.772224632563677,-11.169794467779353 30.771465376343144,-11.169628155257158 30.769835917241323,-11.170098479994067 30.768673346566914,-11.170622667825283 30.76693130493754,-11.171666757318917 30.766350217001499,-11.171957491943202 30.765595407928458,-11.172421383829656 30.764607756288058,-11.172944272140512 30.76402787614154,-11.173406878895776 30.76321999627686,-11.174615993981831 30.761485172606058,-11.176691309966145 30.760092540967438,-11.177675500115981 30.759684760480354,-11.177735770879792 30.758466652174032,-11.178661382789926 30.757717448575132,-11.179927342222809 30.757427496361057,-11.180158637056877 30.757020919166848,-11.180390780850928 30.755567934926145,-11.181088906555827 30.753883701716802,-11.182075181334199 30.753128849476244,-11.182539032751151 30.752388035652583,-11.185008108792088 30.751707524068934,-11.187763217801715 30.751187911988211,-11.188511826948741 30.750616793036897,-11.190234824534853 30.749470527070908,-11.193107890420491 30.748727240111638,-11.195233192521812 30.747519014455118,-11.197591037716222 30.746998571400809,-11.19822504895501 30.746361893672198,-11.198917195967054 30.745142853668252,-11.199728142519858 30.744379561290486,-11.198988830563962 30.744719077839587,-11.197496711425856 30.743494456643134,-11.197505566150539 30.742739548644639,-11.19796937889663 30.742224675990993,-11.199405465775726 30.740360170083591,-11.19964810555723 30.739310887904537,-11.199712970057931 30.737915690500127,-11.200353269356299 30.736820411596565,-11.202194584446543 30.735898081312488,-11.203748175842691 30.734510795243978,-11.20553428335222 30.733857792122592,-11.212299707610839 30.733920866972426,-11.212986786043928 30.734919809600857,-11.214068198301106 30.735154669347477,-11.214295687204356 30.736389275716419,-11.215719169185888 30.736687615007785,-11.216691027832097 30.735774343594471,-11.219562312160804 30.73550137957352,-11.222257107239273 30.735274837656334,-11.223232737642036 30.735693780528436,-11.224776674816212 30.736107572983258,-11.225575822263977 30.735251779938832,-11.228332095895666 30.734671736115729,-11.228794613618049 30.734397549016762,-11.23131752757223 30.733949572432262,-11.234013570010347 30.733383355685362,-11.236481279081772 30.732983794102321,-11.237744614292922 30.732123172597881,-11.239813367924398 30.730853876680328,-11.241827746747333 30.729755588645215,-11.243267953420627 30.729004474886381,-11.244304614514306 30.727156220627364,-11.2469533382245 30.726120939093676,-11.249080599948513 30.72613038287432,-11.250455584191002 30.725958947813805,-11.250972451540916 30.725793806208912,-11.252405975352188 30.724465679342128,-11.254363430687986 30.72377323105718,-11.255456944222374 30.721923666485964,-11.257933737345638 30.721115721870092,-11.259199943192755 30.720767329012574,-11.259431594158343 30.720122205750783,-11.258920538227358 30.720402782532741,-11.255963854278775 30.719057045141994,-11.25669365860216 30.718936617828376,-11.256777711936991 30.718839018005838,-11.258929654654764 30.719433254929186,-11.260529652866239 30.719729983534819,-11.261272360662133 30.719858783536548,-11.263047545006259 30.720336766000511,-11.264705662803237 30.720012646743893,-11.268489338108964 30.720022827069272,-11.269978896877262 30.720502380648838,-11.27186617901441 30.720110513665077,-11.274275287363082 30.719828255150901,-11.275652334650317 30.719426203345169,-11.276571881532732 30.718969336063079,-11.278007457596914 30.717700910689246,-11.280193597034895 30.716128604401721,-11.282948983935 30.715725854722049,-11.281410741267962 30.715390716072594,-11.281330956115482 30.714565472098172,-11.282335642713747 30.713046511794744,-11.282455597883311 30.712353948396579,-11.283096086039336 30.711253827543256,-11.284307010561292 30.709461102822214,-11.286611382067804 30.707901289017002,-11.288856803015335 30.706516448205093,-11.29110097930112 30.705476541458211,-11.292597910711434 30.704608134522971,-11.293577995456246 30.703910848784858,-11.293983946722335 30.70287323980574,-11.295824604408153 30.701189301574004,-11.296982279173449 30.700488910476906,-11.296929899960503 30.699675716518357,-11.297451236940899 30.699389070212021,-11.298198049242501 30.698291150899021,-11.299752642483327 30.697713211489425,-11.300558784857856 30.696613730054029,-11.301884208362594 30.695866943832758,-11.303608205994806 30.695713289268095,-11.304024131641484 30.695243752337319,-11.306362598244789 30.695181166718609,-11.306499462467171 30.695543903762541,-11.307620932326188 30.69735038361398,-11.30732183760432 30.699727862806924,-11.305185369520641 30.700121147122218,-11.302948202550738 30.700227771641323,-11.301457847882432 30.700624520145027,-11.299736288312259 30.701334196742096,-11.301163626586629 30.700887229196894,-11.304088684976762 30.699965066186731,-11.305756633262829 30.696605893361834,-11.309389572303928 30.695793425156179,-11.310025468521644 30.693877182151763,-11.311356578439586 30.693298817362859,-11.312105416014447 30.691615513153128,-11.313377587963828 30.691149203889093,-11.313438131222199 30.690912399808273,-11.312924151595325 30.691081263707076,-11.312006299934922 30.692820975193055,-11.310447274835099 30.692933416527069,-11.30981627452644 30.692698150286901,-11.309531455642514 30.692484247441598,-11.309532948517074 30.692048953096329,-11.309728934169641 30.690837931447618,-11.310518399516409 30.690259563061431,-11.311267228997337 30.689913001223545,-11.31178527355979 30.689568356740214,-11.312589764779089 30.688757017183658,-11.313397505248815 30.688117999419148,-11.313802998759968 30.687307418890441,-11.314725311956977 30.686730181851321,-11.315645999179708 30.685867381289651,-11.317485341157408 30.6852954898207,-11.319208073443519 30.685128512699521,-11.32041236366689 30.685021018536016,-11.32178811593036 30.685029434391538,-11.323048479781505 30.685621618162774,-11.324362081698212 30.685976242422669,-11.325047121368243 30.684996335743616,-11.326829974231314 30.684122777491776,-11.327065203599259 30.682260505500324,-11.327765618978106 30.681096772901867,-11.328232015476374 30.678353303817232,-11.328021839421522 30.67817600068048,-11.327679316438832 30.678286583115888,-11.326761885661199 30.678635091985939,-11.326530307540679 30.679797675250878,-11.32589205240123 30.680613655309056,-11.325771818441808 30.682362674778059,-11.325587822550574 30.684283651813697,-11.324944288390782 30.684279064371996,-11.324256817853325 30.683751341305879,-11.323859437126202 30.681476522420553,-11.323932504343077 30.68106903781046,-11.324069010635299 30.67990786917909,-11.324917331212987 30.678686952290093,-11.325555991047338 30.67866272275597,-11.325565556236427 30.677932740366824,-11.326191416919698 30.677588040125556,-11.326995883857249 30.677473265950198,-11.327283135407297 30.675667041506184,-11.327639368554344 30.671701134779028,-11.327838615148551 30.671060926312123,-11.328072193361264 30.670306693704447,-11.328707594951879 30.669432367431625,-11.328828200331316 30.667046151325223,-11.329703990700352 30.664245499748684,-11.329665949378521 30.663545054692236,-11.329613468542163 30.660741393084891,-11.329117086848782 30.657878277298206,-11.328449216135596 30.656244800924863,-11.328460397406387 30.65513712486711,-11.328582555015599 30.654227236703321,-11.328839420272912 30.654147252800669,-11.328875775365985 30.654114311534041,-11.328871299440207 30.653681297869468,-11.328993541585703 30.652169008736845,-11.329691357923821 30.65077001169692,-11.329872777257492 30.649486941763143,-11.329938818970675 30.649194874343603,-11.329883519659118 30.647095817157037,-11.330069692808991 30.644821744709024,-11.330257041372818 30.642313199222883,-11.330274094317133 30.640041369683953,-11.330805129586281 30.637125951126681,-11.331054057427364 30.633393056039321,-11.33119390560023 30.630709137361521,-11.331154754515012 30.628955289432497,-11.330593698077848 30.627027920915221,-11.330262961609719 30.625510773645033,-11.330215896490643 30.623117826113226,-11.330060139311115 30.620540638973861,-11.328473370126686 30.618490357416874,-11.327169493478436 30.618021082188761,-11.326771619922795 30.617840537895457,-11.325913494936342 30.617723495629946,-11.325856991432602 30.619007634857606,-11.325962945956803 30.620059907282382,-11.326299610755768 30.620216320067694,-11.326271422406078 30.620117135639763,-11.326127358211522</coordinates></LinearRing></outerBoundaryIs></Polygon>
  </Placemark>
  <Placemark>
	<name>Lower Zambezi</name>
	<Style><LineStyle><color>ff0000ff</color></LineStyle><PolyStyle><fill>0</fill></PolyStyle></Style>
	<ExtendedData><SchemaData schemaUrl="#National_Parks_Zambia">
		<SimpleData name="Name">Lower Zambezi</SimpleData>
		<SimpleData name="OBJECTID">6</SimpleData>
		<SimpleData name="ID">0</SimpleData>
		<SimpleData name="PROVINCE">Lusaka</SimpleData>
		<SimpleData name="STATUS">19</SimpleData>
		<SimpleData name="Size_SqKm">4092</SimpleData>
		<SimpleData name="Shape_Leng">3.72620827376</SimpleData>
		<SimpleData name="Shape_Area">0.34779199718</SimpleData>
	</SchemaData></ExtendedData>
      <Polygon><outerBoundaryIs><LinearRing><coordinates>29.380410010898117,-15.465179676155344 29.380721608894135,-15.464923860406826 29.384089239842691,-15.462165181988041 29.387234307474724,-15.456600878741938 29.388832768744859,-15.445579292470484 29.393266000070696,-15.433315157017942 29.393364970460027,-15.431854827114876 29.393437212099283,-15.431854644552516 29.393742071475401,-15.431122022653199 29.393270823134738,-15.428270553986124 29.392183610250473,-15.426337389338356 29.391717970081967,-15.42397207437523 29.391436789854936,-15.421300880204795 29.389981441296641,-15.420040218678025 29.388032625747595,-15.419453412852533 29.387640113949939,-15.417998962716924 29.387871231617567,-15.416294693512098 29.387802342650843,-15.415748432720989 29.387315277034364,-15.411499208078283 29.386858074305163,-15.409863113778556 29.386533785975985,-15.408894149150624 29.386108725915395,-15.404583470236387 29.385713498165213,-15.402885927060993 29.385190905731292,-15.39948808248954 29.385236243252791,-15.39948747364855 29.385149361550134,-15.397361169702435 29.385335186662413,-15.397176841062047 29.385455605882157,-15.396750101067937 29.385388122555696,-15.396325378253152 29.385379810122174,-15.395596128811462 29.384725082101113,-15.393111247185857 29.382479280740426,-15.393925441190504 29.381670577996086,-15.394420332707341 29.379245136160705,-15.39596576365534 29.377863040079603,-15.395615880621222 29.376796187846079,-15.395444954576988 29.374531013290209,-15.394557482014759 29.370555469428151,-15.391986421956403 29.370300118629132,-15.391563692039199 29.369410183723176,-15.390418380253891 29.369687582301079,-15.387254925982916 29.369560942470859,-15.387134717204558 29.368538896259508,-15.385383016856565 29.367591179013857,-15.384663758882652 29.366779030966825,-15.384854738009437 29.365151298563266,-15.384932829738545 29.364147821553104,-15.384821938835728 29.363390756081056,-15.384343751326298 29.362193218866881,-15.383687900951372 29.361619943341335,-15.382843079635677 29.36097787867374,-15.381451973247181 29.361036399356863,-15.381086676732766 29.361695192313448,-15.378405402061729 29.361922420413347,-15.376336499142836 29.362031239278167,-15.374876644081835 29.362075375305437,-15.373235138561427 29.362103078021221,-15.37013510627861 29.36214592891724,-15.369770067869638 29.362161596905651,-15.369769810663511 29.362282057494212,-15.369343077864016 29.362952462496878,-15.367694927253124 29.362818991416528,-15.366966993519554 29.362927124098686,-15.365446366772401 29.362484635177225,-15.36508638615055 29.361479885626405,-15.364853924895783 29.360158590009799,-15.364320918312727 29.359594275328963,-15.364266118124874 29.356898638485116,-15.364051543485969 29.35595583963163,-15.363757621664433 29.355516778026413,-15.363701485983368 29.35488438017137,-15.363161158019693 29.353996709758238,-15.362198069561883 29.353655627489502,-15.359709712056656 29.353556872038155,-15.356489438619917 29.35367871128733,-15.356184253689264 29.351712183590962,-15.353956170771141 29.351646155367579,-15.353652968845608 29.351198945904738,-15.352867552246551 29.349926081477349,-15.351057584824275 29.348412271591201,-15.350101063215957 29.346520706882583,-15.348966166479043 29.34639070988322,-15.348542075887678 29.346100161418629,-15.344959120265626 29.345823884295271,-15.342652389837442 29.345498570738982,-15.341561773019293 29.345237236750506,-15.340592042168964 29.344789404956884,-15.339745831400762 29.34421905312723,-15.339144026682506 29.343522788119625,-15.338482762388933 29.342767975449252,-15.338186791911822 29.342139079554155,-15.337950275614048 29.340732495833553,-15.337511579133546 29.340730856369472,-15.337482082270299 29.339522721544483,-15.33738825510369 29.33852929176004,-15.336866164491424 29.337522836195372,-15.33517268805025 29.337054686019144,-15.333056689435296 29.306209615851056,-15.35949191514692 29.3046655554698,-15.35852185604409 29.302168729049015,-15.355835096407986 29.300682550832221,-15.354234452483295 29.300088775261031,-15.353892194800663 29.298366096034894,-15.352578708896488 29.297891186554292,-15.352350743352586 29.294506635761078,-15.350353949872613 29.293259566587434,-15.34955493282655 29.292369068705909,-15.349098819176334 29.291833835401523,-15.348412525851359 29.284834361685455,-15.347342036759587 29.282756806389269,-15.346373190842144 29.28210390758926,-15.346088340481913 29.280026500681231,-15.345176775981825 29.27759308096012,-15.344151486815178 29.275931658154722,-15.343639973129312 29.27272680089618,-15.342330056634351 29.271716659909828,-15.34135836706065 29.272068208488349,-15.339408938174019 29.272599625070029,-15.338376008367447 29.274197588115783,-15.336996494239939 29.274729363526944,-15.336135489624326 29.275437392566062,-15.334529006401681 29.275731359353699,-15.333382059648896 29.275904239624655,-15.3310892300413 29.275724363527615,-15.330172735457836 29.275366365011504,-15.329142076439382 29.274771202685717,-15.328112021765321 29.274769335693176,-15.327252380521939 29.273163627686127,-15.325021390095742 29.272211880578482,-15.323591063374236 29.270486420648634,-15.320787250680779 29.268585592023779,-15.319130060084831 29.267753950272432,-15.318387122961838 29.265972349265606,-15.317016155091551 29.263714526667339,-15.314729395008328 29.263120434534756,-15.314157774235353 29.260270395789693,-15.312158995951677 29.25991418962235,-15.311930637404032 29.258133169577548,-15.310788832075275 29.25664955442852,-15.310104761874355 29.256589673071229,-15.309818356586334 29.252196174692017,-15.306791656820451 29.250711432692466,-15.305534436099775 29.249045471008795,-15.302615629796376 29.247438959907186,-15.299753971810674 29.246903660052961,-15.298895598611354 29.245595937004396,-15.297179417886239 29.243812703728057,-15.294833943765639 29.242207932814608,-15.292774579955505 29.24155479209691,-15.292260336827326 29.240604444334338,-15.291345620203515 29.238703773990149,-15.28951616986876 29.236622928973983,-15.286483586738198 29.234959350493682,-15.284596223662106 29.233294799846245,-15.282193043644211 29.232106192000455,-15.280648409495482 29.230382429091321,-15.278245336496923 29.228955981145763,-15.276300049887539 29.227410566385512,-15.274125777903064 29.2263998858059,-15.272580689596737 29.22574543117878,-15.271321335684206 29.22497080014881,-15.269202577949272 29.224314741131138,-15.267083543223123 29.224134745424291,-15.265937717924944 29.22359607221313,-15.263187978767121 29.22394502624763,-15.259633844617497 29.224414251113728,-15.256996426284559 29.224886170348551,-15.255791798815435 29.22482430418756,-15.254416454844202 29.224462950300904,-15.251379748322108 29.223038916135639,-15.250580622458017 29.222327009219956,-15.250238367473344 29.219658176669213,-15.249384726506548 29.217701149410743,-15.248816013241649 29.215269432106197,-15.247961781420257 29.21283773188884,-15.247107521719842 29.210051145708864,-15.246655205007242 29.206849668102503,-15.246203764234338 29.203174535569755,-15.246039872686991 29.200565782227155,-15.245587045159482 29.197007892508736,-15.244677728964518 29.195999981840998,-15.244507957649773 29.193628137799919,-15.243939909883181 29.190189422639548,-15.24337410142846 29.187758620844871,-15.242978052597266 29.185149720013442,-15.242410410424895 29.18224399434899,-15.241556787444496 29.179338763311648,-15.240989690261303 29.177204253052025,-15.24053559289109 29.174180874482428,-15.240197924448751 29.172934971729486,-15.239455393819354 29.170562750872424,-15.238600517184066 29.169791863720093,-15.238372826832688 29.16931367621066,-15.238160531975096 29.167639776211445,-15.237505527862195 29.166634525738285,-15.23670132802323 29.167805408846224,-15.235530444915355 29.16813913016415,-15.235206717763106 29.168849373334069,-15.2345177372639 29.169489249951141,-15.233753773991852 29.169397556875712,-15.233733398052664 29.16940469749261,-15.233724217773386 29.172138300115247,-15.23067275337678 29.172346592989751,-15.230509065076262 29.173050429389548,-15.229696224551276 29.174470582980234,-15.228146313180899 29.175881857564544,-15.226860672085422 29.17667366474592,-15.226208594366369 29.177884664810961,-15.225277056823359 29.178723048779542,-15.224624980003624 29.179887472057317,-15.223786595135719 29.18147108731938,-15.222948210267816 29.182961549007018,-15.222156403086444 29.184714105509556,-15.221594299838443 29.186454817941009,-15.220945403021403 29.187261097911797,-15.220615303273293 29.187853234018974,-15.220270344926575 29.190320702072086,-15.219361787759341 29.192888312331149,-15.218598914465643 29.193398014782471,-15.218640906509165 29.195716167499768,-15.217514127052878 29.197877898438549,-15.216973234314933 29.19810100314686,-15.216869732241944 29.200649165567086,-15.216692902148623 29.203256961131725,-15.216745158154422 29.204619815318662,-15.216800057267731 29.20538481011306,-15.216941722970375 29.206323522447235,-15.217032777527209 29.209286576293778,-15.216968994011607 29.210234784569252,-15.21696691477905 29.211301518092281,-15.216964571145864 29.211981193306428,-15.216445913245819 29.21221185321917,-15.215821942038131 29.212584468416193,-15.214843826808531 29.212793997858569,-15.21456762882559 29.213605325723901,-15.212832994012388 29.214253375379538,-15.210711001416144 29.214724565264252,-15.209105210671453 29.21572909088388,-15.207498240915582 29.216321068710325,-15.207153055040408 29.216676421421084,-15.207037643245769 29.217209553009862,-15.206921835749426 29.217801734982398,-15.2066912711648 29.21941764399924,-15.206586836494864 29.219477852709815,-15.206506558513922 29.219571006284237,-15.206366828152225 29.219892593050016,-15.206225060826169 29.220875159923651,-15.204783212890163 29.22124777512073,-15.204224289644911 29.221545434524618,-15.202439479857048 29.221806698366038,-15.20170913594046 29.221933375068428,-15.201512083691965 29.221940339418211,-15.2014666238627 29.222294626432355,-15.200778084031297 29.222380300345439,-15.200632431634119 29.222784813595581,-15.199520020645878 29.223634399519373,-15.198400112009949 29.224361150644484,-15.196704284740974 29.224892663453598,-15.195728784739856 29.225357159684449,-15.195364908254929 29.225439697661667,-15.195234944530512 29.226557544152225,-15.194117098039952 29.227865914712655,-15.193399604535841 29.228411094518663,-15.19297252279938 29.229678197889143,-15.191881405958156 29.23158785156107,-15.190344368382624 29.232938581987749,-15.189273098679278 29.233916697217293,-15.188714175434027 29.234848235659683,-15.188155253088096 29.236571581283386,-15.187596329842789 29.239179888562258,-15.186897676235844 29.241229273495208,-15.186478483352232 29.24262658070904,-15.186199022628898 29.244536234380973,-15.186152444942364 29.245886964807653,-15.186478483352232 29.247355624231314,-15.186565968499906 29.247739484551058,-15.186494324909802 29.24942681052886,-15.186105868155153 29.251476195461748,-15.185453791335421 29.253805041118028,-15.184661984154046 29.255854425151593,-15.184056484121584 29.257344886839231,-15.184289368956966 29.259161386936736,-15.184522252893089 29.26107104060867,-15.18438252253145 29.26293411659401,-15.184429099318663 29.265030078314169,-15.184196214483222 29.26754523201862,-15.184568829680302 29.268997847537261,-15.184903555540982 29.273413923396046,-15.185593522596434 29.27462492346103,-15.185686676170862 29.276348269084789,-15.185919561006301 29.278257922756723,-15.185267484186566 29.279408527951489,-15.18518127247887 29.281896630049289,-15.184889107033257 29.283195076591138,-15.18475513772853 29.2848587521982,-15.184595831824256 29.286548614264117,-15.184568829680302 29.287263182273705,-15.184547176703802 29.287501863239584,-15.184518586357171 29.287704981415171,-15.184533788496763 29.288085652738971,-15.184522252893089 29.288947141189855,-15.1845291443978 29.289726671726218,-15.184650781299522 29.290820281488042,-15.18468213526279 29.292479799529417,-15.184907164520267 29.293743997190404,-15.185392651826589 29.29413698922599,-15.185513572868045 29.296096339433291,-15.185929520997774 29.297163730360694,-15.186327955730292 29.297507137376893,-15.186440410554154 29.298099689870185,-15.186525061038765 29.300614843574582,-15.186525061038765 29.302524497246509,-15.186944253023057 29.30412725367864,-15.187108638298183 29.304813171087005,-15.187045414160877 29.307182189458274,-15.186618214613246 29.309511402037913,-15.186085330337958 29.310675457493009,-15.185826406532497 29.311883911577294,-15.185435437072156 29.31232195245201,-15.185256447706649 29.313240796064633,-15.184414557281455 29.313299926488014,-15.184357111288191 29.314306729190999,-15.184125466617841 29.315892072950021,-15.182333138497825 29.316963341754043,-15.181261868794479 29.31838004194816,-15.179855762613897 29.318833659080436,-15.179337023774849 29.319777449886093,-15.177500636070022 29.320897527594639,-15.175033381156197 29.321901448869824,-15.173597990352334 29.322785552571755,-15.171589829441928 29.324379402118495,-15.169063992691122 29.325027412204008,-15.167457619185766 29.325559692134846,-15.167055034981388 29.326149235496583,-15.165792667440712 29.326740752870133,-15.165389922257702 29.327567261291339,-15.164126917997008 29.328866778026395,-15.162461480618106 29.331346206163229,-15.158672446252353 29.332468605921232,-15.157294015807905 29.332942004540826,-15.157063503383995 29.33406478651068,-15.155856991835265 29.336076702090562,-15.154877296496862 29.337201065967861,-15.154358467725613 29.337537232542388,-15.154225591097143 29.338854492901078,-15.153502025370701 29.339972339391636,-15.152989679811924 29.342254608260646,-15.152337602992246 29.344096255200721,-15.15173288536988 29.347657530866627,-15.150521102894743 29.351057646226135,-15.150241641272089 29.353077484833136,-15.149934422974354 29.356531763660538,-15.149409024655652 29.359953836866794,-15.148844334058195 29.362841605768264,-15.147959372403079 29.366008836292448,-15.147586757206 29.3660752674121,-15.14757726755994 29.366389450059614,-15.14745765143482 29.36800960657439,-15.147231913511575 29.370200758833388,-15.14670179555088 29.372250143766276,-15.146422333928228 29.373026144463665,-15.146280383140491 29.373198721663126,-15.146234735352946 29.375093433099551,-15.145885441374729 29.375551027933113,-15.145818513829282 29.376069451110137,-15.14572368032128 29.376553048940874,-15.145671959412082 29.376692243306589,-15.145651600559971 29.377461883099272,-15.145477455842238 29.379474903046624,-15.145070478449723 29.381665912313395,-15.144777578258015 29.382783376592098,-15.144589670315895 29.383102565765341,-15.144512680256296 29.385943756980339,-15.143487988239485 29.390182257207808,-15.142882488207022 29.390829578412653,-15.142850122506502 29.392737058423219,-15.142452838006816 29.395046622615155,-15.14221677047078 29.395150362109177,-15.142207336582658 29.396796178979397,-15.141671489041357 29.399283169515172,-15.141329843796997 29.400172778866533,-15.141206349795254 29.400848602284441,-15.141053358030943 29.401677427359228,-15.140878957905725 29.401795106344711,-15.140855823745826 29.403596409698537,-15.140367334502571 29.405738947306585,-15.140181027353721 29.406085714189881,-15.140171119522906 29.406946816831578,-15.139946216170529 29.408485973209796,-15.139597729783475 29.410202823929865,-15.139248695709339 29.411031476334756,-15.139016958408829 29.412924318980004,-15.138037009461639 29.413693112510657,-15.137576224732811 29.414591751055184,-15.137308673731125 29.414868023681947,-15.137106950404018 29.415380369240665,-15.136827488781362 29.415648474224724,-15.136760463209839 29.416887178804132,-15.135904614407421 29.417597342833741,-15.13567321884932 29.419255061331679,-15.135381608285343 29.420143227271236,-15.135264269243578 29.420912929117151,-15.135147290829934 29.422571104470702,-15.135027570383443 29.423992192456975,-15.134851266393527 29.424761888007595,-15.134734275389349 29.426656191151835,-15.134327271017183 29.427958331209254,-15.133979397967778 29.429202026126628,-15.133918223385363 29.430149406126532,-15.133800662211058 29.432636468608052,-15.133563674668551 29.434411795944357,-15.132985066163371 29.434867100204769,-15.132901002936022 29.437093791871689,-15.135973778566722 29.439758068457021,-15.138715898668297 29.442675007767885,-15.140302642671712 29.445214105022043,-15.143152654437131 29.446391383208894,-15.146460092862982 29.44460178453124,-15.149357000674911 29.44372857071977,-15.152686665844669 29.446099085562931,-15.1559120159543 29.449495832062155,-15.158821783171959 29.456128809568266,-15.160963060829827 29.458906438500833,-15.164695632161225 29.458484015252449,-15.167577720045472 29.458774739984218,-15.170481013043853 29.462408748319206,-15.171961737771881 29.46972579332822,-15.17409505732911 29.473858110603711,-15.176705810763904 29.476441754875221,-15.180091947961158 29.477363740718999,-15.184192883394417 29.478518566432058,-15.185508218304674 29.48120702668615,-15.188620667526719 29.48312895250649,-15.188970144067296 29.486198416833474,-15.188723111997035 29.489497288317637,-15.189326055257025 29.489547288823818,-15.193588268807728 29.490215582218351,-15.194433424671216 29.490250602717534,-15.197416971368853 29.490051182554115,-15.199124283879428 29.48963982995997,-15.20147335888538 29.490315661471751,-15.202957840980844 29.492971479933431,-15.204846647468855 29.494961491625986,-15.206103394246838 29.49694650578601,-15.20693390195305 29.498929020730088,-15.207551281130236 29.502016305123107,-15.208795753961169 29.50397115422362,-15.207068894686302 29.507043326409306,-15.207034650302035 29.507711732219089,-15.207879736018414 29.508831639955702,-15.209785456955103 29.510380362422385,-15.210833838013457 29.51213591366729,-15.210814219303415 29.515220767192886,-15.211845385539505 29.518509893623499,-15.211595411786845 29.520482347852067,-15.21136016263381 29.522242962280018,-15.211766675076831 29.52291651401049,-15.213037913530004 29.522939350494767,-15.214955856253084 29.523834905264092,-15.216437729415302 29.526702970919246,-15.217684285975395 29.527590935410668,-15.218526825711081 29.52912962234279,-15.218722638693805 29.531546105132122,-15.218908548342368 29.53373549292127,-15.21845759859923 29.534597985015523,-15.217169078773964 29.53546556817173,-15.216306762047507 29.53412085690746,-15.213977487414695 29.535215522473379,-15.213752006697518 29.536542383094741,-15.214589556095291 29.538323461595439,-15.216700750531968 29.539428351553511,-15.217327656227383 29.54073991380784,-15.21688656395304 29.541382910173009,-15.215600507370766 29.542276028678938,-15.216869184554808 29.542727707772254,-15.217929724447002 29.542740498829456,-15.218995231294798 29.542755848457887,-15.220273839691968 29.542327184813924,-15.22113121464389 29.542559426634114,-15.222194236664848 29.544534477205389,-15.222171866928704 29.546065501913798,-15.221728253854735 29.545822997929971,-15.219812834629238 29.546463405147055,-15.218313665705749 29.545340571016478,-15.216195092331818 29.54686898948972,-15.215538380406372 29.547764699841764,-15.217020131260822 29.548890125818385,-15.219351789097061 29.549359801244748,-15.221904011056894 29.550252994394437,-15.223172645073417 29.552222905340329,-15.222724005688633 29.554389120298705,-15.220354960337657 29.558106833930875,-15.219247005490102 29.560536178823895,-15.220498091035891 29.562722895626621,-15.219833767248815 29.564690152673165,-15.219171930087102 29.565549857768417,-15.217670222377476 29.566879419053858,-15.218720667379898 29.569099690460799,-15.220826548622028 29.570439635318333,-15.222729353057389 29.570457743167427,-15.224221029729108 29.572019763908884,-15.226334403223005 29.573145504648267,-15.228665887490081 29.574036268729113,-15.229721303944698 29.577335838986471,-15.230322817282625 29.578234418175779,-15.23201749791599 29.581324971604371,-15.23347384562112 29.585290782104096,-15.234706937531767 29.585314218436167,-15.236624783128036 29.5818132908758,-15.237517592267181 29.582280825915745,-15.239856579577976 29.583615818206908,-15.241333077492415 29.587155899550513,-15.243636633313884 29.590468753693585,-15.245303378307028 29.592477917348049,-15.248050755845211 29.59537025390614,-15.251214129177184 29.59562113417536,-15.253768690273603 29.597606876786248,-15.254598173652083 29.599809484609182,-15.255212000507241 29.601379917608934,-15.257964353994169 29.6033867277377,-15.260498499581217 29.603862160623748,-15.261107618485596 29.603175128056019,-15.261140321431867 29.604510405432276,-15.26261664757584 29.607181016841992,-15.265569267488159 29.607654202322291,-15.268334322100145 29.604829797852346,-15.270711518006637 29.605075591556155,-15.27283986341371 29.603126450452582,-15.274993741472542 29.603811233815858,-15.277116984126449 29.605585630353914,-15.278588177839595 29.607590087856178,-15.280909153528739 29.607838574130199,-15.283250577102876 29.608094978035293,-15.286231266654397 29.608983547770432,-15.28707338460805 29.610520089819484,-15.28705545842206 29.612707223008325,-15.286390567162753 29.61578292952953,-15.286567743495027 29.616682106767993,-15.28826217591552 29.618239823354259,-15.289948894850966 29.619776374396565,-15.289930902115143 29.621096066522053,-15.290128558708032 29.622860078588644,-15.290747231110288 29.623550434151184,-15.293296543763347 29.622910471199187,-15.294795873665521 29.621170282173178,-15.29609498750432 29.620971977169116,-15.297802254149474 29.624280627881031,-15.299042143136035 29.6238601777452,-15.300538899178546 29.623225512699321,-15.302464405199887 29.623894691926068,-15.303309018772152 29.624794022948549,-15.305003394535388 29.625275581116966,-15.308407609904066 29.625963400591388,-15.310743812014493 29.625767799848688,-15.31266416222263 29.627328451822049,-15.314563859500366 29.629058080109473,-15.312412342161906 29.630158388021808,-15.312612505165246 29.630613428780862,-15.31388584263607 29.630420536796063,-15.316019275507868 29.628018986349673,-15.317113132583302 29.625834282229672,-15.317991300759786 29.625630705399885,-15.319272394883058 29.627400306752858,-15.320317159767571 29.629836531459372,-15.321993405198668 29.630749341520467,-15.324753157407942 29.627895298094412,-15.324786777662665 29.625935384911543,-15.326088544501431 29.62728193978603,-15.328416977368875 29.630792003558899,-15.328162507905404 29.63760590217424,-15.328721419459496 29.641779917414908,-15.328885158122089 29.656917574709382,-15.32785298464529 29.660822307753502,-15.329315205822581 29.661011338049491,-15.329620696522737 29.662167967802528,-15.329347066104106 29.663739498874516,-15.329050324008675 29.664143935682262,-15.328914092909031 29.741142035227536,-15.330897920863322 29.760261724093198,-15.33168012958066 29.778688294678997,-15.331848756058433 29.786434499757661,-15.329367921381959 29.793356510370756,-15.326499795472218 29.824518933296531,-15.316279234432955 29.862650678368652,-15.304997081294742 29.866768101072697,-15.303437799888114 29.894026080536033,-15.291787981421237 29.925645009216396,-15.277818687334388 29.92718251354006,-15.276794299288442 29.934094102809464,-15.271682403586395 29.957639065799583,-15.25404908988912 29.977377087123728,-15.223409279182418 29.977428947427885,-15.223357524998276 29.978651963334524,-15.223645951962224 29.978830587575317,-15.223816788973522 29.981331663292675,-15.226265770563032 29.981690168127098,-15.226836554067232 29.982345454627133,-15.227520223170529 29.983179689123912,-15.228431999910583 29.983597747063126,-15.22905972398911 29.984326670050908,-15.232377868843626 29.985643884544171,-15.234948028680662 29.987493610993397,-15.237400593169184 29.988923080660978,-15.238824479845618 29.990533738536502,-15.240877403610682 29.990901124175931,-15.243051955284331 29.987471770957885,-15.244217068342097 29.985050325709604,-15.245548260997678 29.984111329189655,-15.247157435891152 29.982707511783584,-15.250430376323893 29.982481531942714,-15.252436471491594 29.982663008833011,-15.253122808883347 29.984039307884245,-15.255635340164757 29.98451793336352,-15.256491828385094 29.984637354335742,-15.256662990950984 29.984707282918801,-15.258610124767811 29.985308490487281,-15.260210556452533 29.986083021692426,-15.261008075228119 29.986856298343408,-15.261576476428274 29.987630209016402,-15.262259430570509 29.987938403977864,-15.264434320389228 29.98795292622998,-15.267069123493739 29.988253874454585,-15.267926609062213 29.988741719783263,-15.270444148667991 29.988869060185323,-15.272047263929606 29.989594541467739,-15.2746780002999 29.9901891992738,-15.275075559992102 29.990663151875822,-15.275072848536185 29.992437616762345,-15.274547170528365 29.994161409349093,-15.275568324612323 29.994582160757826,-15.276654225385757 29.994420015693887,-15.279461865593762 29.994074088777378,-15.281182245253431 29.991842129781329,-15.284689121829045 29.991849439470737,-15.286006517086035 29.992219550056003,-15.288639266139057 29.992699261016924,-15.289667549148703 29.993262976749293,-15.290909118068782 29.998519433970898,-15.287204244057191 29.999408966879912,-15.287260968794213 30.000239200292924,-15.287317733101361 30.000595148354876,-15.287833715518389 30.000654823767434,-15.289210311345926 30.000162225521816,-15.290931445536785 30.000418416287626,-15.292193197941229 30.001663898157855,-15.292651182181258 30.002790509440899,-15.292134125973689 30.003501998171881,-15.291617367441802 30.004865943236439,-15.291559005938664 30.006289614974889,-15.292934598122825 30.007594819022472,-15.294711794250361 30.008306792487986,-15.295801107051544 30.009137556501003,-15.29746393279936 30.009671456110819,-15.29797977492211 30.010442453879758,-15.298093913276773 30.011687765778163,-15.297806166200301 30.012517960520313,-15.297576089947597 30.013526123897574,-15.297517955073657 30.014653011272458,-15.297803887318251 30.015364747316994,-15.298032776465901 30.018448654755783,-15.298145077505694 30.01987165649933,-15.297226171839895 30.021472352584734,-15.295733503215956 30.022006095712527,-15.295733071541406 30.023014404779875,-15.296076418303016 30.027048415365698,-15.299342685766362 30.029183525473119,-15.299570350037355 30.032682382794178,-15.299051133658338 30.035114111789881,-15.29945057293361 30.036597096514186,-15.300194985844028 30.037546480203559,-15.301284028848613 30.03861446288488,-15.302315603376883 30.038970484691163,-15.302716822410444 30.03920859998351,-15.304724274655086 30.038675378462525,-15.305986700651713 30.038438618448478,-15.307076780574619 30.03903253341457,-15.308969197840497 30.040930637093709,-15.309426423952061 30.04211662251646,-15.308966478290699 30.044251502397398,-15.308390950862815 30.045556444742257,-15.308676583633201 30.046150321037544,-15.3103395460779 30.044430777747319,-15.311316251170522 30.042533803616724,-15.313440334690538 30.043127532423167,-15.314816493447552 30.045915930737007,-15.316477498068195 30.04888056828969,-15.314467134718143 30.049710402403718,-15.313376491819668 30.050421940597399,-15.312974300619032 30.051074278220479,-15.312801611004318 30.052082651139759,-15.312972762778372 30.054395961007909,-15.313314773147454 30.056887573159596,-15.314344942934722 30.057659637524463,-15.316294536397265 30.058075568567062,-15.317728205898788 30.059677556978215,-15.318759202162994 30.061160080350245,-15.318184146879162 30.062701538093563,-15.316920669575095 30.064124542535126,-15.316001471629647 30.065133712253665,-15.317549278586455 30.065550236848818,-15.319958112641926 30.06721124776476,-15.320358012370093 30.069465474873539,-15.320872034265051 30.069821359982935,-15.320871677234207 30.07047378394094,-15.320813658372856 30.070889149310002,-15.321100056466262 30.071838811789231,-15.32218899964613 30.074863729098865,-15.321956467344931 30.07676152700844,-15.321495606173755 30.077947647329495,-15.321207558723698 30.080141938222368,-15.320631631097513 30.082039900707908,-15.32045753943976 30.084056529634552,-15.320340668944766 30.086014105479475,-15.320625390701933 30.086904092546089,-15.321025979310717 30.088565712303023,-15.322228824323586 30.089988405579163,-15.32090789922762 30.090759118263005,-15.320333414113916 30.092122744068202,-15.319414084867446 30.094377937948192,-15.321189878052621 30.094615358064626,-15.321419071171078 30.095684233772715,-15.323138810513454 30.095743787776826,-15.32348292979276 30.095566156387576,-15.323942043581271 30.094558920211341,-15.325606731824905 30.093551003248365,-15.326296219541744 30.092958260998213,-15.326927880852054 30.092484150115524,-15.327559409062758 30.093493477215475,-15.328935039917724 30.094679987842259,-15.329163186225399 30.096696675224848,-15.328988849952054 30.097289853646203,-15.328988186252388 30.097408489510368,-15.328988053152727 30.099187825124996,-15.328699230487075 30.100552055274591,-15.328582958041236 30.102806842661039,-15.329555588305764 30.103460174034979,-15.330702134860248 30.103816626616553,-15.331447468676402 30.103640203916143,-15.333570166341188 30.104117080213992,-15.336782046405403 30.10500796750199,-15.338272509891681 30.10749961562658,-15.338499098573607 30.108744507541527,-15.337350354975399 30.109157913287902,-15.33488317920188 30.109394636429727,-15.334137157404369 30.11016549300513,-15.333734699105095 30.112301665211813,-15.334592659515579 30.113133771912658,-15.336714185363746 30.112838260989061,-15.338148664255014 30.112542526134348,-15.339296316076284 30.113077772928534,-15.341074004132961 30.113315148978185,-15.341188454552364 30.114977182423214,-15.342505884882938 30.116164166992746,-15.343192855397376 30.117707231824511,-15.344051490299421 30.119072566341629,-15.345197158216306 30.120259717285702,-15.346056207705772 30.122217588108239,-15.346283295511396 30.122870335822199,-15.346511961627185 30.124829008839981,-15.347714243664427 30.126017229977318,-15.349835313556298 30.126314790455748,-15.350982261208401 30.126612727750167,-15.352588135590056 30.126612961573926,-15.352874963559429 30.126969573335483,-15.353677644443451 30.128216649703688,-15.355167615101264 30.129166682703556,-15.35614165820067 30.129582966280395,-15.357345824317575 30.129761564440855,-15.358091358682541 30.129940636544006,-15.359410551684276 30.129406966261342,-15.359755408407635 30.127805200882051,-15.35987211702462 30.126915512390326,-15.360160039468951 30.126680052795958,-15.362454956402983 30.126977530536806,-15.363487174845829 30.127631774722598,-15.36549417383219 30.128166671680557,-15.366640832801918 30.128404364291555,-15.367099466352443 30.128820421239251,-15.36801680809725 30.129295671562886,-15.368761979136137 30.130898071863498,-15.369333660163703 30.131905987927212,-15.368471921701371 30.133388587741646,-15.367666951143461 30.13540582820724,-15.367664421350582 30.136414645391596,-15.367892613523622 30.137719579642518,-15.3674893979952 30.137895901618943,-15.365538722648239 30.139200423081093,-15.364676566001092 30.141574730365221,-15.365935578171273 30.141873691088104,-15.368574046912327 30.142408827265683,-15.369892785756463 30.144486096577452,-15.370635863173677 30.146029086765452,-15.371035422958071 30.146327895502964,-15.373444429683389 30.147101835853562,-15.376369115754185 30.148882933240028,-15.377571485924989 30.149831864570444,-15.37711130643987 30.150602790393634,-15.376651356281911 30.151313751222514,-15.375503080331157 30.153449340668544,-15.375041308146763 30.155052151060033,-15.375899668755551 30.155822527397447,-15.374866028484576 30.156592302987747,-15.373201347435497 30.158015812848248,-15.372683117612722 30.159853935345321,-15.371418537739828 30.161575033563281,-15.371875119037497 30.162227809156203,-15.371988956119308 30.16317680613713,-15.371643443790218 30.164481686428758,-15.371182699530889 30.164956913370077,-15.371755714253027 30.166619210316469,-15.372728648488421 30.167390432915905,-15.372612835596101 30.168635809565505,-15.371980046535951 30.169585490930444,-15.372322916656911 30.171306515404012,-15.372664691403655 30.172255390976488,-15.372204403999886 30.173026436409486,-15.371916467166443 30.174449856337787,-15.371340756276879 30.176526711961397,-15.371509877381753 30.178365698706894,-15.371163011573001 30.178781215162076,-15.371334513183342 30.179671946867359,-15.372021637481851 30.179732667292114,-15.373341015743904 30.179023115700829,-15.375694138598305 30.178669915967074,-15.378390949057405 30.178730386380323,-15.379480855411144 30.178850013297332,-15.380398571273929 30.179087717599483,-15.380742436045066 30.179682339432702,-15.381946306284986 30.181641120369132,-15.382574515098041 30.182590211778859,-15.382286291380865 30.18300551059809,-15.382228316586293 30.18419170286495,-15.38171026482928 30.184903746477573,-15.381709219817083 30.186031335323662,-15.381879663824689 30.187573915420842,-15.381705278088589 30.18870119669884,-15.381588867147173 30.190955822207286,-15.381413396828748 30.192796609395483,-15.382615374895122 30.193866724369343,-15.384449561959 30.194105540233583,-15.385768683014931 30.19564731993415,-15.384848450849118 30.196299271748099,-15.384159035078085 30.197961197274534,-15.384558086745528 30.198021894316923,-15.385762741194299 30.198379157187617,-15.386852205980915 30.198557498142009,-15.387138778542862 30.198737006416309,-15.38845799043037 30.198145804704776,-15.390409435597009 30.197850391807322,-15.391557262786023 30.197732096786179,-15.391901655459208 30.198326983919458,-15.393220236022614 30.198921039179762,-15.393793020518331 30.200701989077459,-15.394421359733087 30.201354483182573,-15.394190883282079 30.201591718038681,-15.394075781753486 30.202303356057087,-15.393673104019628 30.202718482206478,-15.393442988196739 30.204023064822536,-15.392637806298124 30.20532763844534,-15.391832613607676 30.20151472168379,-15.649664292283601 30.201596755141335,-15.651469011262519 30.201516996069245,-15.652426112933542 30.201574689376059,-15.652584992559182 30.201505055770664,-15.652569400113805 30.201464576386794,-15.65305514642489 30.201443633874703,-15.654471336703409 30.201349901136837,-15.654431253920563 30.201300776570349,-15.655020748718925 30.200908159551997,-15.654842288154724 30.198054542404574,-15.654499850607692 30.197546016266472,-15.654339264068826 30.195885792257339,-15.653814983607445 30.194630206504087,-15.652901827307403 30.193778866902335,-15.652312437729735 30.193146323357098,-15.651874522760069 30.192988353845351,-15.651756045176626 30.191776589356664,-15.650847218212789 30.190863433056567,-15.649934061912743 30.190376694793311,-15.648656386112465 30.189950268662582,-15.647537030559532 30.189435875347613,-15.646079577587669 30.189265401662396,-15.645596569712209 30.187895667661905,-15.64365610886483 30.186982511361862,-15.641144928365122 30.186729420559061,-15.640470019557712 30.185955206814583,-15.638405452270318 30.184927909461859,-15.636122561969787 30.183619037079723,-15.634159249349636 30.183329886161513,-15.633725522522695 30.183030837305122,-15.633177269733322 30.181960144067208,-15.631214342922362 30.181503566366811,-15.628589015074738 30.180989171253145,-15.627131561203553 30.180818698467245,-15.626648554227359 30.180818698467245,-15.626648554227359 30.180786015306065,-15.62661314701978 30.179448964466811,-15.625164671080368 30.17819337241832,-15.62356664957872 30.178193370619677,-15.623566647780081 30.176252917866179,-15.622196912880325 30.173855878419147,-15.621283756580224 30.170659823724634,-15.620028162733094 30.169809394236776,-15.61979622758173 30.168148644124248,-15.619343295732845 30.167400418987711,-15.619093886754454 30.16643647257672,-15.618772569785277 30.16312627682959,-15.617859413485176 30.162198289809904,-15.617785174451683 30.16027265968216,-15.617631124185321 30.157533190781919,-15.617631124185321 30.154222995934106,-15.617631124185321 30.152168394034106,-15.617516983132703 30.149200628639448,-15.618430139432803 30.145908750283411,-15.619088511506732 30.14520556589207,-15.619229147485669 30.144064120292118,-15.6195715850327 30.141895371044253,-15.620028162733094 30.139840769144257,-15.620484741332801 30.137672018997019,-15.620827178879836 30.137217047485816,-15.620907466753351 30.13573155814964,-15.621169608332991 30.133576713319652,-15.62100999036403 30.132649651702366,-15.620941319033193 30.13184833059324,-15.620977744273318 30.130138472101976,-15.621055468179691 30.128091750061628,-15.621669484791823 30.127855581801438,-15.621740335179936 30.12568683165426,-15.622653491479978 30.125686830754947,-15.622653491479978 30.125185715030341,-15.622987568929489 30.123632229754204,-15.624023225480471 30.122502300872213,-15.624682350286944 30.122262487659896,-15.624822241627212 30.122167370865437,-15.624869799574753 30.121121042059944,-15.625392960380225 30.120482113328308,-15.625570441582738 30.11906644105926,-15.62596368632785 30.117735524495568,-15.626198551470338 30.117125980211878,-15.626306116680324 30.115527956911592,-15.626306116680324 30.115272758997317,-15.626369916383737 30.113701644311448,-15.626762702474592 30.110163159264459,-15.627333421227604 30.108004126291746,-15.627189485636107 30.106738816169411,-15.627105131927749 30.104227636569018,-15.627105131927749 30.1002325738217,-15.626534413174737 30.096351652126941,-15.626648554227359 30.092356589379563,-15.626534413174737 30.091376875155447,-15.626376394200291 30.088818105231894,-15.62596368632785 30.086711060267078,-15.626114189668101 30.085622057731992,-15.626191975627705 30.082426003037487,-15.626191975627705 30.078773378736457,-15.626306116680324 30.07790315067416,-15.626339587647577 30.075805612442476,-15.626420264927503 30.073718741968776,-15.626345730916398 30.072609565841901,-15.626306116680324 30.070209943541951,-15.626201788130345 30.070105561931992,-15.626085808863479 30.070100108443224,-15.626079750130941 30.070098381744909,-15.626077830977749 30.068630712474771,-15.626762742944095 30.068386211996028,-15.626876843527214 30.068386211996028,-15.626876843527214 30.067149684675258,-15.627067078015386 30.066902330647679,-15.627105132827069 30.066902329748359,-15.627105133726387 30.065668431145866,-15.628244116982614 30.065418450198646,-15.628474868626197 30.065321172333427,-15.628519085592416 30.0629072679003,-15.629616315125416 30.060738519551759,-15.630871906274592 30.057999047953555,-15.631785063474013 30.05537372010593,-15.632698220673376 30.053552253952201,-15.633153586987021 30.053090827107443,-15.633268943923042 30.052969763073861,-15.633281915743964 30.049894776909582,-15.633611377872796 30.047726028560984,-15.634524535072215 30.046316964510254,-15.634598696763987 30.045557280212389,-15.634638679722118 30.044548058333191,-15.634796371343326 30.043907324662197,-15.634896485670311 30.041904650515505,-15.635209402971723 30.040175644558929,-15.635147652823262 30.039108134021657,-15.63510952786447 30.038708600317591,-15.635095258321824 30.038708597619628,-15.635095259221146 30.037722234707754,-15.635333346634466 30.035820525646614,-15.63579238038335 30.035398405469778,-15.635894270871288 30.034639856116371,-15.635927251708097 30.033027133397525,-15.635997370048074 30.032773078521526,-15.636008415521188 30.029006309570601,-15.636008415521188 30.029006304174683,-15.636008415521188 30.027179992473862,-15.636921571821292 30.027179989775899,-15.636921573619929 30.026612322422523,-15.637130713655836 30.023378399975343,-15.637240338313234 30.023070782378568,-15.637149862919784 30.020366138824613,-15.637253887498899 30.020103021480509,-15.637264007569684 30.020103018782553,-15.637264006670362 30.019506965228686,-15.637184532683364 30.018390850832361,-15.637035718269885 30.016582834938902,-15.636601794491412 30.015609633604868,-15.636368226171214 30.015537238181537,-15.63635085037032 30.015537234584205,-15.63635085037032 30.014793348676506,-15.636425238691286 30.014726273642278,-15.636431945834998 30.012112895086489,-15.636693284320074 30.009030989538527,-15.636693284320074 30.006862240290612,-15.636693284320074 30.006016326298663,-15.636918861264691 30.005840435996845,-15.636965765405137 30.005150070541731,-15.637149862919784 30.002443182279986,-15.637258137694801 30.002296454293628,-15.637264007569684 30.002156575543836,-15.63727036577643 30.000844415240351,-15.637330008813422 29.999785271995279,-15.63737815221964 29.99859057124274,-15.637751495867574 29.997958957596495,-15.637948875469249 29.996635946073411,-15.638893883956994 29.996360932497506,-15.639090321968522 29.996138832331891,-15.63915377903021 29.993963893949797,-15.639775189868031 29.99275945443901,-15.639855485835426 29.992502569396549,-15.639872611624867 29.992251724200912,-15.639889334517987 29.992251723301592,-15.639889335417308 29.992251717006351,-15.639889337215946 29.992095377066104,-15.639957736052223 29.992081925906515,-15.639963621215543 29.990425409802128,-15.640688347067451 29.989579401381377,-15.641078812907494 29.988941529353095,-15.641373214967018 29.987258269210145,-15.641723893901142 29.986202057754895,-15.641943938216627 29.985772574828616,-15.641826806018912 29.985456715844801,-15.641740663559005 29.984946466605717,-15.641601504266873 29.982815066201677,-15.641443622888685 29.981864560158439,-15.641373214967018 29.980022852064451,-15.641563736338922 29.979803564078789,-15.641586421737086 29.978554365310629,-15.641715648916772 29.974901736513001,-15.64080249171735 29.973871365277603,-15.64072616805538 29.971819830965046,-15.640574202417552 29.968509635217913,-15.640231768467741 29.966390263246012,-15.640130845650333 29.966112597569463,-15.640117623817842 29.96579466115179,-15.640069932770643 29.963829704570969,-15.639775189868031 29.961235369159166,-15.639549594937021 29.961204377622717,-15.639546900568233 29.960446434412347,-15.639217360198357 29.958579050674413,-15.638405454068961 29.957748044743763,-15.638073051157107 29.956920042548688,-15.637741850638804 29.956866880026269,-15.637720586169394 29.9568233195651,-15.637702765204095 29.956042604621643,-15.637383381777228 29.954355697727916,-15.636693284320074 29.95329787828484,-15.635030996366879 29.95275767262893,-15.634182101122406 29.952021152168641,-15.632545388988435 29.951730370779615,-15.631899208123912 29.950798268462332,-15.630367898330404 29.950132345680686,-15.629273881175662 29.950031639599842,-15.629209141680747 29.947679910694546,-15.627697315698979 29.946936295482768,-15.627219277477025 29.944871304614704,-15.626507211381295 29.943626099735635,-15.626077830977749 29.940430049537721,-15.625164673778329 29.937804722589473,-15.624251516578965 29.937388616179078,-15.624010612488973 29.937307507224542,-15.623963654389227 29.935635974240881,-15.622995924530471 29.933431658605404,-15.621563120176745 29.933353080343064,-15.621512044081442 29.928787294346083,-15.621512044081442 29.927623106690699,-15.621555162076106 29.925705388798118,-15.621626188731341 29.923771907589014,-15.621450418039387 29.923157706615878,-15.621394581832533 29.921938615350598,-15.621283754781587 29.919884216697369,-15.621102484735388 29.918057698152491,-15.620941320831832 29.918057696353859,-15.620941320831832 29.917959751191635,-15.620912513748577 29.917194214106019,-15.620687355888037 29.916117237305112,-15.620370597582165 29.91501362708226,-15.620025719275134 29.914807631076197,-15.619961345804255 29.914290922906329,-15.619799874332555 29.912882802244383,-15.619651651672994 29.912122174557737,-15.6195715850327 29.909268557410314,-15.6195715850327 29.907442244810113,-15.6195715850327 29.907442243011474,-15.6195715850327 29.906532871058516,-15.619789834301457 29.906338680452734,-15.619836439866958 29.90458862676337,-15.620256452932267 29.903707439562819,-15.620493695882258 29.901620865865311,-15.621055465481732 29.900257378555693,-15.621160348913405 29.898653104967305,-15.621283754781587 29.894543896670655,-15.621283754781587 29.893287799203161,-15.620792238420393 29.893059059342985,-15.620702731596735 29.891918569722403,-15.620256452932267 29.891576135772596,-15.618886717133192 29.891498926278416,-15.618346247975921 29.891347846472797,-15.617288694732165 29.891347846472797,-15.617288692034208 29.890233110737139,-15.616607464590231 29.889432449730347,-15.616118172252412 29.889293242774098,-15.616033100885033 29.887901216379191,-15.615182417788391 29.887238639075459,-15.614777509735859 29.886446688002593,-15.61444245382404 29.886143459097351,-15.61431416463722 29.884270877278084,-15.613521918586683 29.881417261029977,-15.613521918586683 29.880045288616994,-15.613247523744347 29.878926615649505,-15.613023789510576 29.878563644781874,-15.612951195337073 29.877926206226846,-15.612806322652034 29.876052462483525,-15.612380472087464 29.8750913084674,-15.611419318071341 29.874911015984249,-15.611239024688871 29.874737813755985,-15.611177895072556 29.87297055693557,-15.610554156789306 29.871223245279051,-15.610501208305552 29.869203782588727,-15.610440012139406 29.867762392407599,-15.610628019906244 29.866578455640422,-15.610782446089161 29.864295562641928,-15.611467313988726 29.86212681429339,-15.611467313988726 29.860547192021102,-15.610973682422129 29.86030049899523,-15.610896590739117 29.859218914967588,-15.61084742840103 29.858228265886847,-15.61080239844773 29.857789316696877,-15.610782446089161 29.855392279048488,-15.610782446089161 29.85504190318585,-15.610623185150985 29.852881096750139,-15.609640999589942 29.850712348401544,-15.60918442099023 29.848201165203875,-15.60918442099023 29.846673840306266,-15.6093451918901 29.846032416855337,-15.609412710290085 29.84556976513397,-15.609474397486053 29.844320247106449,-15.609640999589942 29.842379788057713,-15.609640999589942 29.839754461109465,-15.60918442099023 29.837357424360331,-15.60872784239052 29.837357423461011,-15.60872784239052 29.837273487937409,-15.608724027466508 29.834846240263346,-15.608613697740621 29.832677491914804,-15.608385408440766 29.830446938559074,-15.608162353195096 29.830394598916314,-15.608157119140911 29.830173651681491,-15.608133446287127 29.828065885460376,-15.607907613935083 29.8271985487184,-15.607814685191157 29.824214993027564,-15.607939000273916 29.821719604622675,-15.608042974490955 29.817382107925539,-15.608042974490955 29.81688585573454,-15.608115952675007 29.814830520887085,-15.608418208513797 29.813501189828113,-15.608613697740621 29.813020909596329,-15.608587015755347 29.811589029745672,-15.608507467124523 29.811446585230104,-15.608499553090665 29.808592968981994,-15.608499553090665 29.807380274594319,-15.608583187341424 29.805282774134184,-15.60872784239052 29.802429157886081,-15.609070276340331 29.801670961966234,-15.609124433512932 29.799233106788844,-15.609298565640129 29.798505632608848,-15.609090716131391 29.798373905313895,-15.609053079504463 29.797635081689915,-15.608841987040476 29.797005628215175,-15.608474805547075 29.796446953182738,-15.608148911928081 29.796265345890784,-15.608042974490955 29.795504736190594,-15.608070139412176 29.793563335551706,-15.608139475342002 29.793069295692931,-15.608157119140911 29.791357125944042,-15.608157119140911 29.789302522245404,-15.608841987040476 29.786563049747883,-15.608841987040476 29.785024655095409,-15.60893248131964 29.78462259069914,-15.608956131690375 29.784297846413661,-15.609003888388088 29.782705408802482,-15.609238070945196 29.780741672601721,-15.609526854939984 29.77891535820288,-15.609526854939984 29.778127472964908,-15.609980486461438 29.777212976675003,-15.61050701432856 29.77514858565468,-15.611695603288581 29.775148583856037,-15.611695604187899 29.773615322533715,-15.613420523625166 29.773322269457253,-15.613750207886538 29.77332226765861,-15.613750207886538 29.772101923637759,-15.613699360219016 29.771586366600047,-15.613677878113718 29.770582797859046,-15.61363606323664 29.768185760210656,-15.613179484636929 29.766645259345982,-15.613641634536577 29.765902869010802,-15.613864351637174 29.765902867212162,-15.613864352536496 29.765666618912345,-15.614021850803454 29.764113125542334,-15.615057513649674 29.76384826351352,-15.615234088335569 29.762626173908583,-15.615967341558926 29.762136092865319,-15.616261390184889 29.760886457925949,-15.617901536829722 29.760826905720478,-15.617979697806616 29.760309778466532,-15.618658427833337 29.759905059271599,-15.619144090507461 29.759168331967256,-15.62002816363241 29.756885438968762,-15.621626188731341 29.755889188011164,-15.622079030648026 29.755676847288157,-15.622175548586197 29.755629847819591,-15.622196911981007 29.755629846920268,-15.622196912880325 29.755629846920268,-15.622196912880325 29.753689388770852,-15.624137371929008 29.753689387871532,-15.624137371929008 29.7520115767208,-15.625716487882983 29.751748929722165,-15.62596368632785 29.750150903723863,-15.627447566776823 29.748237410846173,-15.628650333548649 29.748192879117255,-15.628678324946803 29.746155840976488,-15.62995874907517 29.74597453675608,-15.630683966856223 29.745813407026731,-15.631328483974981 29.745813407026731,-15.631328484874302 29.745216315655227,-15.631504099983545 29.744634233968331,-15.631675300320977 29.743872947977991,-15.631899208123912 29.742969378450763,-15.632186707886831 29.742638590721239,-15.63229195824192 29.741361765679642,-15.632698220673376 29.740864057486249,-15.633053727168202 29.740162856999344,-15.633554583887985 29.739763742379353,-15.63383966537401 29.739763740580713,-15.633839667172651 29.737574627084772,-15.63393484602028 29.737138412733145,-15.633953811822551 29.734398941134941,-15.633953811822551 29.734398941134941,-15.633953811822551 29.734398935738962,-15.633953806426632 29.733143349985767,-15.632698220673376 29.732344337436299,-15.631899208123912 29.730518023037458,-15.631899208123912 29.730183187459545,-15.632192189254623 29.73009931668707,-15.632265576630175 29.729604865838095,-15.632698220673376 29.727559926253946,-15.632964952392681 29.726979539789113,-15.633040654623187 29.72697953888979,-15.633040654623187 29.725442244108194,-15.632616573924338 29.723669343142657,-15.632127497423767 29.722895372215078,-15.631790988207513 29.721044016194412,-15.630986050924548 29.718646978545966,-15.630529472324838 29.716706519497276,-15.630072893725126 29.714499919583776,-15.630183223451013 29.714423627398045,-15.630187038375025 29.714423626498725,-15.630187038375025 29.714020178045924,-15.630344908961376 29.711798298651157,-15.631214340224346 29.71025650546073,-15.631616547612849 29.709172971702912,-15.631899208123912 29.70814386851151,-15.631854465054344 29.707928103170275,-15.631845083326935 29.706547644754608,-15.631785063474013 29.705177908955534,-15.631328484874302 29.703237449906791,-15.630871906274592 29.701296989958731,-15.630871906274592 29.700111402036324,-15.630983055282853 29.697644361161171,-15.631214340224346 29.697054845678391,-15.63114498540881 29.695703902112424,-15.630986050924548 29.694088566863059,-15.631062971736355 29.693306864464034,-15.631100195574447 29.692980634498554,-15.631122693913653 29.689996669616221,-15.631328484874302 29.686407487987768,-15.631539613311189 29.686115750619422,-15.631556774174157 29.684919401409616,-15.631326706914649 29.683147989721359,-15.630986050924548 29.679381216273836,-15.631442629524201 29.678486489780138,-15.632158410719226 29.678239769774617,-15.632355786723622 29.676413454476521,-15.634296245772363 29.675242565972663,-15.635271986791736 29.674358850777821,-15.636008416420509 29.67381492462675,-15.636642996930162 29.673350749453846,-15.637184534482001 29.672304247079182,-15.638405454068961 29.671530760886181,-15.639282071814309 29.67074540274308,-15.640172144316523 29.670592077330301,-15.640345913117697 29.669881436660038,-15.64105655378796 29.669222341531224,-15.641715648916772 29.66879737949677,-15.641792915068265 29.665455568083697,-15.642400516816338 29.661574649086958,-15.642857095416048 29.659671645901422,-15.643142545624073 29.659291756088464,-15.643199529365802 29.659291755189141,-15.64319953026512 29.658800389914006,-15.643568054446293 29.658011109827552,-15.64416001428634 29.65792202028933,-15.644226831215121 29.657922017591375,-15.644226833913082 29.656609873475702,-15.645598621065743 29.655410840688944,-15.646852154566091 29.655410837990981,-15.646852158163368 29.65415524684181,-15.649249196711137 29.6536986682421,-15.650504787860312 29.653698667342777,-15.650504787860312 29.651503106607265,-15.652073046299391 29.651301629694387,-15.652216957609198 29.649931893895257,-15.653358404108417 29.649931893895257,-15.653358405007738 29.649923773017345,-15.653385475500157 29.649752855966369,-15.653955199602992 29.649589459945506,-15.654499850607692 29.648763047751743,-15.655243622301498 29.648448013446288,-15.655527152457013 29.646735843697396,-15.657239322205895 29.646553337083386,-15.657476581343644 29.645594397198121,-15.658723202654926 29.644110516749095,-15.658723202654926 29.643714907686388,-15.658599575553524 29.642284202350311,-15.658152479405258 29.641442379374269,-15.657631351067607 29.639969136106231,-15.656719343201756 29.639887166500554,-15.656668600754928 29.639887163802598,-15.656668598956228 29.638547343950794,-15.65689190241477 29.636662927053635,-15.657205971747771 29.636462824304825,-15.657239322205895 29.63346376969815,-15.657330203193565 29.632696050857305,-15.657353466855794 29.631922208532785,-15.657276082893134 29.629271711359589,-15.657011032906039 29.626760528161924,-15.657239322205895 29.626372521967596,-15.657382272140408 29.624684054750162,-15.658004339483339 29.622423031464734,-15.658837347304825 29.621030227156268,-15.658682591970035 29.620368427766092,-15.65860905800497 29.620368425068136,-15.65860905620633 29.618998691967018,-15.657353466855794 29.618429294318044,-15.656942235670101 29.618109421660051,-15.656711216028553 29.616944088268379,-15.655869586406768 29.616093085013063,-15.655302250903219 29.61591678551974,-15.655184718507259 29.613748037171149,-15.654271561307837 29.611816738616596,-15.653362714558908 29.611807580820368,-15.653358405007738 29.611807578122413,-15.653358404108417 29.610983128249355,-15.653259469691989 29.608953961874303,-15.653015970158663 29.607612319096742,-15.652952082321688 29.606556924225856,-15.652901825508764 29.606556921527893,-15.652901821911426 29.606122647913196,-15.652329370164862 29.605439509409905,-15.65142887002372 29.604045741028184,-15.649591630660892 29.604029254656776,-15.64957985403896 29.601648703379794,-15.647879460012746 29.600168130637197,-15.646834349788548 29.599708244331055,-15.646509724213614 29.597311206682658,-15.645596567014197 29.595302545749178,-15.645114489037722 29.594457590434502,-15.644911699114688 29.592980091574645,-15.644634668359457 29.592631276035714,-15.644569265164876 29.592631276035714,-15.644569265164876 29.59182952864796,-15.645571448949964 29.591261542035284,-15.646281432215799 29.591261539337321,-15.646281434913758 29.588671967634294,-15.647078226137808 29.588293778439265,-15.647194592113179 29.588293778439265,-15.647194592113179 29.586678946810249,-15.646687074115107 29.58429871569189,-15.645939000964004 29.584298714792567,-15.645938999165367 29.585152439396328,-15.644734885209116 29.584169298755285,-15.643049500867564 29.583499703142422,-15.643199529365802 29.583499701343779,-15.643199527567164 29.583186157214868,-15.642312144937137 29.582378577723716,-15.641118331815447 29.58107942701275,-15.640661872825547 29.579843691095334,-15.640687306551854 29.579767831483537,-15.640663964648581 29.578363192996445,-15.640231768467741 29.577143742002363,-15.639668944862818 29.576879312547476,-15.639546900568233 29.576699319538534,-15.639499945166392 29.574253985599167,-15.638862032668667 29.572972738591144,-15.638923044473756 29.572731347967988,-15.638934538708611 29.571856947950774,-15.638976177318566 29.570686224022833,-15.639327610783882 29.56935196108185,-15.639713844414473 29.568432608453005,-15.639546900568233 29.568269707958621,-15.639539143016409 29.566718971909889,-15.639465298785241 29.566016304628757,-15.639503171034503 29.563698901946051,-15.639608507724519 29.561886291416325,-15.639610650808891 29.560001875418493,-15.639924720141892 29.559380104851865,-15.640626760595579 29.55840246446428,-15.641130339563176 29.557703012259424,-15.641829790868711 29.557703010460781,-15.641829793566728 29.556536018719274,-15.644383763808548 29.555762354460512,-15.645015699412111 29.55528116771211,-15.645584374905468 29.554815522147749,-15.645998923690115 29.554113278447229,-15.647192737711121 29.553586595896714,-15.647473634651758 29.55313722356442,-15.648336039511719 29.553137216369866,-15.648336040411037 29.551690538175247,-15.648246102812211 29.550426500593574,-15.648456775292798 29.549267798802532,-15.647930092742286 29.547315846418257,-15.648107749312544 29.545686356739509,-15.648316327272198 29.545440572028895,-15.648456775292798 29.54514709806972,-15.648336039511719 29.545147095371757,-15.648336040411037 29.545089449729002,-15.648597224212777 29.544387206927809,-15.648913233383382 29.54326361736679,-15.649088794533327 29.54311028386013,-15.649442203809143 29.542790019997028,-15.649666388603235 29.542407625572196,-15.649934064610703 29.541148659267431,-15.650849676059918 29.540927679657045,-15.651010389403154 29.540419531234189,-15.651546647035333 29.540279082314271,-15.651722207285959 29.540138633394289,-15.651967992895893 29.540068409833619,-15.652213777606505 29.539927960913701,-15.653407591627511 29.538979931603254,-15.655022751509081 29.538488361282756,-15.656286789990075 29.538207464342118,-15.657129482610515 29.5380670154222,-15.657796613181686 29.537191719680209,-15.658756268927275 29.536814537725888,-15.659636359854289 29.53613584637003,-15.660078904533748 29.534977144578988,-15.660605587084262 29.533607769408036,-15.661307830784722 29.532975750167505,-15.66215052250584 29.532238395136403,-15.663274112066913 29.531781937045825,-15.663835906847394 29.530904132195417,-15.664748823927825 29.530166776264934,-15.665767076798884 29.528972963143246,-15.666434208269377 29.528060046062816,-15.666785329669949 29.526901344271831,-15.667101338840553 29.525856650433752,-15.66728405229861 29.524759902937319,-15.667397508967154 29.524663429965297,-15.66740748874372 29.522546455585939,-15.667626486248365 29.521072372351114,-15.668258236591555 29.52094843048701,-15.668311354147932 29.520179011927553,-15.668760181491052 29.51957869468788,-15.669110366697396 29.519188647032589,-15.669500413453362 29.519111759495733,-15.669577300990225 29.518665536589193,-15.670023523896759 29.518208957989483,-15.671621548995745 29.518208957989483,-15.673562008943748 29.518208957989483,-15.675388323342588 29.51801616942674,-15.676159478492877 29.517965246216136,-15.676363171335199 29.517866524039675,-15.676758059141664 29.517866524039675,-15.676758059141664 29.517792623151248,-15.676805086489253 29.517109124919156,-15.677240039991432 29.516610932890497,-15.677557071691124 29.512501728191179,-15.678470227991227 29.512501725493223,-15.678470228890545 29.508392518095945,-15.6786985181904 29.502790276050689,-15.679034652389362 29.502685284700362,-15.679040952140154 29.502685283801043,-15.679040952140154 29.500767516445762,-15.679307308842169 29.498584200878948,-15.679610546740662 29.496441835940743,-15.679525830605483 29.494123304608873,-15.679271883648141 29.492535060536337,-15.679570392911385 29.491162229270799,-15.679949980552124 29.490948511685815,-15.680009073204019 29.490114464248052,-15.680076342491814 29.488924464251735,-15.680172319937412 29.485589651362719,-15.679649443317714 29.484846631502077,-15.679478426442017 29.483848204185165,-15.679248624482511 29.48124536208627,-15.67941837241483 29.479393800120814,-15.678942636457291 29.478632354051168,-15.678746992547074 29.478632354051168,-15.678746992547074 29.478599480233697,-15.678724552663823 29.476005832803253,-15.676954111344058 29.473971646412618,-15.676276116063432 29.47237324449776,-15.675733377916744 29.469470908378014,-15.675065147474754 29.468201759049919,-15.675079467379417 29.467011090857341,-15.675092902351194 29.46412223107825,-15.675546074319074 29.46412222927961,-15.675546074319074 29.463932930086283,-15.676001054823528 29.463418934271655,-15.677236439106025 29.463386537994211,-15.677591999560093 29.463291058772995,-15.678639914769688 29.463064685928373,-15.678946381234196 29.461724596279961,-15.680760608744947 29.460922734678316,-15.681700619700109 29.460154742443592,-15.682600925587735 29.459639838313702,-15.682496135685538 29.458849070748553,-15.682335203807042 29.457391986498745,-15.681510359131607 29.455730033093346,-15.680595993243401 29.455643840271417,-15.680548571093482 29.455643833976129,-15.680548568395523 29.454619195918664,-15.679578640593716 29.453017445827868,-15.678755385919601 29.451276030126621,-15.678354296388418 29.449829044363863,-15.678370509365946 29.449829036269929,-15.678370509365946 29.44948173968595,-15.678307251054433 29.447653528617025,-15.677974251892067 29.446282586827063,-15.67742309249388 29.445617715352849,-15.677155794201667 29.444445101050007,-15.675907054987022 29.444445100150684,-15.675907054087702 29.444261019723172,-15.675858316229665 29.442412652149585,-15.675368935758286 29.441631529813211,-15.675377652886707 29.440242178001998,-15.67539315899711 29.438951657185214,-15.675658216178817 29.438076694192432,-15.675837922304027 29.436541933700255,-15.675642925905663 29.436047580877361,-15.67558011725515 29.436047575481439,-15.675580119053789 29.434173141058807,-15.676161808636266 29.431862927556381,-15.676608124172958 29.429985142259905,-15.676909406045979 29.427965964654614,-15.677492655952163 29.427212791448312,-15.677605439927843 29.426954713005557,-15.677644085594068 29.42500567532397,-15.678528594890222 29.423787830519014,-15.679081274142675 29.423522588976308,-15.67915788199042 29.421768606149044,-15.679664472787463 29.420238564399536,-15.680600175990151 29.419900682817911,-15.680806808716227 29.417450613048743,-15.681675153598233 29.416250125158911,-15.682105537645155 29.415432986773965,-15.682398488198944 29.415432984076002,-15.68239849269554 29.41457959581868,-15.683669785108011 29.41457959222134,-15.683669788705288 29.413579837505154,-15.684802486599835 29.411849933125836,-15.685382409913869 29.410121663713994,-15.686102510552528 29.408248670904584,-15.686824193098687 29.406813083149242,-15.687821462988154 29.40531102290538,-15.688447265215473 29.405084770569939,-15.688541528553285 29.403788938357195,-15.689116618011383 29.403788934759913,-15.689116618910703 29.40378467287286,-15.689117795223922 29.402202030677188,-15.689554690362343 29.401274798188698,-15.690371566145302 29.400912744629579,-15.690690528689403 29.400404941546412,-15.690696105385314 29.399610323983666,-15.690704832406311 29.398945452509452,-15.690776619887968 29.398164826598872,-15.690860907046499 29.396574612111749,-15.691018559097584 29.394849500219546,-15.692018936144677 29.394400812271329,-15.692273877752143 29.393843040158231,-15.692590800633921 29.39224953325316,-15.692468040478959 29.391998573843637,-15.692446499917708 29.390800742551104,-15.692343684926753 29.390010175534766,-15.692352329210051 29.388485290497837,-15.692369002640474 29.38704628981537,-15.693085776686985 29.386887983057871,-15.693190530616278 29.386615403047418,-15.69337090313911 29.385898343016493,-15.693939574135868 29.385898342117169,-15.693939575035186 29.385910277019832,-15.693956500275759 29.386192671331624,-15.694356991757784 29.385908129438803,-15.694780729814964 29.385345787870506,-15.695337904778171 29.385192697180798,-15.695489588928297 29.385192693583519,-15.695489592525576 29.384882044372205,-15.695579252233927 29.384182924017125,-15.69578103311761 29.384182922218482,-15.695781039412905 29.384106513120908,-15.696051607639957 29.383904895913815,-15.696765540728165 29.383467203976068,-15.697527328540218 29.383337425511971,-15.69775320495904 29.383337421914685,-15.697753207657058 29.382189437344266,-15.698606988918073 29.380750369212645,-15.699323728790375 29.380750367414013,-15.699323729689693 29.38028160300081,-15.699419872610518 29.379306404272597,-15.699619882729165 29.379250769513874,-15.699653048826292 29.378587674200677,-15.700048343126296 29.378275876555108,-15.70043471525247 29.378016916776797,-15.700755611338989 29.37628349065244,-15.701054897616416 29.374546809881675,-15.701073783379059 29.372520679617764,-15.701095799681639 29.37035630647085,-15.701680143163403 29.369203372931334,-15.702113287229677 29.367762602383149,-15.702689757147025 29.367382350143373,-15.70301270188912 29.366759237788244,-15.703541903440678 29.366403905761956,-15.70383532613846 29.3658989733147,-15.704252284206859 29.365329776214537,-15.705099721650299 29.364765427359483,-15.706367742329233 29.364919864334297,-15.707207341281899 29.365249245524122,-15.708030068953292 29.365366999153366,-15.7083241940216 29.365366997354666,-15.708324196719616 29.364078991941597,-15.709600052292044 29.362068927166487,-15.711023930874603 29.360599591452623,-15.711516078559896 29.360338606401054,-15.711603494459778 29.360098686169405,-15.711606087205212 29.358167617841332,-15.711626956872179 29.357315325857538,-15.71143031471456 29.356425986302785,-15.711225125400349 29.355433625812282,-15.711235831829129 29.35454446072595,-15.711245425796504 29.35353796019518,-15.711433921895205 29.352955620402895,-15.711542982677713 29.350727270386184,-15.712389282478796 29.348776036560196,-15.713130337320761 29.347786324573065,-15.713461767166224 29.346613044771914,-15.713854668370287 29.345756966642398,-15.714228468873783 29.344308509588814,-15.714860926983476 29.341568133272631,-15.715731627189882 29.340684407286005,-15.715836346045592 29.340267099381322,-15.715885795267354 29.339791721353944,-15.716089198528039 29.339770607071326,-15.715997705102039 29.339080506016899,-15.714863967591214 29.338686162300291,-15.714617502093857 29.338439697702196,-15.712744370788867 29.338634164399874,-15.712420259626128 29.338601982161038,-15.712339847646204 29.339412697588102,-15.711268294656406 29.339946089080964,-15.709933994843254 29.339659670303089,-15.708874196891712 29.339105044917801,-15.708348705942853 29.337166906119872,-15.706775156792276 29.335225768982355,-15.704935901149438 29.33326954391913,-15.701768195783302 29.332163389514278,-15.70098285472727 29.331340577306658,-15.700991637506263 29.329969222727868,-15.701006269475672 29.328040272303156,-15.700229678823007 29.324721908913375,-15.697873543239778 29.32306124963236,-15.69656260871227 29.321970201139663,-15.697105646333226 29.320336623142904,-15.698185880478547 29.318422747154045,-15.698737639724525 29.316222580091051,-15.698229535368512 29.314851230008916,-15.698244069311782 29.31375414886401,-15.698255691250383 29.313166641567364,-15.694807535007326 29.31176835679042,-15.692430838224595 29.311189893076119,-15.68977973940491 29.310614442090579,-15.687394326393077 29.310319244131048,-15.685537392777119 29.308933024658472,-15.684223424836373 29.308092337526201,-15.682637966863465 29.308348659593037,-15.681040927421463 29.30971093191857,-15.680229377423586 29.311344447862094,-15.679149232311147 29.313520444746242,-15.677531896070265 29.315970645816432,-15.675911639730769 29.315949669130074,-15.674051812995854 29.315105989953391,-15.672200691698206 29.312912104654743,-15.672223894206523 29.310172731981989,-15.672518556170132 29.307144185008667,-15.671487621059782 29.305203658510777,-15.669648011983439 29.304082882928409,-15.667534028749172 29.303504632353395,-15.664882880466791 29.301543376482698,-15.661183377206385 29.298497206394927,-15.658558133895042 29.294136360599907,-15.660995390123958 29.292756345550007,-15.660212669692385 29.291641678162815,-15.658629986127949 29.291343765150145,-15.656507299255054 29.29157060834018,-15.652253316299491 29.289612662873875,-15.648819352257417 29.286835126571471,-15.645659641864086 29.283229176184477,-15.64197706204561 29.279381524908217,-15.641219925527082 29.274162887775276,-15.640476945236685 29.269489744311727,-15.639462459625577 29.26675651400836,-15.640287928430498 29.263469006357408,-15.640587629295451 29.26016397541667,-15.639293076817978 29.256587692764128,-15.638266993550017 29.254679922272484,-15.639349548845475 29.2508468831806,-15.639920402496783 29.248924545470746,-15.639674400150284 29.24701091229883,-15.640225489401359 29.242617821312475,-15.639739009243497 29.241229432675198,-15.638158804210548 29.23821029440893,-15.637923913886993 29.235471133076828,-15.638217594690275 29.232172021473676,-15.637454003737558 29.227764609683334,-15.635638679953274 29.226128007266652,-15.636452509732521 29.222560472319458,-15.636222964979082 29.21925282345228,-15.634662044108438 29.214034373378297,-15.633917579936679 29.205808240602039,-15.634000478541964 29.201426630360739,-15.634575988882771 29.19895309188388,-15.634069325240601 29.196194020461402,-15.632502529099156 29.192366459139919,-15.633603790292851 29.18963003534412,-15.634162613713386 29.188225111771946,-15.630987731757385 29.185191944981341,-15.629423514871519 29.180527673329603,-15.629204187315677 29.178322803711751,-15.628163119544011 29.17448676807879,-15.628466921317397 29.170005787249863,-15.626730586785584 29.169312526877146,-15.626419814367182 29.1692196601864,-15.626369160053912 29.16538774794498,-15.623773503538018 29.164554500903815,-15.620479088194541 29.163544185448981,-15.620136924041333 29.162406754422591,-15.615609477041799 29.163051001744744,-15.611078779892409 29.165061679857498,-15.60683226940364 29.169266969921125,-15.601320330981308 29.169320349180165,-15.59833878167791 29.168488407055236,-15.598053634541371 29.167712173433475,-15.595933640238684 29.166046141602632,-15.59427395132616 29.163015036058137,-15.592960735218581 29.163111846275967,-15.592583919288359 29.168270836774639,-15.589875291737769 29.173182189060068,-15.587121117123727 29.178132484687293,-15.585731269786095 29.183494726461216,-15.583594966278383 29.194483642161966,-15.578672885980493 29.205464387522113,-15.575354619717418 29.225741705287593,-15.568398396196413 29.241373317005294,-15.561344141178211 29.24426415799087,-15.55918375832317 29.269838661474008,-15.540126564244702 29.283454542687764,-15.532013067056027 29.293565666128586,-15.52860409337444 29.301609151996612,-15.525814832610763 29.309670678264578,-15.522450502174022 29.317392986558275,-15.513056049357656 29.324057397167962,-15.504055612904722 29.334774224787399,-15.497621941348143 29.343969627961034,-15.492065872294519 29.349173589057841,-15.487246228373008 29.350840514814706,-15.484020324281062 29.352894742596789,-15.480119926868438 29.35746704508119,-15.476240587081177 29.364688008323242,-15.473027193457936 29.371762542153871,-15.469982750967743 29.377706987922462,-15.467429074804217 29.380410010898117,-15.465179676155344</coordinates></LinearRing></outerBoundaryIs></Polygon>
  </Placemark>
  <Placemark>
	<name>Nyika</name>
	<Style><LineStyle><color>ff0000ff</color></LineStyle><PolyStyle><fill>0</fill></PolyStyle></Style>
	<ExtendedData><SchemaData schemaUrl="#National_Parks_Zambia">
		<SimpleData name="Name">Nyika</SimpleData>
		<SimpleData name="OBJECTID">7</SimpleData>
		<SimpleData name="ID">0</SimpleData>
		<SimpleData name="PROVINCE">Northern Eastern</SimpleData>
		<SimpleData name="STATUS">12</SimpleData>
		<SimpleData name="Size_SqKm">80</SimpleData>
		<SimpleData name="Shape_Leng">0.51274850824</SimpleData>
		<SimpleData name="Shape_Area">0.00620930559</SimpleData>
	</SchemaData></ExtendedData>
      <Polygon><outerBoundaryIs><LinearRing><coordinates>33.566623906506209,-10.702684908740252 33.558215620549554,-10.692838944104492 33.558151355896655,-10.690885506040274 33.558612093860745,-10.689389428985862 33.560062684106178,-10.68817625076292 33.561510567392361,-10.686101141622714 33.562841004617439,-10.68368177560694 33.564518295960049,-10.680571303993984 33.566022482201163,-10.677921299649256 33.566831112999751,-10.67607887929222 33.567642805989806,-10.675213305221405 33.568914618210442,-10.672679254063155 33.570769927650758,-10.670717203191826 33.57169521580505,-10.668989172999659 33.572333092329927,-10.668354218372087 33.573082764475544,-10.666282199302316 33.573546305626394,-10.665705489265974 33.574472109092198,-10.66414983662372 33.57644075559125,-10.661267845866291 33.578118706136934,-10.658444618608826 33.579679926481845,-10.655506985898114 33.581649752891387,-10.653027197133156 33.582572546326389,-10.650552137902764 33.583437343382968,-10.648134801656795 33.583895518279235,-10.645891691966938 33.584645431443221,-10.643934572078306 33.585281026388088,-10.642610055090131 33.587486699999886,-10.641163488411451 33.589107941097041,-10.638857628526978 33.59142176807535,-10.634882198878813 33.593040912852814,-10.631944243311466 33.593911136418569,-10.631250728430585 33.595185158273409,-10.629521046183868 33.597444766025887,-10.62680999765837 33.599644869237011,-10.623696969272942 33.601903462554276,-10.62069858376185 33.604395589118155,-10.617986424573701 33.606654283159514,-10.615045469767381 33.608102833742578,-10.613372400741696 33.608857216537046,-10.612851767930465 33.611406624518281,-10.609909444355992 33.613202002239234,-10.607602669861024 33.615230929394606,-10.605582117192341 33.615811751131332,-10.605349582193185 33.617666552454693,-10.603444745290062 33.619289082280318,-10.601655899344962 33.620853816276394,-10.599982237666095 33.623227394210346,-10.596695870355404 33.623690929965278,-10.596176555950251 33.625773864106463,-10.592948983615941 33.626411664188993,-10.59237139224399 33.628205874589973,-10.589777234897895 33.631566576262287,-10.586083972932386 33.63249512086162,-10.585505011892963 33.634232241400866,-10.583255863255658 33.635102042285212,-10.582504784570347 33.636897087257069,-10.580197888666873 33.639389355014487,-10.57771532639282 33.641244039426056,-10.57586782576567 33.642925603447615,-10.57442336529914 33.645013628650815,-10.572804594639592 33.646694185431727,-10.571072809777945 33.649071947011748,-10.56916533786125 33.650579571360993,-10.567894047247421 33.651794871084633,-10.566164436946451 33.65242768442647,-10.564150270363539 33.652832972892213,-10.563631193379422 33.653122547391028,-10.563285049726233 33.663266333308684,-10.536861793091532 33.669508583272034,-10.54286550867846 33.669742552689797,-10.54326662339065 33.670976312796711,-10.546938281842358 33.671912612249912,-10.548657654261374 33.67377986918342,-10.550544942693762 33.675582817397242,-10.550651210182025 33.6773853672114,-10.550642545214258 33.678315514402584,-10.550580608006783 33.679072422493277,-10.550864273959917 33.679308411788327,-10.551839987999697 33.678967334915512,-10.554082641733316 33.677874931144515,-10.557650533711351 33.677240498123695,-10.559147593724674 33.676953953440716,-10.56035567099309 33.676727352168314,-10.562080615611364 33.676676796780441,-10.564264406919563 33.676623243052916,-10.565586286196151 33.675819134045526,-10.568463243448264 33.675647679199926,-10.569325995446547 33.675478818898455,-10.570935737812192 33.675949218279072,-10.572427481933062 33.676476573522507,-10.573574181372294 33.678282860919012,-10.5745997969928 33.680669068032266,-10.575162910179415 33.68154033301289,-10.574871396742253 33.681889240282601,-10.574869712312079 33.683166153457755,-10.574174003984806 33.684791765260002,-10.57341914185173 33.686416561377087,-10.572434429195765 33.689957885583738,-10.570750872276562 33.691410022663092,-10.570284128639969 33.694314080984498,-10.569293160299935 33.696231199928604,-10.568766669304978 33.697217915374722,-10.568244705497136 33.698377444542011,-10.567262202475433 33.698896711283112,-10.566110437155203 33.699935846411677,-10.563979286762674 33.701973718223996,-10.564716327031135 33.702616018513936,-10.565460185059861 33.704300295790055,-10.564877325459463 33.705635672091717,-10.564296167376312 33.707440344305894,-10.564861930864993 33.7076172589355,-10.565550600198719 33.707280079724342,-10.568827557902978 33.70629749036766,-10.570498761734768 33.705314069138126,-10.571940121338969 33.704218438599632,-10.574531256962983 33.70399260175094,-10.576428591721763 33.703940807097297,-10.578210150460448 33.703133447940104,-10.580110333372089 33.701800251595046,-10.581323550265893 33.70000325509443,-10.582941259725429 33.699249723957905,-10.583634479628643 33.697800598708056,-10.584963170370315 33.696004375624334,-10.58681070157445 33.694034890057821,-10.589003836838458 33.693107071211379,-10.589755353493615 33.692238416962589,-10.590793887875066 33.689276606878423,-10.591957513454245 33.687183857536581,-10.592197513725523 33.684974190035632,-10.592265681436061 33.684394661524038,-10.592843102836127 33.684398088840283,-10.593819933833856 33.684055812271879,-10.595717823474329 33.683542491848065,-10.598593388575864 33.68325896708847,-10.600663377875833 33.683378503173969,-10.601582185515497 33.683441295636726,-10.602903498219291 33.683328409138312,-10.603880892192592 33.682401325037972,-10.604862223397731 33.681415676187726,-10.605728912627852 33.679847846725238,-10.60642602569618 33.678976893809363,-10.606832460797477 33.676476328906915,-10.60690197839034 33.674323107353189,-10.606510112305898 33.672348352658844,-10.607266607607812 33.671190983663053,-10.608938555178895 33.669340681647782,-10.61205036588234 33.667313083690374,-10.61435855231292 33.664123656099882,-10.617074514733929 33.662440989509491,-10.618231788401602 33.659187794591219,-10.619339079549491 33.655583451292728,-10.619815927069055 33.6532572442473,-10.619884437421261 33.652443003477913,-10.619888300009393 33.64924497836887,-10.620133300511156 33.648026346657105,-10.620943533002274 33.646114847576371,-10.623251044042034 33.646057271181405,-10.623423702180446 33.644958443553151,-10.625267672069299 33.644091471935894,-10.626880696960425 33.643165745811814,-10.628321611400168 33.641079485977741,-10.630572457058122 33.639467795680559,-10.635579231907457 33.63866009298232,-10.637536736705897 33.637850059241373,-10.638804707022814 33.635993257825753,-10.640135054315692 33.633555952134145,-10.64181288345287 33.632281145171184,-10.643255405880382 33.631932926782099,-10.643486884176182 33.630195666847953,-10.645793493195924 33.629616894666185,-10.646658129273874 33.628692003112917,-10.648386311451473 33.626200062708733,-10.651156122577618 33.623938453065364,-10.653235297552783 33.622201650886097,-10.655714250847552 33.620636849440871,-10.657445389096665 33.618839358313153,-10.659177601136264 33.61762106024986,-10.660160110453319 33.616112102206046,-10.66120142463916 33.615125514463671,-10.661895540267151 33.613498498819752,-10.66242023081935 33.612042016216378,-10.661737420568613 33.610581200679398,-10.659732993643274 33.610522278898713,-10.659503417413589 33.609643538753346,-10.657611222280195 33.60952588494888,-10.657209529303998 33.608763680750769,-10.655374255859101 33.603641208122383,-10.654248585266885 33.602304671695322,-10.654656957507882 33.60230485875428,-10.654714418789638 33.600677108364323,-10.655009195866397 33.599632706805892,-10.655818453492429 33.598936373449817,-10.656338803017263 33.598008299195897,-10.657147522848675 33.596385178515732,-10.658878813982538 33.595577513589035,-10.660951146915693 33.595349855613222,-10.662503668118575 33.594893047686412,-10.665149018471878 33.59478060905036,-10.666356239585696 33.594321750669337,-10.66836951314184 33.593801561223863,-10.669406208409724 33.590727051700242,-10.672063491866993 33.58945542743794,-10.67459762216555 33.588877224526975,-10.675692036820635 33.586732992596296,-10.678230125934817 33.584472380301058,-10.680768730360455 33.58302284496034,-10.68226932291077 33.581575496770768,-10.684459446345329 33.580012880678112,-10.686994859976437 33.57966457055818,-10.687226284312883 33.579315894414208,-10.687342786085821 33.577690136921831,-10.688326991524207 33.577226937513331,-10.689018630419298 33.576010937217859,-10.690805451091194 33.574159919342257,-10.694146611395126 33.573581263173025,-10.695126078305691 33.573465094149185,-10.695184062992835 33.572711179901546,-10.695934468085966 33.571320963841856,-10.697836980241675 33.570567763655902,-10.698817226864433 33.569581673238531,-10.699741055419054 33.568480853611959,-10.701182557116056 33.568423220559737,-10.70135520356331 33.568076334066575,-10.702046308261174 33.566623906506209,-10.702684908740252</coordinates></LinearRing></outerBoundaryIs></Polygon>
  </Placemark>
  <Placemark>
	<name>Luambe</name>
	<Style><LineStyle><color>ff0000ff</color></LineStyle><PolyStyle><fill>0</fill></PolyStyle></Style>
	<ExtendedData><SchemaData schemaUrl="#National_Parks_Zambia">
		<SimpleData name="Name">Luambe</SimpleData>
		<SimpleData name="OBJECTID">8</SimpleData>
		<SimpleData name="ID">0</SimpleData>
		<SimpleData name="PROVINCE">Eastern</SimpleData>
		<SimpleData name="STATUS">4</SimpleData>
		<SimpleData name="Size_SqKm">254</SimpleData>
		<SimpleData name="Shape_Leng">1.02568350853</SimpleData>
		<SimpleData name="Shape_Area">0.02800527883</SimpleData>
	</SchemaData></ExtendedData>
      <MultiGeometry><Polygon><outerBoundaryIs><LinearRing><coordinates>32.173383113886246,-12.397829688503691 32.175765933253381,-12.400325126371285 32.179080684965925,-12.403829814896426 32.182165379311527,-12.406646692041022 32.186523053197675,-12.411987055108625 32.192449605155836,-12.419279615176036 32.201029914329638,-12.43339381882015 32.203505102163092,-12.440730019388411 32.204418416743806,-12.444854774264968 32.203343403162876,-12.448800123389844 32.197350990255188,-12.453184287705767 32.194349445425814,-12.456320738933469 32.19058398408913,-12.460026550038549 32.186720000225478,-12.460412055218285 32.179515386657947,-12.461757360035165 32.176108151365831,-12.464147877598862 32.173282740554555,-12.467113052946047 32.172626790354855,-12.469285510998018 32.174658567461734,-12.472155539873143 32.187526470852561,-12.4731222669879 32.191030278042085,-12.474395278004748 32.19714975615932,-12.478826598271269 32.200122914788153,-12.480841536472497 32.203040778602031,-12.482283839465424 32.206891460593567,-12.484359347904672 32.216110077067412,-12.489317372305436 32.220371861641581,-12.49116531539903 32.224716324487126,-12.488606084123262 32.226955631843509,-12.485752613565353 32.233321540384509,-12.47730522238885 32.235029672177461,-12.475251024284432 32.239492924671254,-12.472291298828736 32.242663213789626,-12.470356990243372 32.243783620649992,-12.468758455228851 32.246599061577285,-12.467509650363695 32.252290832029871,-12.464554254244206 32.262532769054474,-12.464191179055263 32.266042953336523,-12.464318457404088 32.27195974405339,-12.463023408500874 32.274888412322127,-12.462461586740687 32.278570820370078,-12.463218962478834 32.285279490214116,-12.46713530936762 32.287957997671242,-12.469663420503876 32.2908795621953,-12.470475166553967 32.293276294973566,-12.470941581938007 32.295718482185116,-12.473926706046482 32.302856822913725,-12.474066301509822 32.310352743074361,-12.47294766451523 32.315787102381186,-12.474454756465832 32.317780450558416,-12.473717515648559 32.324512996503017,-12.473111011073343 32.327377378535118,-12.47369321147073 32.329422256965358,-12.474329830743386 32.333687885241829,-12.475546381423953 32.335723857685991,-12.477957382845544 32.342963935118462,-12.481187262840193 32.344125699101021,-12.48290838084324 32.3441790594743,-12.483938891473599 32.345929753480959,-12.484917848468569 32.348913075348037,-12.485156781244653 32.353351697210087,-12.486946016596164 32.356896122279124,-12.492052189012782 32.355450982824436,-12.50023282598687 32.352268826252612,-12.504629789453872 32.349954715088472,-12.510975787005179 32.346704637220341,-12.517204140644537 32.344025031691046,-12.526353628032666 32.343834800800153,-12.529272251773648 32.342816814128412,-12.533848060714661 32.341614560869459,-12.540140452377726 32.34422548607472,-12.544728479507851 32.346788578139922,-12.547198428790466 32.349289750984092,-12.550355032925552 32.353888523213811,-12.555464783744469 32.354520429139711,-12.557870986383705 32.364259619968891,-12.565230011745086 32.366882774155158,-12.567471017920694 32.373173075793829,-12.573959785542115 32.373695992883029,-12.57476285853056 32.366035510280824,-12.584926579719593 32.35956663206548,-12.590800975496677 32.358155050812343,-12.592112819238821 32.354343173667075,-12.593416660813489 32.351778138166992,-12.591232963034825 32.348103998485783,-12.588415878146861 32.345829475477387,-12.58669102436005 32.340924082099768,-12.584270380407702 32.33741045251503,-12.584487428182172 32.332245754918688,-12.587045638727432 32.329672246905773,-12.586578913077233 32.32792124443165,-12.585542586531345 32.321596438504685,-12.5859787208434 32.31030859805395,-12.583878833582617 32.306096923703251,-12.583234428879107 32.300763786688151,-12.584360432220477 32.2998883533499,-12.583842179015335 32.297091526589952,-12.581313724338088 32.29559157615563,-12.577072659244152 32.29530335873369,-12.576213039584502 32.293381144230977,-12.574374532177615 32.289111441126352,-12.573672424274775 32.285009559606351,-12.574459081938187 32.282661398311575,-12.575709911177228 32.279087828913532,-12.576212178933304 32.276920084208371,-12.5765477753377 32.272406840201597,-12.577618942518312 32.266434356270111,-12.577883342295593 32.259114248170249,-12.578371598614467 32.25525222303002,-12.578071129728528 32.250491152851623,-12.581659529846149 32.2488325853937,-12.58525942060129 32.24823018172691,-12.588405328200109 32.244874134046142,-12.591941609908133 32.242587902764228,-12.592505430861195 32.238068660279566,-12.594606275899935 32.234359887707001,-12.598370037518007 32.228838970453523,-12.601611700429885 32.227324996890786,-12.600117723292442 32.226577439051198,-12.597653602515889 32.224592332261011,-12.596672963788704 32.222705744400514,-12.599069778405237 32.221349482244023,-12.600838984955885 32.219247287322901,-12.599857857896836 32.21451131182647,-12.598752085703836 32.209111700524204,-12.601192454486238 32.206192181957817,-12.59980738434723 32.200639879264827,-12.598125807735187 32.196835258749047,-12.59799642407347 32.19183373324239,-12.602498580338931 32.185612625440683,-12.605221405486361 32.183031513659955,-12.606126961615928 32.180445517661326,-12.607891046527584 32.178744806174393,-12.608399400895166 32.174476923297618,-12.607352029775427 32.171500308574196,-12.605737406789101 32.171276579736343,-12.603904886169005 32.170245009704672,-12.600008542900127 32.169212486391643,-12.596283906286942 32.165819365958782,-12.595869549957229 32.16547204869039,-12.595181288915626 32.165189826149174,-12.593348529075854 32.164610315623968,-12.592315900542189 32.162446281521454,-12.591963710746995 32.15897561255008,-12.594868762819258 32.157512413809741,-12.594805571057577 32.15564701217761,-12.593424258286007 32.153400666727059,-12.597192791706732 32.151348734914166,-12.597699538086488 32.149476064961334,-12.597577386772571 32.148664764975024,-12.596143111128015 32.146022774488863,-12.597448722568458 32.143781242209798,-12.60035861659054 32.141488442279808,-12.602009046083422 32.139143407927747,-12.602571720400931 32.138220074899607,-12.600278386273658 32.13328881881904,-12.602604644580424 32.13119369436771,-12.600478120300407 32.12747590968911,-12.595540155277547 32.124776301439169,-12.596673596911387 32.122605901036025,-12.597408572336462 32.11932692255516,-12.597509246941058 32.118612936406976,-12.599452310426328 32.118886377967954,-12.602715997734718 32.118881134021194,-12.603603923555282 32.11762064156693,-12.603374189944248 32.116391850214256,-12.603254402947925 32.114930505875975,-12.602847411166294 32.113938497919662,-12.602270730807559 32.113178395437103,-12.602095720941973 32.113183924468956,-12.601122691378464 32.113542667623733,-12.599807762961802 32.113373538424923,-12.59866226141952 32.113610963937276,-12.598090905946549 32.115380906133339,-12.595694553581495 32.116204402725025,-12.595011253200253 32.117730731173822,-12.59427374528434 32.1183769686956,-12.593875864534198 32.12221519417767,-12.588054060210027 32.122572578456868,-12.586968062309836 32.123222340421705,-12.585940558113066 32.124167703242279,-12.58439917321482 32.124756332892844,-12.583829311515728 32.125407367398338,-12.582572851621478 32.125432173397883,-12.578165580125358 32.125441514655783,-12.576505697858579 32.125798543702786,-12.575476930114348 32.125753850995181,-12.573015474928297 32.126171020404229,-12.571700769543497 32.126818152751468,-12.571131151560678 32.127762149501848,-12.569818696279583 32.127829365729667,-12.568273536926768 32.130362820637401,-12.565365170852829 32.130833036556339,-12.565023741445771 32.132358185094631,-12.564457847555445 32.133302127885763,-12.563145368891981 32.133908925639957,-12.559312943137684 32.133974498806367,-12.558053966041086 32.13409796582846,-12.55690971275777 32.134474112663156,-12.552446675201963 32.135072869579055,-12.550045180513564 32.13589903805655,-12.548846665736278 32.136900795562951,-12.54764889110106 32.139566059603908,-12.54638696782547 32.139957517396113,-12.546336419632155 32.141705232848203,-12.546810604259234 32.143108739988179,-12.547045473898379 32.145102016219653,-12.546481469483636 32.146101187275917,-12.545741558579266 32.148102679713475,-12.543689347077247 32.148577262740211,-12.542546553393606 32.148524426671656,-12.541516027474813 32.147710371162589,-12.540539549910648 32.146722313028647,-12.539276145451652 32.145326136262554,-12.537724827541638 32.144508932227097,-12.537320719885713 32.14357657450239,-12.536572690801393 32.141418909398503,-12.535132628918973 32.139844016660788,-12.534152923688055 32.138034064527005,-12.533343933160664 32.136050768971359,-12.532133523950222 32.13552496595775,-12.531959580680621 32.13494350750107,-12.531270248546489 32.134949254168873,-12.530239970840567 32.134601595158074,-12.529608868908554 32.134319492226666,-12.527718785383286 32.134325240693045,-12.526688506778042 32.134045056914829,-12.524454997350857 32.133995470996126,-12.52285209432921 32.134238837429791,-12.521193194122077 32.134773872883329,-12.519707245232382 32.135134599942489,-12.517991600503194 32.135202694807901,-12.516274716508235 32.136030975792835,-12.5146755267873 32.136329974287207,-12.513532009149401 32.137219311144008,-12.511475159843656 32.138046607371336,-12.510047674979772 32.140516053932913,-12.507997476160426 32.14209999924617,-12.507317271245597 32.145382063300929,-12.506472464319074 32.146437381729413,-12.506133451390269 32.14925439197367,-12.504714253778898 32.150783557783477,-12.503346893988578 32.15190651691978,-12.501348199341862 32.152795369941316,-12.49934852353482 32.153394433526046,-12.496832483998162 32.153869523770425,-12.495575193130378 32.153937165377556,-12.493915531197501 32.154130334353511,-12.490710925749111 32.154141651421924,-12.488650353250193 32.154268748107711,-12.486819218485323 32.153983697198669,-12.485444287302869 32.154111734575281,-12.483441437788315 32.15365773343251,-12.480863774907618 32.153488467536761,-12.479718282358533 32.151811287710075,-12.476105219233657 32.150764287111031,-12.47495607094055 32.147614819096304,-12.473054031828212 32.145345342183816,-12.470754967221012 32.143654409025373,-12.469660337627941 32.143187238210828,-12.469486661456981 32.142025489516755,-12.467936325606615 32.140759084919466,-12.4641532105785 32.141879712113735,-12.462555211559902 32.142233642097032,-12.462041542199131 32.142941812329695,-12.460956962529734 32.144592818288004,-12.458674299757661 32.145949971672621,-12.456619354316672 32.148360313891139,-12.454568793969884 32.149771205364232,-12.453372643510191 32.151126087960733,-12.451718334342047 32.152190599259029,-12.449662134346795 32.151498213926629,-12.447884830300666 32.150569911244929,-12.446449980888644 32.149698870195493,-12.445244325494514 32.148317311009635,-12.441117322312891 32.147740099151576,-12.439683928003944 32.1475152002958,-12.438023042093789 32.147465827516385,-12.43636288913109 32.147535673361794,-12.434302554952467 32.147081791828839,-12.431724881279875 32.146327823621846,-12.430519706123674 32.145400236800526,-12.428970365822806 32.146241691953833,-12.424909865706582 32.14758951217442,-12.42451480612965 32.148586927754025,-12.42400380235938 32.150113082633709,-12.423094315293154 32.151642993082135,-12.421497957537269 32.152070404869789,-12.418237067120401 32.151958416794116,-12.41732076768983 32.152024448614782,-12.415947288013115 32.154498488013985,-12.412866589355303 32.155731106881262,-12.412127569679056 32.157366673279,-12.412592242177027 32.15819876289271,-12.412768563254074 32.158276867212294,-12.412832466379539 32.158657596092723,-12.412832466379539 32.159843714615135,-12.413096048673081 32.159939231607837,-12.413478113946042 32.159994296196373,-12.413518909891252 32.161976848012671,-12.414729102365072 32.164659283708488,-12.416342831425311 32.166472269255451,-12.416464739922333 32.169576052610459,-12.415905029770272 32.17168588817151,-12.415226754800528 32.173095221119581,-12.41425941344886 32.174626179278164,-12.412433957003259 32.175627818973396,-12.411121504420121 32.173723179921126,-12.406305603476994 32.172854310734351,-12.404699348682129 32.170876414708232,-12.402630655305245 32.170349601755959,-12.40268574777275 32.16976676373929,-12.402282691424316 32.169654097574778,-12.401480871191493 32.171128353479446,-12.39931175951682 32.173242063319833,-12.397889357621011 32.173383113886246,-12.397829688503691</coordinates></LinearRing></outerBoundaryIs></Polygon><Polygon><outerBoundaryIs><LinearRing><coordinates>32.117035042631642,-12.605940596011123 32.116352129858171,-12.605567166927642 32.115896999166921,-12.605152958086705 32.116672891945711,-12.60531620212214 32.117126737505771,-12.605854180157337 32.117035042631642,-12.605940596011123</coordinates></LinearRing></outerBoundaryIs></Polygon><Polygon><outerBoundaryIs><LinearRing><coordinates>32.116888141975437,-12.606079036745029 32.116640442608229,-12.606312471965509 32.116642474176672,-12.605969055956052 32.116888141975437,-12.606079036745029</coordinates></LinearRing></outerBoundaryIs></Polygon><Polygon><outerBoundaryIs><LinearRing><coordinates>32.117035042631642,-12.605940596011123 32.117340582794498,-12.606107667561162 32.117576331970554,-12.606387120190561 32.116888141975437,-12.606079036745029 32.117035042631642,-12.605940596011123</coordinates></LinearRing></outerBoundaryIs></Polygon></MultiGeometry>
  </Placemark>
  <Placemark>
	<name>Mweru wa ntipa</name>
	<Style><LineStyle><color>ff0000ff</color></LineStyle><PolyStyle><fill>0</fill></PolyStyle></Style>
	<ExtendedData><SchemaData schemaUrl="#National_Parks_Zambia">
		<SimpleData name="Name">Mweru wa ntipa</SimpleData>
		<SimpleData name="OBJECTID">9</SimpleData>
		<SimpleData name="ID">0</SimpleData>
		<SimpleData name="PROVINCE">Northern Luapula</SimpleData>
		<SimpleData name="STATUS">5</SimpleData>
		<SimpleData name="Size_SqKm">3134</SimpleData>
		<SimpleData name="Shape_Leng">3.04305500574</SimpleData>
		<SimpleData name="Shape_Area">0.25726640345</SimpleData>
	</SchemaData></ExtendedData>
      <Polygon><outerBoundaryIs><LinearRing><coordinates>29.450089045557089,-8.90668018942506 29.234139123836879,-8.790265145279307 29.227362369019996,-8.786290003414194 29.225914988454861,-8.785609993652258 29.225798553231698,-8.785381453441573 29.225450307862953,-8.784982245292099 29.22486983146592,-8.784297803671166 29.224230716574652,-8.783384525063298 29.223994247041613,-8.781953638963501 29.223700412454317,-8.780637612474607 29.22305855732878,-8.778979654756995 29.222300702251967,-8.777207717864712 29.22166034179963,-8.775950733665693 29.221425795017129,-8.775035386617162 29.220729338453907,-8.774236955029721 29.219568865897831,-8.772982607642916 29.218926416320414,-8.771152786787525 29.218054074851292,-8.769667832548009 29.217528906759071,-8.768295682069265 29.216831001388073,-8.767096257178082 29.21590256920399,-8.766069850154224 29.215031723307447,-8.764985864037385 29.214218043714993,-8.763729733294952 29.213809530280461,-8.762643401746288 29.213169021440024,-8.761329105552989 29.212762398380391,-8.760758320250147 29.241437714757861,-8.638484430504491 29.241721134296711,-8.636993630671782 29.241720090183833,-8.636707219088521 29.241716122375063,-8.635618854172719 29.241713825506622,-8.634988748689523 29.241710694966628,-8.634129513939683 29.241647915993724,-8.632755028820952 29.241350726935252,-8.630465191257713 29.240998903164151,-8.629034879824701 29.240992442434674,-8.627259126209708 29.240984735244925,-8.62513967689614 29.241437714757861,-8.622616923021269 29.241837505668002,-8.621354672392442 29.24246648969665,-8.619575716291706 29.243501712774393,-8.618310263177134 29.244651003160413,-8.61664325018603 29.245628862083208,-8.615492651286502 29.246314964751885,-8.613541556855466 29.246483255782547,-8.612165908913312 29.247285717231989,-8.610443361887576 29.248261050858556,-8.608605376087439 29.249006152649653,-8.606997684176006 29.249693067406156,-8.605275720810253 29.249863229026626,-8.604415613718061 29.24107700298714,-8.522429750091817 29.307937610070379,-8.548841820059806 29.307992780778875,-8.548154162463334 29.307991058577215,-8.547695922815819 29.307640019014968,-8.54649483148097 29.307232948992294,-8.545752277469148 29.306189520500308,-8.544726597996771 29.305493260888621,-8.543870968628937 29.304971121712978,-8.543243565608464 29.304216899897199,-8.542330950700205 29.303926633819682,-8.541931476351408 29.303749731780613,-8.540958605068623 29.304093461653395,-8.540212179475475 29.30466712838404,-8.539178164187206 29.305241865307892,-8.538430549690361 29.306276257412097,-8.537050474385865 29.307254393326044,-8.536071655886474 29.308231665890901,-8.534863716214318 29.309613836615711,-8.533825530769832 29.310534634455053,-8.532961566485426 29.311221197576632,-8.531239594126419 29.311738375192647,-8.53054955332658 29.31254215324952,-8.529285224364571 29.313225691951121,-8.526761334645924 29.313507773298852,-8.524984169994696 29.313618970870493,-8.523837977773098 29.313676505896638,-8.523780399579493 29.313790929336392,-8.523493404336193 29.325887112802661,-8.515182406137342 29.325568081910035,-8.507164791965465 29.326028110309043,-8.506646884099951 29.32671955674925,-8.506242338474237 29.327467232400011,-8.505436536942796 29.32833148087019,-8.504916532757646 29.328733323133857,-8.504284365129024 29.329191177871504,-8.503193662875276 29.329185114642428,-8.501589844343812 29.329179919259044,-8.500215142488457 29.329171912595026,-8.498095809187419 29.329222086670367,-8.496090735649545 29.329274424514491,-8.494658455600586 29.329614190175793,-8.492881003166302 29.329895561059118,-8.490932013148779 29.330866831548747,-8.488177524671357 29.331322943400263,-8.486628592662667 29.331891080199739,-8.48416259590033 29.332056526674819,-8.482099647392602 29.332398444413794,-8.480894990245872 29.333896506271856,-8.480028024923854 29.335337467476389,-8.479333191636897 29.336836165155145,-8.478638055278452 29.337990355946882,-8.478460224239711 29.339780574257361,-8.478508204868604 29.341459002343012,-8.479530518178592 29.342787286591147,-8.479580886507506 29.34440253640491,-8.479171516918427 29.345555410589213,-8.478649991080431 29.346822237867798,-8.47772691166108 29.347859620217776,-8.477205983872182 29.349768801745654,-8.478169772901822 29.350866764226108,-8.478393156400045 29.352251025874633,-8.477984964023449 29.354155612766249,-8.477745883758587 29.355308462668859,-8.477224334538221 29.356751989639061,-8.477216773937926 29.357618105101778,-8.477212235059596 29.358483560462105,-8.47703586002325 29.359349674126122,-8.477031317547642 29.361660630468577,-8.477362862506311 29.363335115027098,-8.477354064438885 29.364837036775381,-8.477518004549609 29.365991851696602,-8.477511927830619 29.367088924747573,-8.477506152384535 29.368067417692433,-8.476699093600871 29.368642167206758,-8.47600871825324 29.368812953856036,-8.475377751219526 29.368812511389589,-8.47526319557943 29.37030999138636,-8.474281563101386 29.37186941578517,-8.47438789624016 29.373313136109687,-8.474437555003988 29.374700004892755,-8.474716622723577 29.376432201643862,-8.474707466725988 29.377126637430479,-8.475104743131738 29.378167958810931,-8.475614739661353 29.379382948268468,-8.476238370025953 29.380136689846267,-8.477036274610668 29.381062093113769,-8.47743231804594 29.381528478820201,-8.478575412103169 29.382338853404178,-8.47908661822089 29.384708440146994,-8.479646819402774 29.386904360611368,-8.48009337146118 29.388463345241686,-8.48008507611479 29.389676337304987,-8.480193173723365 29.391352148363524,-8.480527913073843 29.393256669604622,-8.480288644850701 29.395105699978558,-8.48062244171166 29.396669642571226,-8.481874197252409 29.398407041001008,-8.483182293519631 29.400144903480964,-8.484604931037778 29.401186493758644,-8.485172126247051 29.401883230910354,-8.486142108907529 29.403100998373642,-8.487452959798134 29.403797290360899,-8.48830838501982 29.40536128961088,-8.489560088399855 29.406578624500241,-8.490756369261192 29.407621605129805,-8.491667196317222 29.407970102308752,-8.492180816215296 29.408490911387101,-8.492464399430787 29.409876698285757,-8.49245693775589 29.410858296589538,-8.492451648843085 29.412417303702906,-8.492443243779348 29.414091562531667,-8.492376934068204 29.416517594322329,-8.492592940427755 29.418134566337756,-8.49264147593834 29.4192316402881,-8.492635542211588 29.42119597184006,-8.492911292332224 29.422235303920214,-8.492905661677014 29.424085304662579,-8.493468398947016 29.424432209142196,-8.493581070507446 29.425703425112317,-8.49380327859177 29.426570687210585,-8.494084952546587 29.427727114616175,-8.494479605629977 29.428941747042867,-8.494988490597564 29.430445777701266,-8.495667626218506 29.431834563838887,-8.496404657493713 29.433397271662443,-8.497312563551759 29.434323442950927,-8.497880275871239 29.434323674975985,-8.497937550993299 29.435656822757664,-8.499190353344885 29.436294296386283,-8.499759634081954 29.437799982696557,-8.500839655087987 29.439015107052342,-8.501463048930873 29.440288674749581,-8.502257945283418 29.440636753743714,-8.502656971769852 29.441622087831259,-8.503567991280818 29.441853986110399,-8.503795824624376 29.442607426415346,-8.504479007194448 29.443764124516921,-8.504930874246043 29.444804640104792,-8.505211546356122 29.445613957086096,-8.505436208690242 29.447117109106841,-8.505886161984563 29.44902492186662,-8.506448435204391 29.450700832749874,-8.506782871483324 29.452378155568791,-8.507460944105615 29.453707856249078,-8.507854546780891 29.45486362804894,-8.508077278270603 29.456771689021593,-8.50869678074713 29.457927698242433,-8.508976774768371 29.459316091376365,-8.509599131692994 29.460702596833357,-8.50976329213762 29.462315807884067,-8.508895244031862 29.464105786974926,-8.508885335301725 29.465722776976804,-8.508933652277108 29.46681985902103,-8.50892757106152 29.467687399009833,-8.509266407723203 29.468439458855471,-8.509605883802806 29.469538679487471,-8.510115253504921 29.470466343650514,-8.511026496047748 29.471449134455323,-8.511307407377501 29.47243073545712,-8.511301950291397 29.47335459458867,-8.51129681156533 29.473816524154419,-8.511294241303006 29.474740382386639,-8.511289098979603 29.47601068644423,-8.511282024912532 29.477338729674045,-8.511274625290866 29.478147103266508,-8.511270118788218 29.479417164507137,-8.511205760605833 29.480800311895674,-8.510568026173814 29.481493199949053,-8.510564157290446 29.482933840095598,-8.509868821282453 29.483626006892734,-8.509693130630183 29.484719477259716,-8.508827907294915 29.485525200550168,-8.508193387939173 29.486503421000403,-8.507386080043318 29.487253080555544,-8.507152789613656 29.488350138318079,-8.507146649042852 29.48967791534858,-8.507081938326223 29.491178667978204,-8.506958980320405 29.492504753383965,-8.506493354541078 29.493715355049286,-8.506028372676326 29.494751770628053,-8.505335270584283 29.495615205211777,-8.504700413083469 29.496416552401229,-8.503034978402525 29.497394007528438,-8.502055837046498 29.497851086151172,-8.500907798516778 29.498944976501544,-8.500157095748079 29.499980881265401,-8.499349443411859 29.50078437873384,-8.49819945605128 29.501411997591614,-8.496420451387165 29.501867852237069,-8.494986052535523 29.538527438623529,-8.467230369375386 29.564989492010625,-8.563694203413375 29.695143914069885,-8.490873161515196 29.813312092082981,-8.44501172831275 29.86669142037988,-8.443464880033217 29.866525324594249,-8.444840130474972 29.866414887849089,-8.445814218540477 29.8664187027731,-8.44655853522346 29.866076534123351,-8.447362364541732 29.86567723784032,-8.448281080450613 29.865569735582884,-8.449827720986775 29.865113898024557,-8.450975834160204 29.86379293695569,-8.45224410395133 29.862704290552127,-8.45379714316374 29.861096791994896,-8.455468078098249 29.860990744840535,-8.457300999816027 29.861412353303134,-8.460733683223566 29.861829867152494,-8.463364790114495 29.862243865552099,-8.465308831162872 29.862654932161828,-8.46668031884127 29.862660223772647,-8.467710912209213 29.862838078193814,-8.468625864455417 29.863424951468403,-8.47051151432305 29.863433486933786,-8.472171913699981 29.863151966763038,-8.473547923169519 29.863107500684638,-8.476124782056386 29.879799302458249,-8.489355993560594 29.880779327847847,-8.489120506087202 29.881471950601224,-8.489115938430643 29.882395447306013,-8.489109845523899 29.884299857930497,-8.489040017664934 29.886087633682394,-8.488741927485762 29.888277637507088,-8.488097635197505 29.889663468472577,-8.488202979981395 29.891802624629747,-8.488875886897972 29.893707616216318,-8.488920522048886 29.895381134003685,-8.488852170876726 29.897345038377694,-8.489125418184131 29.899424076655862,-8.48934063403965 29.901271040387769,-8.4893283600926 29.903059982560361,-8.489259208523777 29.904214331632772,-8.489251528313673 29.905367472915653,-8.489014832151495 29.90669285954823,-8.488605221544106 29.90790250523423,-8.488139122721405 29.908648902049034,-8.487389835485544 29.910781101950363,-8.486745816591222 29.913310350728917,-8.484782281838532 29.915151519229706,-8.483682152891277 29.916704400161446,-8.482641198434237 29.919240859704075,-8.482051699139277 29.920854770427294,-8.481640122613953 29.923508461093089,-8.481393340555201 29.925534269399687,-8.482467592410387 29.927496892239787,-8.4825116834715 29.929459207511798,-8.482498512900406 29.931247459005021,-8.482314740940295 29.931998058351724,-8.482366951080735 29.935634399527999,-8.482399748455805 29.937312408529635,-8.483189999810065 29.937892921798834,-8.483815877580412 29.940776209378665,-8.48333841582388 29.941877691805583,-8.484247036842987 29.943266525607328,-8.484924700273723 29.944362798261693,-8.484860043516449 29.945802899714351,-8.484335036402854 29.948279700931494,-8.4834022452049 29.950765105063226,-8.484072460450648 29.953017498454415,-8.484343467546864 29.954579172956922,-8.484962659757287 29.957121990706298,-8.485575185293499 29.959089526542694,-8.486535114432968 29.960244427798781,-8.486641771327697 29.961455803780378,-8.486519030957823 29.964167430569944,-8.486328826147258 29.965494227339434,-8.486205288078736 29.967108349403361,-8.485850780730686 29.968896849109456,-8.485724086941159 29.970684101455959,-8.485368385293498 29.972472903334221,-8.485298925257268 29.973858021137342,-8.485289466188135 29.974158335339837,-8.519180332326073 29.972545039752841,-8.519706663241664 29.971564452286998,-8.519827889153248 29.971276484876622,-8.519944366644495 29.970296207676881,-8.520122839799228 29.969142148186169,-8.520187997478843 29.967583118589744,-8.520084168951939 29.966601898900532,-8.520090884189528 29.965158304481122,-8.519986255266019 29.96383014703741,-8.519880832241142 29.962558150455777,-8.519488759312594 29.961343562095916,-8.519039038043388 29.96007250080919,-8.518818705944852 29.958922163612332,-8.51957083413896 29.958172436608038,-8.519690452962095 29.957077325877719,-8.519984182328699 29.956095786929154,-8.519933620645588 29.954999119472404,-8.519941094011642 29.953726191193141,-8.519377237985054 29.952742171015132,-8.51886866328357 29.95141462600969,-8.518877696074071 29.950030288818141,-8.519058868094135 29.94841599768165,-8.519413357455733 29.946805103284476,-8.520397598866962 29.945081539125507,-8.52189787755384 29.943357343642443,-8.523283651862016 29.94169023892044,-8.524554528787744 29.940600948602309,-8.525935990846788 29.939399601859972,-8.527947997258195 29.938314305430936,-8.530073724738827 29.937223757860579,-8.531226181637692 29.936824944513489,-8.532202190655085 29.935793650573657,-8.533640512349393 29.93418789580187,-8.535598005456677 29.932578430427384,-8.536868479486145 29.930740828637795,-8.538655776798692 29.929476756881854,-8.539752147479192 29.927807072904329,-8.540564989802816 29.926540526214183,-8.541203342069025 29.925503642987962,-8.541611124354745 29.924465528589906,-8.541789896983687 29.922681597439691,-8.542832511589211 29.922105272313161,-8.543008162671356 29.921356692843744,-8.543356737191914 29.920667981241817,-8.544105686282704 29.919917252392793,-8.544053494128718 29.919108798760647,-8.544001690481878 29.918125026795504,-8.543550286581137 29.916735653400565,-8.54281533903503 29.915638270083491,-8.542708218090182 29.913965470854404,-8.542948490856077 29.912813108384398,-8.543357021377688 29.911835138844989,-8.54399339603475 29.910510203672064,-8.544517590161263 29.909124793589339,-8.544526896345587 29.907912558755186,-8.544535034310627 29.906705498619999,-8.54551646623986 29.905848442028116,-8.547182605989292 29.905163339405533,-8.54861857325858 29.904248850310182,-8.550342354154168 29.903390558949184,-8.551779483347502 29.902474231639591,-8.553159747509596 29.901208492540661,-8.553969802834272 29.900174568983228,-8.554950068342805 29.898965634660954,-8.555587973646027 29.897588066666284,-8.557085834055954 29.895863816324606,-8.558528757581144 29.895064118491746,-8.560137258882378 29.893107109219724,-8.561238202615414 29.891846169802417,-8.562964298365898 29.890931900141652,-8.564745331001234 29.89007474732233,-8.566411471649985 29.889797617641705,-8.5685890360524 29.889748377062631,-8.570192520935393 29.890276140598246,-8.571734890591245 29.890745876279254,-8.573220391618577 29.891501537909615,-8.574188677258348 29.892142044951409,-8.575214986256128 29.894635122998007,-8.577202217244974 29.8960273688275,-8.578452495199599 29.897247345025676,-8.579875685800801 29.898466414707226,-8.581127111290357 29.899398361441797,-8.582666735316025 29.900790949013643,-8.583974236232052 29.901084192746392,-8.584831088677845 29.90613629162732,-8.590293514925861 29.905733084192775,-8.590467999587304 29.904693897802812,-8.590475008003921 29.90371336249768,-8.590653383132462 29.90232869615426,-8.590834477810859 29.901466376729843,-8.591527346079204 29.900142189792913,-8.592223322404436 29.898703447215837,-8.593091832761672 29.897611098303454,-8.593958008478978 29.89651935553411,-8.594938690373624 29.896064817496093,-8.596315871659783 29.894917772717235,-8.59775496497241 29.894231375070891,-8.598961940571371 29.893488460430998,-8.600398317032159 29.892631292323134,-8.602064483761239 29.89240737462768,-8.603382861977195 29.89074159640569,-8.60499720797236 29.889707542446555,-8.605977496863261 29.889023863450745,-8.607699754307362 29.88828061426301,-8.609078879028402 29.888347502238272,-8.610796095772514 29.888183751884526,-8.612572118284788 29.888187719693349,-8.613316413384039 29.888657247630931,-8.614744646483871 29.888721702940074,-8.616003834021853 29.88873056126209,-8.617664183936086 29.888447067079483,-8.618639433925637 29.88839696854717,-8.620071159092902 29.887767656265961,-8.621163246302556 29.887252594754727,-8.622025543243922 29.886565844574193,-8.623175272499054 29.885992734523882,-8.623980704409178 29.885131540151349,-8.62490258323362 29.884383682837555,-8.625422910275347 29.882884604745531,-8.625833770940403 29.881617392557072,-8.626414838191977 29.880578086557307,-8.62642181333365 29.879595604219958,-8.626256637554491 29.877514249288254,-8.625755288905509 29.876299594378509,-8.625362635014994 29.874969765994475,-8.625028003583168 29.873352455833924,-8.624924315350484 29.872025358690905,-8.625104960367821 29.870062819487714,-8.625232592150269 29.868681004894427,-8.625986156561622 29.867763223381132,-8.627137415563539 29.867133532485408,-8.628172237543708 29.866621136564618,-8.629549815430892 29.866279235013508,-8.630410946850873 29.865827603584247,-8.632360686003608 29.86514409725828,-8.634140203281334 29.864745963798608,-8.635287994497446 29.863482612399647,-8.636613330768 29.862394596420813,-8.638338293372726 29.86153360799301,-8.639317402353129 29.861077719173291,-8.640465580277805 29.8610296576054,-8.642298117985035 29.860923553793782,-8.644073786164427 29.861048726829722,-8.645905168242848 29.860945352460419,-8.648196129059272 29.860951410293634,-8.649341224108014 29.86089790782745,-8.650143176541178 29.860902149030153,-8.65094474316521 29.860330162233083,-8.651979185631433 29.859123286458896,-8.653075124637383 29.858088426707237,-8.653940886666533 29.85647792981041,-8.655154029815888 29.854981399497717,-8.656080123762706 29.853425906934831,-8.656777579472703 29.852736890462722,-8.657526514174265 29.851588624404542,-8.658793822590155 29.850441255869722,-8.660232896117748 29.84975283115153,-8.661096339694666 29.849475571069267,-8.663273962553033 29.84885032012636,-8.665167618185365 29.848050013452447,-8.666718896525254 29.847134509022563,-8.668328199122414 29.846333890283969,-8.669822222125276 29.845706208473583,-8.67125783686032 29.845135667786334,-8.672578556011558 29.844678207851072,-8.673440463546456 29.844569650688925,-8.674758108814956 29.84429086535641,-8.676649462182922 29.844297505050971,-8.67790908319415 29.84424700092444,-8.67928359978913 29.844484036131007,-8.680427171386327 29.844033214990986,-8.682548701731093 29.844037141430931,-8.683293022910675 29.843470818564015,-8.685415324873702 29.843017577348345,-8.687078813421806 29.842619365647693,-8.688226617228509 29.842104744804203,-8.689203424843809 29.841534485604765,-8.690581406526631 29.840850532315699,-8.692303691849702 29.839935267105485,-8.693970260575725 29.839075633955982,-8.69523565523434 29.838098679751109,-8.696158284093372 29.836895237588465,-8.697941287143237 29.8359778346898,-8.699207064913024 29.835522147318216,-8.700412512563787 29.834662185916155,-8.701620650086795 29.834324714425346,-8.703340633145444 29.833755020899446,-8.704833129998804 29.833414832556798,-8.706037810527903 29.832610499618166,-8.706844773084129 29.831693669587594,-8.70822506422587 29.831006343840954,-8.709317538144035 29.830777435807537,-8.709719866940986 29.830036268550316,-8.7115570541431 29.829404279886774,-8.712191095059495 29.828253094629304,-8.712943103643795 29.828195339269254,-8.712943486754966 29.826988801640137,-8.714153926542338 29.826012677509539,-8.715248317815052 29.825036547083698,-8.716342708188449 29.822963947951219,-8.717616149980586 29.821638860792916,-8.718254783734608 29.820197054225726,-8.718665154269104 29.819560833352682,-8.718497595286578 29.818576274480787,-8.717988791257994 29.817994512952566,-8.717191023370219 29.817008460306798,-8.716395930066142 29.816198075830243,-8.71605774001705 29.815096218386032,-8.715206146806452 29.813707977237527,-8.714814512747125 29.812611805307199,-8.715050791623867 29.810938665235089,-8.715405395199355 29.808976438096636,-8.715704640108015 29.807360744917105,-8.716001591745453 29.80654976778737,-8.71554886404266 29.805271082947797,-8.714011288672566 29.804112086179142,-8.71327454877769 29.803129334944515,-8.71310923810023 29.801396047315734,-8.713006119138413 29.800184348477554,-8.713243121969413 29.799379020888747,-8.713878269051918 29.798919934079944,-8.714453881016084 29.79880827875337,-8.715198989102419 29.79904613414169,-8.716514395958427 29.799111907856911,-8.718059971697301 29.799407229922849,-8.719317741004431 29.799586148241925,-8.720404495234446 29.800403377458451,-8.722059645268699 29.801162858509485,-8.723715171219567 29.801514467342599,-8.724686267240712 29.802215309000019,-8.726170395902614 29.802800044586203,-8.727540767522385 29.803149875459667,-8.728168314434413 29.803558956366377,-8.729081766611444 29.803681035734598,-8.730340666366374 29.804151164419295,-8.73188356662223 29.804683536980288,-8.734284942600084 29.804570108190717,-8.734686506074013 29.804521308279448,-8.736404605952316 29.804407580015607,-8.73674891229058 29.80401042861558,-8.738125757230307 29.803553423737242,-8.739102182633756 29.802808212228854,-8.740195028871256 29.802351202853913,-8.741171454274706 29.801778073018568,-8.742034128032003 29.801032852516926,-8.743126974269501 29.799880612354684,-8.743707170078039 29.798497024298396,-8.744231629504498 29.797226570054022,-8.7442972629255 29.795723579911172,-8.744078126025954 29.793989839923427,-8.743917759821045 29.792833417913755,-8.743696328750957 29.791445950182204,-8.743476413038536 29.789884010379691,-8.743028598331989 29.787975204768429,-8.742525792781349 29.786588331488755,-8.742420372454433 29.785489377955397,-8.742141279553835 29.783758594938487,-8.742553445135116 29.782545594781311,-8.742561391544541 29.780986906927239,-8.74274337835044 29.779196577100777,-8.742812352752765 29.777637882052147,-8.742994326068811 29.776254535014118,-8.743575971584447 29.775160877588178,-8.744327503528098 29.774008275898495,-8.744850375651197 29.772218806723235,-8.745091097178772 29.771064430671174,-8.745270409400858 29.770028224634416,-8.745964295701754 29.769106951953063,-8.746542908703532 29.768650427312654,-8.747633841183699 29.768307665110338,-8.74838046642634 29.767964902908034,-8.749127092568301 29.768207416784435,-8.751358688238213 29.768215352402024,-8.752904681262521 29.768223584795862,-8.754507933221134 29.768457583891291,-8.755079016199545 29.768287230715202,-8.755652735990168 29.768234171614779,-8.756569256653961 29.768067937333626,-8.75794460332321 29.76766622906888,-8.75846257234258 29.767611993655294,-8.759150057269265 29.767271579582768,-8.7603547575834 29.766987752651001,-8.76133004534455 29.766587217102195,-8.762077050101027 29.766361449501346,-8.763109220879867 29.765962676623701,-8.764199781040702 29.765447193330427,-8.765062058196973 29.764988298077185,-8.765694921900888 29.76430156948032,-8.766959143843565 29.763844140121989,-8.767878304017472 29.763559716040387,-8.768739074809389 29.76327734960762,-8.770000659939853 29.76293574483276,-8.770976326315576 29.762364245468234,-8.772182536591402 29.761906514836994,-8.773044437831061 29.76127577263378,-8.773964728452825 29.760877569926322,-8.775169810079547 29.760535075721975,-8.775973698753033 29.760076750638856,-8.776721082124141 29.759099682220153,-8.77770089077711 29.758179202740795,-8.778451285078345 29.757142594707087,-8.779087910646297 29.757084825857245,-8.77908828746223 29.756683085216931,-8.77960625558228 29.756167860029048,-8.780525791672801 29.755246486623605,-8.781104403775316 29.754153268966146,-8.781970440097666 29.753289364936279,-8.782491413751927 29.751907288640325,-8.783359324261367 29.75139175408566,-8.784221599619002 29.74919678870128,-8.784293123599298 29.748217622164248,-8.784872099027894 29.746834936127925,-8.785625478178929 29.745797990848526,-8.786204825027539 29.744588313686219,-8.786899812997886 29.743321151859789,-8.787652434020458 29.742515861143261,-8.788344797769128 29.74142229454884,-8.789153551774803 29.74055805866919,-8.789617245810405 29.739759169326817,-8.79156933129434 29.739128052106309,-8.792432350391266 29.737976111418334,-8.793126953451804 29.736594823827769,-8.794166611985816 29.734923792665821,-8.795036353514888 29.733941952444354,-8.795099963461382 29.732439286956833,-8.794995146579538 29.731050423477484,-8.794546014366233 29.729777687653151,-8.794210651785591 29.728798164085273,-8.794732333206296 29.727815159241796,-8.794566883133939 29.72654242341747,-8.794231508862083 29.725040622178369,-8.794298443602088 29.724291021978445,-8.794589583820596 29.722501219154765,-8.794830151564099 29.721232812666642,-8.795353675695651 29.720715164705211,-8.795815107037015 29.719678999138011,-8.796566185722327 29.719104728062973,-8.797257033214066 29.718417503939687,-8.798463972840068 29.717555224085455,-8.799328458731281 29.716692075486154,-8.800021159725702 29.716060885420575,-8.800884159936857 29.714269019552091,-8.800723869274975 29.713226492180809,-8.800215185755519 29.712300377549639,-8.799877542494242 29.71125727910885,-8.799254328515701 29.709985385049947,-8.799090683382644 29.708886239061652,-8.798811401624391 29.706862418256716,-8.798480764981036 29.706171993446389,-8.799057814961145 29.705654603590343,-8.79957649534424 29.704908119541301,-8.800497484739196 29.704680172883176,-8.80112884207864 29.704921590485984,-8.803188793146092 29.704984812824652,-8.804276399034109 29.704994563274056,-8.80622330262446 29.705000587832334,-8.807425802297644 29.705006900173657,-8.808685562703772 29.705012639646892,-8.809830799845372 29.705077305397364,-8.811204714793917 29.704792729330393,-8.812065490981752 29.70479990681946,-8.813497037183879 29.704979555388036,-8.814755687826619 29.704406094602177,-8.815618313919856 29.704064026676459,-8.816536723159912 29.704013142136716,-8.817911377351152 29.702979751877251,-8.81923505796982 29.702001261630414,-8.819985748147985 29.70055853595608,-8.820338558475385 29.699638102342135,-8.82114613706716 29.697908767233685,-8.821958883163347 29.696930258101077,-8.822709565247635 29.696530102965479,-8.823571080678164 29.696535257879358,-8.82460180085053 29.696654539456745,-8.825345470920922 29.696949451431806,-8.826546131480598 29.697011528933555,-8.827404695336156 29.697193467176021,-8.829121452526747 29.697194040943486,-8.829235976690539 29.69743232890562,-8.830666053400535 29.697493264268356,-8.831295567129871 29.697499288826634,-8.832498072198973 29.697445813340153,-8.833357373498643 29.697393485388545,-8.834445724025272 29.696704425749036,-8.835309091159843 29.696420974733826,-8.83639892017186 29.695966188482938,-8.837890693071017 29.694933589626888,-8.839386162183757 29.694475641359755,-8.840248050832884 29.693558020825098,-8.841628255639705 29.692463895751697,-8.842379682362662 29.690734736910372,-8.843249690990433 29.689755019088977,-8.843771324747081 29.688659732990796,-8.844293694149144 29.687446304756346,-8.84430143551316 29.686347868333144,-8.844193910772731 29.684960234227049,-8.844030960815587 29.683745948039356,-8.843866901095053 29.68224360360972,-8.843876464485504 29.680801319502503,-8.844343757607874 29.678547509679163,-8.844300821276249 29.677741964454473,-8.84499311667639 29.675835695830639,-8.845119751110701 29.674912871818719,-8.845469197973671 29.67387646703185,-8.84622021730371 29.672553126356888,-8.84737391077033 29.671343358363117,-8.848126025474642 29.670253122857499,-8.84967909346534 29.669678684508536,-8.850369914876749 29.668760655681748,-8.85169282927302 29.668186778509721,-8.852498177546181 29.668020792441439,-8.853988124821626 29.668026176682417,-8.85507613000857 29.668320772096191,-8.856219568506162 29.668613951077702,-8.857076688949917 29.66861962490043,-8.858221957567764 29.668625298723097,-8.859367225286292 29.66799533083616,-8.860516523766194 29.667535880701223,-8.8610920880663 29.666729713145685,-8.861669849410133 29.665465788878574,-8.863166753840801 29.665466355451429,-8.863281281601871 29.664488237523923,-8.86414645637376 29.663627953265234,-8.865469007443949 29.663633618994023,-8.866614279659075 29.663636168571998,-8.867129652335791 29.663929638034574,-8.868044039807728 29.664049180415301,-8.868844998490033 29.663821716693061,-8.869590888986579 29.66325007793364,-8.870854349203512 29.662852366256001,-8.87223123821002 29.662164862443603,-8.873438167044185 29.661534577095949,-8.874530202093181 29.661368296050057,-8.875962892232963 29.660852449430649,-8.876825141510267 29.660569172883925,-8.877972245644401 29.660804862704762,-8.878887001838393 29.661212220510492,-8.879457075777509 29.661332335759369,-8.880372563120259 29.662608238096595,-8.881280722787153 29.663246759435363,-8.881849328133399 29.663710778126188,-8.882189976928942 29.664697460297422,-8.883042696090683 29.665798872577223,-8.88372288661634 29.666959785801112,-8.884746286307404 29.66829350465224,-8.885654050272592 29.668642807623655,-8.886167215113687 29.669570009535224,-8.886676702627028 29.66957086479044,-8.886848492919681 29.669807729125861,-8.887992286649421 29.670044881244333,-8.889193343810064 29.670222532418673,-8.890051189107396 29.671267326980793,-8.890960774199698 29.672079821266774,-8.891642776859271 29.673297424154097,-8.892436722628418 29.674222643959922,-8.892545350836997 29.675147291796861,-8.892539449485867 29.676419540188643,-8.892703121598572 29.677055234958285,-8.89269906115959 29.678095460964528,-8.892692414270471 29.679251266938593,-8.892685026340018 29.680811603249932,-8.892675045664134 29.681447295321615,-8.892670978030594 29.682370788429065,-8.892436008566733 29.683178411087678,-8.892144514914662 29.68427239316884,-8.891335805875087 29.685597816673575,-8.890582875485677 29.686406006804361,-8.890405901500856 29.687156982966993,-8.890343821301142 29.688254984118313,-8.890336777811001 29.689233943811299,-8.889643324983354 29.69004126339831,-8.889294557108542 29.69113435155344,-8.888314046984419 29.692231765447502,-8.888192469437909 29.692920899730726,-8.88732908071961 29.693493876681373,-8.886351908878851 29.693780219016844,-8.885834692592027 29.694005595412648,-8.88468796437445 29.694000973796729,-8.883771769265252 29.693994908768957,-8.88256926419615 29.693874424798079,-8.88159655029466 29.693753364361726,-8.880509311330059 29.693516442469729,-8.879365552673903 29.693567882790486,-8.878105413653202 29.694310748866997,-8.876439987066135 29.694476031665488,-8.87483553361335 29.694818135564105,-8.873917112682079 29.695389653814402,-8.872653635378015 29.696541050412577,-8.871787280695685 29.697927340032265,-8.871663845149897 29.699025275533078,-8.871656786371261 29.700062531977949,-8.87107747729425 29.700868352395158,-8.870442391365598 29.701323117062376,-8.868950608573924 29.701665779439907,-8.868146711806503 29.702471880445614,-8.867568887510117 29.703974875085066,-8.867673737666904 29.704787054608342,-8.868298404949824 29.705713357197851,-8.868636015835534 29.707098751992135,-8.868340765715345 29.708427809657227,-8.8683321915791 29.710278092786723,-8.868549300507482 29.711437282010309,-8.869228971225027 29.711557506077153,-8.8701444055078 29.711852543057997,-8.871345026497295 29.712263444192502,-8.872602160883048 29.713079724624265,-8.874028460440513 29.71388901552524,-8.874080486219896 29.71492915789446,-8.874073752096535 29.715847018548057,-8.872750758559903 29.715787191150067,-8.872350304849419 29.715607420273727,-8.871091681186385 29.71554701101439,-8.870576705110693 29.715368409256651,-8.86954712617802 29.715366077314627,-8.869089036717298 29.715187769635179,-8.868116718517513 29.715125032031093,-8.867143652081779 29.715064043608375,-8.866514152741615 29.715057344558545,-8.865197144193132 29.715282075241131,-8.863935902603657 29.71568190392281,-8.863017107554413 29.715674916190665,-8.861642839172305 29.715672005085249,-8.861070227346431 29.716647336013811,-8.859689605254173 29.717048615301962,-8.859057116567556 29.717854375464583,-8.858422010853872 29.71877686402939,-8.858015199835961 29.719525126937413,-8.857437727174499 29.720040799088334,-8.856575444622308 29.720552095138263,-8.854854247478897 29.720953363634518,-8.854221757892956 29.721237025990373,-8.853189189613829 29.721573804103908,-8.851240072791939 29.722146372762328,-8.850205634822316 29.723003470723025,-8.848310411671662 29.723632355826226,-8.846989295020137 29.725124446186101,-8.844975434206674 29.72655874251501,-8.842961946611865 29.727763364588156,-8.841236260052938 29.727818516410931,-8.840720539338577 29.729487116705457,-8.83933541793823 29.730868853957016,-8.838352991358818 29.732189002038755,-8.836626551168024 29.732878253233874,-8.835820403397575 29.734319209941759,-8.835123897371602 29.736279286801221,-8.834252226796764 29.738243457374608,-8.834182191194428 29.739746573422511,-8.834344195064771 29.741652372600186,-8.834159998624671 29.743266336383499,-8.83340507533768 29.743893953442637,-8.831854913955795 29.743888660932498,-8.83082423515225 29.743943792070866,-8.830308518934544 29.743937619124434,-8.829106060630181 29.744856761311947,-8.828069356369042 29.745255319251616,-8.82692152198541 29.746814115923652,-8.826682311318848 29.74756285817034,-8.82621933314357 29.748656490415271,-8.825410533272475 29.749402870142944,-8.824489475529047 29.749515476952187,-8.82391612356116 29.750089998038785,-8.823282495433546 29.750895030649868,-8.822532839475684 29.751699176529538,-8.821611403117686 29.752214440388229,-8.820691852637935 29.75221031339947,-8.819890218564751 29.752432866823369,-8.818228182421763 29.752485631845499,-8.817254392031828 29.753578049106352,-8.816216551027651 29.755077537289193,-8.815691400921821 29.755885496294241,-8.815514335206103 29.756749456981307,-8.814993333672874 29.757381727132667,-8.814359324232726 29.758129543077644,-8.81372455846275 29.758817809515161,-8.812746615003674 29.759391116516952,-8.811883944843657 29.759847987396309,-8.810850254210664 29.760652680063743,-8.81004333122462 29.762090508030266,-8.808774172903327 29.763648311850776,-8.808363140467804 29.764919910932065,-8.808469327916384 29.765674219082825,-8.809094251506053 29.767298685148717,-8.810400593195993 29.768402608335631,-8.811595820951254 29.769850506010922,-8.812273436717931 29.770539328229457,-8.811409999436249 29.77087972611417,-8.810205287430904 29.770876160302294,-8.809518182917486 29.770639721346239,-8.808489044652559 29.770581948899061,-8.808489425065773 29.77040387864065,-8.807574424256245 29.770396455636615,-8.806142955395728 29.770387252874283,-8.804367934728191 29.770383988335311,-8.803738088249759 29.770783940224135,-8.802876551235499 29.771471561847758,-8.801784082713311 29.772735408773144,-8.800401525279995 29.773884893412681,-8.799248759913724 29.775092438282456,-8.798152872169112 29.776240125177253,-8.796656553197122 29.777737101553665,-8.795673278557047 29.779175109384592,-8.794461347693755 29.781307536814381,-8.79347388041441 29.782518020668533,-8.792950563126908 29.783265149531527,-8.792201257005331 29.784245442019706,-8.791851232777617 29.785805814303956,-8.79195546060356 29.787139589812398,-8.792920077009455 29.788353945247874,-8.793141096190027 29.789399779426223,-8.794279382471643 29.791022718443347,-8.795299326967438 29.792298447211408,-8.796207041469927 29.793399671532878,-8.796886865971544 29.794100112092735,-8.798256456979798 29.794798756706424,-8.799282499778258 29.795207953625717,-8.800195940264132 29.795792568702723,-8.801509032265187 29.795858155358982,-8.802997344573157 29.79586476987248,-8.804257009651167 29.797316564310162,-8.805678860262503 29.797955358143501,-8.806304470934265 29.798654937152833,-8.807502269851169 29.79871361251929,-8.807673658146882 29.798664881855814,-8.809391763421161 29.798559587433996,-8.811339281248479 29.798219287575364,-8.812543990555867 29.797650611182689,-8.814265552824054 29.796791259521001,-8.815645491431553 29.796797589848779,-8.816847897575258 29.796800605275504,-8.817420471629589 29.79697874837899,-8.81833543736559 29.797557685136724,-8.818560624903796 29.798825670742133,-8.817979595423708 29.799974784860979,-8.816769502774605 29.800839862506049,-8.816477447046282 29.801823202796641,-8.816699934819724 29.802574244609726,-8.816694930991957 29.827202664015996,-8.830615480026211 29.827661781401787,-8.830039806008813 29.827775793851398,-8.829752747812961 29.827945123598962,-8.829007253018176 29.828461090727558,-8.828259421784708 29.828510576821543,-8.826713124789535 29.828500145585277,-8.824766426244594 29.828491863728747,-8.823220517756568 29.829177460079109,-8.821784450662562 29.830094139922888,-8.820346826842126 29.831298749405562,-8.818735487280492 29.83164107993332,-8.817931570728035 29.831756007892746,-8.817816280341845 29.832618276955092,-8.817008857332723 29.83382747387941,-8.816256351423363 29.833877258548341,-8.814767316060454 29.83375066458353,-8.812706892848951 29.833743298236815,-8.811332757566504 29.834140628601858,-8.810013151775934 29.835294489342402,-8.809719083364939 29.836394571524917,-8.8101697219426 29.837673806749589,-8.811707040106624 29.837681495952946,-8.813138426229443 29.837980808310704,-8.815083158856451 29.837933194605231,-8.816972977981038 29.837543575926532,-8.819723970793744 29.838076146338377,-8.822067926858722 29.839703924607363,-8.823946409129803 29.841336660838632,-8.826740962403619 29.842101604371692,-8.829312355211187 29.842168959994407,-8.831086874057005 29.843042974202486,-8.83245511878016 29.844433547292965,-8.833190024957446 29.845530922516161,-8.833125316039457 29.846622096914015,-8.831915506676863 29.848115500283996,-8.830302163425756 29.848749444972952,-8.830011569095746 29.85100255782174,-8.829996247346344 29.853257221101781,-8.830267184295451 29.855280484327011,-8.830482427130619 29.856498365104866,-8.831332972631003 29.857604446664656,-8.832871353793678 29.858880112480161,-8.833721493699841 29.860097387114937,-8.834457514137057 29.861488294753254,-8.835249597410325 29.863229281477913,-8.836669097193919 29.864568063512078,-8.838492132664554 29.86555427084124,-8.83922970802962 29.866201052452876,-8.841286495282134 29.867023360140873,-8.843742868399431 29.867672676041934,-8.846257678562836 29.868022458352016,-8.846827837937553 29.868323576548448,-8.849058752820724 29.868335515947702,-8.851234397170629 29.86783157185539,-8.854157912324126 29.867033720330653,-8.856167351171166 29.866168345909326,-8.856402318836388 29.866246550053635,-8.860123423811954 29.866726371631216,-8.863326462641338 29.866851050040051,-8.86498602924604 29.867033823752706,-8.866702451888784 29.868022647209667,-8.867898024983729 29.869126086561323,-8.868921036167649 29.870464112265662,-8.870572239976809 29.871684700002788,-8.871880710362007 29.872790689831731,-8.873361730966961 29.874010664231264,-8.87455568168491 29.876038903405284,-8.875629530643835 29.878183977101454,-8.876931578970414 29.879117626252597,-8.878585526611118 29.879762075022885,-8.880184215409713 29.878672217232523,-8.881623143247111 29.877696006766996,-8.882717751256394 29.877122658396331,-8.883523294682448 29.87637850718863,-8.884788062513621 29.875465769972607,-8.886912829518337 29.875066385556011,-8.887831680325519 29.874267613125539,-8.889669382839145 29.873352639295604,-8.891393377773397 29.872836735119616,-8.892141268362138 29.871917314142308,-8.893063714658752 29.870998522690396,-8.894100668032081 29.870421979028606,-8.894333675175346 29.870248634707419,-8.894334872172919 29.868402801423315,-8.894920179727933 29.866614424024984,-8.895447826351642 29.864653009873678,-8.89603391631681 29.862517609285248,-8.896506683612358 29.861363863657971,-8.896858168339008 29.860270104608613,-8.89761003033385 29.85958333824027,-8.898817139931737 29.858259698990423,-8.899799606980594 29.856589985335233,-8.900898964309533 29.855322223661059,-8.901537502735437 29.853533149288126,-8.901950594618427 29.851225274922339,-8.902596266466617 29.849610163604154,-8.903122661234136 29.847648969786686,-8.903765936389107 29.84539822035617,-8.904296673083366 29.84395518621443,-8.904592841411329 29.84193586921424,-8.905179232649346 29.840207340797633,-8.906107169307006 29.838767100849395,-8.90691861678215 29.836867696750634,-8.908305769750996 29.835310307517602,-8.908831721152694 29.832770248888206,-8.909307113569296 29.829597649411536,-8.910359377900136 29.827867496819405,-8.911000996504015 29.826140443290907,-8.912215165779799 29.825965841717561,-8.911987322543723 29.824465884088625,-8.912455589631804 29.822215007853686,-8.912986213011493 29.820541057492449,-8.913341132249002 29.818576309554373,-8.913354470094021 29.816845490564557,-8.913881534856385 29.814196251542853,-8.915559984525769 29.812118993922294,-8.916146638365831 29.809868054734803,-8.916677198792968 29.807499988745576,-8.916922246958791 29.806067916439986,-8.919279531875588 29.805211560419991,-8.921232115583905 29.804643218575105,-8.923010978155162 29.804478166003033,-8.924558080942802 29.803972230811723,-8.927195405746261 29.803571090918524,-8.92782796368067 29.802014152245814,-8.928468328629606 29.800110157108065,-8.929053772881503 29.798205846308349,-8.929581951903913 29.796821948885224,-8.930163873511447 29.793996345619004,-8.931328096240407 29.792554639775858,-8.931910395563193 29.790650598772743,-8.932495800244965 29.789901457227074,-8.932901655283557 29.788750220708209,-8.933768287856424 29.786790812944332,-8.934812126439226 29.784538767590732,-8.935170806641452 29.782517270634003,-8.935413408651357 29.78107307906475,-8.935537610419544 29.779397411897719,-8.935606098288702 29.777203132696055,-8.935964350413656 29.775181311084054,-8.93614965661709 29.773336505725009,-8.937020891920099 29.771318311078687,-8.937893279254638 29.769933098846817,-8.9382460904813 29.769875306614548,-8.938246475391111 29.768892823377879,-8.93825303234803 29.767102446786676,-8.938494015578327 29.76542765196206,-8.938734220895071 29.763463885184247,-8.938976342667047 29.761672586787995,-8.939045525712118 29.759246761841439,-8.939347961415308 29.757573755768302,-8.939931687962201 29.755381196969662,-8.940633378579603 29.753592886121169,-8.941275116793293 29.751628478126804,-8.941402664039401 29.749780856091203,-8.941758473605717 29.748510574516668,-8.941995929694997 29.746893821036448,-8.942292936191109 29.7453339586678,-8.942417775578633 29.744004674373624,-8.942426562854166 29.741519486978518,-8.942442976380505 29.739787126550763,-8.94274071762271 29.737073133644973,-8.943216706289773 29.734994880474915,-8.943688492424997 29.733091792753157,-8.944502688228281 29.731244704015463,-8.944972934724206 29.729632658486082,-8.946186038303436 29.727033902007179,-8.946603946055859 29.725302974199394,-8.947187930708139 29.722820975800232,-8.947834095384847 29.720857656884842,-8.948190535375886 29.718950353141391,-8.948203024260918 29.717156573515638,-8.947813919994417 29.71577032706341,-8.947994771855861 29.713286517429651,-8.948297312779742 29.713229015678394,-8.948354951227941 29.711554067969015,-8.948594937110102 29.709707783225209,-8.949236874073904 29.707804869072618,-8.950108226288762 29.706074455677026,-8.950806656863847 29.704055042449394,-8.951506963424661 29.702956873124833,-8.9515141076389 29.700989674534238,-8.951126052881191 29.699660309301009,-8.95113468996999 29.698851129916022,-8.951139944708585 29.697117757750959,-8.951265722988296 29.695559531249103,-8.951733939714359 29.693078559875687,-8.952608977350906 29.691173231942741,-8.953022163662695 29.68949734534112,-8.953090272917278 29.687994562042373,-8.95309999189044 29.686726176238665,-8.953738095044457 29.685055804279788,-8.95489417081518 29.68303687758532,-8.955708904413028 29.680962750504762,-8.957039365919798 29.678767786019705,-8.957339837503696 29.676918169287827,-8.957351750822625 29.674893990552732,-8.957135719282007 29.671021631303059,-8.957217874148057 29.669056978693106,-8.957345015799945 29.666689730187557,-8.957875585220279 29.665651325308485,-8.958283096810021 29.664498464614038,-8.958920399567433 29.663460340323411,-8.959385170091537 29.661845920583854,-8.960197217414475 29.660347382984408,-8.961065785328344 29.658789312065263,-8.961591135982928 29.657172286989809,-8.961887797139411 29.653710446662728,-8.963169740222666 29.651980086327171,-8.963925230082566 29.65048378803959,-8.965251879363223 29.649157173832464,-8.965832989782257 29.648234035057836,-8.966182464524252 29.646790378585251,-8.966477983541722 29.645520413572054,-8.966829658924667 29.644309673411154,-8.967467284538657 29.643386808030467,-8.967874012818982 29.642231015546201,-8.967938623710836 29.640905509303821,-8.968748768068394 29.640386410735971,-8.968981128599069 29.635500013737552,-8.97445242486026 29.548734025997135,-8.975564980639319 29.469127873681089,-8.963155841200717 29.450089045557089,-8.90668018942506</coordinates></LinearRing></outerBoundaryIs></Polygon>
  </Placemark>
  <Placemark>
	<name>Lusenga Plains</name>
	<Style><LineStyle><color>ff0000ff</color></LineStyle><PolyStyle><fill>0</fill></PolyStyle></Style>
	<ExtendedData><SchemaData schemaUrl="#National_Parks_Zambia">
		<SimpleData name="Name">Lusenga Plains</SimpleData>
		<SimpleData name="OBJECTID">10</SimpleData>
		<SimpleData name="ID">0</SimpleData>
		<SimpleData name="PROVINCE">Luapula</SimpleData>
		<SimpleData name="STATUS">7</SimpleData>
		<SimpleData name="Size_SqKm">880</SimpleData>
		<SimpleData name="Shape_Leng">1.21117999405</SimpleData>
		<SimpleData name="Shape_Area">0.07338929949</SimpleData>
	</SchemaData></ExtendedData>
      <MultiGeometry><Polygon><outerBoundaryIs><LinearRing><coordinates>29.084913365860189,-9.565247364965897 29.08374106901806,-9.562045327081933 29.083684012431206,-9.562274789097728 29.083445939407003,-9.560729216956133 29.083268817933341,-9.559928092798542 29.082801147995042,-9.558956632551997 29.082450340457854,-9.558213714314775 29.082040191156583,-9.557127369276259 29.08133858597478,-9.555641529204536 29.080231413537373,-9.554215114533861 29.079415931703576,-9.553245479911027 29.078656376908096,-9.551759935716234 29.078187824734925,-9.550559307532183 29.077717456830552,-9.548900365956285 29.077189805710187,-9.547413595086255 29.076488475720904,-9.545985024740674 29.075903547679843,-9.54467042097923 29.075897193070375,-9.543066325456607 29.076005190854229,-9.541060597212265 29.075592825623456,-9.539401341772987 29.075296403686654,-9.537741477492659 29.074998854000061,-9.535795165656168 29.074413277547762,-9.534308687065789 29.074231677450427,-9.532361764589666 29.073701594563321,-9.530244796505542 29.073284066324728,-9.527267879609951 29.073102935673489,-9.525435532558959 29.073098871637228,-9.524404324954048 29.073264418836402,-9.522283711018474 29.073312906682926,-9.519877256569089 29.073653256903523,-9.517984890564492 29.073706259346636,-9.516724222742482 29.073931579085183,-9.515061620925906 29.074154869053867,-9.512883414407554 29.074436801114132,-9.510876774250676 29.074662796243445,-9.509386040068478 29.074773313028345,-9.508010491051776 29.075055919580109,-9.506175718529276 29.075281237519956,-9.504513116712701 29.075506328830667,-9.502793226284211 29.075728040489192,-9.500213996784508 29.076236635875091,-9.496888492777828 29.076519687591258,-9.495168300177111 29.076918437985849,-9.493390212821453 29.077142850308405,-9.491498455657904 29.077655716574611,-9.489261449666628 29.077712775859364,-9.489031989449472 29.07834403787075,-9.487424559240765 29.078857796264401,-9.4854167103951 29.079198572763687,-9.483638927909624 29.080753570699411,-9.481110022672056 29.081096591906487,-9.479905131701569 29.081730309966304,-9.478927882519145 29.082477686142852,-9.47737713477926 29.083109591169432,-9.47594157130561 29.083623769546474,-9.474048302381732 29.084425251634226,-9.471523337073961 29.08511464762017,-9.469972892405622 29.086209062275259,-9.468248455904245 29.086898446570043,-9.466698010336586 29.08752941810036,-9.465033290616589 29.088391757309861,-9.463252778688741 29.089195455327115,-9.461300703097379 29.090054387005466,-9.458660856594975 29.090400536054517,-9.458258011587191 29.091033518468919,-9.45710889117305 29.092128325228369,-9.455499028298219 29.09287335777168,-9.453375389043345 29.093387926454511,-9.45159670004125 29.094135439327943,-9.450103237316 29.094300918178646,-9.447982640467501 29.094297974697671,-9.447237886714049 29.094757297128865,-9.446146966824358 29.095273212096739,-9.444712010393062 29.095790708972057,-9.443678076043796 29.096074354240784,-9.442129759171337 29.09624028185311,-9.440123740445984 29.096233940733494,-9.438519656614574 29.096227147254925,-9.436800993760642 29.096455557063905,-9.435940446899963 29.097086001591549,-9.434161151754779 29.097428499393175,-9.432841687157804 29.09788576417554,-9.431235170660273 29.098401882390192,-9.429857504639529 29.098857329642779,-9.427792679246693 29.099255956830234,-9.42601460178355 29.100177032560111,-9.424462941231864 29.100867437585411,-9.423198940522354 29.101328536177622,-9.422566331326607 29.102600691039925,-9.421872170732568 29.103814664263552,-9.421121022799468 29.103870796347337,-9.4206624099333 29.108368692524319,-9.41508164459742 29.111850150662118,-9.401657554598273 29.130991583335796,-9.363172643966607 29.186922477087421,-9.270009558297829 29.204189272991016,-9.215436377309118 29.315157610138556,-9.244376553017389 29.34365237682675,-9.243870217627773 29.343242968566813,-9.24392785607597 29.343245042403396,-9.244386093924787 29.34313025923484,-9.244615886891097 29.3430172908981,-9.245246638986828 29.342729035704679,-9.245534722409786 29.342615288555063,-9.245993634750162 29.342328328385349,-9.24656811716585 29.341927619267437,-9.247601511921914 29.341413160301897,-9.249093819917675 29.341186958328478,-9.250298044490478 29.341075541322311,-9.251272476097029 29.341084094774089,-9.253162711607729 29.341148488929377,-9.254594371124483 29.341272093547733,-9.256312092388214 29.341277282635819,-9.257457689258615 29.341280914997526,-9.258259606618253 29.341285067167288,-9.259176084114586 29.340943820322646,-9.260552823833677 29.340891357472742,-9.261756037568546 29.340491416375809,-9.262961275677299 29.339974349376405,-9.26388078748613 29.339341193392841,-9.264743694167805 29.338477935975561,-9.265951628444041 29.33825042998518,-9.2668694558227 29.337908910645918,-9.268188915923076 29.33779671302818,-9.268991509572913 29.337397277350245,-9.270311307818361 29.336880972975962,-9.27140266028192 29.336364665903655,-9.272494012745483 29.335790960502209,-9.273700261692227 29.33556448423553,-9.27484720934433 29.335223472113906,-9.27628123138004 29.335115159567351,-9.277943026504772 29.335004514179445,-9.279089300564635 29.335007366828901,-9.279719380866823 29.335128646699783,-9.280921587361034 29.335193309752356,-9.282410530993104 29.33519927855269,-9.283727971216194 29.335029940711195,-9.284702742766456 29.334865014943546,-9.286651275029044 29.334635941434893,-9.287225423796258 29.334294407706462,-9.288544888393233 29.334067928741835,-9.289691837843975 29.333842227690809,-9.291010627949447 29.3337344412476,-9.292786983210874 29.333798073677141,-9.294046806569497 29.333863006526258,-9.295593030719601 29.334391294366636,-9.297136552406926 29.33544112243413,-9.298734313105227 29.336546797500372,-9.299873490614971 29.338170365143583,-9.30026497988348 29.339328753970566,-9.300258210686593 29.34031338298956,-9.30025245412628 29.341473336636852,-9.300589357245542 29.342168368673981,-9.300585289612002 29.342168630376705,-9.300642569230718 29.343037420423112,-9.300637482665309 29.343619491318123,-9.301264166228236 29.34368342951711,-9.302581258413682 29.343629696824504,-9.303498071357124 29.3434582932403,-9.304014605957889 29.343174713622091,-9.30533373330911 29.343177854953922,-9.306021088733358 29.343182567401357,-9.307052121869788 29.343188065856225,-9.308254993862304 29.343309145178353,-9.309399906348631 29.34372114078775,-9.310829519008451 29.345120424711411,-9.312826147013141 29.346340708477726,-9.313678197079298 29.347677891517321,-9.314758678538226 29.349363401763977,-9.316008945700956 29.350117172120122,-9.316176352698051 29.350870942476259,-9.316343756997242 29.35203332789035,-9.3171961218261 29.353020369790382,-9.317705831471926 29.353718598017959,-9.318389083289787 29.353720710525408,-9.318847315742744 29.352971420591643,-9.319653664961322 29.352221073055148,-9.320230895705151 29.351297482820879,-9.320923709114823 29.350143253358283,-9.321847001673461 29.349221497740984,-9.322940766118732 29.349055897481829,-9.324717447834075 29.349005353785117,-9.326321609906527 29.348950856668804,-9.327066582195243 29.348665720324163,-9.32804203633094 29.348670992149895,-9.329187622409506 29.3485593629037,-9.330104774397341 29.348566218435504,-9.331594036389388 29.348107306994446,-9.332570514852876 29.348062606193025,-9.332647153277604 29.347703418773165,-9.332916579365701 29.347616255582754,-9.333412402580109 29.347302691668745,-9.333949996604815 29.347018603933577,-9.335154569215263 29.346906971989423,-9.336071721203098 29.346911454210439,-9.337045470224268 29.347904097088072,-9.338758047366014 29.348835127413452,-9.339669050689109 29.349707973402246,-9.340523112538676 29.350694559345978,-9.34091825395393 29.351392577132231,-9.341544219857838 29.352207242381667,-9.34234133663648 29.352730428368147,-9.342739208393425 29.353373442719775,-9.343995581053434 29.354247901192878,-9.345193300830033 29.354949117867648,-9.346506603272474 29.355763007901427,-9.347131870403189 29.355938114893771,-9.347417235175611 29.356521364799903,-9.34827298775059 29.357453507586683,-9.349413071776951 29.358213472472983,-9.350897856044581 29.358506566918262,-9.351640762590648 29.358684873698337,-9.352613471096163 29.358687802790197,-9.353243537908552 29.358633337150138,-9.35398850659999 29.357885870142123,-9.355195832035179 29.357255850993795,-9.356746142704537 29.35674008801135,-9.357952093076335 29.355589503500934,-9.359677333571597 29.354959204663487,-9.361170365521559 29.354963461154686,-9.362086828628776 29.355608397357457,-9.363744137035894 29.356253076354161,-9.365344164025657 29.357070484535768,-9.366714041018327 29.357366265255962,-9.368029732959371 29.357196475954765,-9.368889947970217 29.356680171580482,-9.369981344500616 29.356162531712926,-9.370786345635452 29.355529561889057,-9.371706593089755 29.354374680418001,-9.372515378571677 29.353798568430818,-9.373206164909504 29.352528080911551,-9.37407291259558 29.351952495027714,-9.374878255472822 29.351321635912598,-9.376256731782746 29.350747640030139,-9.377405748774834 29.350405901256291,-9.378667949041585 29.35029668668972,-9.380100614000355 29.350188536920427,-9.381762393836596 29.349557131916868,-9.383026313607104 29.348810921261702,-9.384520037135758 29.347484044452582,-9.385730797081749 29.346847310965988,-9.385849131673012 29.346382517059567,-9.385565481008369 29.34597486067895,-9.385109648845969 29.345740207776434,-9.384480949902354 29.345159020015668,-9.384083424384414 29.343941896466955,-9.383976063320574 29.342957299823524,-9.384039166948696 29.342204698585988,-9.384158177830159 29.341336760197578,-9.384392430534376 29.340295020632368,-9.384627707566381 29.339426814245993,-9.384804677054603 29.338615747184004,-9.384809464145802 29.337976630494037,-9.384412265981041 29.336872728890906,-9.383731401863145 29.335942893764468,-9.383106788539578 29.334432149667119,-9.38214190503504 29.333618979090943,-9.381688439888194 29.332459001161961,-9.381408856857091 29.331069395741906,-9.381588870550388 29.329333500978578,-9.382057320200886 29.32840814267723,-9.382406442408581 29.326843152374405,-9.382243780234489 29.326152145702679,-9.383164338854215 29.325346315392892,-9.38431469583611 29.32506241201872,-9.385576556159151 29.324951785516586,-9.386722837413629 29.324493814766413,-9.387928437049823 29.323922330690323,-9.389650236738987 29.322886314410539,-9.3911456330066 29.322196853673404,-9.392409870237771 29.322201568818798,-9.393440914166035 29.323078727056668,-9.395211504773272 29.323779464392771,-9.39641031003157 29.324596079372327,-9.397608432704431 29.325874613125787,-9.398460149122116 29.327094954448683,-9.399254920468875 29.328319249191225,-9.400908885196714 29.329017383889376,-9.401534873583671 29.329656266755592,-9.401874801122915 29.330937729600922,-9.403356570863139 29.330823701862865,-9.403758211678735 29.330480828144573,-9.404791296168696 29.330079752103241,-9.405767442782347 29.329562008813696,-9.406572431326708 29.329105891566197,-9.408178997286994 29.32911169309261,-9.409439154294089 29.32911749641767,-9.410699311301185 29.328947902269359,-9.411616812225987 29.328603438549806,-9.412306219003824 29.328143095388096,-9.412996307467777 29.327624549003929,-9.413629457156048 29.327104682415097,-9.41397620785159 29.325945644277624,-9.413925747791836 29.325309371243918,-9.414158618238105 29.324151910517287,-9.414451833192516 29.322994972296783,-9.414859604686399 29.322010270432656,-9.414922672341673 29.321026356374656,-9.415157577054345 29.320681872869955,-9.415846980234903 29.32057045856169,-9.41682142353261 29.320576500207096,-9.41813886735298 29.321684188855325,-9.41962168480336 29.322093187024446,-9.420363942038932 29.321981252908074,-9.421223825199945 29.322623857168821,-9.422365679991401 29.323439498182605,-9.42333466890102 29.324139263351579,-9.424304337698061 29.324666264262135,-9.425504147499055 29.324670482981787,-9.426420627693346 29.324677868214284,-9.428024466909221 29.324392118531989,-9.428885372599382 29.324051063242901,-9.430319420715476 29.323533808285219,-9.431238972094491 29.322787419564293,-9.43273268842853 29.322156383282731,-9.434111162040495 29.321814264994998,-9.435316089883145 29.321704442486745,-9.436634213590992 29.321652827697505,-9.438009276074466 29.321832459179006,-9.439268414149694 29.321953884740079,-9.440470612549973 29.32230893527856,-9.442072404908911 29.32353156177879,-9.443325391621499 29.324636458931419,-9.444178096394069 29.325684475764373,-9.445260257786515 29.326209413630181,-9.446001815349518 29.326793092512958,-9.446914870026204 29.327088377706669,-9.44811603420618 29.327444792516758,-9.450004212068052 29.327680548887372,-9.450862038479556 29.328032197290664,-9.451719177809082 29.328211074240926,-9.452806465337119 29.328505047323858,-9.453721226027653 29.328683927871396,-9.454808512656371 29.329501274899087,-9.45612114150657 29.330257758509784,-9.456804035394271 29.331188880566057,-9.457657733917698 29.3315376205619,-9.457884791146398 29.332526694030435,-9.458738141632182 29.333861849998129,-9.459245746864497 29.334792186946284,-9.459927593941359 29.336011189178688,-9.460378597643796 29.337171980994125,-9.460772661671284 29.337985364709596,-9.461226070160819 29.339032140478135,-9.462021772305889 29.339267136921706,-9.462707742774283 29.339621239574793,-9.464080374390278 29.340206866389106,-9.465394344129663 29.340965802450967,-9.466592716814089 29.341720721241359,-9.466931898815403 29.342474032043921,-9.466927404003855 29.343053232303017,-9.466866666491967 29.343520834792173,-9.46772308546457 29.343351290106565,-9.468640589087329 29.343180670731158,-9.469328976033978 29.342663708952497,-9.470305834011354 29.342610326096121,-9.471279924774819 29.342614354159476,-9.472139111860599 29.343140451251372,-9.473109741133612 29.343899150791572,-9.474250821608791 29.345412798799767,-9.475731066998208 29.346054807709379,-9.476700995699332 29.346116257484308,-9.477445275510092 29.346062888117785,-9.478419364474974 29.345892274138354,-9.479107752320942 29.345551046179423,-9.48048452801288 29.345207122053015,-9.481288514712503 29.344574258349155,-9.482266072362393 29.343707708513929,-9.482844063033324 29.343132250333781,-9.483706714307573 29.342498569146187,-9.484512433101429 29.342038467002794,-9.48525983266029 29.341984821544425,-9.486176644704415 29.341987512315939,-9.486749435495426 29.342455151677257,-9.487605849072054 29.34269099168489,-9.48846364850391 29.342984784004042,-9.489321099898177 29.34397344828102,-9.490059829992731 29.345077478487269,-9.490683303875301 29.346181513190061,-9.491306774160591 29.348154813680651,-9.491925023881491 29.34925669180927,-9.49209025092199 29.35088039794806,-9.492309619846651 29.351697941027965,-9.493622153368731 29.352396334730823,-9.494248036535055 29.352401486047427,-9.495336330404371 29.352409079023346,-9.496940131848703 29.352413961442608,-9.49797114699868 29.352362791817765,-9.499403461221903 29.351903244556066,-9.500265430810032 29.351213784718258,-9.501529744483548 29.350524049687863,-9.502736780337045 29.350355343170403,-9.503826121017255 29.350187721235386,-9.505144576574935 29.350076967928825,-9.5062335692175 29.34985030730115,-9.507323258834617 29.349101793482244,-9.508358807466948 29.348583734530678,-9.509106567653987 29.347890999361994,-9.509683537594412 29.347140578081106,-9.510318132493183 29.346273704489931,-9.510838866028507 29.345579878443687,-9.511186716594864 29.344829178372947,-9.511764030076336 29.344369601433581,-9.512625997865825 29.344373659174551,-9.513485181354325 29.344377887786777,-9.51438016325551 29.344030260252282,-9.514403731787922 29.343393568134498,-9.514579395460544 29.34246764056229,-9.514871354961429 29.341598586115193,-9.514933848849239 29.340439485025232,-9.514940798809903 29.33951301246384,-9.515118193677495 29.338184357695013,-9.516042644562901 29.337665724076654,-9.516675838318008 29.337203428486816,-9.516965009920568 29.335873950838391,-9.517717617453343 29.33483451533624,-9.518525767114625 29.333967866575563,-9.519103758684878 29.332001122142572,-9.519917445471947 29.331540696243223,-9.520607567210787 29.331311557983383,-9.52118174655493 29.330678602548684,-9.522159303305557 29.328596721513577,-9.523145507936761 29.326692718281947,-9.524989859138202 29.325366396354468,-9.526429795115575 29.324385668594406,-9.527409418508171 29.323290357315269,-9.528676130673603 29.321732709077477,-9.530231998253782 29.320808849046614,-9.530982153335343 29.319598397568026,-9.532421387841566 29.319714315680983,-9.532420698061571 29.318908233561046,-9.533571119794658 29.318043119043807,-9.534492765694665 29.317292050251012,-9.535012762685255 29.315558866044285,-9.536225969686482 29.314463495409878,-9.537492666563423 29.312788781524205,-9.53882008116716 29.311286869668493,-9.53991733857913 29.310306328967382,-9.540954220906031 29.310605712371625,-9.543014590158236 29.310611035458745,-9.544160193323876 29.310559996235611,-9.545649821340021 29.31004180328506,-9.546397556345994 29.309698024848842,-9.547258820865693 29.309584763333135,-9.54783231042984 29.309999549538812,-9.549777430664676 29.310003011928639,-9.550522072902197 29.309839513385043,-9.552757031137219 29.30833887047271,-9.554140692937949 29.307821994129597,-9.555174829634723 29.307483264487246,-9.557124419499985 29.307141338654446,-9.558386646746385 29.306742245618182,-9.559821059087879 29.305192377415263,-9.563095311631457 29.304099025758831,-9.564820246357215 29.303928588046457,-9.565565921915775 29.303009120304409,-9.567289826018508 29.301337418248178,-9.569304593348534 29.299605606406882,-9.570861455578893 29.297756785574961,-9.572189874725325 29.296138755956804,-9.573287795837018 29.29422849794048,-9.573871896501828 29.292493983636458,-9.574855927471674 29.291046124631972,-9.575150874520373 29.289191170423862,-9.575161800383683 29.287626050618655,-9.575171011239888 29.285594030694767,-9.57449556823525 29.284029436093643,-9.574619323939658 29.2813031242747,-9.574234343064688 29.279741410202007,-9.574988174574742 29.27742453272333,-9.575402724258709 29.275687065045755,-9.575756588591503 29.274530057577465,-9.576278901336252 29.273025758021731,-9.576917805786252 29.271814949512358,-9.578356954856815 29.270545118498145,-9.57956731460456 29.268927985504089,-9.580894263359481 29.266901407377812,-9.581421627596114 29.265511963835763,-9.581830704905542 29.263656940379803,-9.581841503065107 29.261743944827227,-9.581852627678643 29.259831464586171,-9.581978306133578 29.257979799198665,-9.582733741134801 29.255838790438133,-9.583605412608961 29.254159463929739,-9.584016130281782 29.252075886773298,-9.584772881890501 29.249527502220531,-9.58530317431962 29.247033988902103,-9.585145724616041 29.244020533451756,-9.58539224317343 29.243440824176442,-9.585395584154753 29.242224716861642,-9.585689009550549 29.240256517325577,-9.586330466276422 29.239214314609569,-9.586622882632867 29.237131179919515,-9.587494121533155 29.236149496180133,-9.588359026508384 29.234877946561536,-9.58922559433006 29.233665893390476,-9.590435524201837 29.232455617279701,-9.592046432988184 29.231357452451789,-9.59279742893591 29.230488371924366,-9.592916978511198 29.229039307828373,-9.5929825624695 29.227939095244153,-9.59327528369613 29.226259913526629,-9.593743166773775 29.224810586828657,-9.593751450428952 29.223477966049696,-9.59393091643517 29.222197995179609,-9.592907094062809 29.221381561863097,-9.59182333637375 29.220391215853912,-9.590740567039632 29.219404667681712,-9.590517047743843 29.217893082718202,-9.589551807208409 29.216675404287852,-9.589501449671388 29.215285571339336,-9.589853063001101 29.213257780027675,-9.590151008389398 29.21151456838032,-9.589244336201148 29.209194899406096,-9.589085630144721 29.206875730454897,-9.589041476131001 29.204438110899897,-9.588425119482963 29.202814116978061,-9.588262435725198 29.199850008226747,-9.586560586595907 29.198513891783083,-9.585937971565896 29.196831933858444,-9.585775583685004 29.195211427507441,-9.586414844266471 29.193939249262765,-9.587166714355192 29.192144063996693,-9.587635087563285 29.190347385856001,-9.58775974348913 29.188085183559448,-9.587485996158648 29.186227560163502,-9.586923537678445 29.184717289109589,-9.586244552244295 29.182797512668852,-9.584708551587085 29.180879966546797,-9.583688101672294 29.178213201537403,-9.583702971962053 29.176478911164562,-9.584858365147341 29.135782914801098,-9.557641559344459 29.126233813669273,-9.561588935541236 29.125538155704021,-9.561592697405274 29.124840611860463,-9.56113815936726 29.123738212125087,-9.560914961129413 29.121527770307924,-9.559093655054994 29.119322750503272,-9.558589942088418 29.118223409362084,-9.559111461631176 29.116362469266505,-9.55768925398894 29.115721742790125,-9.556947943739544 29.114440765578703,-9.555579893269908 29.113335814466723,-9.554726490623409 29.111942648630816,-9.554275653295576 29.110663327970595,-9.553308597928321 29.109213363653222,-9.553144497738288 29.108343803787193,-9.553149152629146 29.10631622291686,-9.553503733721527 29.104344749848618,-9.55339968935732 29.102373739031918,-9.553410210525726 29.100634609407283,-9.55341948433454 29.09941837438873,-9.553712411505899 29.098030070287731,-9.554464567579032 29.096875261661751,-9.555616504669729 29.095604732773666,-9.556826343709986 29.094564007643726,-9.55751935137323 29.093119085825037,-9.558615532296756 29.092023369850946,-9.560053593187716 29.090925114191521,-9.560861479347635 29.08942104306357,-9.561671514887223 29.088323924147172,-9.562765837811469 29.086881024004356,-9.56437759915508 29.086014864474919,-9.565241534661196 29.084913365860189,-9.565247364965897</coordinates></LinearRing></outerBoundaryIs></Polygon><Polygon><outerBoundaryIs><LinearRing><coordinates>29.327656433567196,-9.415347383465246 29.327516846197735,-9.415405816914074 29.326445767150631,-9.415011153038847 29.326761794307686,-9.415009293240871 29.327656433567196,-9.415347383465246</coordinates></LinearRing></outerBoundaryIs></Polygon><Polygon><outerBoundaryIs><LinearRing><coordinates>29.325011969046102,-9.415004315493434 29.324618579510172,-9.415136467268326 29.323772077361578,-9.415327610071756 29.324733931050275,-9.415021226344891 29.325011969046102,-9.415004315493434</coordinates></LinearRing></outerBoundaryIs></Polygon></MultiGeometry>
  </Placemark>
  <Placemark>
	<name>Nsumbu</name>
	<Style><LineStyle><color>ff0000ff</color></LineStyle><PolyStyle><fill>0</fill></PolyStyle></Style>
	<ExtendedData><SchemaData schemaUrl="#National_Parks_Zambia">
		<SimpleData name="Name">Nsumbu</SimpleData>
		<SimpleData name="OBJECTID">15</SimpleData>
		<SimpleData name="ID">0</SimpleData>
		<SimpleData name="PROVINCE">Northern</SimpleData>
		<SimpleData name="STATUS">6</SimpleData>
		<SimpleData name="Size_SqKm">2063</SimpleData>
		<SimpleData name="Shape_Leng">2.45380897038</SimpleData>
		<SimpleData name="Shape_Area">0.16476737808</SimpleData>
	</SchemaData></ExtendedData>
      <Polygon><outerBoundaryIs><LinearRing><coordinates>30.652221253950813,-8.524750241046377 30.652273446104797,-8.524712877813386 30.675072464639069,-8.524712877813386 30.675074002479732,-8.524750241046377 30.675408437859403,-8.5328769133028 30.682691438133702,-8.543440913733889 30.691190438703469,-8.541010913235084 30.702888438348051,-8.537557913243631 30.727477438671141,-8.547842913404224 30.728564314309665,-8.560928932964087 30.728535991061676,-8.560940804014876 30.726515238743502,-8.561166839613748 30.725340195371867,-8.561317084848554 30.724321184372343,-8.561907784738423 30.723974732251747,-8.562136244909482 30.723962702020966,-8.562109710412983 30.723962702020966,-8.562109710412983 30.72299305210964,-8.563107913798717 30.722357889738642,-8.563507673232607 30.721722658119859,-8.564250880152201 30.721722658119859,-8.564250880152201 30.721722530416173,-8.564880534175757 30.721837767742329,-8.56602553119842 30.721837767742329,-8.56602553119842 30.721895257802373,-8.567227683733277 30.722414700810589,-8.56808706687127 30.72293415820792,-8.568889209061354 30.723742387009565,-8.569233842752851 30.723742387009565,-8.569233842752851 30.723799904948578,-8.570321513392003 30.723799904948578,-8.570321513392003 30.723222453870846,-8.570778597410708 30.722587358949003,-8.570777664813761 30.721547983701441,-8.571405790889171 30.720855129822272,-8.571519252054372 30.720855129822272,-8.571519252054372 30.72091270891519,-8.572263474308556 30.721085760956669,-8.573007866534567 30.721662799245621,-8.574554232777473 30.721835755958978,-8.575756555284215 30.722124174828988,-8.577016290509334 30.722297083878289,-8.578447578606074 30.722989616699522,-8.579936875671649 30.723104838737243,-8.581139113642109 30.723104838737243,-8.581139114541486 30.723162310810832,-8.582398508923518 30.723566172951788,-8.583830138762608 30.723912274336836,-8.585376166860499 30.724142838921409,-8.587208231524301 30.724431082423678,-8.589326589060931 30.72454638989694,-8.590128138597889 30.724777052507648,-8.591502272981018 30.725585181484519,-8.592533812435761 30.725642738993709,-8.593392518384235 30.725873478046765,-8.594423205281656 30.726046502209268,-8.595339323948508 30.726796985543444,-8.595970087735452 30.727201044635933,-8.596543098860309 30.728182444189539,-8.597403168181018 30.728817478856794,-8.597919276503092 30.72962581827505,-8.598034949101191 30.730376313300379,-8.598665709290799 30.731415559944875,-8.599067924773181 30.73222392634278,-8.599069109180277 30.733378546111112,-8.600043906810925 30.734129108585591,-8.600388453268122 30.734995220451026,-8.600389716815585 30.735861125472351,-8.60147857186189 30.736669423521732,-8.601880441105209 30.737246674050649,-8.602739906980844 30.738285900010794,-8.603371077261329 30.739036358163897,-8.604345277742141 30.739729100527143,-8.605204910891644 30.739786705700393,-8.605949139441066 30.739786705700393,-8.605949139441066 30.739613300225358,-8.606922000831332 30.739613300225358,-8.606922000831332 30.739959414200879,-8.608754244460272 30.739959414200879,-8.608754244460272 30.739555036748357,-8.609726770403427 30.738861944548827,-8.610698875463868 30.738111115875082,-8.611613652342271 30.73701376043692,-8.612871372186646 30.736147459713948,-8.61367149090222 30.735165623989129,-8.614700404336645 30.73470349387452,-8.615615593104508 30.733779604166045,-8.615614236027566 30.732740169563215,-8.615898913717956 30.731469823237486,-8.615897038631545 30.730603678097165,-8.615895758896272 30.729968120024523,-8.617669305575021 30.729852533761346,-8.618127065883869 30.729505986312631,-8.618527242603193 30.728986295990865,-8.618526470984875 30.728409066146355,-8.617609749772269 30.728120478203774,-8.617036905921282 30.727312101014032,-8.616921220732763 30.726907796406579,-8.617378549367004 30.726445670788625,-8.618179240051404 30.72569494373823,-8.618464326933349 30.725117564606247,-8.618234497994138 30.724540160293259,-8.61811915185001 30.723270069375015,-8.617029664580343 30.722461601353704,-8.617314657932752 30.721884049551932,-8.617828961315581 30.721075427746594,-8.618743603295627 30.720613428033683,-8.618971871911072 30.719920525591139,-8.618913585051699 30.719574109443386,-8.618741338802749 30.718765707971954,-8.61874011752343 30.718246021247467,-8.618739331515997 30.717379762792579,-8.619195947887192 30.716802187608437,-8.619767481425981 30.715935954334551,-8.620109611404928 30.715300781171724,-8.620108644633717 30.714434636031402,-8.62010732532832 30.713164185384297,-8.620506073024899 30.712355463754193,-8.621706893663884 30.711373413990767,-8.623250890193276 30.710795700310996,-8.624280336925606 30.709467442143193,-8.624850700446416 30.708485803369914,-8.624849186887445 30.706753434848281,-8.625075472497827 30.704443517222785,-8.625701535528549 30.703635159818134,-8.625528557231462 30.702538052592896,-8.625469607571745 30.701960568240221,-8.625640428395286 30.701844758045922,-8.626727814848721 30.701844758045922,-8.626727814848721 30.702710860018779,-8.626900887574607 30.703403480074201,-8.627932295728328 30.703403479174881,-8.627932295728328 30.702652692769274,-8.62833180784861 30.701786553024871,-8.628273215219791 30.700573987240201,-8.628099596605409 30.699476963651932,-8.627754435011923 30.697802472798113,-8.627522844300927 30.696243275028451,-8.627921069491435 30.695550335713676,-8.627977215964336 30.694280053239879,-8.627746247584183 30.693067646635203,-8.627114686997913 30.69185455654582,-8.628601002810967 30.690872881799635,-8.628713920785685 30.689833312298504,-8.629284663820386 30.688735593534318,-8.631057348049296 30.686945211547194,-8.632027558238235 30.685847707720935,-8.633113351093016 30.68417299833186,-8.633511332567252 30.683422228114011,-8.633796319624423 30.683422228114011,-8.633796319624423 30.683652922200963,-8.634598047227087 30.684634549283086,-8.634656870981701 30.684749798300459,-8.635343933227034 30.684807302749679,-8.636030901942831 30.684807302749679,-8.636030901942831 30.684633709316298,-8.637060936831801 30.683709657729818,-8.637460122498226 30.682958899203186,-8.637687866808903 30.682150355638836,-8.638029994089891 30.681168700677741,-8.638028402289876 30.680417795561596,-8.638656817047718 30.679666992968123,-8.638999032462209 30.679031573391057,-8.63962763158105 30.678742640108791,-8.640199554526248 30.677934003014965,-8.640770629410779 30.677818365490449,-8.641171116396208 30.677818365490449,-8.641171116396208 30.677933514683101,-8.642087135238285 30.678164281615125,-8.642659906244205 30.678164281615125,-8.642659906244205 30.677355852264668,-8.642658584240792 30.676836148453102,-8.642657733482167 30.676142885382429,-8.643515187574394 30.676142885382429,-8.643515187574394 30.676142777463777,-8.643801384219728 30.676142777463777,-8.643801384219728 30.676142583210208,-8.644316537461805 30.676373044372777,-8.645690660153775 30.676373044372777,-8.645690660153775 30.676372892387345,-8.646091335097481 30.676026420481662,-8.64609076672599 30.675044792500216,-8.645974674144497 30.674582829659528,-8.645973914217391 30.673889952397985,-8.645801054630852 30.672850537580299,-8.64579934052307 30.671868668580544,-8.646312871388204 30.671348758824255,-8.64682716307982 30.670828758236382,-8.647570410468916 30.669962486291634,-8.647797930848412 30.66973118606165,-8.648598894027373 30.669442230296337,-8.649170804382095 30.669442230296337,-8.649170804382095 30.669615307518821,-8.649571765310213 30.670539170247707,-8.64974501700118 30.671000795842588,-8.650604369562188 30.671231530399037,-8.651234383314602 30.671231530399037,-8.651234383314602 30.671173421605488,-8.652150112574985 30.671057610511809,-8.652951268208881 30.671057610511809,-8.652951268208881 30.671057474714193,-8.653294702204732 30.67030697878954,-8.65277830340159 30.669440785985159,-8.652776862687688 30.668228233690343,-8.652488647963764 30.667073382796271,-8.652315003269052 30.665803136295267,-8.651912206824648 30.665340744477991,-8.65294173359672 30.664936380515318,-8.653284488604413 30.664704873441224,-8.654543355983776 30.664011847791585,-8.654713908809356 30.663145510196333,-8.655055885004174 30.661990174567677,-8.656026998112452 30.660777428019284,-8.656196667803783 30.660084103794699,-8.657054075131269 30.660025939243155,-8.658027034547672 30.660025939243155,-8.658027034547672 30.660025692828924,-8.658599420643725 30.6601408411222,-8.659400956690774 30.660198192686661,-8.660316873010174 30.660255668357532,-8.660946595382198 30.660255668357532,-8.660946595382198 30.659735944760882,-8.660945714945967 30.658927487531457,-8.660944343479855 30.658523258467081,-8.660943656397819 30.657426041524559,-8.660999029453819 30.656963889826272,-8.661398912994116 30.656559205704919,-8.662428516208536 30.655750415726349,-8.663171237494225 30.654999574462071,-8.663456146310409 30.654306582986631,-8.66351219925383 30.652574168599525,-8.663509230591842 30.652400692977377,-8.664024078064415 30.651360982282707,-8.664594674509658 30.650436921703029,-8.664822036608484 30.648762306742753,-8.664704672385708 30.648069502326276,-8.664360045888827 30.647030190031273,-8.664072057794044 30.645586489491905,-8.664126793230707 30.644084223303306,-8.665898562849066 30.644026092925966,-8.666699794025988 30.643851889752284,-8.668702819807663 30.642350371799633,-8.668871914832209 30.641137563198011,-8.669098745431709 30.639289447434574,-8.669496172024253 30.637845361985338,-8.670294962441174 30.636978863411514,-8.670865814293848 30.635823595231951,-8.671493390883541 30.634206429862274,-8.671948433441228 30.632878117735174,-8.672175029317657 30.630914729571995,-8.672114304396303 30.628662727385855,-8.67182410486862 30.624966655938351,-8.672275388260232 30.623292077850294,-8.672100667976338 30.622425745650954,-8.67232805705487 30.62103931573705,-8.67324135005191 30.620112280200086,-8.673731768340927 30.620112280200086,-8.673731768340927 30.619961061898838,-8.673811765733376 30.61996106369747,-8.673811763934737 30.61942192104021,-8.674096980319064 30.617689089367726,-8.674837919148445 30.616244925677506,-8.675693847091223 30.615089494720674,-8.676550294842116 30.613818367783495,-8.677749946362383 30.612663088812095,-8.678320200165897 30.610410566817848,-8.678945671442703 30.608793631674587,-8.67894269648542 30.607234479770341,-8.678882585801034 30.605097786856163,-8.678935871530539 30.603018947328163,-8.678817544133892 30.601921713298506,-8.67887274182209 30.600420213332313,-8.678984418732341 30.598629769291957,-8.679438965763609 30.59695481798531,-8.679893720538187 30.596203822037577,-8.680350201111821 30.595798672966794,-8.681837577225565 30.594816431647757,-8.682694270491368 30.594237850122227,-8.6844674952128 30.593890719013473,-8.685497087635325 30.593139959587518,-8.685552907654369 30.592447091319176,-8.68537989158574 30.591754260822366,-8.685149638166591 30.591003610214326,-8.685033746133968 30.59007986349809,-8.684688581842522 30.589444783864678,-8.68445843544265 30.588751994736697,-8.684170941974969 30.588174592222401,-8.684055374597619 30.587192993918563,-8.683881800949337 30.586384528595261,-8.683880263108676 30.585633775464544,-8.683936067839227 30.583958951861572,-8.684161813856406 30.582341687566441,-8.684673839256504 30.581186588459445,-8.684900566433953 30.580031792423991,-8.684669407397507 30.57922359599797,-8.684267206304298 30.578473187307562,-8.683807880275822 30.577838388262705,-8.683177069724138 30.577145653993338,-8.682832323617447 30.576279948621501,-8.68208659589817 30.575298869226511,-8.681168939390659 30.574375386910898,-8.680480333009427 30.573567091559422,-8.68024982867945 30.572642878094992,-8.680648684294681 30.572122966540064,-8.680933852115629 30.571314322251624,-8.681218457860268 30.570274612456274,-8.681617081450439 30.569235097813813,-8.681729528180368 30.567964440322665,-8.68207046026231 30.56779108161237,-8.682241826974348 30.56779108161237,-8.682241826974348 30.567386579154117,-8.682641680837035 30.566000145642874,-8.683383022562737 30.564902360328858,-8.684239392971904 30.564269468745973,-8.684535186282631 30.564269468745973,-8.684535186282631 30.563804812435823,-8.68475235096895 30.56236106603097,-8.684863982013837 30.561147939968688,-8.685491172794343 30.55999296586748,-8.685546128564909 30.558260569466881,-8.685542703047304 30.55710563943245,-8.685540415172056 30.555661353434399,-8.686396064324979 30.554102072027774,-8.686564666521065 30.553293621093584,-8.686563055835279 30.552600663792418,-8.68656167447665 30.551734213781913,-8.686903349398619 30.550694587623521,-8.687158825203426 30.550694587623521,-8.687158825203426 30.55057907330615,-8.687187211403966 30.549366397804192,-8.6871847832345 30.548596048446427,-8.687717421095497 30.548596049345747,-8.687717421095497 30.548210870619929,-8.687983741824667 30.547671414099284,-8.688631313940334 30.547671414998607,-8.688631313041013 30.547565642137499,-8.688758283821699 30.547565642137499,-8.688758283821699 30.547401690335619,-8.688955094152561 30.546708041455755,-8.689869442953635 30.54641870257927,-8.690670135436676 30.545956122803663,-8.691470478083431 30.545550765090127,-8.692957741781925 30.545203238279722,-8.694330653986413 30.545203238279722,-8.694330653986413 30.545202148301424,-8.695761498717445 30.545202148301424,-8.695761498717445 30.545200751654306,-8.697592979721264 30.544968928918195,-8.698679953385863 30.543813310003088,-8.699536120548316 30.542542013094021,-8.70062098170547 30.542523286511365,-8.700645933395151 30.542523286511365,-8.700645933395151 30.542352079878697,-8.700874050025163 30.542352080778016,-8.700874048226524 30.541212427526887,-8.702392522896048 30.539998683630415,-8.703706422488324 30.539131647261968,-8.704734857483402 30.538321498407807,-8.706850842608503 30.537686260493725,-8.706849541289557 30.536531281895918,-8.706847173374625 30.535319240416012,-8.705986182248864 30.534222838259268,-8.704953727284305 30.533817775523342,-8.705983094876331 30.53237318645381,-8.707067550439263 30.530928264635062,-8.708552631483201 30.528733809166283,-8.708548086309689 30.527347932335427,-8.70843074367059 30.526251365602718,-8.70762720213537 30.524461729153586,-8.706936680198226 30.522844965780848,-8.706704375425545 30.521689047391476,-8.707846617824771 30.521283901018649,-8.708933193989026 30.519956069129478,-8.708472548655152 30.518859380088994,-8.707840687695295 30.517934924706932,-8.708411072799834 30.5162018457209,-8.709151449553019 30.514874219776512,-8.708461859313502 30.513373111015365,-8.70805806102436 30.512794991741369,-8.708800860551094 30.512001011797963,-8.709641506314597 30.512001011797963,-8.709641506314597 30.511985779980758,-8.709657633856523 30.513197511194559,-8.710804848607268 30.51377470146889,-8.711149465211634 30.51377470146889,-8.711149465211634 30.512214949716849,-8.711775719797913 30.511521966335351,-8.711774250305721 30.510540241227147,-8.711772165677246 30.509154278061313,-8.711769219498308 30.508288051982046,-8.711767374988824 30.508113457603255,-8.713312274437499 30.50741962166444,-8.71428374277798 30.50741962166444,-8.71428374277798 30.507880709464811,-8.715314907215429 30.507880709464811,-8.715314907215429 30.507071118190307,-8.716572288015414 30.506377776878594,-8.716971430514377 30.505511995064349,-8.716454488520753 30.505454397984973,-8.716282668550432 30.505050660849747,-8.715709482957095 30.504813977278104,-8.71488547015457 30.504813977278104,-8.71488547015457 30.504705230358976,-8.714506869070021 30.504563302054294,-8.714511415142908 30.504563301154974,-8.714511414243589 30.503030469708566,-8.714560510031788 30.502221275934403,-8.71536002080569 30.501758059438824,-8.716732593066467 30.501583277101759,-8.718449176687841 30.501235704425881,-8.719650299498992 30.500484140106661,-8.720564390194681 30.499501677554406,-8.721363515159396 30.498577634061856,-8.721418749719817 30.497768570689402,-8.722046549341314 30.497133325580759,-8.722045173378604 30.496324781117096,-8.722100651655296 30.494244961328089,-8.723011840238769 30.492454357208427,-8.723408561762822 30.490894697187226,-8.723863009868637 30.4907139919153,-8.724428065590871 30.490713992814623,-8.724428064691495 30.490547190161919,-8.724949648985444 30.490473730840563,-8.725038365305011 30.490473730840563,-8.725038365305011 30.490026856824898,-8.72557805654867 30.489679771581564,-8.726206842726469 30.488639739828955,-8.72677687799478 30.487485012141974,-8.726488186630149 30.487369673192401,-8.726316239855406 30.486561177292113,-8.726314462795074 30.485925391690955,-8.726885377600295 30.485578568150345,-8.727228002206346 30.484884867109823,-8.727970480675081 30.484191814480482,-8.728026183782276 30.483210503060434,-8.727566168873125 30.482690973717297,-8.727336096217698 30.481478504160119,-8.727047260062193 30.480612424670309,-8.726873650441064 30.480034874667179,-8.726929601761128 30.479572659116968,-8.727157501654515 30.478590917821005,-8.727155323496559 30.478186837144733,-8.72698273370662 30.477551593834789,-8.726981321771007 30.476338801420983,-8.727035855759539 30.475414533997252,-8.727319951588584 30.474548127154204,-8.727489712111435 30.473277194470537,-8.727944720494918 30.472409999821423,-8.728915704100755 30.471658525434403,-8.729658020691545 30.471426400526127,-8.73080211299623 30.471426400526127,-8.73080211389555 30.471425667578668,-8.731546110419856 30.471251402351754,-8.732575871015627 30.470961804470502,-8.733433680340056 30.470961803571186,-8.733433680340056 30.470844662380273,-8.735093104851897 30.470612979938377,-8.735779352311454 30.470091407335644,-8.737609558076656 30.469224006741793,-8.738752215962677 30.468819179628269,-8.739323608307927 30.468125367071821,-8.740123270167885 30.467085848832024,-8.740120922038045 30.466334568698585,-8.740634297320526 30.465640633834312,-8.741548412297901 30.465235913740116,-8.742005338935201 30.464599955469168,-8.742690660992366 30.463386191787546,-8.743660819919967 30.46251904660113,-8.744517301845065 30.461594088498085,-8.745430879027879 30.460958000724698,-8.746230651504448 30.460264334757763,-8.746858599514097 30.458993149364574,-8.747485226419713 30.458068530305923,-8.748055410975439 30.456624973658048,-8.747823182645107 30.455874023575799,-8.747993149112745 30.455007391002937,-8.748334538050301 30.454763571310988,-8.748593890832353 30.454763571310988,-8.748593890832353 30.45425578261694,-8.749134028139793 30.454049899026131,-8.749269475030587 30.454049899925455,-8.749269475030587 30.453388906327802,-8.749704331406008 30.452579659493662,-8.750389223587263 30.451770048434067,-8.751417491308414 30.451191622491251,-8.752274600960334 30.451191622491251,-8.752274600960334 30.451281045677945,-8.753079911461953 30.451593988160365,-8.752678038621298 30.453039632134676,-8.755362804460445 30.4522135248111,-8.755775858571894 30.4522135248111,-8.755775858571894 30.452746410885027,-8.756570424873303 30.453207288244016,-8.757658855439559 30.45436060309606,-8.759321182962934 30.455398060089745,-8.761326621625585 30.455800531878875,-8.763044447210689 30.456029802339064,-8.764704643340849 30.456432336181418,-8.766365238769993 30.456777599398261,-8.767567864348223 30.457470175386959,-8.768027301892687 30.457470175386959,-8.768027301892687 30.457411878635067,-8.768542236599501 30.456254546511502,-8.770657070592449 30.455733174457517,-8.772143841462478 30.454923263024398,-8.773401022612973 30.45474847529135,-8.77483136282433 30.454227210256761,-8.776203668885785 30.453937086272159,-8.777462049731867 30.453704104309963,-8.779292860740839 30.452720034669195,-8.781350841393703 30.452256133789547,-8.7830666506988 30.452022884728706,-8.785126375137111 30.452022884728706,-8.785126375137111 30.452712639544185,-8.788218388165376 30.452826053944591,-8.790164461681513 30.452826053944591,-8.790164461681513 30.453517112776982,-8.792054655823392 30.454323383754573,-8.79423126874309 30.45536119238318,-8.795950583605475 30.456053377166768,-8.796810644832247 30.457034238925814,-8.79778583906392 30.458535678637418,-8.798075483709852 30.459400848013331,-8.799222095015523 30.459803819825535,-8.800482090144669 30.460322497510671,-8.801570665501856 30.460783294830037,-8.802773566272606 30.461532285289593,-8.804549436799505 30.462282319862027,-8.805352400070603 30.463378740904542,-8.806327856004941 30.464591541412233,-8.806502357753573 30.466324436936585,-8.80644913767452 30.467306497491901,-8.806336946352019 30.468808410246936,-8.806225951127885 30.469674829680457,-8.806227947622745 30.47094539993736,-8.806402562685946 30.472273852358736,-8.806462846040233 30.473429201477245,-8.806351036030264 30.475162105994798,-8.80629777458239 30.476606852445741,-8.805614310524559 30.479552225621145,-8.806078872405918 30.480879755338094,-8.807054816672119 30.48163002103632,-8.807686061596314 30.48301671625023,-8.807288592735631 30.48376820142909,-8.806717986397871 30.484635266575882,-8.806090408908915 30.4853866897015,-8.805577029129836 30.486772803953389,-8.805751853735046 30.487639176622167,-8.805811039017101 30.488620446673448,-8.806500024912225 30.489312225862758,-8.807875131462481 30.4906407619211,-8.80787812080888 30.491508049200377,-8.80702160021292 30.491624705656704,-8.805877235413732 30.491740908854748,-8.805190720855535 30.492262009313489,-8.803932799562972 30.493532884440523,-8.803821182907255 30.495092123579013,-8.804168057709205 30.496594161339772,-8.803942483462606 30.49734601434136,-8.802971221966175 30.498385731331322,-8.802973535921749 30.499136582488173,-8.803032437018089 30.500348650048405,-8.804008066521588 30.501100165804189,-8.803380185061712 30.501909824527843,-8.802351807623268 30.503584818102691,-8.802469976739246 30.504738538549024,-8.80407501655003 30.505893300410207,-8.804592651920984 30.506817123568847,-8.804995311668392 30.507855339590318,-8.806600093373731 30.509010438697317,-8.80677433072168 30.510800774819014,-8.80712165608395 30.512418040013475,-8.807239665120619 30.513225766993401,-8.808271612867543 30.514784480028478,-8.809247969922581 30.516459470905314,-8.809423323329156 30.517384062085,-8.809024711430141 30.518712525298209,-8.809142066659717 30.519578984301912,-8.809143949840063 30.519983802422246,-8.808629736389491 30.520620405507088,-8.807314769301968 30.520909849604266,-8.806628606378695 30.521603377075621,-8.806229480067486 30.522412585238953,-8.80565890520603 30.523799478303712,-8.805032341252968 30.524955159272054,-8.804576971342044 30.526226877063891,-8.803549519305932 30.528017389452653,-8.8037250633688 30.530155094104146,-8.803214547930395 30.531599433162167,-8.80293147013384 30.533159248766026,-8.802705866209578 30.535181818614031,-8.801737207351152 30.535759948679864,-8.801166103688331 30.536742766464329,-8.80019522350443 30.537436861407908,-8.799109262476463 30.538130314235556,-8.798767330348369 30.539112533071545,-8.798483239915242 30.540095042388543,-8.797855746962512 30.541020029269927,-8.796941962036328 30.541655906601935,-8.796370966292157 30.542234068144069,-8.795742613587549 30.542639228006749,-8.794770495936575 30.543044386070786,-8.793798376487018 30.543507159200598,-8.792998077907043 30.544259172281496,-8.791683281690666 30.545703658828362,-8.791171200532631 30.547147716398566,-8.791174215060096 30.548649538322081,-8.791177343801394 30.550209639910406,-8.790551016370046 30.55205864240537,-8.789810811387381 30.553329275614772,-8.789985143164129 30.554541916942469,-8.79044552139942 30.555984876440505,-8.791822116327635 30.55748634403113,-8.792283083618827 30.559219279125667,-8.792229412979452 30.560605501296205,-8.792346726840208 30.561990867312204,-8.793551485610294 30.563202951959568,-8.794755887349538 30.563779912906792,-8.795615582552273 30.564414774904208,-8.796303693407083 30.565742314513667,-8.797622796476617 30.566781488313097,-8.798368963964322 30.567820533509519,-8.79928683361112 30.568628658889107,-8.800032527156134 30.569668067411556,-8.800492517783596 30.569898772290401,-8.800950863551122 30.569955827977935,-8.801866734005046 30.570648034345197,-8.803127302002338 30.571051638380766,-8.804101111278044 30.572032767238458,-8.805247797227422 30.572840648901831,-8.806336895090681 30.574515287244427,-8.807084340515019 30.576305249248151,-8.808118187630043 30.577806476719786,-8.809036975484673 30.579192352651376,-8.809726588207241 30.579654096057482,-8.8102426326775 30.580751878673539,-8.809958665451461 30.581156331669089,-8.809845008234106 30.582370116035118,-8.808931682861498 30.584160754328991,-8.809106973315522 30.584968725924515,-8.810138823036311 30.584968047835726,-8.81105458467232 30.584968047835726,-8.81105458467232 30.584909601796365,-8.811970231195119 30.584677852804646,-8.812885530579592 30.584041559086582,-8.814028960083874 30.583116123443514,-8.815572452992967 30.582941489494548,-8.817346389977445 30.582941489494548,-8.817346390876764 30.583460412694649,-8.818663840992372 30.585193330702051,-8.818839023527801 30.586752776684587,-8.819242793038598 30.58808136580285,-8.819359918941016 30.589294208578675,-8.819762986081344 30.591084491640402,-8.820510613168722 30.592528543814694,-8.82074242511294 30.593799293935998,-8.82097388901957 30.59379879571156,-8.821660714743189 30.59379879571156,-8.821660714743189 30.317877217544094,-9.035942772713611 30.317877216644771,-9.035942772713611 30.200151189408075,-9.041877568756831 30.200151189408075,-9.041877567857512 30.150566294107023,-8.903654061628004 30.150104771934135,-8.903366490818655 30.14947065097806,-8.902735067828644 30.14895148406174,-8.902390094193436 30.147681422821105,-8.902042686093523 30.147190946076137,-8.90167036947139 30.147190946975453,-8.90167036947139 30.146470271670008,-8.901123311880951 30.144681404141181,-8.900259275650797 30.143470726932776,-8.899111036572265 30.143470726932776,-8.899111036572265 30.143991832787435,-8.898483362855814 30.144628229028232,-8.897970492093009 30.145436874215989,-8.897973116314688 30.14699629142018,-8.898035388069957 30.148093626173932,-8.898096157058092 30.149364928478914,-8.897814193521583 30.14994264755461,-8.897758845646649 30.150578241600158,-8.89764646816451 30.151412808846089,-8.897406158526394 30.151924910688532,-8.89709640773782 30.152081831590806,-8.896735872234217 30.152410518504045,-8.896527889625816 30.153213532137212,-8.894305109110405 30.154084172988348,-8.892475031048889 30.15679803279448,-8.893284794993235 30.158534100227655,-8.892029943086754 30.161021521538657,-8.890662736181184 30.159758616203415,-8.886821923349658 30.159758616203415,-8.886821923349658 30.159758616203415,-8.886821923349658 30.160772372464351,-8.885450783708905 30.160772372464351,-8.885450783708905 30.160768062913181,-8.885435006902526 30.160768062913181,-8.885435006902526 30.161058864087291,-8.884406045804042 30.161753529201007,-8.883607235602028 30.162562710384691,-8.883323734224859 30.163833407445967,-8.883327780274668 30.164350478042646,-8.88355231130771 30.166353801499834,-8.882832198977836 30.166988051958295,-8.882537450679365 30.167127550294875,-8.88236557045451 30.167418440501873,-8.881279381898025 30.169153405366213,-8.880140549727912 30.169153624800796,-8.880026117294904 30.169153624800796,-8.880026117294904 30.169732200930412,-8.879512999218548 30.170599019662916,-8.879286874586853 30.171581574845334,-8.878946679049591 30.171870996459461,-8.878745482725208 30.172430555525409,-8.878039023003055 30.17280008694723,-8.877507518287814 30.173030236944385,-8.876490933659111 30.173320555182553,-8.875690814943539 30.17378447314934,-8.87471959211797 30.174479310932895,-8.873806310812142 30.175867132098006,-8.872952421632419 30.176586228193969,-8.872677853220978 30.176833551644563,-8.872324562655649 30.178804365509734,-8.869237550757191 30.181063782606028,-8.866265885002916 30.183956687535613,-8.864269610431734 30.187772563965947,-8.862963177010952 30.191183881280725,-8.8617128280099 30.193092909024472,-8.860515490445209 30.194713976552467,-8.858859154205163 30.197086335005789,-8.857090364940007 30.198935134253926,-8.857095535142319 30.199044229210696,-8.857227962109789 30.199115116470974,-8.857118136004258 30.199982401951672,-8.856605831814306 30.200906508396766,-8.856608661980772 30.201772857683178,-8.85661131228278 30.202522970496602,-8.857014133008875 30.202694376778819,-8.858044583384583 30.202866093327085,-8.858903381063952 30.203500697219056,-8.859305847457108 30.203558661221848,-8.859191588593319 30.204078890237493,-8.858964304735478 30.204830043566517,-8.858794943511612 30.205465579156169,-8.858682446419664 30.20639010648398,-8.858456391935022 30.207545662446535,-8.858231038022268 30.208875105920754,-8.857662898524836 30.209015301231886,-8.857566223205367 30.209913576450329,-8.856553321300339 30.212976114199076,-8.855245423783343 30.213443025109598,-8.854815824844479 30.214541423761261,-8.854246959594207 30.215292872967268,-8.853905916895599 30.216043832042772,-8.85350796689761 30.217143940305618,-8.852277744723551 30.217266490918519,-8.851467072464004 30.218158325192629,-8.845567553226713 30.218158325192629,-8.845567553226713 30.260768711957098,-8.563698340294707 30.260768711957098,-8.563698340294707 30.261624878220175,-8.558034773480244 30.261748950485977,-8.557972737347368 30.262159419046608,-8.555179399956899 30.262159419046608,-8.555179399956899 30.262243759265175,-8.554605442745242 30.371139485589023,-8.493958385561484 30.372318806136263,-8.49300433169276 30.373705336774208,-8.492147943297139 30.374456505391777,-8.491576660669239 30.375380570468053,-8.491234854446248 30.376536110242792,-8.490435263632719 30.377921496943198,-8.490495358129351 30.378788182576042,-8.489867017115955 30.379134547462399,-8.489867718587107 30.380521547546493,-8.488610326995229 30.380579414422471,-8.488495881072424 30.381965498097426,-8.487983142509959 30.383063012715525,-8.487412535272881 30.384622411034002,-8.486785570222194 30.386585896323989,-8.486159407366756 30.388029971880652,-8.48541763036917 30.390512582718145,-8.485136173150975 30.392013831773507,-8.484852750014795 30.393515149177343,-8.484512037367381 30.394785555757664,-8.484170861569112 30.396344529596092,-8.483887533761106 30.398018958396673,-8.483604426286945 30.399058318355795,-8.483377343877237 30.400328387690305,-8.483322559877195 30.401598590124479,-8.483153205847884 30.403561721980907,-8.482813356549627 30.405062835238652,-8.4826444422888 30.406679205607645,-8.482647595311846 30.409681370069961,-8.482367018529885 30.410951379149875,-8.482369480873615 30.412106259721611,-8.482085301407606 30.413203476664133,-8.481743722713077 30.41499297281905,-8.481804457527005 30.416262727390858,-8.482036035647525 30.417936323419266,-8.482497518250227 30.418898421723494,-8.482776619244758 30.421265020918494,-8.483000128647973 30.42259198046531,-8.483403628362225 30.425303305981917,-8.484554117544462 30.426931493442396,-8.485085029606465 30.427285408137209,-8.48515040762004 30.428843900838388,-8.485325213339479 30.430575208160064,-8.485844043909365 30.431902355665155,-8.486419389674268 30.433287174893337,-8.487052124775062 30.43333425440153,-8.487162252153496 30.433495839187856,-8.487204411470884 30.455786056391499,-8.538702085587943 30.455786056391499,-8.538702085587943 30.472368034757551,-8.526438064349291 30.482313438329413,-8.527044913364819 30.496111438549402,-8.524661913233956 30.503537438220913,-8.523635913602959 30.52268143845896,-8.518114913611839 30.544224438666109,-8.518925913224621 30.562181438146805,-8.523209913750861 30.562780437879667,-8.530931913577149 30.556609438502733,-8.543872913862515 30.546499438315152,-8.560308913377467 30.539030438460088,-8.564459913168776 30.53154343867465,-8.569684913005119 30.527238438079731,-8.576667913839572 30.513002438353851,-8.584672913221368 30.510038438420565,-8.594478913784769 30.516324438601941,-8.600460913442646 30.5237634379734,-8.598747913619546 30.537630438676047,-8.591097913514943 30.547259438274978,-8.584136913694579 30.564283437915037,-8.578613913611321 30.575207437853749,-8.5811289135317 30.602532438392018,-8.570036913043282 30.610400438653127,-8.563055913200344 30.616590438006593,-8.54767691384609 30.618125438617707,-8.538552913244303 30.63335043806768,-8.535835913005656 30.644016438704,-8.530623913768579 30.652221253950813,-8.524750241046377</coordinates></LinearRing></outerBoundaryIs></Polygon>
  </Placemark>
  <Placemark>
	<name>South Luangwa</name>
	<Style><LineStyle><color>ff0000ff</color></LineStyle><PolyStyle><fill>0</fill></PolyStyle></Style>
	<ExtendedData><SchemaData schemaUrl="#National_Parks_Zambia">
		<SimpleData name="Name">South Luangwa</SimpleData>
		<SimpleData name="OBJECTID">17</SimpleData>
		<SimpleData name="ID">0</SimpleData>
		<SimpleData name="PROVINCE">Central</SimpleData>
		<SimpleData name="STATUS">1</SimpleData>
		<SimpleData name="Size_SqKm">9050</SimpleData>
		<SimpleData name="Shape_Leng">5.35826120967</SimpleData>
		<SimpleData name="Shape_Area">0.72245325313</SimpleData>
	</SchemaData></ExtendedData>
      <Polygon><outerBoundaryIs><LinearRing><coordinates>31.556477945963252,-13.617825305733218 31.555701433551629,-13.618096021449105 31.555694331605537,-13.618092430456272 31.555542999090392,-13.61801592603058 31.555511483249177,-13.618027494909143 31.555692889992315,-13.618092938573227 31.555701433551629,-13.618096021449105 31.554928184779612,-13.61836559862337 31.554924113548793,-13.618363952864058 31.554767444456733,-13.618300623506059 31.554722246330183,-13.618317215098157 31.554922940832849,-13.618364366552157 31.554928184779612,-13.61836559862337 31.554137788634538,-13.618641153591113 31.554187252245473,-13.618513605445628 31.553975140849619,-13.618591468746956 31.554137788634538,-13.618641153591113 31.548211658458399,-13.62070717778016 31.546654779140908,-13.621278690634538 31.546633142352221,-13.621257495412976 31.141983974081544,-13.762330128475014 31.141219210412942,-13.762443384594803 31.141015156043121,-13.762179444371043 31.139558731895647,-13.762693040886745 31.138526765262952,-13.761754253009485 31.132592135594333,-13.760184732821585 31.131329194286195,-13.759368747367489 31.131153330964082,-13.759290469478742 31.129228512024721,-13.758750208964216 31.127583651133815,-13.757772108123788 31.127586457917861,-13.756281063675488 31.12864708144701,-13.755193500954931 31.128747902641123,-13.755101321346217 31.129961937018603,-13.753795843005435 31.130696019416916,-13.752909714030352 31.131684466057944,-13.750867518277742 31.131267213011938,-13.748989413721915 31.130464376545206,-13.747870487145576 31.129500856412843,-13.74549536237771 31.128394553619842,-13.744100308864859 31.126681490844192,-13.743873686008724 31.1233610662083,-13.743072559153177 31.120302927043607,-13.741344491189466 31.120392765717039,-13.738817671479694 31.119635006867668,-13.737295648984739 31.118986832206243,-13.736716629489422 31.118743821904101,-13.736593454746981 31.118285990548824,-13.736090561962101 31.116298891760323,-13.734315471147452 31.115008683907604,-13.732697405556392 31.114697058931938,-13.732208104225322 31.114401329473083,-13.731882375182238 31.114343799842857,-13.731760202284589 31.114759572604836,-13.731541374751771 31.110407432247086,-13.728712483564207 31.109816867255518,-13.728753683305001 31.10731843014895,-13.728967839759207 31.104820008330876,-13.729181996213356 31.102078867591047,-13.730880933337856 31.099937351612823,-13.731594762104747 31.097724445653284,-13.73330798046311 31.095797086129263,-13.735449496441277 31.092656195848008,-13.738019309140043 31.090800211016813,-13.739803902191227 31.088587320345763,-13.741017433847729 31.086374414386224,-13.742944793371805 31.081663085709291,-13.743158948926634 31.07666622678471,-13.745728761625342 31.073953633223994,-13.747584746456539 31.071526586098742,-13.750511480283592 31.070598601777075,-13.753224074743626 31.070669976469905,-13.756507730598344 31.071312429644589,-13.758435090122418 31.072097648392798,-13.761147668394642 31.073453945622813,-13.76450271513005 31.074881617545657,-13.766929762255245 31.076951757931681,-13.770998636858165 31.077094523505195,-13.773068777244191 31.076380679449866,-13.775210293222415 31.074239164370965,-13.775995511970564 31.071383820525227,-13.776281043117592 31.068171539363387,-13.776281043117592 31.065458961091164,-13.775638589942901 31.063031913965911,-13.773996761565909 31.060533476859401,-13.772854621689362 31.058249195307663,-13.771141402431679 31.056464001509315,-13.769356208633326 31.056165166691525,-13.7686910916442 31.055990369965343,-13.76794520564431 31.055977093274176,-13.767730701152514 31.053695259677056,-13.764885891065717 31.053562659140425,-13.764808367708156 31.051992309777631,-13.764321780530963 31.04909092424128,-13.763734483675647 31.046317164192089,-13.761708893004991 31.045500705694565,-13.761909341992805 31.043235742479339,-13.761013089349547 31.044426839648505,-13.757989330366739 31.046768829795496,-13.755957886908277 31.047326998509615,-13.755078177293797 31.047432799249748,-13.754730378888155 31.048024415548749,-13.75310391362933 31.049134505386803,-13.752893233954126 31.050178079568923,-13.752455451184856 31.051025999048989,-13.751450939954395 31.050783287321792,-13.751229973833802 31.047515662781507,-13.751974550420869 31.046233268238609,-13.752305922709695 31.045238701711124,-13.752455218260422 31.043860641787319,-13.751700198745993 31.043103379363739,-13.750178000883295 31.042966480067832,-13.749609232759724 31.042228661885872,-13.748659886841892 31.040868562322313,-13.746699821673587 31.039631324537083,-13.746628124124129 31.038110145606254,-13.746853050858931 31.037066582215971,-13.74729078326618 31.036373460338833,-13.747658981892755 31.035380855232741,-13.747865525585949 31.035253684802509,-13.74758318073691 31.035174076816475,-13.745234490640769 31.033606314803134,-13.744084548246292 31.031997308082907,-13.743452203451227 31.030730475408348,-13.744241778515343 31.029996089938546,-13.745127563949438 31.029155877648289,-13.746361133400057 31.02835692805138,-13.747077096258124 31.027335227179602,-13.746424332356355 31.02500844187017,-13.74369482524628 31.023775674614793,-13.742017035679224 31.022315762896479,-13.740576532229682 31.018962987848568,-13.738800211142461 31.017443796419339,-13.739082299684753 31.016196935888445,-13.73872406734489 31.015723234197306,-13.738625785836234 31.015210793310416,-13.737381810330419 31.014351800478213,-13.736321902661587 31.012819701979257,-13.734482398805881 31.011072080056692,-13.733223873168924 31.009700067174204,-13.732640545021752 31.008420353510246,-13.731308442252327 31.007463981189343,-13.729104862262203 31.006529580204983,-13.725810841721112 31.006475394254092,-13.724206875700814 31.006707087487825,-13.722363600987876 31.007673169788632,-13.709196610969116 31.008679805217749,-13.707670578397256 31.009905814068077,-13.7056781214481 31.013442427625932,-13.700737928804529 31.013795329684115,-13.69900512860829 31.013191888199742,-13.695068775401637 31.013237629516823,-13.692945165824369 31.01312524214211,-13.689622649365445 31.013184539839411,-13.687900032192545 31.012899876538196,-13.684698196656029 31.011894559515216,-13.682783106582461 31.011462246422465,-13.682167231970993 31.008998792942858,-13.680589474892656 31.007773552113576,-13.680861372317679 31.006023756529601,-13.681266154465106 31.004008129447698,-13.680762509847 31.001614416592819,-13.681246928758753 31.000571114905316,-13.681684538858235 30.999144572530895,-13.681217797020281 30.997275407236032,-13.681569297934743 30.996099200141714,-13.681552680262312 30.993694590201812,-13.679972752220522 30.99294678325003,-13.68045744992213 30.990682825476878,-13.679560842046726 30.989931150541054,-13.679930961625187 30.987278991420737,-13.676237561164044 30.986956454071507,-13.675388455478242 30.987063044416402,-13.673320131722676 30.988120596760837,-13.67156300846284 30.989420703451117,-13.670026887296501 31.014887005903631,-13.63920628678153 31.016809207815808,-13.636960117598107 31.020858253267306,-13.635041468907218 31.02186830971743,-13.633629890352097 31.024496323839912,-13.633137036698995 31.025224494095141,-13.632079360248156 31.026310697040795,-13.631181283779823 31.028136697576205,-13.629569225659964 31.029878707729321,-13.627214483126579 31.032873206370656,-13.623669051716204 31.035274433960407,-13.621692771771734 31.035783281156455,-13.621101515201586 31.038409526312478,-13.618830590380639 31.03881296037622,-13.616866515135426 31.038801284478268,-13.616522801450401 31.038889492680884,-13.615659425322633 31.038559350664624,-13.612860611060967 31.038352123486675,-13.61195017700868 31.038188347052596,-13.608858798002473 31.038335562471499,-13.606272759735702 31.038713660835011,-13.603563965810565 31.039303166425213,-13.600159556188316 31.040215319081934,-13.597604195594611 31.042689068000129,-13.592585507426348 31.043050962379251,-13.592859653156493 31.043608675137079,-13.5919798913813 31.046087645518977,-13.590574259143407 31.047652850759789,-13.589946094397135 31.049313992976749,-13.588683674695799 31.051438801350287,-13.587232987323546 31.05257363423533,-13.586046272550618 31.053178285307805,-13.584820715159935 31.053391779860984,-13.582461734121864 31.053325469250471,-13.580514005853161 31.052740884750392,-13.577150526175103 31.053490708881498,-13.571560964570438 31.053862509292799,-13.57040088771606 31.054224551160814,-13.568954377694638 31.055662612051716,-13.566323171878253 31.056280843786226,-13.565498600596696 31.058022046348128,-13.56314354869653 31.05866185641537,-13.561228476609413 31.059064964025197,-13.559264324022479 31.059059223652692,-13.557371822220317 31.058871572017381,-13.555313618535592 31.058953910345053,-13.552557717223236 31.059474355198006,-13.55058945473462 31.06006528801225,-13.547242211416517 31.060706975863919,-13.545384409954806 31.06155203999651,-13.544322456328359 31.060736539276999,-13.541081768281572 31.05992877632417,-13.539790872447497 31.059291295500998,-13.536601310858032 31.059068389542801,-13.53523259578941 31.059561432952815,-13.532462316116492 31.060091573396559,-13.530780476003031 31.060338160302418,-13.527674685361319 31.060111342293393,-13.526191398464789 31.059769125979528,-13.524769504685992 31.059037746943314,-13.522271489361458 31.058777733159555,-13.519814332035367 31.058989071138452,-13.517398032707717 31.061684354548731,-13.512027025241991 31.06326274474981,-13.50835838491497 31.064293532371323,-13.500694048717889 31.065551055264223,-13.497954295631871 31.064741420822255,-13.496606139964227 31.064127370035919,-13.494104027328547 31.06418018811803,-13.492209456186343 31.064882269940536,-13.486965528319272 31.063822349681228,-13.486887961794253 31.062471049983682,-13.48687795413872 31.060376623406285,-13.48746752178215 31.058616607027485,-13.48752916401196 31.057087353084114,-13.487468003818718 31.055278436969278,-13.487818109884756 31.053903622698723,-13.488841264960172 31.051347636176839,-13.489676323235926 31.049577851362191,-13.489451468446873 31.047643777499843,-13.48957647510832 31.046218200997316,-13.489110139763909 31.044530653786296,-13.48784999534729 31.043318464817556,-13.485024656481755 31.042608936608644,-13.481436136754326 31.04261884354014,-13.480001931256936 31.044684099708206,-13.47683257653415 31.045749941103796,-13.475361435880984 31.047099327943329,-13.47359359629985 31.048223801537912,-13.472120389004658 31.049346308315194,-13.470589887701635 31.049543866882004,-13.469493234634058 31.047985563038424,-13.466852096705168 31.047402954348915,-13.465266553296658 31.048507858696095,-13.463220473372189 31.049166886375811,-13.461878249632603 31.050746896255877,-13.459987588742649 31.050821179356152,-13.460443826499272 31.052322975199331,-13.457982341635612 31.053797336324692,-13.456439481849257 31.055455472108065,-13.455119591872972 31.056079227478449,-13.454466835165761 31.059559681972811,-13.446315145569145 31.059982009893019,-13.444923814350147 31.061254842844164,-13.442642332387948 31.062828753522236,-13.440579702240198 31.063753551545972,-13.440145779361044 31.063690983014396,-13.440033263383327 31.063288183872089,-13.438556149433225 31.063041791219746,-13.436499995303393 31.062899049028658,-13.435759380229911 31.061972283288295,-13.434415354248983 31.061706369052725,-13.43350699403328 31.061753256106041,-13.431440554357435 31.06152839232379,-13.4300145551735 31.061506875144914,-13.429384400227605 31.061618278661282,-13.427487763342697 31.061931068259014,-13.42632968298318 31.061841114472369,-13.425415150720426 31.062106985540478,-13.424602847990002 31.064791332295556,-13.425827847801031 31.065702367094953,-13.424992901041207 31.065657349732135,-13.423675301638125 31.06574333660933,-13.422754593730986 31.066192974241627,-13.422165256313974 31.066978855790129,-13.421105271303475 31.067489096036009,-13.420571159453687 31.069332638746914,-13.419531389403744 31.068916113252442,-13.4176532731567 31.068276833785205,-13.417847784820481 31.066925917198883,-13.417837854506615 31.065864339489053,-13.417703049731697 31.064918105225445,-13.41750683655067 31.064444989892248,-13.417408729510498 31.063617957166343,-13.41554501680514 31.06371372866721,-13.414910744762949 31.063692201595757,-13.414280588018357 31.063490749863941,-13.411821366748256 31.063905138569282,-13.410200866692433 31.064071227160294,-13.408187590438331 31.063801333424689,-13.405443991851371 31.065343526813422,-13.400744043195402 31.069327548584226,-13.400489426243098 31.070682287289173,-13.400613905002499 31.072621533152471,-13.400660483588354 31.073327248236009,-13.400693041743807 31.074337802910463,-13.399338338112386 31.074200911708484,-13.398769587975323 31.073760841063972,-13.396204029069793 31.073647318744857,-13.394602047853255 31.073029363102247,-13.391985385872715 31.072994086296319,-13.390954216039347 31.07343940268629,-13.386808922446278 31.073236033599866,-13.386013085402908 31.073108628446619,-13.382289413762294 31.073671356723366,-13.379860672314349 31.074368996794419,-13.377943388794334 31.075903088190955,-13.374734847912803 31.076960373436744,-13.373034327981486 31.077577950464786,-13.372209614607071 31.078930368019538,-13.370556055473457 31.080493776414926,-13.368206782616653 31.081005824298074,-13.367729909916079 31.082708058337175,-13.366006653325201 31.084668117210185,-13.36324188110035 31.085101874614107,-13.362194186224713 31.097853292419753,-13.316375133572876 31.098339607102332,-13.315153459454734 31.09888847772595,-13.314044290522418 31.099316155712923,-13.312824682146982 31.100519310092576,-13.310258464937704 31.101578062132546,-13.308615060948453 31.102955069849596,-13.305985325523636 31.103558580581762,-13.304759492940377 31.105854831210362,-13.298139558301727 31.108561280602942,-13.291505075330518 31.110376967713361,-13.28627863747829 31.110677427606049,-13.284776697743609 31.112893121463856,-13.284354170173856 31.114882224841153,-13.284169074411805 31.116011204938442,-13.282867235627236 31.115548173703189,-13.283055698451051 31.114150633564858,-13.281671193985574 31.113398454109412,-13.281984601417548 31.112608806200225,-13.281209523424534 31.112807782997834,-13.280170033963088 31.115058379543655,-13.279057944032843 31.116050936985687,-13.278908097197643 31.117047439753488,-13.278872824888367 31.11804196940869,-13.278780258571203 31.118381835794079,-13.278424074886914 31.118184275428685,-13.277800126162333 31.117314299176485,-13.27639696256341 31.116178297172834,-13.274085478318909 31.116765858428774,-13.272401281981786 31.118258304020856,-13.271430704869431 31.12151452245979,-13.268848960865341 31.12344622930652,-13.267002403627032 31.124541499216829,-13.264726598185405 31.124525055113562,-13.262547543606388 31.123994270755247,-13.25906746322994 31.124002857481969,-13.255912420317941 31.127019757335688,-13.256608503662505 31.127683586495721,-13.255437786929178 31.12853115074358,-13.254489988744524 31.128661529055417,-13.253166106677781 31.127996356308358,-13.250895331144307 31.127071735451011,-13.249608859974614 31.12537332982583,-13.248005666471954 31.124458610504064,-13.24700563386517 31.122222875254806,-13.245134678919497 31.121921926130938,-13.24491590984263 31.121923258026868,-13.243252455468792 31.128666599433018,-13.241407307468023 31.130873971864105,-13.240755408714108 31.131963811668072,-13.240028427362573 31.133860320849177,-13.238871296687135 31.135223402564574,-13.237561006074145 31.136496202240775,-13.235336159816029 31.137584023066779,-13.234551859275655 31.138978730340625,-13.234158172064099 31.139958441866835,-13.231943708478809 31.140371077793528,-13.228602189345395 31.141311943104654,-13.226962691111737 31.142329222909272,-13.225836709354098 31.143704067756854,-13.224870093755328 31.145909281815022,-13.224160749907412 31.146891702099193,-13.223724302631352 31.147276178454494,-13.222964952881339 31.147560432564205,-13.221004606225277 31.148030402068965,-13.219324453239949 31.148560948106933,-13.21769950423811 31.149695361907902,-13.216569313653338 31.15090621178609,-13.215952639544639 31.153015047301096,-13.214156800471471 31.154458306273341,-13.213474474955261 31.156061495279403,-13.212327564175382 31.157396528939387,-13.210215060325822 31.159739676513819,-13.208410806296397 31.161365675923832,-13.206230548424514 31.162037125938696,-13.205288857535777 31.162333137784625,-13.203672212873528 31.163205219349667,-13.201748237498293 31.166981453664903,-13.198975049417866 31.167406539805825,-13.197697955478985 31.166344789426148,-13.19584289784882 31.165566113245742,-13.193690944339153 31.164993039168337,-13.192392072417988 31.163794268084299,-13.189968287133752 31.16450041664103,-13.188337013200055 31.165901769005359,-13.186451506324659 31.171060272071543,-13.18632489347408 31.175026039403804,-13.187330611594746 31.176543597664196,-13.187104361957211 31.177035162588766,-13.186054310857855 31.177515683838863,-13.182997004465335 31.178166005181993,-13.179761546875454 31.178005928558722,-13.176841829558839 31.178002836689583,-13.175063735907941 31.178211344502071,-13.174310591479921 31.17951323185002,-13.172944782120792 31.180422865505701,-13.172109230117314 31.180465534738687,-13.171648813211164 31.179607408852917,-13.170589596221646 31.18037396846762,-13.169013452526997 31.181802954299993,-13.167929891789527 31.182653967447834,-13.167096421716508 31.183481919280894,-13.163911941296474 31.184234488142803,-13.161934745842188 31.184401134313472,-13.159978489302716 31.183996644445699,-13.156780688124798 31.184250585107801,-13.153960883687034 31.184066160239922,-13.146969334796665 31.184860490019616,-13.146195230769479 31.186664748545638,-13.145786541067821 31.187545553534335,-13.14581240107276 31.188012260298766,-13.145738346400265 31.187868768073031,-13.141613415256584 31.187707749859609,-13.140357210769821 31.187379736538613,-13.137672929665257 31.187063684200549,-13.135332393721967 31.196298430914339,-13.100699136349533 31.195897073385193,-13.099279454003579 31.195152244988034,-13.098101527405504 31.194501919148312,-13.097952738173092 31.196123480404083,-13.093993985552629 31.202279889180371,-13.093945387988811 31.203631121428717,-13.094011657230508 31.204033157946011,-13.093767786277169 31.204623542173803,-13.092197812830989 31.204399864597349,-13.090829125641335 31.204685375959283,-13.088925908417195 31.205041443630989,-13.087364335538041 31.205094646622911,-13.085526811989496 31.205388134971258,-13.083852756407566 31.20560106115289,-13.081550597233216 31.206019676671755,-13.080101500761657 31.206806312751493,-13.077434572075617 31.207515769014606,-13.075917670320337 31.207996928783359,-13.074581048457674 31.207995522243721,-13.072860203848506 31.208380112812904,-13.070437146115808 31.20925524487825,-13.068627469174544 31.209643810450871,-13.066318988665671 31.210361777897671,-13.063367681763452 31.211166294297982,-13.061216346987349 31.212550467812946,-13.058872095045443 31.213651782965936,-13.056824810928788 31.21483966236093,-13.05557749713955 31.217146810973873,-13.052798494942238 31.218969859934358,-13.047914411000136 31.218957324284585,-13.042522672362907 31.219422315142541,-13.040727675954486 31.309272941470624,-12.964853852152942 31.313264285521367,-12.964995546633928 31.317655339543364,-12.964835797363889 31.320857198462193,-12.964202952545747 31.325712571548589,-12.96391142561879 31.32709771453267,-12.964950969039535 31.328050711697983,-12.965375199925177 31.329657887398579,-12.966062434840294 31.330263664422262,-12.96661404479886 31.331347981489614,-12.967435058362469 31.332369695851128,-12.968143613504935 31.332696954640994,-12.969106949276295 31.333807687494296,-12.970672781344547 31.333961335763718,-12.971699811598626 31.336192656241106,-12.973454266570002 31.337656401769209,-12.973400901700073 31.340474922874478,-12.973527594590278 31.342707949365771,-12.973675618499669 31.344177798592451,-12.973794099680445 31.346075799748863,-12.974413268508442 31.348076677050187,-12.97462708861616 31.351583593195979,-12.974326954278068 31.353669019358502,-12.973619739125411 31.355505987126094,-12.972519997785923 31.356880648511943,-12.971609239977738 31.357268101623163,-12.970964022287149 31.358267018171258,-12.969378551723707 31.358989466939761,-12.968262134255836 31.359447676909671,-12.967958541125197 31.361028499776804,-12.967900760584143 31.362241731059783,-12.967397453211786 31.363582243389541,-12.967176333307179 31.364436024650555,-12.966456679631506 31.364813260564233,-12.965524972116611 31.365315742358973,-12.964818161658911 31.36598775085281,-12.963933039924425 31.366859858498174,-12.96372903142003 31.368303175027108,-12.963102535815437 31.370255064458771,-12.961941092890866 31.371669812224809,-12.96051244340498 31.373207757216221,-12.959251383478543 31.374444791754684,-12.957771849452854 31.375219559481533,-12.956481343924565 31.376148142751731,-12.956217861455741 31.37738170141051,-12.956287425813343 31.379353913721445,-12.955698856417371 31.380550724283466,-12.954737089962975 31.381601846475348,-12.952977471084523 31.382320059437117,-12.951746378366748 31.38315943985452,-12.950625582099917 31.385394377405131,-12.950830513308688 31.386716405969196,-12.950093601643346 31.387277339199212,-12.949384590544582 31.387541458388057,-12.948571720341931 31.388180647923093,-12.946769797355216 31.388717045849486,-12.945373234779993 31.391532560521167,-12.943778325831886 31.392563859856921,-12.943109411905139 31.393084619472575,-12.942918192659363 31.396352842061955,-12.942511396929888 31.398060839855926,-12.942735552046372 31.399227622954694,-12.942577971941091 31.400267086335877,-12.942138207965343 31.401358949614348,-12.941524401794593 31.402153997952325,-12.940806750009811 31.404205064617432,-12.940788778857666 31.405862711169618,-12.94124421621774 31.407992810254655,-12.941797024073194 31.409351607599884,-12.94209131012019 31.410798813696601,-12.941579142627177 31.412574734585462,-12.940423794408048 31.413777504055243,-12.939633738206624 31.415079806889935,-12.939987443359428 31.415962058887828,-12.940069736721 31.416698521791488,-12.939354188450466 31.417773936470041,-12.938281938486114 31.418853443963201,-12.937324274738785 31.420900394431388,-12.937191577075396 31.423969249917374,-12.937767074825672 31.426287322594987,-12.938657045704531 31.429007007309902,-12.93930271935136 31.430710931175096,-12.939412067916919 31.432323452445814,-12.938606822166491 31.433176955816403,-12.937886906788094 31.436991496753475,-12.93636937910469 31.438685133274021,-12.936192191980524 31.440378769794506,-12.936014993165145 31.442137115232981,-12.936007513503796 31.443509245027315,-12.935038939181652 31.444643080564216,-12.93396440314069 31.446889211076776,-12.932848812149814 31.453355898543748,-12.936626167020336 31.454577073538136,-12.936351577025105 31.455146034116581,-12.935871580079777 31.455706755106632,-12.935162394512531 31.455974758467281,-12.93446402059476 31.456240700581873,-12.933708349071821 31.455862673264789,-12.932976465515935 31.455514360446955,-12.931440265209231 31.454714188671346,-12.930379737907515 31.45430940202732,-12.928902995377427 31.453082983985439,-12.927399226421754 31.452905301334852,-12.927348415626398 31.452508763272476,-12.926100859020266 31.452093700974896,-12.924337631162471 31.451886041223133,-12.921820897349221 31.452204340966887,-12.920891176436726 31.452754736840689,-12.91989551003843 31.452761804612521,-12.91846092772505 31.452237904564356,-12.916931211530196 31.451878437455321,-12.916714997427221 31.451343354337723,-12.916505269234733 31.451461328300866,-12.914894472863635 31.452080542994334,-12.914183128024206 31.453450452362574,-12.913157184151146 31.454128194933674,-12.912443671046333 31.453739902754986,-12.91142530396138 31.453190415196445,-12.910814502425524 31.452523855694775,-12.910208024829954 31.451441364251135,-12.90944479090814 31.450745992270299,-12.908036154035301 31.450882487770627,-12.90694102891581 31.450922495909708,-12.90642319569406 31.451660819510721,-12.905764820922172 31.451989387713411,-12.905121581740048 31.451454327978183,-12.904911855346198 31.4495000013838,-12.904352941094144 31.446930602373182,-12.904619941710733 31.444447414170948,-12.904023145316842 31.443452309848965,-12.904059877225789 31.442196324796726,-12.903360389048032 31.440380629592426,-12.90176358972502 31.439245847968778,-12.901174362924621 31.437989890795507,-12.900474857659731 31.4369763018085,-12.899995896733399 31.435191493819332,-12.899258515621909 31.432996959210183,-12.898536231429318 31.430748012920333,-12.897930681934099 31.428470327895692,-12.896522964168412 31.426852961977204,-12.895549873451046 31.426730773791068,-12.893775841138391 31.427125109413794,-12.891695913430736 31.428288567718994,-12.889817122692193 31.427978449107741,-12.887705784364016 31.427976395955511,-12.887648487658225 31.428035950858938,-12.886039872143044 31.42716928141391,-12.88475225793502 31.426732870110701,-12.88402250577235 31.425165903997367,-12.882818070758162 31.424616546840525,-12.882207223356884 31.424393735311128,-12.88089587604054 31.425186459800951,-12.880120825027177 31.426150660720111,-12.879224706382956 31.426176332766772,-12.878305805213756 31.42556229187295,-12.877525227866554 31.425057099521666,-12.876511149648366 31.42549658200954,-12.875691742273943 31.426349866844873,-12.874971824197585 31.426720544902306,-12.873868088069685 31.425991508599907,-12.873149124174061 31.424965731101452,-12.872326352435891 31.423964598623854,-12.872191134872139 31.423172942528542,-12.871359728743187 31.42316473081911,-12.871130542819287 31.42286287248066,-12.86924838861637 31.423758241090297,-12.868067948413227 31.424482128774059,-12.86700856864644 31.424380481103068,-12.865807500693961 31.423810625699218,-12.864623689831888 31.423232562183156,-12.863210693045856 31.420206758142054,-12.858904553009891 31.419588672997065,-12.858009375955874 31.419079430998632,-12.856880698930127 31.419254007390972,-12.855210478057302 31.419402895548846,-12.854459155655718 31.419857766336012,-12.852434371676905 31.420569299133714,-12.851031219769141 31.42153133808273,-12.850077808016408 31.422890705598149,-12.848765511915303 31.424540615282918,-12.847385120948843 31.426249029463008,-12.846002559018926 31.426892711111574,-12.842708596034413 31.427232504651894,-12.840745402124808 31.427764288156936,-12.83923410404509 31.428354584251224,-12.837720643995169 31.428595811197795,-12.836277433586304 31.429064944332993,-12.834653695071893 31.429233256947388,-12.832811565195868 31.429833801715514,-12.831584582379776 31.430282361959996,-12.82938787321001 31.431054332795384,-12.828039812870429 31.432355007857211,-12.826729605894455 31.432531508798661,-12.825116656546413 31.433364025590375,-12.823823722848601 31.435258056240006,-12.822721078497636 31.43661102597849,-12.821236792454386 31.437917808336238,-12.820098440522257 31.439755335482058,-12.819055217075686 31.439782984238548,-12.81819360092112 31.439985014234477,-12.815661727021505 31.44101152737835,-12.814877946289243 31.442211518842381,-12.814030375746142 31.444391835170222,-12.812744947790009 31.446559774128957,-12.811115716216648 31.442027690225018,-12.802390438130431 31.441394040513725,-12.799430460864526 31.442128788410283,-12.7970510022638 31.443554491717236,-12.795965573634417 31.445569403838132,-12.794973090836152 31.445772549892695,-12.794104978878522 31.445911005915033,-12.793067138773665 31.444802224590486,-12.791559068360696 31.443431799011421,-12.790921269177545 31.442830234412099,-12.790484527823139 31.441782049405962,-12.789031582253301 31.44128515779698,-12.78824672952919 31.440769740154167,-12.786946202855461 31.440633004534902,-12.784771079213042 31.440817627253576,-12.783387297802504 31.441829582172488,-12.782202416747166 31.442200010218414,-12.781098628458608 31.441432898419915,-12.777684603285195 31.442323694876393,-12.776389450060663 31.443113945331334,-12.775556997120816 31.444257284004152,-12.774768853777402 31.445499086747983,-12.773460700852922 31.445603737255222,-12.773112589483162 31.444469914308794,-12.767646694550081 31.444631006266658,-12.767239120907107 31.444435724783261,-12.765066157436138 31.443636047634751,-12.764005649020248 31.442610603784768,-12.763182984301409 31.441829474253833,-12.762638145338428 31.441638333249045,-12.760579777077737 31.441827035292476,-12.759310583682861 31.441852586830006,-12.758391665426586 31.441757015877954,-12.757362481296241 31.442461926068233,-12.755787324157836 31.443152407535873,-12.753811082884226 31.444160098769029,-12.752511581437659 31.445639900792685,-12.751309348863117 31.446869204758915,-12.749657390522771 31.447705482515346,-12.748478961203659 31.447704214471283,-12.746815174979986 31.447853225836237,-12.741187045950142 31.449032207339027,-12.739766423812624 31.44900283997816,-12.735693979800599 31.448894869174012,-12.73432101003948 31.448323052348769,-12.73307996542411 31.447222719255421,-12.731801116008626 31.44487132759593,-12.729937472551057 31.444493569176132,-12.729205600686328 31.444780659747551,-12.727416392314408 31.445903150337077,-12.726055239644779 31.445709907616727,-12.723939571081019 31.444247886088931,-12.719116945907045 31.44400646668748,-12.717289929137733 31.444314144538794,-12.716073691421228 31.444523382600778,-12.715377459688511 31.444643214563197,-12.713823934842253 31.444917907081102,-12.711690937242279 31.445388676083095,-12.710124413595395 31.446043154092649,-12.70878057917008 31.447378889223788,-12.706837769293543 31.446997026298273,-12.705991307614511 31.446667470639969,-12.704970787552611 31.446218877120543,-12.703897302819085 31.445695307123572,-12.702367605509947 31.445541225380964,-12.701340585148444 31.445261922938354,-12.700088708199246 31.444481739494165,-12.697937404000072 31.444390273947192,-12.697022812382045 31.443136024586462,-12.694716943504318 31.442946138135934,-12.694322359668718 31.442225747915526,-12.693832675226474 31.441446873884274,-12.693345154553072 31.440665943103511,-12.69280033537518 31.439701315006399,-12.692032820680422 31.439211566712345,-12.689813382945033 31.438728807049699,-12.68615934670845 31.438148882836398,-12.684689103578648 31.438123710812818,-12.68073125837418 31.438015785874029,-12.679358288613059 31.438152094315338,-12.678263142809158 31.439281342410595,-12.675467393436975 31.440196457434066,-12.674859765608574 31.442407194228849,-12.672827171017957 31.442783588377097,-12.671895246766439 31.442458200177096,-12.670989320116178 31.443096838427717,-12.667580604540033 31.44360667397865,-12.667102722800109 31.44473092903797,-12.665798837158661 31.444810776243685,-12.664763147332735 31.444872065939308,-12.663211780859342 31.444598971516651,-12.662131797624852 31.448136835132122,-12.653050306176681 31.449494908523146,-12.651737715098022 31.450656201260927,-12.651465149476678 31.457656959208862,-12.650746406814219 31.458609767516517,-12.649563551032145 31.458750088732756,-12.648582977056149 31.460460218819261,-12.644044274142061 31.460838561798372,-12.643169607026209 31.460845390350528,-12.641734989639302 31.461432834694619,-12.640164060213806 31.461780175345382,-12.638429922725718 31.461753315294345,-12.637685050261723 31.461265484354779,-12.635522931715116 31.461148536518124,-12.635527275440552 31.460832623575019,-12.631637533195317 31.461891951181087,-12.630163821380505 31.462516551914174,-12.629624247948016 31.463487851182098,-12.628957042733134 31.46411864554597,-12.62858935941807 31.463952097401432,-12.627218552526415 31.463965098000642,-12.625955825256938 31.46429378761189,-12.623705995832836 31.465016704027846,-12.62264638673895 31.4675941357828,-12.621058846835524 31.468343914048432,-12.620744101212381 31.472341687352408,-12.617956202921562 31.472544533033386,-12.617088031608715 31.472795502335543,-12.615931195910889 31.473221875406235,-12.614767833833127 31.474141355738819,-12.612668124638105 31.475319529650388,-12.611247287562662 31.475929565863225,-12.610306585928129 31.476172229926359,-12.608920550816606 31.476413327370551,-12.605870689011851 31.476313460357176,-12.604726899778711 31.476737723618381,-12.603506229303946 31.478605011128874,-12.601715467802933 31.480002473026101,-12.599884806081434 31.480566422582228,-12.599290054745836 31.483010020830076,-12.597248292466416 31.482413859357504,-12.593713211353302 31.481967319889634,-12.59269708178158 31.481009572505396,-12.590495102584669 31.479473418064064,-12.58848678699087 31.48197123104114,-12.586328248645314 31.483963561185874,-12.584762268188909 31.484414685397439,-12.58428645578897 31.485383679703034,-12.583561844151006 31.486346450700122,-12.58266533340236 31.487442722455228,-12.582222848977493 31.488728889654059,-12.582174912415383 31.48940555483739,-12.581461178976667 31.489328432577395,-12.580947671493846 31.491302014555796,-12.578865937947569 31.493283098678543,-12.580226465588396 31.49404932554415,-12.580370018967981 31.494368978767568,-12.579497456265642 31.494484201704608,-12.577829254370783 31.494818371784277,-12.577357782099 31.495451070912225,-12.577047301060929 31.496276112539189,-12.575582122013486 31.49642451955981,-12.57483069529053 31.496042630553912,-12.573984301060648 31.495976230910568,-12.57215074172359 31.496114260654224,-12.571112822478369 31.497809593296097,-12.571049567764135 31.498465104626632,-12.571369363979784 31.499533988428652,-12.571788485816967 31.500861959712662,-12.571279912014802 31.502737524583093,-12.570928876049834 31.50485173804384,-12.570292925872707 31.506084479218885,-12.569843129959793 31.507044466814307,-12.566988056809976 31.507114333344131,-12.565615082552256 31.510067749156466,-12.562315117492517 31.511891773881356,-12.561125177750796 31.513080078655658,-12.558958265817807 31.513684585836643,-12.556615893458911 31.513696831005348,-12.555128086569935 31.514423062322351,-12.552214232832966 31.517484326631063,-12.550002156947642 31.519068526452486,-12.549497326123799 31.520730005915141,-12.546703921284177 31.520721214143013,-12.540637845808419 31.522750044171634,-12.542997178481471 31.522998165320868,-12.541281972621391 31.522605892742888,-12.539162067351583 31.52257689500334,-12.53555660169917 31.522597974212371,-12.532981536959767 31.522738885383884,-12.530063880889259 31.523913361283288,-12.529556377280358 31.526092369996885,-12.527853543393462 31.525934596537354,-12.52567791523137 31.52952111077667,-12.523583470667518 31.530489478254761,-12.519641002071069 31.528152307574491,-12.519225478421276 31.526391377484515,-12.519900934016503 31.525586711796787,-12.518121750387309 31.525486514732222,-12.516060944064577 31.526493329126364,-12.514579491785071 31.527738369429528,-12.512584515834931 31.530808675521939,-12.510522665399376 31.530580187471912,-12.510915509046868 31.530627596132032,-12.51228929539235 31.531681196855459,-12.512239055666498 31.53427215531303,-12.510196010953905 31.535328703114768,-12.507503872472739 31.535445414429773,-12.507426018164665 31.535501252435211,-12.507064207422445 31.536064266696428,-12.505629617914565 31.534501206338632,-12.503559065639024 31.534560173085481,-12.503502228486809 31.537555948764066,-12.502034099663092 31.538200891262136,-12.501866673780228 31.540661805056292,-12.501425083281445 31.542301797917048,-12.501206977004983 31.544704197323426,-12.500764963824848 31.546106493975909,-12.501003097103649 31.549211413174643,-12.500508430417369 31.551091369434513,-12.49954787265176 31.551918220497381,-12.498580404495669 31.55256817941375,-12.49778346128619 31.555669402398905,-12.497746518935855 31.557546127394744,-12.497186491323133 31.560023381870163,-12.494684588229516 31.560965828189467,-12.493889526401688 31.563603072053919,-12.493334405489973 31.565127818595268,-12.492886488260694 31.566065249395589,-12.492720891598879 31.568355986280782,-12.491591181252089 31.570127875509055,-12.489485195688644 31.570137391235445,-12.488283447848685 31.570263459096793,-12.487139684695876 31.570720471169746,-12.486534410393176 31.571582486623299,-12.486003491136614 31.573077037528208,-12.486471145786423 31.57565342966689,-12.486201647752523 31.577595314141032,-12.484783450187251 31.578717242654246,-12.483474411430564 31.579883837794739,-12.48253092909232 31.583603975999097,-12.48157369342232 31.585399122594364,-12.481914967246666 31.586386920824225,-12.482779747216114 31.588088882368705,-12.482103908509771 31.589150900746347,-12.480966124049814 31.589158528795792,-12.479993271652743 31.589284057963312,-12.478906716172901 31.589236772510333,-12.477475676289032 31.58954318411622,-12.475703524458766 31.589030582250697,-12.473926128681738 31.588458588259016,-12.472262811004837 31.588874818775878,-12.471407034148172 31.591046489021721,-12.470505256070396 31.592747463110641,-12.469943830011914 31.594764181969484,-12.466408466511723 31.593959508187879,-12.46457198527736 31.594437334169811,-12.463315981339349 31.59590202758335,-12.46303917091808 31.598826052652441,-12.463172248994681 31.59999334566686,-12.463523052035269 31.601096350645943,-12.464617428019494 31.604544222703222,-12.465097153369584 31.606247363258941,-12.46424950098816 31.60713773163809,-12.462595471509189 31.608192481695081,-12.462373227452019 31.610172557677856,-12.463530348234883 31.610743794440339,-12.465308088452218 31.612137579909131,-12.46663318190582 31.614187721171902,-12.466302738616662 31.615712691644433,-12.465797280065999 31.617062159422971,-12.465290708154724 31.619021793815985,-12.461525845766516 31.618861316095092,-12.459579009625259 31.619226876110869,-12.457692711346454 31.618478773282163,-12.456085562625503 31.619018495102807,-12.454372049289532 31.619167107168774,-12.454449140073166 31.619117550927683,-12.45281379311001 31.618287713216372,-12.45237188155329 31.620411131238026,-12.446546412491896 31.655370435114207,-12.388265593874962 31.673323966809164,-12.37303263632441 31.681583124489009,-12.363522875135402 31.68905624683617,-12.357384923145105 31.695420085137869,-12.350954239136286 31.704552750707474,-12.341734765608463 31.707793438754265,-12.338433711469746 31.711842136168169,-12.336567963598611 31.718638232703935,-12.334832071533299 31.723085225455407,-12.334456409433187 31.727417774082767,-12.333736642442943 31.742523711389936,-12.331130730957966 31.749791880045336,-12.328767083337823 31.754353247673176,-12.32873492178345 31.758685665898838,-12.328014641280333 31.790571068193056,-12.32578345929852 31.795017920650363,-12.325406600200777 31.802907902140532,-12.326020936072211 31.810912490532132,-12.326979053077821 31.871737321198051,-12.386187799359163 31.929515285700969,-12.414691954070008 31.923237026883555,-12.506008403360056 31.926729488226385,-12.508830077488369 31.92930540192577,-12.508671006307111 31.935619290083306,-12.509617628178546 31.938420255523226,-12.51083320939 31.942793372567277,-12.513258331066707 31.944762022663667,-12.516473042196706 31.944569212517191,-12.51910492520261 31.943514854564622,-12.520348313451164 31.943208829667181,-12.52034132481964 31.943208829667181,-12.523761787340163 31.943225625405432,-12.523831762687905 31.943477185562127,-12.524994847774508 31.94803449724759,-12.541233382252187 31.948051889236353,-12.54128809610512 31.948060166596292,-12.54133811369843 31.955830616497565,-12.551262226720553 31.96501009807406,-12.56044170739767 31.966354590803121,-12.562234364669507 31.969324089191275,-12.564382518543653 31.969720263028247,-12.566322791432697 31.969674684488492,-12.566242431613432 31.96864897353981,-12.565349704312609 31.980195258457396,-12.584043690102419 31.980756660234189,-12.584671836862242 31.980563902248434,-12.584601275156501 31.984516496311585,-12.588553869219707 31.990157847173915,-12.595190753380678 31.990489214966146,-12.595561517773033 31.993632009112101,-12.598438039753205 32.000333057201885,-12.603334386850577 32.003411333985468,-12.607183512115625 32.007314372706901,-12.610235133893582 32.008770673647234,-12.611386598840227 32.012559288928855,-12.614036970108373 32.016336070031969,-12.618576021959427 32.018613884558931,-12.619445042232257 32.01977107998556,-12.621625325285207 32.02293862077579,-12.620666845852782 32.025510641310113,-12.621308213545774 32.026191284194795,-12.624802720846217 32.029575834088632,-12.626592486797733 32.031088013503961,-12.628201984547841 32.033643334527532,-12.631533300872832 32.044091373678157,-12.636731837259106 32.043493802967987,-12.63867517413837 32.045534151513152,-12.640115272893013 32.055437140360141,-12.648344471458074 32.057404630331121,-12.652130852823802 32.061060726015107,-12.65747012141645 32.062921445776794,-12.659596138478832 32.066243260764558,-12.662186512377103 32.068278322195511,-12.664542215386405 32.06996663383029,-12.666152298595136 32.074636106261316,-12.668634054177346 32.078797766615935,-12.67408624254341 32.079074188530107,-12.67463908547245 32.082892978763823,-12.677366793039139 32.079818116706008,-12.681613032832047 32.074986188944933,-12.68483431710672 32.073961235225454,-12.688641290248936 32.077036097283269,-12.69318037357624 32.080257382457319,-12.693766061544466 32.083185823197596,-12.69274110692561 32.085528575969704,-12.690984043021047 32.089628392646318,-12.689959088402246 32.094753163941846,-12.690837620804189 32.097095916713954,-12.692887529142524 32.098413714867206,-12.696255236533432 32.098413714867206,-12.698451567088625 32.096070962095098,-12.700940741178272 32.093581788005451,-12.701819273580213 32.091824723201569,-12.704015604135463 32.090360502831402,-12.705626246722431 32.085382153752789,-12.70694404487574 32.083478666732049,-12.707968998595218 32.082014447261201,-12.709433218965385 32.081721602827429,-12.712800926356294 32.083771511165764,-12.718218541186218 32.084650043567706,-12.721879092111577 32.085528575969704,-12.72466111153426 32.084650043567706,-12.72641817543888 32.084210776917075,-12.728175240242763 32.084210776917075,-12.729346616179157 32.083185823197596,-12.729932304147326 32.080403804674177,-12.730517992115551 32.078353896335834,-12.731982212485661 32.077621786150814,-12.733153589321374 32.07791462968521,-12.734471387474628 32.078939584304067,-12.736521295812963 32.079525272272235,-12.737106983781132 32.080110960240461,-12.738278360616844 32.081575180610571,-12.741353223574038 32.082014447261201,-12.743403131912373 32.079818116706008,-12.747502948589045 32.078646739870294,-12.748527903207844 32.0774753639339,-12.748820746742297 32.074107656542992,-12.749406435609785 32.073082702823505,-12.750431389329322 32.072705557741358,-12.750695390706937 32.072434807851209,-12.751327140150806 32.072909371992182,-12.752728235309064 32.073632517735234,-12.753722559918913 32.074107082775527,-12.754784680819228 32.074468655197393,-12.756185775078166 32.075553373362368,-12.757428681290149 32.076547698871536,-12.75769986105621 32.077383836333695,-12.758264818752309 32.077203049223442,-12.759665913011247 32.07632171543338,-12.759801502894277 32.075214399104425,-12.759236546097497 32.074785031291412,-12.758445604963242 32.073722911290361,-12.758445604963242 32.072457406015126,-12.758603793010195 32.07157607312439,-12.759281742425401 32.071011115428291,-12.760999212778302 32.071463081405341,-12.762784478522404 32.071344775592365,-12.763658119511831 32.075718299130017,-12.764341482845621 32.077036097283269,-12.766684235617731 32.077328941717042,-12.768441299522294 32.076743253748816,-12.768587721739152 32.075571876913152,-12.769905519892461 32.071911325987799,-12.77034478654309 32.068397197279296,-12.769612676358006 32.06444380281954,-12.767562768019673 32.0626867380156,-12.766244968967101 32.061368939862348,-12.765952125432648 32.059172609307154,-12.766391391183959 32.056829856535046,-12.769319831924236 32.056097746350019,-12.773712493034679 32.056097746350019,-12.776055245806729 32.054779948196703,-12.777665888393756 32.049215911149929,-12.778983686547008 32.047751690779762,-12.781033594885344 32.047675296071361,-12.781029350984738 32.04643389172719,-12.78571910042956 32.048337378747988,-12.790551027291258 32.055658480598709,-12.79406515599976 32.059465452841607,-12.796115064338094 32.059319031524012,-12.799043505078373 32.057708388936987,-12.801679102284197 32.056390590783735,-12.802118368035508 32.05287646117597,-12.801093414316027 32.046580313944105,-12.794504422650389 32.041748387082343,-12.790111761539947 32.034427285231629,-12.787476164334123 32.031352422274487,-12.790843871725031 32.030620312089411,-12.79509011061856 32.032816642644605,-12.802264790252421 32.031498844491352,-12.806071763394641 32.030034624121242,-12.808560937484286 32.022713522270521,-12.811782222658337 32.020077925964017,-12.814564241181699 32.020810036149044,-12.820274700445394 32.022420677836749,-12.827595802296116 32.020663613932186,-12.830377820819535 32.017295906541278,-12.831109931004562 32.013342512081465,-12.830377820819535 32.011292603743129,-12.829645710634452 32.008071318569137,-12.831256353221477 32.00660709819897,-12.833159840242217 32.004264345426861,-12.838870299505913 32.002507281522298,-12.846191401356634 31.999578840782018,-12.852341126371639 31.996943243576194,-12.853805346741751 31.991672050963128,-12.851316172652105 31.988890031540389,-12.849851952281995 31.987425811170283,-12.850876906001472 31.986108013017027,-12.852780393022272 31.987865077820913,-12.85658736526517 31.995332600989173,-12.859222962470994 32.000310950967105,-12.861565715243103 32.003825079675551,-12.86595837635349 32.005142877828852,-12.870936725432102 32.005091862887411,-12.871752960897766 32.00574404672642,-12.871970355810561 32.00573154525091,-12.872003229628035 32.006496312516845,-12.871992489924367 32.012221497279427,-12.874653701620218 32.016612959593601,-12.875132524051025 32.019939667792528,-12.877209639578723 32.022334003877575,-12.87848066309391 32.026886220004421,-12.881365123389626 32.029337070385111,-12.882979930737008 32.031784004218366,-12.885224593556018 32.035160615796713,-12.88873334431878 32.057966124738073,-12.921068671129035 32.06748257868162,-12.934561800281697 32.074549763252605,-12.944582174035929 32.074813956185835,-12.945480430368603 32.076738142901775,-12.947789454967335 32.076821492067438,-12.947733194280488 32.083141185348666,-12.955369489616713 32.084548790699102,-12.956620694772312 32.092368822921799,-12.967099536601779 32.092658874960705,-12.967147878758169 32.105520896785436,-12.984090813510534 32.122420889810201,-13.006352903518405 32.127343735431111,-13.012837688042509 32.12837144017675,-13.015901835577665 32.12593939372033,-13.014716992293927 32.124654484673044,-13.015430830054013 32.122156050264437,-13.015716365697642 32.119443464797648,-13.015359446367938 32.117301950618071,-13.0144314566503 32.115517354868871,-13.012004406827089 32.112019547056605,-13.009434588732461 32.109306961589823,-13.008149679685117 32.106308840479358,-13.007721376669338 32.103239335682872,-13.006293700249842 32.101097821503288,-13.005508477904412 32.09852800340866,-13.004794640144326 32.095815417941822,-13.004580488186775 32.093174216161117,-13.004509104500698 32.090604398066432,-13.00536571053226 32.08746350958387,-13.005794013548041 32.083822934399386,-13.005865397234118 32.078312103042492,-13.007150306281403 32.07538536561816,-13.008506599014822 32.072387245407072,-13.00900628571668 32.068246983520737,-13.008934902030601 32.059395388460928,-13.007578609297182 32.056111732606212,-13.007721376669338 32.053541914511527,-13.007864144041489 32.049330268039853,-13.007721376669338 32.045618309169356,-13.007578609297182 32.041834966612726,-13.006864770637776 32.04033590560789,-13.007792760355414 32.037623320141051,-13.008863518344526 32.035267654003967,-13.009648739790691 32.026537411660115,-13.013646234304815 32.02346790686363,-13.013432083246585 32.020612554024638,-13.015288062681861 32.016615059510507,-13.018000648148643 32.013688322985502,-13.019214173509909 32.011332655949047,-13.018857254180205 32.008120383780408,-13.018857254180205 32.005265030941409,-13.019571091940293 32.001909991400623,-13.019000021552358 31.995878057786395,-13.015702088960381 31.994521765052976,-13.01455994728525 31.991666411314664,-13.014631330971326 31.990167351209148,-13.0129895034936 31.989953199251602,-13.0112049077444 31.989167977805433,-13.009991382383191 31.988025836130245,-13.007921250990364 31.987026462726529,-13.005636968539307 31.987383382056237,-13.003566838045856 31.986883695354379,-13.001853625982733 31.985527402621013,-13.000854252579018 31.983742806871813,-13.000140413919608 31.980744685761408,-12.998926888558401 31.978174867666723,-12.997499212138903 31.976318888231447,-12.996142919405484 31.975462282199938,-12.994501091927816 31.974034605780446,-12.992002657519208 31.972678313047027,-12.991003284115491 31.970608181654256,-12.988647617978415 31.969109121548684,-12.987077173287446 31.968038364458891,-12.985149810166092 31.966610688039395,-12.98400766849096 31.965397162678183,-12.983936284804884 31.964326404689071,-12.982722759443616 31.964112253630841,-12.980152942248253 31.964112253630841,-12.977725891525779 31.964611940332698,-12.97379978159705 31.964397789274468,-12.970373357470805 31.962541808939871,-12.970230590098652 31.960971365148222,-12.970587508529034 31.959615072414863,-12.969730903396792 31.957901860351736,-12.968802912779893 31.955117891198885,-12.968731529093816 31.952833608747824,-12.968802912779893 31.951405932328324,-12.9700164381411 31.950906245626467,-12.971515499145994 31.950335174339216,-12.973728397011655 31.94905026529193,-12.976012680361976 31.947122902170577,-12.975798528404425 31.945552458378923,-12.97458500304316 31.944767236033496,-12.973014559251565 31.943910630001938,-12.971515499145994 31.942268801624891,-12.969730903396792 31.939913135487757,-12.96937398406709 31.93819992342469,-12.9700164381411 31.937057782648825,-12.971729650204225 31.935415954271772,-12.972514872549709 31.933774126794106,-12.97272902360794 31.933488591150478,-12.973871165283128 31.933345823778325,-12.975156074330414 31.933538559281029,-12.976983500291281 31.934109630568283,-12.978268409338567 31.934823468328371,-12.979696085758064 31.934395165312594,-12.980852503271137 31.933538559281029,-12.982208796004556 31.934894852913768,-12.982779867291809 31.936393913019341,-12.983493705051842 31.93775020575276,-12.984278927397327 31.936608064077571,-12.985206917114963 31.936679447763648,-12.986349058790154 31.93725051905091,-12.987705351523573 31.937536053795213,-12.988490572969681 31.938249892454618,-12.990061017660651 31.937536053795213,-12.992059764468081 31.936393913019341,-12.99320190614327 31.934609317270141,-12.993273289829347 31.932967488893155,-12.9934160572015 31.932610569563451,-12.994772349934863 31.932253651133063,-12.995628955966424 31.931040125771805,-12.994915118206336 31.929969368682006,-12.995129269264567 31.929398297394751,-12.996556945684061 31.928541691363193,-12.997627703673174 31.926971247571601,-12.998270157747186 31.925971874167885,-12.998198774061109 31.924686965120543,-12.999055380092614 31.922616833727773,-12.998841228135063 31.920546703234265,-12.999340914836921 31.919475945245154,-13.00091135952789 31.918405188155361,-13.001910732931604 31.918405188155361,-13.003695328680806 31.917263046480226,-13.004694702084464 31.915121532300645,-13.005908227445728 31.912337562248467,-13.006693449791214 31.911766491860533,-13.007335903865226 31.910909885828975,-13.008335277268941 31.90883975533546,-13.009406035257994 31.908982522707618,-13.010905095363569 31.91026743175496,-13.01240415546914 31.911338188844748,-13.013903216474034 31.911980643818083,-13.015973346967485 31.911980643818083,-13.018685932434323 31.911552340802302,-13.024967709399448 31.911552340802302,-13.027466143808054 31.910838502142891,-13.029464890615486 31.909053906393691,-13.030178729274837 31.90641270461299,-13.029750426259056 31.90469949254987,-13.02782306313776 31.903557351773998,-13.025681548058856 31.901629988652697,-13.023896952309713 31.900130927647808,-13.023325881921778 31.896062049447607,-13.022326508518061 31.892405620115085,-13.021222680659319 31.892431837150923,-13.021825651798222 31.890433086746214,-13.024109933349962 31.888148805194476,-13.025180698533632 31.886578352409632,-13.026893901603501 31.884650992885607,-13.029749260737731 31.883223320962713,-13.032390464317132 31.881724259058497,-13.034389214721784 31.881510102604349,-13.037958401723529 31.882223945760355,-13.03952883921994 31.881867024632012,-13.042384198354171 31.879011664598522,-13.044668479905852 31.875799399624441,-13.045025401933515 31.872944039590891,-13.043597714722182 31.870445617772816,-13.042741120381834 31.8689465558686,-13.041242058477621 31.867518867757948,-13.039314698953547 31.86701918015677,-13.037244557668201 31.867447493065072,-13.033675370666456 31.868375477386792,-13.030534479485937 31.869374852589143,-13.028464355287667 31.869446242570458,-13.026822526910678 31.8689465558686,-13.024823776505968 31.868161320932643,-13.02325332372112 31.866448117862713,-13.022253964706579 31.865305977086905,-13.022539495853605 31.863878305164004,-13.024109933349962 31.863521384035661,-13.026322839309501 31.864592133930898,-13.029535105182902 31.865020445939876,-13.031462464706919 31.864949055059242,-13.033461214212309 31.863664149609175,-13.035745495764045 31.862807539980338,-13.038243932870557 31.863449993155029,-13.040528214422295 31.863592758728544,-13.042526963927628 31.865662899114568,-13.04402602673116 31.867376102184434,-13.046809995884075 31.867804415092735,-13.048166292214773 31.867875789785614,-13.049094276536435 31.866162586715742,-13.050950261367632 31.863307227581515,-13.052663464437501 31.860880180456324,-13.053591464047713 31.857882055748576,-13.054233917222348 31.854812555448689,-13.054733604823525 31.850957821112104,-13.056446807893451 31.848673539560426,-13.057303417522292 31.84660341446283,-13.059730464647487 31.845175742539993,-13.062371667327568 31.844533274076806,-13.064941480026276 31.844033586475629,-13.069153136390469 31.84282007100694,-13.072151245809721 31.841749305823267,-13.073864464168082 31.841092586703208,-13.075277870145612 31.839593523899737,-13.076420010921481 31.838023071114833,-13.077133839688315 31.835738789563152,-13.077776292863007 31.833740040057759,-13.078275979564864 31.832026836987893,-13.077990448417836 31.830028086583184,-13.077276605261829 31.828243492632684,-13.076277245347967 31.826101977553773,-13.075492011311326 31.825102602351421,-13.075206480164297 31.823960461575549,-13.075420636618446 31.82281832079974,-13.075991698912503 31.820819571294347,-13.075991698912503 31.818892211770272,-13.075492011311326 31.817393148966801,-13.074920949017269 31.815751321489071,-13.07463541787024 31.814180883992719,-13.073992948507792 31.812396273854347,-13.073992948507792 31.810397539637453,-13.074349870535457 31.809755086462758,-13.075349245737812 31.808755711260456,-13.07577755774679 31.809041243306751,-13.077133839688315 31.810040617609786,-13.080203355276694 31.810611680803159,-13.082701777094769 31.810611680803159,-13.085699901802512 31.811325523959166,-13.089126324130063 31.811111367505017,-13.092766902012443 31.811254133977851,-13.095550870266038 31.812039368014496,-13.09869176144656 31.812324899161524,-13.100761886544149 31.812039368014496,-13.102260948448304 31.810540305210967,-13.103403089224173 31.808470164824936,-13.104331089733705 31.805828961245595,-13.104116933279499 31.804044368194351,-13.103474480104865 31.802830852725659,-13.103117558077145 31.800974867894464,-13.102974792503687 31.799118883962592,-13.102403714021818 31.796691836837397,-13.101689886154304 31.794764477313322,-13.100619120970634 31.792408805780269,-13.099405604602566 31.790410055375617,-13.09876315142793 31.787983008250364,-13.098406230299586 31.784056899220957,-13.09869176144656 31.781201555375219,-13.099262823740615 31.778845883842166,-13.10047635539712 31.776911383701243,-13.102360886508166 31.774841243315219,-13.105501776789367 31.773056649364662,-13.108000214795252 31.77184313389597,-13.108999589098287 31.770700993120101,-13.111498027104176 31.769273305009445,-13.114067839802885 31.767345946384694,-13.115281355271577 31.765133055713648,-13.115281355271577 31.763062914428303,-13.1142106053764 31.761635242505459,-13.112782933453502 31.761349711358431,-13.111141105076511 31.761492476931945,-13.109427885818832 31.762420461253608,-13.107143605166414 31.763062914428303,-13.10443102689419 31.761992164533122,-13.101504276879325 31.759993415027736,-13.097506792257718 31.758280195770055,-13.094794198697 31.756638368292325,-13.093080995627133 31.754282712047768,-13.091938854851264 31.751784274041878,-13.091225010795938 31.748857539315505,-13.091153620814623 31.74521696143313,-13.092152996016978 31.743575133056087,-13.093152370320013 31.742004680271233,-13.095222511605355 31.741148086830204,-13.096935714675226 31.740719773921853,-13.098863089487736 31.74157638355069,-13.101647057741275 31.745716649034307,-13.104645167160527 31.748928914907705,-13.106072855271236 31.75164150846842,-13.107429136313442 31.753925790020102,-13.108714042662767 31.754282712047768,-13.110641417475334 31.753497477111807,-13.11328262105468 31.751784274041878,-13.114924448532406 31.749785524536549,-13.116066589308275 31.747644008558325,-13.116494886028761 31.745716649034307,-13.116566276909452 31.743646508648286,-13.116137964001098 31.739720398719495,-13.116137964001098 31.736293977291265,-13.116851808056424 31.734081086620218,-13.118208105286442 31.731939570641995,-13.119992698337683 31.73094019633896,-13.123133589518204 31.730654665191988,-13.125560636643456 31.732296492669661,-13.128344604896995 31.734152461313098,-13.13169963634391 31.734652148914218,-13.134340839023992 31.736222602598442,-13.136125432974495 31.737150586920109,-13.138052807787005 31.737578883640651,-13.139908777329708 31.737721664502601,-13.142764136463938 31.737293352493623,-13.14433457396035 31.73610124268788,-13.149716917380259 31.736386773834852,-13.153071964115668 31.736600930289057,-13.155855933268526 31.736529555596178,-13.158354370375093 31.735744320660213,-13.16056726104614 31.736458164715543,-13.162994308171335 31.737100617890178,-13.162922933478512 31.738456915120196,-13.162280480303821 31.739027977414253,-13.160638651926773 31.73988458704309,-13.160781417500287 31.739741820570259,-13.162708777024362 31.73731477434438,-13.164564760956182 31.735601555086699,-13.165849667305565 31.732817586833104,-13.166634886053771 31.729533930079072,-13.167848417710275 31.72724964942665,-13.168562245577789 31.726178899531476,-13.17027546483547 31.725179524329118,-13.173701886263698 31.724465680273795,-13.177984917320826 31.723537695952075,-13.183195933598938 31.72289524277744,-13.185765761586081 31.721039258845565,-13.187907276664985 31.718754977293827,-13.190477089363696 31.717184524508976,-13.192190292433621 31.715257164984958,-13.19354658966364 31.712758726979072,-13.194189042838275 31.709974758725533,-13.195973635889516 31.708832617949668,-13.196758870825477 31.707033742765304,-13.19957138625824 31.70524914881474,-13.200999058181083 31.703964242465418,-13.201855667809923 31.702322414987687,-13.203211964140621 31.700751977491336,-13.204282714035854 31.698610461513113,-13.206210089747685 31.696968633136063,-13.207566370789891 31.69554094592473,-13.20870851156576 31.693328055253687,-13.208922668019909 31.691043773701949,-13.209065433593423 31.68904502419662,-13.208565745992246 31.687403195819567,-13.208422980418732 31.685761367442524,-13.20885129242771 31.681478336385453,-13.213134308196345 31.679122680140889,-13.216132432904088 31.676624243034322,-13.219201933203976 31.672483977550769,-13.223199433114019 31.669914164852059,-13.225126792638093 31.667558492419687,-13.226840010996455 31.664631758592634,-13.227767995318116 31.660348727535506,-13.228267682919293 31.65727922723562,-13.228267682919293 31.65528047683091,-13.228267682919293 31.652496508577372,-13.229481214575799 31.649783915016656,-13.2326934804492 31.648570398648648,-13.236976511506327 31.648213477520304,-13.242829980059751 31.648427633075134,-13.246399183249309 31.648855930694989,-13.249111761521533 31.649498382970304,-13.253494729739144 31.650640523746176,-13.256064542437855 31.652853430605035,-13.259419589173262 31.655994305597801,-13.264130917850196 31.658849664732028,-13.268342574214387 31.660420102228386,-13.27212591767028 31.661847789439715,-13.276266167865401 31.662204711467382,-13.280549198922472 31.660777024256049,-13.284261167685543 31.659277961452513,-13.287544823540259 31.657636133075467,-13.289329417490819 31.6545666336749,-13.291185386134202 31.650497758172662,-13.293541058566573 31.648499008667272,-13.294754589323759 31.647999321066152,-13.297467167595983 31.649284227415475,-13.299394527120057 31.651425742494386,-13.29975144914772 31.653852789619577,-13.300251136748898 31.657350601928496,-13.300536667895869 31.659563508787357,-13.30139327662539 31.660305899122534,-13.302064292267744 31.660520039388871,-13.304348573819425 31.660234508241899,-13.306561464490526 31.661305274324885,-13.308702980468695 31.661590805471857,-13.311058652001748 31.660948352297229,-13.313771230273971 31.659734820640718,-13.316126901807024 31.657736071135332,-13.317840121064705 31.655094883743743,-13.319053636533397 31.653881352087236,-13.320053011735752 31.652096758136675,-13.321623464520599 31.650454930659009,-13.322622839722953 31.647456805051945,-13.322622839722953 31.643816227169562,-13.322123152121776 31.641603336498459,-13.321552073639964 31.639390430538977,-13.321195152511621 31.637891367735449,-13.321480683658649 31.635749851757225,-13.323979120765159 31.63582124263786,-13.327191401927053 31.636463695812548,-13.329832605506452 31.637677227469055,-13.33311626136117 31.640675336888307,-13.335686074059879 31.642459946127303,-13.337399277129805 31.64431591477074,-13.341896464641025 31.644387305651378,-13.344323511766218 31.643530696022541,-13.346821948872787 31.641175023590165,-13.349677308007017 31.637605836588421,-13.351247745503372 31.635321555036683,-13.352675417426269 31.633394195512668,-13.353317870600904 31.628540086873098,-13.355302355060246 31.625541977453846,-13.355730651780789 31.622401086273271,-13.356658636102507 31.620330945887247,-13.359442605255367 31.618260820789718,-13.361084433632413 31.616476226839151,-13.362869026683597 31.61797528964269,-13.365724386717146 31.619974040047396,-13.369079433452555 31.621830008690779,-13.372006168178928 31.622186929819122,-13.375075667579495 31.621544477543747,-13.376860261530055 31.619974040047396,-13.378073793186557 31.618974664845041,-13.377502714704747 31.617118680013846,-13.377502714704747 31.615119930508456,-13.377574105585381 31.608759633736952,-13.37785963673241 31.604690758234707,-13.377788261140211 31.600764649205246,-13.377288574438351 31.599051429947565,-13.376788886837174 31.594839789771125,-13.376431964809512 31.59027122666771,-13.376217808355364 31.58698757081299,-13.376146433662482 31.584631899279938,-13.376003651901215 31.580991320498242,-13.378287948741388 31.577779055524161,-13.381214683467761 31.5759944615736,-13.382285433362993 31.575637539545937,-13.385283558070682 31.574352633196607,-13.388353058370626 31.572710804819565,-13.389923511155473 31.570997586461203,-13.392207792707152 31.570497898860026,-13.394563448951713 31.570997586461203,-13.39641943378291 31.56885607048298,-13.398489557981122 31.565572414628264,-13.400987995987009 31.563288133076526,-13.401915995597165 31.56086108685065,-13.402915355511084 31.559362024047115,-13.403058136373033 31.557577430096615,-13.40362919866709 31.556006977311768,-13.404343042722417 31.555078992990047,-13.405627949071741 31.554079617787689,-13.406627324274096 31.552794711438366,-13.407127011875275 31.55146697667595,-13.407412543022302 31.55025344591877,-13.407483933003617 31.549896523891103,-13.40905437050003 31.548754383115295,-13.410267902156534 31.548326086394752,-13.411481417625225 31.550324836799462,-13.412980480428757 31.55118143024049,-13.414265386778141 31.54968238362477,-13.41790596466052 31.54775500791294,-13.42083269938689 31.545970414861699,-13.42283144889228 31.544399977365345,-13.424473277269328 31.542543992534149,-13.424616042842841 31.541116320611255,-13.424830199296991 31.539760024280554,-13.425758183618655 31.539331726660745,-13.427328636403502 31.539688633399916,-13.429313105574407 31.538189586784195,-13.430883543070763 31.537255515851029,-13.432351374218854 31.542473149340594,-13.431295822865934 31.544757431791652,-13.431010287222307 31.546113724525014,-13.42908292410101 31.548540774348222,-13.428440469127679 31.551681662830791,-13.428654621085229 31.554251480925469,-13.428726004771306 31.55660714706255,-13.429154307787085 31.557535136780185,-13.432009660626022 31.557392369408035,-13.435721620395839 31.556678530748627,-13.438862508878458 31.55660714706255,-13.441717861717391 31.556821298120784,-13.443431073780516 31.558820045827527,-13.443859376796297 31.559676651859089,-13.442217548419251 31.560176338560947,-13.440718488313678 31.561532631294313,-13.440575720042204 31.564673519776932,-13.442288932105326 31.565815660552797,-13.44443044718423 31.565244590164866,-13.446857497007384 31.562817540341655,-13.448856244714136 31.562460621011947,-13.450926375207587 31.564959055420559,-13.452354052526402 31.567029185914009,-13.453424809616195 31.567743024573417,-13.454781102349614 31.567100569600083,-13.455923244024744 31.564530752404774,-13.456565698098757 31.56203231799617,-13.458350293847957 31.56196093431009,-13.460563192612938 31.56360276268714,-13.462561939420311 31.565315973850939,-13.4637040810955 31.566815034855775,-13.464417918855588 31.566458115526132,-13.466416666562282 31.565458742122416,-13.468986484656966 31.563459994415663,-13.469700322417054 31.562888924027732,-13.471127998836494 31.563531378101747,-13.472627059841384 31.563459994415663,-13.47476857402097 31.562246469953717,-13.476196251339784 31.561104328278589,-13.47819499814716 31.560461874204574,-13.479936763684691 31.558962813199685,-13.481150289045956 31.557820672423812,-13.481649975747814 31.556964066392254,-13.483149035853387 31.557820672423812,-13.484648095958903 31.560104954874873,-13.485504701990465 31.561318479336762,-13.485504701990465 31.561675398666463,-13.486789611037807 31.560533257890654,-13.488145903771226 31.55989080291732,-13.490715721865854 31.559819419231246,-13.493356923646616 31.559819419231246,-13.496069509113397 31.5599621866034,-13.498282407878376 31.560104954874873,-13.499995619941444 31.560676025262804,-13.501637447419171 31.559248348843312,-13.503065123838667 31.557892056109896,-13.504207265513799 31.55810620716812,-13.506991234666714 31.559034196885762,-13.509275517117713 31.558248975439597,-13.511559799568772 31.559462499901542,-13.513058860573663 31.561104328278589,-13.512987475988268 31.562317853639797,-13.514700688051333 31.563388610729589,-13.516556667486611 31.565958428824274,-13.518055728491504 31.567570334059379,-13.518437495189517 31.569927369863933,-13.520725483746673 31.571640581027733,-13.523366684628057 31.572425803373218,-13.524937129319028 31.57171196561313,-13.526793108754248 31.57192611667136,-13.528506320817371 31.573211025718702,-13.530076764609021 31.574638702138202,-13.531932744943559 31.57578084381333,-13.533860108064912 31.575281157111473,-13.536287157888124 31.575281157111473,-13.538000369951192 31.574067631750268,-13.541141258433809 31.572568570745375,-13.54235478379502 31.570998126953725,-13.543211389826579 31.570498440251868,-13.544995985575781 31.570498440251868,-13.547280268026782 31.570926743267645,-13.549136247462057 31.571283662597352,-13.551134994269489 31.570926743267645,-13.55341927672049 31.571069510639802,-13.55541802442724 31.572354419687144,-13.556417397830955 31.573211025718702,-13.55698846821889 31.572925490075075,-13.558273377266175 31.572068884043517,-13.559486902627441 31.569284914890655,-13.559129983297735 31.567714471099009,-13.55834476095225 31.565858491663732,-13.557488154920689 31.564145279600663,-13.55698846821889 31.562931754239404,-13.55698846821889 31.563003137925477,-13.55834476095225 31.563217289883031,-13.560771811674783 31.563431440941255,-13.562984710439707 31.563645592898805,-13.565197609204688 31.564216663286739,-13.567053588639965 31.564859117360697,-13.569480638463119 31.565287420376478,-13.5716935372281 31.565929875349809,-13.573049829961462 31.565596884281376,-13.573319551926545 31.562773832391713,-13.573319551926545 31.562776624786633,-13.573438508848652 31.563956267291076,-13.575246402434344 31.562662215735998,-13.575153970116162 31.562526731972977,-13.575388052848496 31.563041025463239,-13.577342511643279 31.564371803531341,-13.580163020250209 31.563006728018991,-13.581875846504147 31.561118212911371,-13.582839264113829 31.561107344604636,-13.584273862614964 31.561045950587694,-13.584617786741317 31.560611834354294,-13.587599098623684 31.560779930232059,-13.58869052842897 31.559893776975283,-13.589258683214894 31.558127991445641,-13.589534222894144 31.557653339171107,-13.590105024384796 31.557409474513065,-13.59125118153281 31.557279695149646,-13.592857168329715 31.556742321458842,-13.5939440403709 31.555616622987657,-13.595084494018636 31.554258379624741,-13.595879116077981 31.553484518414454,-13.597136608393953 31.553823271439171,-13.598975169760138 31.553636853673709,-13.600293851047638 31.551503370439832,-13.602518092061985 31.550969008578534,-13.603203262133773 31.549837542755142,-13.605089666532592 31.55162416467687,-13.609806949620689 31.552670604998298,-13.611363171533752 31.554940778885335,-13.614361981524837 31.555583570205101,-13.614882622429946 31.556097448208561,-13.615749548181782 31.55870294330742,-13.617197044759507 31.557714075783675,-13.617238866831144 31.557424446426179,-13.617403677485527 31.557060303741935,-13.617610888475667 31.557008626000197,-13.617640295406716 31.556477945963252,-13.617825305733218</coordinates></LinearRing></outerBoundaryIs><innerBoundaryIs><LinearRing><coordinates>31.929938178395393,-12.509429368601559 31.929193774478161,-12.509201058617291 31.92825901556364,-12.508967297842219 31.927626143765849,-12.509064310407496 31.929938178395393,-12.509429368601559</coordinates></LinearRing></innerBoundaryIs><innerBoundaryIs><LinearRing><coordinates>31.940095687067867,-12.514016732931339 31.939241068538024,-12.511942732655143 31.937960405189983,-12.510905928569287 31.937212040658547,-12.510870936848448 31.940095687067867,-12.514016732931339</coordinates></LinearRing></innerBoundaryIs><innerBoundaryIs><LinearRing><coordinates>31.556477945963252,-13.617825305733218 31.55646630334024,-13.617820290214297 31.5562867168249,-13.617742916144152 31.556021863789283,-13.617840140050077 31.556449444649502,-13.617826232934249 31.556477945963252,-13.617825305733218</coordinates></LinearRing></innerBoundaryIs></Polygon>
  </Placemark>
  <Placemark>
	<name>North Luangwa</name>
	<Style><LineStyle><color>ff0000ff</color></LineStyle><PolyStyle><fill>0</fill></PolyStyle></Style>
	<ExtendedData><SchemaData schemaUrl="#National_Parks_Zambia">
		<SimpleData name="Name">North Luangwa</SimpleData>
		<SimpleData name="OBJECTID">18</SimpleData>
		<SimpleData name="ID">0</SimpleData>
		<SimpleData name="PROVINCE">Northern</SimpleData>
		<SimpleData name="STATUS">2</SimpleData>
		<SimpleData name="Size_SqKm">4636</SimpleData>
		<SimpleData name="Shape_Leng">3.57520216567</SimpleData>
		<SimpleData name="Shape_Area">0.38855819118</SimpleData>
	</SchemaData></ExtendedData>
      <MultiGeometry><Polygon><outerBoundaryIs><LinearRing><coordinates>32.548120614725747,-11.722051480421044 32.548118680284063,-11.722054934716937 32.548113034340354,-11.722052111745084 32.548120614725747,-11.722051480421044</coordinates></LinearRing></outerBoundaryIs></Polygon><Polygon><outerBoundaryIs><LinearRing><coordinates>32.500868152476528,-11.78968097006782 32.501383846211183,-11.790585057604517 32.50006388518841,-11.79179664312818 32.499836086918435,-11.791048166181495 32.500407165400247,-11.789834635424313 32.500868152476528,-11.78968097006782</coordinates></LinearRing></outerBoundaryIs></Polygon><Polygon><outerBoundaryIs><LinearRing><coordinates>32.504762584686091,-11.796436398362061 32.505215400522445,-11.796606203851013 32.505047118484981,-11.796616103587951 32.504762584686091,-11.796436398362061</coordinates></LinearRing></outerBoundaryIs></Polygon><Polygon><outerBoundaryIs><LinearRing><coordinates>32.438963855686268,-11.838294987882932 32.437424029313142,-11.837925376421481 32.437446633772311,-11.837904510351734 32.438660150140379,-11.837904510351734 32.438963855686268,-11.838294987882932</coordinates></LinearRing></outerBoundaryIs></Polygon><Polygon><outerBoundaryIs><LinearRing><coordinates>32.435352470696266,-11.839365789938824 32.434640659108709,-11.839958019575477 32.434591274638137,-11.839760478995117 32.435352470696266,-11.839365789938824</coordinates></LinearRing></outerBoundaryIs></Polygon><Polygon><outerBoundaryIs><LinearRing><coordinates>32.386718907016132,-11.970487330317894 32.38669601927046,-11.970552723619903 32.386698853034204,-11.970500306635472 32.386718907016132,-11.970487330317894</coordinates></LinearRing></outerBoundaryIs></Polygon><Polygon><outerBoundaryIs><LinearRing><coordinates>32.374776535495812,-12.000376154070125 32.376359947511105,-12.001095886886104 32.376348196969502,-12.001095416540693 32.374777743285279,-12.000381588673179 32.374776535495812,-12.000376154070125</coordinates></LinearRing></outerBoundaryIs></Polygon><Polygon><outerBoundaryIs><LinearRing><coordinates>32.377151696236581,-12.016069320783458 32.377579054964194,-12.016763777254482 32.37734757127248,-12.016585713291363 32.377151696236581,-12.016069320783458</coordinates></LinearRing></outerBoundaryIs></Polygon><Polygon><outerBoundaryIs><LinearRing><coordinates>32.368812478211737,-12.032560971244891 32.36894189065174,-12.033224210449646 32.368781509158339,-12.032932604382323 32.368812478211737,-12.032560971244891</coordinates></LinearRing></outerBoundaryIs></Polygon><Polygon><outerBoundaryIs><LinearRing><coordinates>32.292995132732976,-12.189224715057094 32.293311207554041,-12.189572397450263 32.293071821519675,-12.189505900680047 32.292995132732976,-12.189224715057094</coordinates></LinearRing></outerBoundaryIs></Polygon><Polygon><outerBoundaryIs><LinearRing><coordinates>32.43090519825563,-11.873851104340815 32.431564357236311,-11.873938992384751 32.432478305839084,-11.874224603571463 32.432834101016226,-11.87479386362412 32.43283117192442,-11.874799722707165 32.431621712398055,-11.876009197521967 32.429979884021002,-11.875723666374995 32.428623587690311,-11.874938432338297 32.427195915767463,-11.874652900291949 32.425910993230275,-11.874795666764783 32.425873556252839,-11.874797869204428 32.425856541979385,-11.874762140039536 32.425232011393405,-11.874829656640884 32.425232258707013,-11.874830010074447 32.425236180650359,-11.874835369134415 32.425111119130293,-11.874842725588621 32.425077440419663,-11.87484636694353 32.425072341263729,-11.874845007168631 32.424697477761583,-11.874867056746155 32.42234180622853,-11.874510134718435 32.420557212278027,-11.874795666764783 32.419272305928644,-11.875723666374995 32.418772618327466,-11.877508260325497 32.419771993529821,-11.879221463395368 32.420842743424998,-11.880434994152552 32.422484571802045,-11.881434369354906 32.423769493439863,-11.88164851052062 32.425554087390424,-11.882933432158438 32.427124524886779,-11.884503869654793 32.428480821217477,-11.885646010430662 32.429337430846317,-11.88593154157769 32.429908493140374,-11.887073682353559 32.43069371188858,-11.888501369564892 32.431978634425718,-11.890000432368423 32.433334915467924,-11.891499478984144 32.434548446225108,-11.893712384943681 32.43497674384497,-11.895140056866524 32.434191525096765,-11.896496354096541 32.432050009118541,-11.896567744077856 32.429622961993346,-11.896068057376056 32.427053150193949,-11.895354213320672 32.425554087390424,-11.894711760146038 32.424697477761583,-11.894925916600187 32.423269805838743,-11.894354838118373 32.42177074393453,-11.894283447237681 32.420414446704513,-11.895211447747215 32.41998614998397,-11.896996041697719 32.420771368732176,-11.89878063474896 32.421056899879204,-11.899994166405463 32.421627977461696,-11.900922150727126 32.422984259403222,-11.902064291502995 32.425054399789246,-11.901992900622361 32.42691036843263,-11.901850135048846 32.428480821217477,-11.901421838328304 32.429694337585545,-11.901064916300641 32.430907868342729,-11.901350447447669 32.431478946824541,-11.902064291502995 32.431478946824541,-11.904063041008385 32.430336806048672,-11.906347322560064 32.429622961993346,-11.90848883853829 32.427624212487949,-11.910202041608159 32.425982384110966,-11.911415572365343 32.424840243335098,-11.912129416420669 32.423269805838743,-11.912129416420669 32.42148519659969,-11.911772494393006 32.419557837075672,-11.91191525996652 32.417844634005803,-11.911986650847155 32.416702493229934,-11.912200791113548 32.415560352454065,-11.913485697462932 32.414846509298052,-11.91477061910075 32.414989274871566,-11.916198291023591 32.415346196899236,-11.917197666225945 32.416202805628757,-11.918553963455961 32.416488337675105,-11.91941055689699 32.416845258803448,-11.92076685412701 32.415938681043997,-11.921866166489906 32.41393993063928,-11.922722776118746 32.412012572014589,-11.92365076044041 32.410799040358086,-11.923936291587438 32.410085212490515,-11.925149822344622 32.410085212490515,-11.92707718186864 32.411084587692869,-11.928719010245686 32.412369493142933,-11.929504228993892 32.413868555946465,-11.929290087828178 32.41543899344282,-11.928933166699833 32.416509743338047,-11.928790401126319 32.417794664975872,-11.9288617758192 32.418080197022221,-11.929361463420378 32.417723274994557,-11.930931916205223 32.416723899792203,-11.932573744582271 32.415367602562185,-11.93335896333042 32.414154087093436,-11.933644494477448 32.412797790762795,-11.934072807385803 32.41144149353277,-11.934144182078626 32.410227978064029,-11.934715260560438 32.408300603251519,-11.93535771283581 32.407229852457021,-11.935500479308644 32.406658774874472,-11.936999541212856 32.406872931328678,-11.938926900736874 32.407872305631656,-11.9396407447922 32.409371368435188,-11.940711494687434 32.411584259106228,-11.942210556591647 32.413226087483281,-11.943138541812628 32.414154087093436,-11.94399515054215 32.414653774694614,-11.94492313486387 32.415082071415156,-11.946208057401009 32.414867914961008,-11.947350197277558 32.413725775084458,-11.947707119305221 32.411869806441075,-11.947207431704044 32.410442118330423,-11.945922510066225 32.409228602861674,-11.945137291318018 32.407515384503313,-11.944566229023962 32.406301868135301,-11.944566229023962 32.404874180923969,-11.944851760170989 32.4037320401481,-11.945565604226317 32.4031609778541,-11.947207431704044 32.402804055826437,-11.948706479219084 32.401447759495738,-11.95049108845808 32.401019461875869,-11.951490447472679 32.400733930728848,-11.952418447982154 32.400595471109227,-11.953387575387353 32.400504732214415,-11.953452389526035 32.399520399971664,-11.953846119904995 32.398378259195795,-11.954488573079686 32.397093352846468,-11.95541657268984 32.395951212070592,-11.956415931704441 32.395237368914593,-11.957914994507915 32.395451524469422,-11.959199900857298 32.396450899671777,-11.960484822495118 32.398092728048816,-11.961555572390351 32.399234868824635,-11.96291186962037 32.399734556425813,-11.963982619515548 32.399520399971664,-11.965338916745566 32.398378259195795,-11.966052759901572 32.397164727539291,-11.966195525475086 32.395951212070592,-11.966766588668463 32.394452150166387,-11.966766588668463 32.393238618509884,-11.966766588668463 32.391882337467678,-11.966766588668463 32.390668805811174,-11.966766588668463 32.389598040627504,-11.967123509796807 32.389540243898637,-11.967190213411016 32.389482821287743,-11.967145276087876 32.387484071782353,-11.968430182437203 32.386698853034204,-11.969929244341415 32.385985008978821,-11.972070760319639 32.385628086951158,-11.974926104165377 32.385770852524672,-11.977210384817736 32.386627462153513,-11.97870944762127 32.387840993810016,-11.979922979277774 32.389268665732914,-11.980636807145345 32.390339430916583,-11.982706947531369 32.39055357118292,-11.984206010334844 32.390268040035949,-11.985205385537199 32.390268040035949,-11.985990604285405 32.388768978131729,-11.986204759840234 32.387484071782353,-11.986204759840234 32.386341931006541,-11.985062619963683 32.385271164923495,-11.983991853880696 32.384129025047002,-11.983349400706004 32.383201040725282,-11.98320663513249 32.381916134375899,-11.983349400706004 32.380773993600087,-11.984277385027724 32.38027430599891,-11.985276760230079 32.379845993090555,-11.986633057460097 32.379560461943584,-11.987489666189617 32.379417696370069,-11.988988728993149 32.379631852824218,-11.989916713314811 32.379917383971247,-11.990630557370139 32.380488462453059,-11.992343760440063 32.380773993600087,-11.993771432362905 32.380988150054236,-11.995056354000724 32.38113091562775,-11.996341260350107 32.380702602719396,-11.997340635552462 32.380202915118218,-11.997840323153639 32.378989399649527,-11.997983088727153 32.3782755555942,-11.997911697846462 32.376919259263502,-11.997483401125976 32.375777118487633,-11.997197869978947 32.374634977711821,-11.997340635552462 32.373706993390101,-11.997840323153639 32.373778368082981,-11.999339385057851 32.374135290110644,-12.000552900526543 32.374706368592456,-12.001266744581869 32.375634352914119,-12.001766432183045 32.377204805699023,-12.001837806875926 32.378346946474828,-12.002051963330075 32.379845993090555,-12.003194104105887 32.38084536829291,-12.003979322854091 32.380631228026573,-12.005407010065426 32.380417071572424,-12.00647775996066 32.379917383971247,-12.00712021313535 32.378918008768885,-12.008076759924677 32.3782755555942,-12.00936166627406 32.37741894686468,-12.010717963504078 32.376633728116474,-12.011360416678711 32.376062664923147,-12.012573932147461 32.376062664923147,-12.014572682552114 32.376419571662318,-12.016285900910475 32.37734757127248,-12.017499416379222 32.37934632167719,-12.01906986916407 32.380559837145881,-12.019783713219397 32.381345055894087,-12.020711697541117 32.383272430706597,-12.020925853995266 32.384414571482466,-12.021354150715752 32.385628086951158,-12.022639057065135 32.386127774552335,-12.023495666693975 32.386484696579998,-12.025423026217991 32.386270540125849,-12.027279010149867 32.385842243405364,-12.028349760045103 32.385770852524672,-12.029563291701606 32.385057024657158,-12.030848198050933 32.384200415028317,-12.031419275633482 32.383914883881289,-12.032561416409294 32.38277274310542,-12.033774931878042 32.381916134375899,-12.034346010359855 32.38113091562775,-12.034417385052734 32.380559837145881,-12.034845697961032 32.379917383971247,-12.034988463534546 32.378632477621856,-12.034131853905706 32.377775868892343,-12.032775556675688 32.377062024837016,-12.030848198050933 32.376633728116474,-12.029206369673942 32.376419571662318,-12.027921463324558 32.375634352914119,-12.026565166094542 32.374706368592456,-12.025565791791507 32.372993149334775,-12.025494416199365 32.371208556283534,-12.025708557365022 32.369995039915523,-12.02649379140172 32.368852883851211,-12.027564541296897 32.367853524836619,-12.028064228898073 32.367425211928321,-12.029848822848633 32.367853524836619,-12.031562041206994 32.368567352704183,-12.033632166304528 32.368995665612488,-12.035488151135723 32.369209805878882,-12.037272744186907 32.369138431186002,-12.038129353815748 32.368710118277697,-12.039342869284496 32.367496602808956,-12.039628416619278 32.365712008858445,-12.039200103710982 32.364284321647119,-12.038843181683319 32.362999415297736,-12.038343494981461 32.362000040095381,-12.038200729407947 32.360429602599027,-12.038343494981461 32.358930540694814,-12.038985963444587 32.358073931065974,-12.03969979131216 32.356931790290105,-12.03969979131216 32.356289337115413,-12.038843181683319 32.356075180661264,-12.037272744186907 32.355218587220236,-12.036059213429724 32.354219212017881,-12.035345385562209 32.353291212407719,-12.035416760255032 32.352220462512491,-12.035488151135723 32.351720774911314,-12.034988463534546 32.34993618096081,-12.035845073163387 32.349436493359633,-12.036915823058564 32.349436493359633,-12.038200729407947 32.350364477681296,-12.040056713339823 32.350864165282466,-12.041484385262661 32.350935556163165,-12.042840682492681 32.351221087310137,-12.043768666814399 32.351506618457165,-12.044910806690893 32.351720774911314,-12.046338494801603 32.352363228086006,-12.047694775843809 32.353077071242012,-12.049193838647341 32.353148446834204,-12.050193212950376 32.353433977981233,-12.052620260075571 32.353362602389033,-12.05433347933325 32.352791524806548,-12.055761151256092 32.352220462512491,-12.057117447586791 32.351221087310137,-12.05825958836266 32.350150321227147,-12.058902041537351 32.34907957133197,-12.0586878850832 32.349579258933147,-12.057688526068659 32.348651274611427,-12.05825958836266 32.347866040574786,-12.0591161979915 32.345831602374005,-12.059715822753162 32.344689462497456,-12.059858588326676 32.342904868546896,-12.061357651130209 32.342262415372261,-12.062499791906077 32.3410488837157,-12.063070854200078 32.339621211792853,-12.064284384957261 32.338336306342796,-12.065069603705467 32.337479696713956,-12.066140369788457 32.336980009112771,-12.068210494886044 32.337408321121814,-12.070066478817864 32.337479696713956,-12.071279994286613 32.337194165566984,-12.073350135571957 32.336337555938144,-12.075777181797832 32.335766493644087,-12.077490401055512 32.335052649588761,-12.079417760579586 32.334338805533434,-12.081059588057256 32.333981884405091,-12.082130338851812 32.334338805533434,-12.083201104035481 32.333482196803914,-12.083272478728304 32.332054524881016,-12.082701416434304 32.331483462587016,-12.081916197686098 32.330198540049878,-12.081916197686098 32.328413946998637,-12.082130338851812 32.32734319620414,-12.081702041231948 32.325986899873442,-12.082058963259612 32.324844759097573,-12.082487259980153 32.323774009202339,-12.083201104035481 32.32248908756452,-12.082344494406639 32.321418336770023,-12.081273729222969 32.32099004004948,-12.080202979327737 32.320418962466988,-12.079489135272409 32.319348212571754,-12.079132229432558 32.318777134089942,-12.079274995006072 32.316992540139381,-12.079203604125381 32.315279321781077,-12.079346369698895 32.313066431109974,-12.079274995006072 32.311995665026977,-12.079631900845925 32.311139071585949,-12.081130963649455 32.310782149558293,-12.082201728833127 32.309333055784691,-12.083215369980849 32.307833992981159,-12.083572291109192 32.307120149825153,-12.083786447563341 32.306977384251638,-12.085285510366871 32.307120149825153,-12.087141494298692 32.306406321957581,-12.089140229414966 32.304978633846929,-12.09035376017215 32.3041220404059,-12.091638666521476 32.30219466559339,-12.092923572870859 32.300766993670493,-12.093351884879837 32.300124540495794,-12.094279870100877 32.300124540495794,-12.095921697578547 32.299910384041652,-12.096706916326752 32.298197180971783,-12.097277994808563 32.296769493760451,-12.097706291529107 32.295127665383404,-12.097849057102621 32.293914149914713,-12.097920447983254 32.291772633936489,-12.098848432304976 32.290773258734134,-12.100490260681966 32.289131431256465,-12.101061338264513 32.28777513402644,-12.102060713466869 32.286418852984184,-12.102274853733205 32.284777024607187,-12.102274853733205 32.283634883831326,-12.101989322586178 32.282207196619993,-12.102060713466869 32.280636759123581,-12.103773916536738 32.279637383921283,-12.105415744913728 32.279351852774255,-12.106843416836625 32.279066305439414,-12.108413869621472 32.278902228631807,-12.109398383527264 32.2795575672925,-12.109757763402058 32.279565993040592,-12.109698775970855 32.280779524697095,-12.110127072691341 32.281921665472964,-12.110626760292519 32.283135196230148,-12.111626135494872 32.284420102579531,-12.112411369531571 32.285562243355344,-12.113053822706206 32.285705008928858,-12.114338729055589 32.285205321327673,-12.115980557432636 32.284420102579531,-12.117408229355476 32.283349337395862,-12.118264838084997 32.282492727767021,-12.118907291259688 32.281564743445301,-12.120192197609072 32.280422602669432,-12.12204818244021 32.279637383921283,-12.123475854363107 32.279280461893563,-12.124403838684827 32.278926899733051,-12.125287760723666 32.278904330347359,-12.125257667609901 32.278830125488071,-12.126073926457932 32.278852165173078,-12.126088619581253 32.278852165173078,-12.126688135524999 32.279066305439414,-12.12832996390199 32.279137696320106,-12.129472103778539 32.279565993040592,-12.130685620146608 32.279708758614106,-12.13268436965194 32.279637383921283,-12.134326198028987 32.279851540375432,-12.135825259933199 32.279637383921283,-12.136967400709011 32.279351852774255,-12.138395072631909 32.279637383921283,-12.14010829188959 32.28035122797661,-12.141107666192623 32.280779524697095,-12.143035025716642 32.281279212298273,-12.143963010038361 32.280993681151244,-12.145105150814231 32.280137071522404,-12.147674978801433 32.279494618347769,-12.149031260742959 32.279209071912248,-12.149787932311938 32.278209711998386,-12.150287619913115 32.277281712388231,-12.15071593192215 32.27656788362134,-12.151215604234835 32.27514019641,-12.151358385096785 32.273498368032961,-12.151429760688984 32.272784540165446,-12.151358385096785 32.271571009408262,-12.152143603844991 32.271571009408262,-12.153928197795551 32.272641759303433,-12.155213104144876 32.273355602459503,-12.155855557319567 32.273473499980241,-12.15644505481589 32.273591428977227,-12.156513847555175 32.274053434086056,-12.157299256060355 32.274069446514829,-12.157283244530902 32.27549711843767,-12.157854306824957 32.276853415667688,-12.157854306824957 32.278138321117751,-12.157711541251443 32.279922915068255,-12.156997698095436 32.28092229027061,-12.156141088466597 32.28177889989945,-12.155570026172539 32.282992415368142,-12.155784182626745 32.284277337006017,-12.15621247934723 32.284991164873531,-12.15671216694841 32.285348086901188,-12.157925697705593 32.285205321327673,-12.15956752608264 32.284562868153046,-12.161423494726023 32.283991790570497,-12.162779791956041 32.283634883831326,-12.164707150580739 32.283277961803662,-12.166134838691448 32.282492727767021,-12.166920057439595 32.282778274202485,-12.168704651390156 32.283920414978354,-12.17020371329437 32.285490852474709,-12.17184554167136 32.287703759333567,-12.173273213594257 32.289274196829922,-12.173915666768949 32.290701868752819,-12.174415354370126 32.291915399510003,-12.174272588796612 32.292082357745414,-12.174383894286905 32.292139236266507,-12.174513694334678 32.292322998334043,-12.174544321645726 32.292986165592993,-12.174986431952618 32.293771384341198,-12.17619994832063 32.295770133846588,-12.177556244651328 32.296341196140588,-12.178484228973048 32.295770133846588,-12.17998329177658 32.295484587411067,-12.181268198125906 32.29498489980989,-12.182838650910751 32.294271071942376,-12.184337713714285 32.293414462313535,-12.185765385637181 32.292843383831716,-12.18683613553236 32.292129555964152,-12.1873643856012 32.292129555964152,-12.188506526377068 32.292557852684695,-12.18972004184576 32.294128305469542,-12.190433885001767 32.295627352984582,-12.191004963483579 32.296769493760451,-12.19136186932343 32.297983024517634,-12.19171879135115 32.299696243775308,-12.192075713378813 32.301195305679528,-12.192147104259448 32.302408821148219,-12.191861556924607 32.303765118378237,-12.190862197910064 32.304764493580592,-12.189791431827075 32.305692477902255,-12.189077588671068 32.306620462223975,-12.189077588671068 32.307833992981159,-12.190219729446937 32.308761978202142,-12.191219103749972 32.308833368183514,-12.192432635406476 32.308119525027507,-12.193931698209951 32.306334931076947,-12.195502135706361 32.304978633846929,-12.196572900890033 32.303765118378237,-12.196715666463545 32.301694977992213,-12.198214729267079 32.299910384041652,-12.199356870042891 32.298482712118812,-12.201355619548281 32.297768868063486,-12.202212213888629 32.298197180971783,-12.20306882261815 32.298839634146475,-12.203782666673533 32.297911649824755,-12.205281729477006 32.296698118168251,-12.206281103780043 32.295912899420046,-12.207637385721567 32.295555977392382,-12.209065072932956 32.295127665383404,-12.210135822828134 32.295127665383404,-12.211420729177517 32.294271071942376,-12.213205323128022 32.293128931166507,-12.214276088311692 32.292272321537666,-12.214775775912869 32.291415711908826,-12.215061307059898 32.29027357113295,-12.214490244765898 32.289274196829922,-12.214133322738235 32.287989290480596,-12.214204698330377 32.287845450217276,-12.214073936007992 32.287715464009807,-12.214155177162864 32.285776832383419,-12.214524440586729 32.28576563852215,-12.214625182640418 32.284848399300017,-12.216132073142887 32.284777024607187,-12.218487729387448 32.284919790180709,-12.220129556865174 32.285490852474709,-12.221771385242221 32.285705008928858,-12.223912901220388 32.2861333056494,-12.225626119578749 32.285990540075886,-12.227125182382281 32.2861333056494,-12.228338697851029 32.287132680851755,-12.22976636977387 32.287132680851755,-12.232122041306923 32.286989915278241,-12.233621104110455 32.285919165383007,-12.234263557285088 32.285490852474709,-12.236333682382678 32.285776383621737,-12.238546588342215 32.285847774502372,-12.240188416719207 32.285505133708568,-12.242144338710943 32.285576509300711,-12.24342924506027 32.284577149386848,-12.244143072927841 32.283863306230842,-12.244928306964482 32.283293334814402,-12.245640751674728 32.283282542950076,-12.245635355742534 32.282578399881459,-12.245142448130196 32.281864555826132,-12.244714151409653 32.279723039847909,-12.244928306964482 32.278723665544931,-12.245427994565659 32.277938446796725,-12.245427994565659 32.276439383993193,-12.245784901304829 32.276011087272707,-12.24692705736919 32.27636800930037,-12.249139948040238 32.276582149566707,-12.25121007313777 32.276724915140221,-12.253422979097309 32.276724915140221,-12.25606418267671 32.276724915140221,-12.258277073347756 32.277581524769055,-12.25949060410494 32.277724290342576,-12.260133057279631 32.277367383603341,-12.261275198055499 32.276796306020856,-12.262060416803649 32.277295993622026,-12.264344698355387 32.277510150076182,-12.266557604314926 32.278509524379217,-12.268841885866607 32.279009211980394,-12.270769244491362 32.27893782109976,-12.272482463749043 32.278438134397902,-12.273838760079741 32.277510150076182,-12.273910135671882 32.276225227539044,-12.274481213254374 32.274726180923324,-12.274623978827888 32.273155728138477,-12.274124292126032 32.271948366730385,-12.27355610946114 32.271937612637601,-12.273538902732753 32.271299743307281,-12.271554463239511 32.270871446586739,-12.270055416623791 32.269515149356721,-12.268627729412458 32.268301633888029,-12.267271448370252 32.267230868704353,-12.266843135461897 32.265660431207948,-12.267342823063075 32.264304133977987,-12.268056667118458 32.263161993202118,-12.269627104614813 32.262519540027427,-12.271340322973174 32.262590930908061,-12.273196291616557 32.262947836747969,-12.274909510874238 32.263090602321427,-12.276979635072449 32.263590289922604,-12.278621463449497 32.2642327592851,-12.279906385087315 32.263518915229781,-12.280977135881869 32.26380444637681,-12.282119275758419 32.262733696481575,-12.2838324950161 32.261662931297906,-12.28526016693894 32.260449414929894,-12.287187526462958 32.260520790522037,-12.28875797924786 32.261591555705706,-12.290613947891243 32.262448150046112,-12.292541322703755 32.263140571351357,-12.293497854204645 32.26349749337902,-12.294782775842464 32.263783039814541,-12.295782135756326 32.263069196658535,-12.296353213338818 32.261355977400846,-12.29642460421951 32.259285852303265,-12.29642460421951 32.257215728105052,-12.296353213338818 32.2557880399944,-12.295996291311155 32.254074836924474,-12.295996291311155 32.251290868670935,-12.297281197660539 32.248721039784414,-12.29849472931704 32.246793681159716,-12.299422713638704 32.244580790488612,-12.30049347882243 32.242867571230931,-12.302349448365135 32.240583290578563,-12.304276823177645 32.239155618655673,-12.306204182701663 32.237870696118534,-12.308060166633538 32.236799946223357,-12.309416447675744 32.235229508726945,-12.310986901359968 32.23337352479507,-12.311986276562266 32.231160617936268,-12.313057026457498 32.229732946013371,-12.31412779164117 32.22801972765501,-12.314984385082196 32.22709174333329,-12.314270557214682 32.227520056241637,-12.313556714058675 32.225949602557478,-12.31412779164117 32.22459330622678,-12.314770244815861 32.223879477459889,-12.315127166843524 32.223022868730368,-12.316554838766365 32.222380415555733,-12.317911135097063 32.22116688389923,-12.318767729437468 32.220024743123361,-12.319267417038645 32.219382289948669,-12.319767104639766 32.218811227654612,-12.320695104249978 32.218525681219148,-12.323193526068053 32.219025367921006,-12.324478447705872 32.219366038300279,-12.324794782431013 32.219386953832725,-12.324913304081292 32.21951157198697,-12.324929919955082 32.220024743123361,-12.325406432027592 32.220881352752201,-12.326405807229888 32.222237649982219,-12.325691964073883 32.223808087478574,-12.324835354445041 32.224664696208094,-12.324192901270408 32.226365376218723,-12.324124881948023 32.226528888252119,-12.324186199522615 32.227591430934467,-12.325049510899248 32.227948352962123,-12.325763354055255 32.226877586879141,-12.328047635606936 32.226377899277963,-12.329832229557496 32.224950227355123,-12.331545447915857 32.224093618625602,-12.332330666664006 32.223379789858711,-12.33361557301339 32.222377755361144,-12.335408680845603 32.221317072476722,-12.334171218229869 32.22106468404445,-12.334317998376946 32.220031636426711,-12.333296293008573 32.218948749281367,-12.33267097191856 32.213095499263204,-12.32929097079551 32.212780973973963,-12.328222638277907 32.212463373902658,-12.328085114852513 32.212258318587487,-12.327708709912429 32.208526160944189,-12.320857877040678 32.20526195652559,-12.318899231002545 32.203450024084702,-12.318720559997018 32.198197588631217,-12.316754191480641 32.183331041855013,-12.308511171235295 32.180963843711538,-12.303064149474324 32.178516121172891,-12.29744047388715 32.177095615047953,-12.294176842336752 32.178044965462391,-12.291719273121146 32.175662941095936,-12.288962412232195 32.175506436579781,-12.285584664810187 32.176392489112573,-12.283985442713572 32.174955382402288,-12.279572345409406 32.175388392469529,-12.275338322006974 32.177578651701708,-12.27053880041592 32.177485383913393,-12.266302703176903 32.175172933797114,-12.261599972917905 32.045522703143718,-12.256652430115366 31.78520755118052,-12.003725719437796 31.781734086216886,-11.999300364374278 31.778255134489598,-11.995676226098567 31.774956682988829,-11.991308963640904 31.769893169013358,-11.988581444032491 31.787160824668835,-11.977719518897516 31.785780458883323,-11.976590621537865 31.78548518807872,-11.971780469061116 31.789933606255655,-11.968229395304375 31.793678633197199,-11.968985127081851 31.795478802505954,-11.968275051185799 31.796857232051082,-11.966538686077058 31.797631495258312,-11.96320522666764 31.800705350974795,-11.957149720024404 31.803420976150104,-11.950468287047386 31.806685359533731,-11.945613867242344 31.811657499693069,-11.941941666499417 31.815164689232741,-11.942356511161051 31.817807784086366,-11.939114425567823 31.821860235270378,-11.93654250305957 31.826768866207317,-11.932469939437681 31.833890568579022,-11.928026010676374 31.83887007238712,-11.924926792280017 31.843662729453115,-11.920912978668298 31.848516687006622,-11.91712763242225 31.848349171191558,-11.913175502409217 31.849018876521711,-11.901705687743116 31.852193793551233,-11.898972756014757 31.858892283969169,-11.89338794103179 31.86604196694719,-11.891121345547106 31.877226243271707,-11.889434959360813 31.895742078763472,-11.881468195554419 31.897788370927913,-11.877201998007079 31.900213694052805,-11.870638789904035 31.900805528887073,-11.866734524507365 31.900930524756575,-11.862836065133763 31.903965169133301,-11.858271039063878 31.904557003967568,-11.854366773667209 31.907514334528685,-11.843785429810794 31.910235851162557,-11.837562382171425 31.883666860292351,-11.795657213165384 31.952614858556725,-11.729068160865495 31.954845786929752,-11.725544663919436 31.987718259902348,-11.649375441609607 31.995246789479776,-11.649339125187396 31.998096611488279,-11.648558689033791 32.005609677223383,-11.647319108514694 32.018853499021077,-11.642397893364603 32.020867206949788,-11.640137862031395 32.026838744794532,-11.637026306735436 32.033968547359734,-11.63321265792581 32.038201216383186,-11.631039646790782 32.102980054846569,-11.567023968504884 32.102248869164555,-11.564626149345656 32.050671187762475,-11.493232120167306 32.057520259761702,-11.49028157409151 32.064843535273724,-11.48789820523865 32.069370924716679,-11.485950758457761 32.074795543466621,-11.490238663840216 32.078567815369013,-11.493114431289257 32.084017103421502,-11.490238599988343 32.088041388738873,-11.490016632922389 32.090063010701385,-11.4929141711591 32.096489422031254,-11.493407327883688 32.101415724646074,-11.490709922972712 32.108963583351908,-11.487636072652151 32.115925497782705,-11.488924873065912 32.124382273384583,-11.49079739552991 32.126973007910976,-11.491933682618651 32.128881970004272,-11.493251774850251 32.129018324311062,-11.493524484363093 32.132881700232979,-11.492615454152485 32.135245176981925,-11.490888298101311 32.144108215914571,-11.488842981701282 32.150107811707301,-11.487297631692229 32.150698680669677,-11.486752213565865 32.152153128107329,-11.486024990296698 32.155016571247245,-11.484615993695058 32.161516132531688,-11.48234341951752 32.163970512751291,-11.480570812630331 32.165879474844587,-11.478661849637717 32.17128820167494,-11.476980145321932 32.174833416348626,-11.478889107415227 32.177696860387925,-11.47916181602875 32.179878531094744,-11.478616398801705 32.181378430267728,-11.4800708462393 32.181696590616639,-11.481661647983742 32.18260561992787,-11.48257067729503 32.183378294932417,-11.482934289379273 32.185878126887417,-11.482934289379273 32.186605350156583,-11.482661579866431 32.187923443287502,-11.482161614374718 32.1886052157206,-11.480888972979187 32.18883247259879,-11.479207267764082 32.189196084683033,-11.478525495330985 32.192195882129681,-11.477661917755029 32.197286447711804,-11.478116432410673 32.197513705489314,-11.478025528939952 32.198649992578055,-11.477434659977575 32.198922701191577,-11.476980145321932 32.200558954671351,-11.475707503926401 32.201922499537602,-11.473980347875226 32.204285976286542,-11.470844195222412 32.205376811639951,-11.469480651255536 32.206740356506202,-11.468798878822383 32.210740086734916,-11.468480718473527 32.211785470352936,-11.468480718473527 32.214558010921451,-11.46843526673814 32.215467040232738,-11.466753562422355 32.215467040232738,-11.464753696858338 32.214376204879329,-11.461163030449198 32.21683058509899,-11.4612539330206 32.217921420452399,-11.459663131276214 32.217921420452399,-11.455117982921138 32.219070240492954,-11.454170327728717 32.219169458195836,-11.451577987912458 32.219141913760716,-11.451480176749271 32.222611278715192,-11.450429290179727 32.223590186247463,-11.448025208141814 32.228441539364383,-11.449925440516154 32.228455934812075,-11.451825673789868 32.226224600844887,-11.454719210942867 32.225792729319267,-11.455611743990175 32.225790397377239,-11.455611615387111 32.225147961289679,-11.456888555541923 32.225921027499282,-11.459860923666724 32.228898969622037,-11.460705243160703 32.231938410083103,-11.462178817379311 32.232875654723728,-11.463032836061359 32.234627146429034,-11.463482363077047 32.236380089640079,-11.464218041771915 32.237656718629466,-11.463010110193693 32.238645593347826,-11.462547557397725 32.240511954556553,-11.462653148595848 32.243309175219565,-11.462353695044499 32.247446265197027,-11.461818945575374 32.250244646884767,-11.461748412647921 32.25322404051326,-11.462878882921814 32.254970889018921,-11.462412726542482 32.259347006201267,-11.463021473127526 32.260773294966839,-11.464447373386008 32.261378911011889,-11.465069722216695 32.263606511893386,-11.463630773694888 32.264436062721018,-11.463354957024478 32.264443280679643,-11.463356574005445 32.264464857213731,-11.463349337161103 32.264436062721018,-11.463354957024478 32.26450702732302,-11.463335195322202 32.268821490584344,-11.461888271612622 32.268832210502921,-11.461893281735684 32.269543821541667,-11.461656678203667 32.272683039983235,-11.459810344896482 32.276001528378856,-11.458821633854768 32.278326208375404,-11.457322562957359 32.280184443310304,-11.45582570888871 32.280755600033153,-11.453476498085138 32.281446271257778,-11.451699035758281 32.283243007854367,-11.449572926065796 32.285690103565571,-11.449217904305556 32.287434049959018,-11.448179446366453 32.289886080250199,-11.44879733905651 32.292859088692296,-11.448668744100244 32.297705134010577,-11.449962035728218 32.30003707063662,-11.449893720528904 32.301903141364335,-11.44994208157101 32.303602713410271,-11.451650950808014 32.305880987490802,-11.452498595994882 32.308970897904146,-11.452426677212202 32.311596103443947,-11.452700356194212 32.315157392599644,-11.453599134133638 32.316561663263997,-11.454565396298904 32.318600619658639,-11.454212315275639 32.323787501730749,-11.453729807423144 32.324957097908843,-11.454411027672563 32.325782374258893,-11.456181284631327 32.327470917019411,-11.455715405243152 32.329511904982496,-11.455762935311725 32.334827588854971,-11.457683542725988 32.3372836822831,-11.459102658499091 32.338626744190833,-11.459496896095686 32.341367691576465,-11.459598330627387 32.345156978651687,-11.459465855995859 32.348362049049513,-11.459107231551627 32.350930400349966,-11.459667339203975 32.35315762531485,-11.46194601618083 32.35496887427098,-11.462681417884539 32.356029695650989,-11.464908408126348 32.357839782683072,-11.465414888306782 32.360702855302343,-11.466603142719007 32.361934820362478,-11.468085309060257 32.363981033386608,-11.469162982835769 32.365572410697098,-11.472532083276519 32.367094452977142,-11.473726712083305 32.368786768393591,-11.474004825622217 32.369732429789053,-11.476518520626314 32.371479567876406,-11.476109595302319 32.372825241415285,-11.477018904302724 32.373242378448765,-11.478791101099091 32.375110772125311,-11.479297304288366 32.377725239760075,-11.477453465700533 32.379653099307177,-11.478188313421811 32.379259471450837,-11.481051763756339 32.382349381864231,-11.480979844973659 32.383646328336908,-11.483778028810546 32.386446451112079,-11.484050876818969 32.387833887367378,-11.481697786340135 32.391332807640993,-11.481795618187789 32.393031798724849,-11.483390027112875 32.394130608366702,-11.481610624948416 32.396174789822339,-11.482287687632038 32.397164534185094,-11.481996825304066 32.399379279258142,-11.481814602875829 32.399328519724172,-11.4833028657211 32.399686770949813,-11.484960879196706 32.401671195154563,-11.485352068091629 32.403766425725905,-11.484598098085996 32.405040152603135,-11.482817864048682 32.406262539883635,-11.482411432544666 32.408898774708803,-11.484859860151801 32.409960467531846,-11.487258540861546 32.414205171282674,-11.484949100776078 32.416837633451955,-11.486653535456185 32.418464096912089,-11.485443941031519 32.420280859611637,-11.487266716598128 32.421740533009597,-11.487660399313086 32.423017162898304,-11.486452467734807 32.423533786531948,-11.484847527748796 32.425702705751689,-11.487126481716814 32.426237615300124,-11.489127045154703 32.428573034101078,-11.489745491827135 32.430077372327617,-11.487449077521944 32.432409308054332,-11.48738076142331 32.435264544880795,-11.487023799825465 32.437374577393371,-11.48918857137204 32.439814418273784,-11.487402794813022 32.441691227805904,-11.489568674324346 32.44455023728824,-11.489955705653529 32.444810162039062,-11.495219777434727 32.448727670851952,-11.497375956858662 32.445184376230713,-11.500025453086437 32.452558462538093,-11.505427403525287 32.452405397029395,-11.50542636390901 32.452485310784937,-11.505602173271825 32.452793717087104,-11.505826906652374 32.454027713715675,-11.507709684085453 32.4530466756895,-11.509717452891493 32.454865470856817,-11.511940840449256 32.457489805852902,-11.512042828963331 32.460828902212768,-11.515117463492686 32.46410214571705,-11.516704390058464 32.466147777779156,-11.517667603522 32.467798040897492,-11.521150887283511 32.469731415986587,-11.522973107968426 32.472538214429164,-11.524562251363022 32.473598745328161,-11.526732011448871 32.474592263246102,-11.527185141148607 32.478687881887538,-11.529970022214002 32.479929424727288,-11.533340785501196 32.479592652009721,-11.535917808064653 32.477675820848674,-11.537357708968441 32.478907785908802,-11.538839874410371 32.480258394027658,-11.540722097861078 32.47991929926058,-11.542841279176683 32.480684528778056,-11.544268431291414 32.483190801677438,-11.544084823907269 32.485462981052592,-11.543730634019937 32.4858754739871,-11.544587146522019 32.485242238863179,-11.546192641389723 32.483617226009464,-11.54768838749362 32.484850352094384,-11.549399473559447 32.486379651003801,-11.552024858064328 32.487386520256621,-11.555110578536299 32.48646030490135,-11.556431308479375 32.488978187148859,-11.558536909133068 32.487706782321084,-11.560774984418231 32.487723615830873,-11.564094337062272 32.489482653747302,-11.566031850831337 32.490024529444149,-11.569405938912041 32.491835777501024,-11.570141340615749 32.493017854470224,-11.573283460270204 32.492674986147904,-11.574658647759406 32.494313929499867,-11.575909952739776 32.495601007711912,-11.576762308575439 32.497702043406946,-11.577152943488045 32.499515904893599,-11.578403416595506 32.501157750357777,-11.580227024035025 32.499764509878105,-11.581435509595622 32.50018019540579,-11.582921555612074 32.501999281054111,-11.585202172426534 32.503347567123512,-11.586626553730071 32.504038237448803,-11.584849091403271 32.50590517961956,-11.58506914381263 32.507199223980081,-11.587295025190427 32.509302871306261,-11.588200731506788 32.508849777579428,-11.590835539107898 32.511188388973608,-11.592083517496064 32.512707238660425,-11.592648614587119 32.513124956655872,-11.594535271695406 32.513483206982187,-11.596193285171012 32.515236440674244,-11.596986194021895 32.519019923525093,-11.595709114472129 32.520251888585221,-11.597191279914057 32.519677828850831,-11.598968188258539 32.520847135447234,-11.599592178351941 32.522140308364726,-11.601646368362424 32.523947783765664,-11.601637777139103 32.529542515572636,-11.601096099293043 32.530884706936604,-11.60131864642176 32.530720818986595,-11.603494226020473 32.53317952494524,-11.60542841319733 32.534812664072774,-11.60553511415884 32.535286655345594,-11.607020882284814 32.537044532237303,-11.608729474530662 32.538444738865394,-11.608894513612825 32.53885897378666,-11.610094407950101 32.537814696334749,-11.611129541095636 32.53553787286063,-11.610568047588004 32.534553352659543,-11.611889053622972 32.536834239270604,-11.613251770213594 32.537712886785748,-11.614048836630218 32.537837625449185,-11.615650727914556 32.5397112432874,-11.617187075710092 32.541406751297018,-11.618094721864111 32.541069107136423,-11.620500053959629 32.538734848460876,-11.620110527911095 32.538098711224791,-11.621143721219028 32.538516137839963,-11.622973148171354 32.539107321565098,-11.624572822626929 32.54253545620179,-11.622210032060707 32.545163274272056,-11.622998783345793 32.544767324366319,-11.625404392432472 32.543140860906128,-11.626613987756457 32.540985583502277,-11.627024852918112 32.541927761823558,-11.628851786050461 32.542633815052113,-11.630107525587789 32.542233221047411,-11.631597451279504 32.542180720425961,-11.632742332289581 32.543706825842889,-11.634738184179355 32.542194651823536,-11.635489383373795 32.544416942208443,-11.63679514679967 32.546462864751504,-11.637815590419221 32.548046695850864,-11.639696705005861 32.548584507511521,-11.642269570003577 32.549461414838561,-11.64272325548427 32.551028411528875,-11.641285016527547 32.553760650779282,-11.639669544581237 32.556329002979055,-11.640229652233643 32.555935664704464,-11.643150333623453 32.558322134419711,-11.642337747606575 32.559181046312965,-11.639243158920067 32.560820860208644,-11.640666154368375 32.563742529054018,-11.641911361945404 32.569581802708569,-11.643600554016416 32.569294627600868,-11.644460393110649 32.569999810285758,-11.64554444128072 32.572041088729918,-11.64564920240457 32.575484315788913,-11.646262382647194 32.575374089485081,-11.647522001859727 32.577247707323295,-11.649058349655263 32.576786776904271,-11.650147940346981 32.58005798884011,-11.651334254921608 32.578202075954664,-11.65328895113737 32.580661072394321,-11.655280369369564 32.583286277934114,-11.655554048351576 32.584109813196669,-11.656980924374409 32.588804451356054,-11.662910695905452 32.590618892905411,-11.664275629324946 32.593266853990542,-11.66567183037273 32.593261089336295,-11.665684000897727 32.59326387543598,-11.665685333692977 32.593266853990542,-11.66567183037273 32.593308209314038,-11.665693636233925 32.593305335080849,-11.665705161945084 32.594942841316197,-11.666488316749223 32.593927118238014,-11.667068728395066 32.591999759613259,-11.667996712716729 32.591000384410904,-11.66970993197441 32.591071759103784,-11.671637291498485 32.591500072012082,-11.672850822255667 32.59264221278795,-11.673850197458021 32.593998509118649,-11.674849556472566 32.595925868642659,-11.675135103807349 32.597282165872684,-11.675920322555555 32.598352915767911,-11.676848306877275 32.599066758923925,-11.678275994088608 32.598852603369096,-11.679560900437991 32.597995993740255,-11.680774415906683 32.59721077499205,-11.68127410350786 32.596068634216181,-11.681345494388495 32.594855103458997,-11.680988572360832 32.593356040655465,-11.680774415906683 32.592213899879653,-11.680917197667952 32.591000384410904,-11.681773791109038 32.589073024886886,-11.68320147832037 32.587930884111017,-11.683701165921548 32.58636043132617,-11.684058072660719 32.58493275940333,-11.685271603417902 32.583576462173312,-11.687627275850275 32.583362305719106,-11.689126322465993 32.583647853053947,-11.690554009677328 32.584433071802152,-11.692195838054374 32.586289055733971,-11.695193962762119 32.588573337285709,-11.696336103537931 32.590429305929092,-11.696978556712622 32.59121454086511,-11.697621009887314 32.591856994039745,-11.698620385089669 32.59178560315911,-11.699476978530697 32.590714853263933,-11.700190822586022 32.588716102859223,-11.700262213466713 32.587145650074376,-11.700048057012509 32.5854324470045,-11.69897729092952 32.583647853053947,-11.697692384580193 32.5820774002691,-11.695907791528953 32.580721103039082,-11.695122572780747 32.57950758757039,-11.694908416326598 32.577651602739195,-11.694908416326598 32.576723618417475,-11.69547949390909 32.575581477641606,-11.696907165831988 32.574724868912085,-11.698691759782491 32.57408241573745,-11.700404979040172 32.573083040535089,-11.70176127537087 32.57279750938806,-11.702760635284788 32.572012290639861,-11.704116931615431 32.571512603038684,-11.704616619216608 32.570513227836322,-11.704616619216608 32.569085540624997,-11.703403103747917 32.568086165422642,-11.70183265096307 32.566729884380436,-11.700048057012509 32.565159430696269,-11.699619760292022 32.563803149654063,-11.700690510187201 32.562661008878194,-11.702118182110096 32.562518228016245,-11.703403103747917 32.562518228016245,-11.704902150363637 32.562675274823562,-11.706358384754139 32.562532509250047,-11.708214369585333 32.563032196851218,-11.710784181384781 32.562389743676533,-11.71264016621592 32.561318993781356,-11.714781682194143 32.561033446446515,-11.716494885264012 32.559962696551338,-11.71785118159471 32.559106087821817,-11.718350869195888 32.558106712619463,-11.717637025140561 32.557035962724228,-11.716709040818898 32.55567966549421,-11.715781056497178 32.55482305586537,-11.715852432089378 32.55282430636003,-11.716566275245384 32.552181853185346,-11.71728011930071 32.550825555955321,-11.717993947168225 32.549612040486636,-11.719064713251214 32.548327134137253,-11.720064088453569 32.547613290081927,-11.721348993903632 32.546756681352406,-11.722276979124613 32.545257618548874,-11.723133587854136 32.544329634227211,-11.723490509881797 32.542901962304313,-11.724632650657666 32.54147427509298,-11.725417869405872 32.540403525197746,-11.725275103832358 32.539475540876083,-11.726702775755255 32.538190618338881,-11.728344604132246 32.537833712499037,-11.73048611921115 32.538190618338881,-11.731842416441168 32.538975853274906,-11.733484243918838 32.53968968114242,-11.735625759897061 32.54076044632609,-11.736910666246445 32.542116743556107,-11.738266963476461 32.543758571933154,-11.739337713371638 32.545543165883714,-11.740122932119844 32.547399134527097,-11.74083677527585 32.548255743256618,-11.741550619331178 32.549255118458973,-11.742478603652897 32.549968962514292,-11.743121056827533 32.54975480606015,-11.744477354057551 32.548612665284281,-11.744834275185895 32.547184993361384,-11.746047791553963 32.545685931457172,-11.746975791164118 32.543687181052519,-11.747689619031632 32.542973336997186,-11.748974525381016 32.542259509129622,-11.750687744638697 32.542188118248987,-11.752400962997056 32.542473650295335,-11.75447108809459 32.542759196730799,-11.756541213192179 32.543594384508928,-11.758996822785036 32.543879915655907,-11.760710041143398 32.544736525284748,-11.761780791038575 32.54423683768357,-11.762708775360295 32.543023306027067,-11.763137088268591 32.542309478159552,-11.764136463470948 32.541381477650077,-11.765492744513153 32.540310727754843,-11.766563509696823 32.53995380572718,-11.767562884899178 32.539525509006637,-11.769418853542561 32.53995380572718,-11.770275463171401 32.540596258901871,-11.771917291548448 32.541310102957191,-11.774130197507986 32.542238087278918,-11.775058181829706 32.542309478159552,-11.77598616615137 32.542166712586038,-11.776842775780208 32.541095946503049,-11.776414479059667 32.540524884208992,-11.775486478550192 32.539454119025322,-11.774272963081501 32.538169212675996,-11.772274213576111 32.536812915445978,-11.771560369520785 32.534885555921903,-11.770418228744916 32.533600649572577,-11.769633009996767 32.532458508796708,-11.768705025675047 32.530888056011861,-11.768419494528018 32.529745915235992,-11.768633634794412 32.528603774460123,-11.768990556822075 32.527033336963768,-11.769133322395589 32.526105337353613,-11.770204088478579 32.524677665430715,-11.772202822695476 32.523963821375389,-11.773987431934472 32.523035837053669,-11.775914791458547 32.522107852732006,-11.776985541353724 32.521037087548336,-11.777128306927239 32.51939525917129,-11.776628634614553 32.518395883968935,-11.776485853752547 32.517253743193066,-11.77655724463318 32.516254368890031,-11.777842150982563 32.515611915715397,-11.779555369340926 32.515397774549683,-11.780840275690309 32.515112228114219,-11.78226794761315 32.514898086948506,-11.783838400397997 32.514255633773814,-11.784694994738345 32.513256259470829,-11.78512330674738 32.511757196667304,-11.785622994348557 32.510258133863772,-11.785266072320894 32.509401525134251,-11.784837775600352 32.508901837533074,-11.783838400397997 32.507117243582513,-11.783053166361356 32.50533264963201,-11.781982416466121 32.50440466531029,-11.782696259622128 32.503833587727797,-11.783767010416682 32.503833587727797,-11.784909150293231 32.50440466531029,-11.785837134614894 32.505760946352552,-11.787407588299061 32.506474790407879,-11.788906650203273 32.507616931183691,-11.789620478970164 32.508687681078925,-11.79054847858032 32.508973228413709,-11.792333072530823 32.510043978308943,-11.793475213306692 32.511114743492612,-11.795402572830767 32.511114743492612,-11.796687479180093 32.510186743882457,-11.796901634734922 32.509044603106588,-11.796116415986774 32.508616306386045,-11.794617354082561 32.508330775239074,-11.793332447733178 32.507902462330719,-11.791476462901981 32.507045868889691,-11.790048790979142 32.50590371192601,-11.789334947823136 32.504333274429655,-11.788763884629759 32.502834212525443,-11.78854972907493 32.501192384148446,-11.788763884629759 32.499693321344921,-11.789406337804451 32.499050868170229,-11.791190931755011 32.499550555771407,-11.792761369251364 32.500764087427903,-11.794545963201925 32.502477290497779,-11.796259181560288 32.504618806476003,-11.797044400308437 32.506903087128364,-11.797758244363763 32.507117243582513,-11.798686228685483 32.506940466549224,-11.799629017646396 32.505715114203952,-11.80048676491765 32.50431053147485,-11.800975321610053 32.504001120629994,-11.801015679585419 32.502834212525443,-11.800756369071507 32.500764087427903,-11.799685603887838 32.498693947041886,-11.799043150713146 32.497623197146652,-11.798900385139632 32.495695837622634,-11.799257307167295 32.495481681168485,-11.801398822246199 32.496124134343177,-11.802112651013033 32.49733766510036,-11.803397556463096 32.499193634643063,-11.80432555697257 32.501406540602602,-11.805753228895467 32.503548055681442,-11.805824619776104 32.505618180779038,-11.805539072441261 32.507545540303056,-11.805182166601412 32.509115993987223,-11.804468322546084 32.510186743882457,-11.803897244064274 32.510472290317921,-11.804396931665451 32.509829837143229,-11.805396306867806 32.508544915505411,-11.806038760042441 32.507474165610233,-11.806395682070104 32.505261259650695,-11.80710952522611 32.503548055681442,-11.808108900428465 32.501477915295418,-11.809251041204334 32.499693321344921,-11.810750104007866 32.497980118274995,-11.812463307077735 32.496909353091326,-11.81339130668789 32.495695837622634,-11.814176525436096 32.494625071539645,-11.81339130668789 32.49362569633729,-11.812035010357249 32.493268775208946,-11.810464556673026 32.49269771201557,-11.809179650323699 32.49269771201557,-11.807823353993001 32.492412180868598,-11.806395682070104 32.491469915313075,-11.804910900500431 32.490541915702863,-11.804553978472768 32.489257009353537,-11.804982291381066 32.487329649829462,-11.806481337996786 32.486687196654771,-11.808194557254465 32.486972727801799,-11.809764994750878 32.487543806283611,-11.811620978682752 32.488543165298211,-11.812548963004415 32.489328400234172,-11.813262807059743 32.490256384555892,-11.81483325984459 32.490399150129349,-11.817046150515694 32.490684681276377,-11.818259682172197 32.490684681276377,-11.819116275613226 32.489185633761338,-11.821043650425736 32.487900712123519,-11.821614713619113 32.486544431081313,-11.820900884852222 32.485402290305444,-11.820187041696215 32.48440291510309,-11.81918766649386 32.483617681066441,-11.817331681662665 32.483546306373569,-11.815689854184996 32.482761087625363,-11.814190791381463 32.482654008948657,-11.81429786915885 32.482561212405074,-11.814019478628778 32.481561837202719,-11.812877337852909 32.48041969642685,-11.812234884678217 32.478492321614333,-11.812449025843932 32.477136040572134,-11.8135197910276 32.476350821823928,-11.815018853831134 32.475993899796265,-11.816660682208123 32.476564962090265,-11.81830250968585 32.475922508915566,-11.820229869209925 32.476065274489081,-11.821514775559251 32.475636977768595,-11.82265691633512 32.474352071419219,-11.823584915945275 32.472496087487343,-11.824155979138652 32.469783509215119,-11.824441510285681 32.468070290856758,-11.82551227546935 32.466785384507432,-11.826725790938042 32.465357712584535,-11.82801071347518 32.46421555562091,-11.82872454134275 32.463144805725669,-11.829438385398078 32.461931274968492,-11.830009447692078 32.459646993416811,-11.829509775379393 32.458362087067428,-11.829152854251049 32.457362711865073,-11.829010087778215 32.456577493116868,-11.829366994517441 32.455863649960861,-11.830651916155261 32.455792274368719,-11.832579275679279 32.455813233967888,-11.832617003137727 32.455802434009684,-11.832662364940916 32.455987579234488,-11.832930825157177 32.456863025163216,-11.834506635203354 32.457362711865073,-11.835577400387024 32.457148571598736,-11.836576760300886 32.456291961969896,-11.836862306736407 32.455578118813825,-11.835648775979223 32.454864274758506,-11.834221104056326 32.4535079937163,-11.832864806826308 32.45265138408746,-11.831579900476925 32.451223712164619,-11.83093744730229 32.449367728232744,-11.830651916155261 32.447868665429205,-11.830223604146283 32.446726524653343,-11.830651916155261 32.445655774758166,-11.832507884798645 32.445512993896152,-11.834006947602177 32.445941305905194,-11.835934307126195 32.447012055800371,-11.838004447512217 32.447725899855691,-11.839432119435116 32.447797290736332,-11.840431494637469 32.448082821883361,-11.841288104266312 32.447654508975063,-11.842073323014461 32.44579854033168,-11.842287478569345 32.444585009574496,-11.842144712995831 32.443514258779942,-11.841073947812161 32.44294318119745,-11.839789041462778 32.442157962449244,-11.838789666260425 32.440658899645712,-11.837504759911042 32.439088462149357,-11.836933682328549 32.43751800936451,-11.837147837883379 32.435947571868155,-11.837361994337526 32.434662665518772,-11.83886105714106 32.433948821463446,-11.840003197916928 32.43409158703696,-11.842001932133826 32.434519883757446,-11.843429619345159 32.435804806294641,-11.843857916065701 32.437660774938024,-11.843786541372822 32.4395167588699,-11.843358228464522 32.441229978127581,-11.843500994038036 32.442443493596272,-11.843786541372822 32.443157337651598,-11.844357603666879 32.444585009574496,-11.844857291268056 32.445013306294982,-11.845571135323382 32.445370228322638,-11.84756986954028 32.445655774758166,-11.849283087898641 32.445655774758166,-11.85128183830335 32.445441618304017,-11.852852275799705 32.444513633982297,-11.853851651002058 32.443657024353456,-11.854565494158065 32.4425148844769,-11.8552793229249 32.440587508765077,-11.855136557351441 32.438874305695208,-11.854636869750264 32.437232478217481,-11.85449410417675 32.436447259469332,-11.855065181759242 32.435090962239308,-11.855422103786907 32.433663290316417,-11.855422103786907 32.433356438942042,-11.856376748510172 32.433333829986225,-11.856399357465989 32.433322526407665,-11.856482255172011 32.433020837141726,-11.857420838003803 32.43280668068757,-11.8592054472428 32.432378368678599,-11.860775884739212 32.43209283753157,-11.861703869060875 32.431878696365857,-11.862489103996893 32.430736540301552,-11.864059541493248 32.429237493685832,-11.864559229094425 32.427310118873322,-11.865629978989602 32.425882446950425,-11.866415213026301 32.425025837321584,-11.867485962921476 32.42434055573392,-11.868799431738523 32.42386763375498,-11.869002102051695 32.423906363957485,-11.869441043147788 32.423912259013377,-11.869441884913215 32.425054399789246,-11.870512634808392 32.425197165362761,-11.871512010010747 32.426553462592778,-11.872440010520222 32.428052509208499,-11.873296603961251 32.429480196419831,-11.873796291562428 32.43090519825563,-11.873851104340815</coordinates></LinearRing></outerBoundaryIs><innerBoundaryIs><LinearRing><coordinates>32.451908452360442,-11.505181820262806 32.451857343889515,-11.505144578438262 32.451761811608264,-11.505132940311853 32.451908452360442,-11.505181820262806</coordinates></LinearRing></innerBoundaryIs></Polygon></MultiGeometry>
  </Placemark>
  <Placemark>
	<name>Lukusuzi</name>
	<Style><LineStyle><color>ff0000ff</color></LineStyle><PolyStyle><fill>0</fill></PolyStyle></Style>
	<ExtendedData><SchemaData schemaUrl="#National_Parks_Zambia">
		<SimpleData name="Name">Lukusuzi</SimpleData>
		<SimpleData name="OBJECTID">19</SimpleData>
		<SimpleData name="ID">0</SimpleData>
		<SimpleData name="PROVINCE">Eastern</SimpleData>
		<SimpleData name="STATUS">3</SimpleData>
		<SimpleData name="Size_SqKm">2720</SimpleData>
		<SimpleData name="Shape_Leng">2.18204527001</SimpleData>
		<SimpleData name="Shape_Area">0.21773875614</SimpleData>
	</SchemaData></ExtendedData>
      <Polygon><outerBoundaryIs><LinearRing><coordinates>32.504085813382794,-13.090413342986892 32.504014429696724,-13.090427619724096 32.502800905234778,-13.089142710676754 32.50208706657537,-13.08878579224637 32.500516622783714,-13.08878579224637 32.499588632166819,-13.087643650571181 32.500159703454074,-13.086073206779588 32.499731400438286,-13.08378892432853 32.498517875077027,-13.081718792935758 32.498660642449174,-13.079434510484703 32.497804037316939,-13.078363752495591 32.497018814971455,-13.078006834065206 32.496019441567739,-13.077792682107656 32.495162835536235,-13.076222238316063 32.494663148834377,-13.074009339551083 32.494663148834377,-13.072581663131587 32.493949310174969,-13.071939208158255 32.492378865484,-13.071796440786157 32.490023199346865,-13.071439521456455 32.488452755555272,-13.070440148052738 32.488238603597722,-13.069226622691474 32.487096462821846,-13.068941087047847 32.485954321146664,-13.068155865601682 32.485882937460588,-13.06679957286832 32.484740795785399,-13.066728189182243 32.483170351993806,-13.067156492197965 32.48174267557431,-13.06729925957012 32.479315624851829,-13.066157117894987 32.477316878044405,-13.064515290417262 32.476174736369217,-13.064229754773633 32.475817817938832,-13.062944845726292 32.474104605875766,-13.060303643945588 32.474747059949721,-13.059161503169719 32.474818443635797,-13.0578052104363 32.473604919173908,-13.057019988090815 32.472248626440489,-13.054878473011968 32.471891707110785,-13.051594817157195 32.470820950020993,-13.049881605094129 32.469678808345805,-13.050666827439613 32.466823455506869,-13.049952988780205 32.4652530108159,-13.047311786999442 32.464325021098261,-13.045241656505993 32.46361118243891,-13.042885990368859 32.462754577306669,-13.040673091603935 32.46339703138068,-13.039602333614823 32.462611809035195,-13.038388809152876 32.461112748929622,-13.039316798870516 32.459328153180422,-13.040316172274229 32.457472173745202,-13.040887242662164 32.455973113639629,-13.040102020316681 32.453902982246859,-13.039245414285118 32.453546062917148,-13.038317424567481 32.453546062917148,-13.036818364461908 32.454259901576506,-13.034177162681203 32.454688204592287,-13.03060797118286 32.454830971964434,-13.028038153987495 32.45440266894866,-13.025896638908591 32.453474679231078,-13.023683740143667 32.453403295545002,-13.021899144394467 32.452974992529221,-13.020257316017478 32.450904861136394,-13.016402589774771 32.450690710078163,-13.014832145083858 32.44897749801504,-13.013547236036516 32.448906114329013,-13.01233371157457 32.448477811313239,-13.011976792244866 32.447692588967755,-13.011834023973393 32.446693215564039,-13.012262326989173 32.446550448191886,-13.013761387994066 32.446264912548259,-13.015403215471736 32.445194155458466,-13.016331205189374 32.444765852442679,-13.015902903072913 32.444765852442679,-13.014760761397779 32.444623084171212,-13.013118933020735 32.444551700485135,-13.011048802527228 32.444266164841508,-13.005837782651836 32.44326679143785,-13.004767025562103 32.440625589657081,-13.004410106232399 32.43805577246178,-13.00348211651476 32.435700105425319,-13.002911046126824 32.433915509676126,-13.002554126797122 32.432844752586391,-13.001411985121933 32.432916136272468,-12.999698773958185 32.43241644957061,-12.998556632282998 32.431131540523268,-12.998056945581139 32.429418328460144,-12.999413238314558 32.427562349024925,-13.001340601435857 32.42520668288779,-13.003410732828684 32.422851016750705,-13.005195328577884 32.420138431283874,-13.008050681416817 32.418710754864371,-13.006837156055553 32.416783390843761,-13.005266712263902 32.416069553083673,-13.004195955174168 32.415498481796419,-13.002554126797122 32.413499734988989,-13.001269217749778 32.412571745271407,-13.002339974839572 32.410572998463977,-13.001340601435857 32.408859786400853,-13.000769531047922 32.407503493667491,-12.998413864910844 32.404719524514576,-12.996272349831941 32.39965127201134,-12.99327422872153 32.397723908889986,-12.991703784929882 32.394297484763797,-12.989133966835254 32.391656282983092,-12.986849684384197 32.389657536175662,-12.984922321262843 32.384589284571746,-12.981353129764498 32.382233618434611,-12.979282998371728 32.384375132614188,-12.977212866978903 32.385945577305158,-12.975856574245483 32.387016334394957,-12.973001221406548 32.387587404782835,-12.971002474599118 32.385517274289384,-12.970360019625785 32.383018839880776,-12.97114524197127 32.380948709387326,-12.971073858285195 32.380663173743699,-12.969646181865699 32.37950457807267,-12.969066883580524 32.37966708286541,-12.968435724991252 32.370437139430521,-12.747793295605504 32.370482076753717,-12.747778851594376 32.372052520545367,-12.746636710818507 32.373694348922356,-12.744994882441516 32.374479571267841,-12.743067519320162 32.374693722326072,-12.742139529602525 32.378191530138338,-12.738641721790259 32.380475812589395,-12.736571590397432 32.382331792024672,-12.733716237558495 32.383830852130188,-12.730646732762011 32.385115761177531,-12.728076914667325 32.385686832464785,-12.726078167859896 32.385329913135074,-12.724293572110751 32.384830226433216,-12.721652370329991 32.384616074475673,-12.720010541953 32.385544064193311,-12.717583492129791 32.385401296821158,-12.714656754705457 32.3849016101193,-12.713086310913809 32.384972993805377,-12.711658634494313 32.386186519166642,-12.710516492819124 32.385544064193311,-12.70894604902753 32.383473933699804,-12.707232836964408 32.382331792024672,-12.705448241215208 32.381760721636738,-12.703520878093912 32.383331165428331,-12.70228593717718 32.386186519166642,-12.702428705448654 32.388827720947347,-12.702357321762575 32.391683073786339,-12.702928392150509 32.394823962268902,-12.703428078852369 32.397750698793971,-12.703642229910542 32.399678062814587,-12.702642856506884 32.401605425935941,-12.704641604213577 32.403675557328711,-12.706140664319149 32.405602920450065,-12.706640351021008 32.406459526481626,-12.70571236130337 32.407173364241714,-12.703570846224466 32.407673051842892,-12.701143796401311 32.407887202901122,-12.699145048694559 32.409243495634485,-12.697360452945418 32.411527778085542,-12.695790009153768 32.412527151489257,-12.694219565362118 32.412812687132885,-12.691078676879554 32.412455767803181,-12.688080555769147 32.412741303446808,-12.684939667286528 32.414026212494093,-12.682726768521604 32.416167726673677,-12.680656637128777 32.418095090694351,-12.679443112666831 32.418400019318199,-12.6795417655955 32.477318422180304,-12.578972400588668 32.481621352535967,-12.572169807350576 32.484747684592151,-12.566680947330212 32.48857897180477,-12.560564098830639 32.494118838672705,-12.551817641710613 32.500987878318938,-12.54685462067664 32.505991397622552,-12.540168093040336 32.511632699921506,-12.534800445441647 32.515398687361539,-12.530000192701777 32.540669335112,-12.504526270293752 32.545965956055454,-12.497266992335936 32.547471724204001,-12.486962273640527 32.547530164847444,-12.472931130479708 32.546328731770188,-12.466399105468668 32.546115715656349,-12.461358723854458 32.548769599676348,-12.456268629517126 32.554216795905802,-12.454736598467321 32.555112622270372,-12.454723273212776 32.555674022248525,-12.455055954015165 32.557815536428052,-12.455412873344869 32.559742900448725,-12.456340863062506 32.560956424910671,-12.456055327418879 32.561813030942176,-12.455270105073394 32.563026556303441,-12.454770418371538 32.563883162335003,-12.454841802057615 32.56573914177028,-12.4556270244031 32.567095434503635,-12.45584117636065 32.568237575279511,-12.45469903468546 32.569522484326853,-12.453271358265965 32.570521858629888,-12.45334274195204 32.571592615719624,-12.45220060117623 32.571878151363251,-12.450630156485261 32.572806141080889,-12.447489268002697 32.573163059511273,-12.445633288567421 32.57509042353194,-12.444562531477629 32.57687501928109,-12.443991460190375 32.577660240727255,-12.445062218179487 32.579801755806159,-12.44584743962565 32.581158048539578,-12.445276369237718 32.58387063400636,-12.444633915163706 32.58608353277134,-12.445276369237718 32.588225047850187,-12.446632661971137 32.590152410971541,-12.447203732359071 32.591865623034657,-12.447060964986917 32.592293926050388,-12.448774177049982 32.591651471976434,-12.450630156485261 32.592722229066169,-12.45148676251682 32.5936502187838,-12.451772298160449 32.594863744145073,-12.451843681846526 32.595506198219084,-12.452771671564165 32.596434187936723,-12.45334274195204 32.597576329611854,-12.453913812339975 32.598361551058019,-12.455983943732804 32.598718470387723,-12.457411620152298 32.600146146807219,-12.45762577210985 32.603429803561255,-12.45762577210985 32.604215025007413,-12.458054075125574 32.60442917696497,-12.460266973890555 32.605642702326236,-12.462408488070139 32.605357166682609,-12.463764780803501 32.605000247352898,-12.465263841808394 32.605143015624378,-12.466405982584263 32.606856226788182,-12.467262588615824 32.608498055165171,-12.467333972301901 32.609782964212513,-12.467191204929748 32.610853721302306,-12.467405355987976 32.611353408004163,-12.469118568051044 32.612281397721802,-12.471617002459652 32.612566933365429,-12.474400971612511 32.614280145428495,-12.47554311238838 32.615565054475837,-12.474757890942215 32.61706411458141,-12.47418681965496 32.618634559272323,-12.473116062565225 32.620276386750049,-12.473116062565225 32.621275760153765,-12.474115435968884 32.621418528425238,-12.475900031718083 32.621704063169545,-12.477613243781205 32.622846204844734,-12.478041546796987 32.623702810876239,-12.478612617184863 32.624416648636327,-12.480397212934065 32.624488033221724,-12.482324576954738 32.623060355902901,-12.482895647342673 32.622417901828953,-12.48318118208698 32.622346518142876,-12.483966404432408 32.623560043504085,-12.484394707448189 32.624488033221724,-12.484608859405739 32.625487406625439,-12.485037162421518 32.627343386060716,-12.48525131347975 32.628556911421924,-12.486893141856797 32.628057224720123,-12.488106666318741 32.629127981809859,-12.489320191679951 32.630412890857201,-12.488178050904139 32.631269496888763,-12.489677111009655 32.631626415319147,-12.491675857817086 32.631269496888763,-12.49381737289599 32.630841193872975,-12.495245049315429 32.63005597152749,-12.496744110320321 32.630983961245136,-12.497957634782267 32.632911324366489,-12.498742857127752 32.634339000785928,-12.498600089755598 32.63540975877504,-12.499242543829553 32.636480515864825,-12.499028392771379 32.637622657540021,-12.498100403053741 32.639764172618868,-12.49767210003796 32.643119212159718,-12.497386564394333 32.650757281858262,-12.49588750428876 32.653184331681473,-12.496173039033065 32.654255089670528,-12.498742857127752 32.655111695702089,-12.502526199684326 32.657181826195597,-12.502811735327953 32.659251957588367,-12.502383432312172 32.662392846070986,-12.501883745610314 32.663891906176559,-12.502312048626093 32.665105431537768,-12.504596331077096 32.666890027286968,-12.505667088166888 32.668103552648233,-12.504025260689218 32.668531855664007,-12.502097897567864 32.669245693424038,-12.499884998802884 32.670102299455607,-12.49767210003796 32.671886895204807,-12.498100403053741 32.67360010726793,-12.499171160143476 32.674528096985512,-12.500241917233268 32.675384703017073,-12.500884372206599 32.677383449824504,-12.500027766175037 32.679524964903351,-12.500598836562972 32.680524338307066,-12.501669594552084 32.681238176966474,-12.501384058908457 32.68295138902959,-12.500884372206599 32.68445044913517,-12.501883745610314 32.684379065449093,-12.503811108731668 32.685021519523048,-12.50580985643836 32.686734731586171,-12.507308916543934 32.687163034601951,-12.509093512293132 32.688876246665075,-12.511020875414431 32.689590084425163,-12.511306411058058 32.690874993472448,-12.5108067243562 32.694372801284771,-12.510092885696791 32.695514942959903,-12.510949491728352 32.698013376469191,-12.510949491728352 32.700583194563819,-12.509593198994935 32.703438547402811,-12.509593198994935 32.708292647948497,-12.507451683916086 32.710576930399498,-12.507594452187561 32.712290142462621,-12.506238159454142 32.715002727929459,-12.504239411747392 32.720570666235176,-12.503882493317064 32.727566281859765,-12.502383432312172 32.73013609995445,-12.503025887285503 32.73249176609152,-12.504667714763173 32.735204351558366,-12.506666462469923 32.737631401381513,-12.506095391182667 32.739772916460424,-12.507308916543934 32.742485501927206,-12.508879361234904 32.746554380127407,-12.510092885696791 32.749552501237872,-12.509307664250683 32.751979551061027,-12.50873659296343 32.754763520213942,-12.509521815308858 32.7575474893668,-12.508022755203342 32.759403469701397,-12.509307664250683 32.763044044885817,-12.511591946701685 32.767541226101798,-12.5143759158546 32.771324568658429,-12.51623189528982 32.775393446858629,-12.518444794054799 32.777891881267173,-12.520943227564032 32.780104780032161,-12.521085995835506 32.782531829855309,-12.51937278377244 32.785030264263924,-12.51758818802324 32.788956374192644,-12.516303278975895 32.790740969941851,-12.516945733949228 32.793096636978248,-12.519658319416067 32.795951989817233,-12.523798581302344 32.798735958970099,-12.523156126329013 32.800948857735079,-12.523869964988419 32.801234393378706,-12.525797328109718 32.802662069798203,-12.527153620843137 32.806873715370557,-12.527724692130391 32.810728442512527,-12.529152368549887 32.811442280272615,-12.532864327420384 32.80844416006147,-12.537075972992739 32.807230634700261,-12.540359629746774 32.807730321402119,-12.543500518229393 32.807873088774215,-12.547212477099889 32.807801705088195,-12.551424122672245 32.807373402072415,-12.555849920202149 32.806802331684473,-12.560761127696706 32.807087867328107,-12.562545723445908 32.804518049233423,-12.564758622210888 32.805160503307434,-12.567185672034043 32.805660190009291,-12.570397944202682 32.80523188789283,-12.573967135701082 32.805374655264984,-12.576893873125412 32.806159877610469,-12.580248912666207 32.807801705088195,-12.584674710196168 32.808372776375393,-12.589885730071558 32.807658937716042,-12.592098628836482 32.805660190009291,-12.595168133633024 32.804303897275872,-12.597666567142253 32.803590059515784,-12.600307768923017 32.803946978845488,-12.602877587017645 32.804732200291653,-12.605090485782625 32.804161129903719,-12.607089232589999 32.804303897275872,-12.60837414163734 32.805089119621357,-12.6129427065394 32.806302644982622,-12.616012211335942 32.8086583111197,-12.617439887755381 32.810942593570758,-12.618153726414789 32.814226250324793,-12.621223230311955 32.814583168755178,-12.624078584050267 32.815011471770958,-12.627219472532827 32.813655179037539,-12.63307294648223 32.81386933099509,-12.637141824682429 32.811870583288396,-12.641567622212392 32.811013977256835,-12.645065429125339 32.811299512900462,-12.648134933921824 32.811727815916242,-12.650276449000728 32.8122275026181,-12.65320318642506 32.81429763401087,-12.655416085190041 32.817581289865643,-12.656415458593756 32.819580036673017,-12.658414205401128 32.823550800638486,-12.660370813575526 32.824500264367536,-12.660184465957173 32.824783254030478,-12.660436942523006 32.826650995698571,-12.662103299908381 32.828146096089256,-12.662982770303186 32.83035899485418,-12.66448183130808 32.831215600885741,-12.668550709508281 32.831643903901522,-12.67126329497512 32.832500509933084,-12.675260789489244 32.833357115964638,-12.680043505449532 32.834998944341635,-12.688324030121407 32.839353357286143,-12.690251393242761 32.841851791694751,-12.692821211337446 32.84863325536179,-12.698531917015314 32.853879208502065,-12.703278256298859 32.854312504553718,-12.703538234109772 32.85626299733832,-12.705349404824915 32.857516885171606,-12.707857180491374 32.859049414445792,-12.711340202550218 32.859606698227026,-12.713847978216675 32.859606698227026,-12.715798470101957 32.859049414445792,-12.717191679105383 32.858770773004835,-12.718584887209431 32.856327860040381,-12.719018618532971 32.851866773114068,-12.716720482925382 32.847512359270183,-12.714436200474381 32.84394316777184,-12.71357959444282 32.840730895603201,-12.713436826171346 32.837161704104801,-12.71357959444282 32.834591886010173,-12.71543557387804 32.8330928259046,-12.717577088956943 32.83287867484637,-12.720146906152308 32.832022068814808,-12.722502573188706 32.831522382113008,-12.72464408736829 32.830665776081439,-12.726571451388907 32.829380867034097,-12.727784975850852 32.828452877316465,-12.729569571600052 32.825954442907914,-12.73213938969468 32.823670160456849,-12.735137510805146 32.821457261691933,-12.737992863644081 32.81974404962881,-12.741347904084193 32.816531777460114,-12.74477432731112 32.814961333668521,-12.747344145405746 32.813747808307255,-12.750270881930817 32.810535536138609,-12.751484407292025 32.806538041624435,-12.754411144716414 32.803825456157647,-12.756766810853492 32.799542426899222,-12.757195113869273 32.797186759862768,-12.756909578225645 32.795687699757252,-12.758123103586909 32.794474174395987,-12.760478769724045 32.792903730604337,-12.762834435861123 32.791618821556995,-12.7646904152964 32.789477306478148,-12.766403627359523 32.786550569953071,-12.767902688364359 32.786550569953071,-12.769330364783855 32.786265034309444,-12.771828798293084 32.783873675879647,-12.774155910955812 32.786086574644628,-12.77494113330124 32.787942554079898,-12.7757977393328 32.790512372174533,-12.776011891290352 32.791226210833941,-12.776939881007991 32.792725270939513,-12.777296799438375 32.793796028029249,-12.778581708485717 32.793581876971018,-12.780437687920937 32.793439108699545,-12.781651213282203 32.79443848300258,-12.78215089998406 32.796508613496087,-12.783150273387774 32.798792895947088,-12.784078264004734 32.801219946669619,-12.785220404780544 32.802861774147345,-12.787076384215823 32.803575612806696,-12.789574818624429 32.804289451466104,-12.792358787777289 32.805931278943831,-12.795499676259851 32.807216187991173,-12.797212888322974 32.809214935697867,-12.797926726083061 32.811427833563528,-12.798140878040611 32.812706499517333,-12.798058383230853 32.814640106631487,-12.801510194318608 32.815853631093432,-12.804579699115152 32.817852378800183,-12.809362415974761 32.818280681815963,-12.812717455515553 32.817352692098325,-12.815786960312096 32.817138540140775,-12.818499545778876 32.817852378800183,-12.820355525214154 32.820136661251183,-12.821283514931793 32.823920003807814,-12.821283514931793 32.826561205588519,-12.820783828229935 32.829131023683203,-12.821497666889343 32.832271912165766,-12.824067484084651 32.835055881318624,-12.82563792877562 32.839553062534598,-12.825923464419247 32.842765334703302,-12.82563792877562 32.843678744612191,-12.825709568768445 32.84462350668565,-12.867701658148006 32.844671132981659,-12.869665406939305 32.843815937986385,-12.869961435872368 32.841460270949995,-12.870318355202073 32.839532907828641,-12.871531880563337 32.838390767052772,-12.873530627370712 32.836106484601764,-12.878027808586694 32.834964342926583,-12.880169323665596 32.834036353208944,-12.882810525446301 32.834179120581098,-12.885451727227064 32.834321888852571,-12.887593241406648 32.833251130863459,-12.889948908443046 32.832537293103371,-12.89394640205785 32.832465908517975,-12.896302069094302 32.832465908517975,-12.899371573890789 32.831966221816117,-12.901870007400078 32.831680687071803,-12.903868755106771 32.831109615784612,-12.905867501914202 32.83003885869482,-12.906874014136179 32.829396404620809,-12.909015528315706 32.829325020035412,-12.911728114681864 32.829325020035412,-12.914440700148646 32.828539798589247,-12.916653598014307 32.825827213122466,-12.917867123375572 32.823043243969551,-12.919508951752562 32.819259900513657,-12.921222163815683 32.815833476387411,-12.922507071963707 32.81376334589396,-12.924148900340754 32.812121517516914,-12.927289788823316 32.809837235065913,-12.92943130390222 32.807624336300933,-12.931144515965286 32.805911124237809,-12.932286656741153 32.804626216089837,-12.933714333160651 32.803698225472885,-12.936141383883125 32.803055771398874,-12.939425039737898 32.801699478665455,-12.941637938502822 32.799843499230235,-12.943850837267801 32.798772742140443,-12.944778826985441 32.796131540359681,-12.945920968660573 32.7934189548929,-12.946848958378212 32.789421460378776,-12.948419402169861 32.787279945299872,-12.950132614232928 32.784781510891321,-12.951560290652424 32.782425844754187,-12.952702432327611 32.781640622408702,-12.954344259805339 32.781212319392921,-12.956200239240559 32.779213572585547,-12.958991347211736 32.777857279852128,-12.960918710333033 32.777785896166051,-12.963274377369487 32.777072057506643,-12.965487276134468 32.776643754490863,-12.967557406627918 32.777000673820567,-12.969270618691041 32.777286209464194,-12.970341375780833 32.77714344119272,-12.971055214440241 32.776572370804786,-12.971697668514196 32.77535884544352,-12.971840436785669 32.774645007683489,-12.972340123487527 32.774216704667708,-12.97405333555065 32.773788401651927,-12.975481011970146 32.773360098636147,-12.97769391073507 32.772574876290655,-12.978978819782412 32.771575502886947,-12.979621273856424 32.770790280541462,-12.979978193186128 32.7699336745099,-12.981905556307424 32.768862917420165,-12.983047697982611 32.767292473628515,-12.983904304014175 32.766221715639404,-12.984975061103965 32.765722028937546,-12.985688899763375 32.767149705357042,-12.98675965685311 32.767506624686746,-12.987901797628979 32.767934927702527,-12.988972555618089 32.768862917420165,-12.989971929021806 32.769862290823824,-12.991114070696995 32.771004432499012,-12.991827908457026 32.771432735514793,-12.992541747116434 32.772003805902727,-12.993326968562597 32.772931795620366,-12.993541120520147 32.774573623997412,-12.992755898174662 32.775858533044698,-12.992184827786728 32.777214825778117,-12.992541747116434 32.778571118511536,-12.993826656163774 32.779213572585547,-12.994112190908082 32.779713259287405,-12.995539867327579 32.780284329675283,-12.996467857045218 32.782068925424483,-12.996967544646338 32.783496602743298,-12.997538615034273 32.785209813907038,-12.997752766092503 32.78628057189615,-12.99782414977858 32.787922399373883,-12.998537988437988 32.789278692107303,-12.999251827097396 32.790777753112138,-13.000251200501111 32.791350386521799,-13.000709307048908 32.778426997659722,-13.000703505522493 32.773704819561829,-13.015042363406849 32.6654321336473,-13.026103910153324 32.663789730603469,-13.02598587413695 32.662983996521177,-13.026794173985024 32.661058853825921,-13.026810351889026 32.659488409134951,-13.028309411994597 32.65520537987652,-13.033449048183911 32.649637440671427,-13.037803461128419 32.646425168502788,-13.04094434961098 32.64207075465896,-13.044085238093601 32.639072634447807,-13.047154742890086 32.635931745965252,-13.047226126576163 32.632005635137205,-13.045655682784513 32.627294302862992,-13.045227379768789 32.6257952418581,-13.042657561674105 32.623510959407042,-13.039159753861838 32.618371324117106,-13.037303774426562 32.613517223571357,-13.036447168395 32.610876021790659,-13.037375158112638 32.608377587382051,-13.037946229399891 32.606164689516447,-13.04008774357942 32.602309962374477,-13.044870460439085 32.599668760593715,-13.049010722325363 32.596670639483307,-13.051651924106068 32.591031317491456,-13.054935579960841 32.585820297616067,-13.057005711353611 32.577968076859236,-13.061288740612042 32.572757056983846,-13.063287488318791 32.564547916897368,-13.067213599146839 32.560264886739617,-13.070425871315535 32.55683846351269,-13.075137203589746 32.552840968998566,-13.080205456092981 32.550984989563347,-13.081133445810622 32.549771464202074,-13.083060808931918 32.547701332809254,-13.08391741496348 32.544205250795983,-13.086628336684553 32.539349425350622,-13.088557363551613 32.537207910271718,-13.088200444221911 32.535923001224432,-13.086915535174569 32.532782112741813,-13.08663000043026 32.530140910961101,-13.087700757520054 32.527713861137897,-13.085844778084834 32.524858508298962,-13.084988172053272 32.52178900350242,-13.085130939425424 32.519433337365342,-13.084202949707787 32.516506599940953,-13.085916161770909 32.51429370117603,-13.088414596179462 32.511652499395268,-13.089628120641407 32.508654379184179,-13.089842272598958 32.506298712147725,-13.089913656285033 32.504085813382794,-13.090413342986892</coordinates></LinearRing></outerBoundaryIs></Polygon>
  </Placemark>
</Folder></Document></kml>
